phenocode	lp	chap	rho_GE_male	rho_GE_female	lmort	onset_all	n_genes_male	prevalence_source
AB1_ACTINOMYCOSIS	-2	I Infectious	0.03485	0.003063	0.803122033768517	55.29	1037	registry
AB1_AMOEBIASIS	-1.52287874528034	I Infectious	0.00729	-0.01967	0.44660705143934	35.75	1054	registry
AB1_ANOGENITAL_HERPES_SIMPLEX	-0.552841968657781	I Infectious	-0.003755	0.008822	0.0912108800533841	29.31	1124	registry
AB1_ASPERGILLOSIS	-1.52287874528034	I Infectious	-0.001274	0.008042	1.47155420507071	62.18	1058	registry
AB1_ATYPICAL_CNS_VIRUS	-1.39794000867204	I Infectious	-0.001839	0.01308	1.71199450075919	23.36	1064	registry
AB1_BACTINF_NOS	0.445604203273598	I Infectious	0.01454	0.00449	0.853137916868887	71.08	1120	registry
AB1_BACT_BIR_OTHER_INF_AGENTS	-0.267606240177031	I Infectious	0.0115	0.0231	0.656223826455348	20.92	1171	registry
AB1_BACT_INTEST_OTH	-0.0177287669604316	I Infectious	0.007848	0.01122	0.78754785598143	66.74	1162	registry
AB1_CANDIDIASIS	-0.221848749616356	I Infectious	0.01998	0.0183	0.827022264115973	43.09	1114	registry
AB1_CHLAMYDIA_OTHER	-0.42021640338319	I Infectious	-0.008309	0.001217	-0.0833816089390511	23.92	1117	registry
AB1_DERMATOPHYTOSIS	-0.283996656365201	I Infectious	0.002615	0.002733	0.236257190459593	54.08	1223	registry
AB1_EBV	-0.180456064458131	I Infectious	0.001164	0.01039	0.272314595320659	17.86	1170	registry
AB1_ERYSIPELAS	0.549003262025788	I Infectious	0.04293	-0.002667	0.342880232916543	63.26	1446	registry
AB1_GASTROENTERITIS_NOS	0.803457115648414	I Infectious	0.02432	0.02977	0.410784269585764	32.91	1259	registry
AB1_HELMINTIASES	-0.886056647693163	I Infectious	-0.003204	0.002383	0.463104887554579	33.97	1045	registry
AB1_HEPATITIS_A	-1.69897000433602	I Infectious	-0.02195	-0.0108	0.78754785598143	36.85	1026	registry
AB1_HERPES_SIMPLEX	-0.267606240177031	I Infectious	0.02401	0.001276	0.296022196726782	41.45	1133	registry
AB1_INTESTINAL_INFECTIONS	0.973589623427257	I Infectious	0.02006	0.03461	0.55761378526475	28.35	1234	registry
AB1_LATE_SYPHILIS	-1.39794000867204	I Infectious	0.003692	-0.007397	0.914288729203482	56.97	1034	registry
AB1_LISTERIOSIS	-1.69897000433602	I Infectious	0.005867	-0.01017	1.37054600415175	69.92	1082	registry
AB1_MALARIA	-1.52287874528034	I Infectious	-0.0105	0.02225	0.378778842845659	35.94	1163	registry
AB1_MALARIA_FALCIPARIUM	-1.69897000433602	I Infectious	0.01324	0.02761	0.592221261969985	38.27	1153	registry
AB1_MENINGOCOCCAL	-1.30102999566398	I Infectious	-0.0117	0.008585	0.76964515153267	17.73	1100	registry
AB1_MUMPS	-0.920818753952375	I Infectious	-0.01346	0.001653	0.207014169384326	13.7	1121	registry
AB1_MYCOSES	0.0718820073061254	I Infectious	0.02249	0.01469	0.520577915208669	49.47	1117	registry
AB1_MYSOSIS_NOS	-2	I Infectious	0.03011	0.0003197	1.28826799582133	56.38	1060	registry
AB1_OTHER_BACTERIAL	0.894316062684439	I Infectious	0.0317	-0.002601	0.396760667478018	65.47	1330	registry
AB1_OTHER_BACT_INOTHER	-1.30102999566398	I Infectious	-0.009359	0.01703	0.743602624048438	62.07	1141	registry
AB1_OTHER_CONDITIONS	-1.30102999566398	I Infectious	0.02904	0.02258	1.12946475215087	37.99	1084	registry
AB1_OTHER_INFECTIONS	-0.3767507096021	I Infectious	-0.0091	-0.008803	0.893226792275604	65.84	1050	registry
AB1_OTHER_MYCOBAC	-1.22184874961636	I Infectious	-0.001946	-0.007971	0.696641069814201	67.61	1115	registry
AB1_OTHER_PROTOZOAL	-1.22184874961636	I Infectious	-0.008513	0.007173	0.396424363456015	32.48	1143	registry
AB1_OTHER_SEPSIS	0.369215857410143	I Infectious	0.02186	0.0008924	0.952429778490028	69.43	1274	registry
AB1_OTHER_SUPERF_MYCOSIS	-1.09691001300806	I Infectious	0.01794	0.01431	0.395078015221678	38.43	1188	registry
AB1_OTHER_VIRAL	0.387389826338729	I Infectious	0.0007995	0.008735	0.541742726400712	16.67	1188	registry
AB1_PEDICULOSIS_ACARIASIS_OTHERINFEST	-0.42021640338319	I Infectious	0.03154	-0.01164	0.445326641533295	21.8	1067	registry
AB1_PNEUMOCYSTOSIS	-1.52287874528034	I Infectious	-0.01243	0.02413	1.93715767191741	65.64	1066	registry
AB1_PROTOZOAL	-1.04575749056068	I Infectious	-0.003164	0.01633	0.971914635622152	46.07	1053	registry
AB1_RESP_TUBERCU_CONF	-0.823908740944319	I Infectious	-0.001841	0.00796	0.671668148882821	65.07	1067	registry
AB1_RESP_TUBERCU_NONCONF	-0.408935392973501	I Infectious	-0.002545	0.007433	0.918887357721421	49.87	1162	registry
AB1_SALMONELLA_OTH	-0.769551078621726	I Infectious	-0.001096	0.01205	0.0788111804242899	35.51	1067	registry
AB1_SCABIES	-0.537602002101044	I Infectious	0.03508	-0.001605	0.436963775167535	20.91	1097	registry
AB1_SEQULAE_INF_NOS	-0.508638306165727	I Infectious	-0.003175	0.01163	0.911077164821268	14.15	1019	registry
AB1_SEQULAE_POLIO	-1.30102999566398	I Infectious	0.01313	-0.01022	0.364990275542446	58.93	1049	registry
AB1_SEQULAE_TUBERCU	-0.698970004336019	I Infectious	-0.009446	-0.002283	0.459005875036194	67.14	1116	registry
AB1_SEQULEAE_OF_INFECTIONS_AND_PARASITES	-0.267606240177031	I Infectious	-0.005072	0.004755	0.423959690744329	38.55	1134	registry
AB1_SEXUAL_TRANSMISSION	0.271841606536499	I Infectious	-0.01072	0.02534	0.207014169384326	26.14	1150	registry
AB1_SEXUAL_TRANSMISSION_NOS	-0.0132282657337552	I Infectious	-0.01967	0.01772	-0.0429075010112766	26.4	1059	registry
AB1_SHIGELLOSIS	-2	I Infectious	-0.005157	-0.003564	0.447885823992117	39.41	1056	registry
AB1_STREPTO_SEPSIS	-0.366531544420413	I Infectious	0.01041	-0.003294	0.898737572626566	60.8	1139	registry
AB1_STREPTSTAPHYCOCC_INOTHER	-1.39794000867204	I Infectious	-0.01008	0.02363	0.904825253764877	38.73	1188	registry
AB1_SYPHILIS	-1.04575749056068	I Infectious	-0.00436	-0.006594	0.709020529716236	46.9	1048	registry
AB1_TUBERCULOSIS	-0.154901959985743	I Infectious	-0.0067	0.006795	0.61707574360865	53.53	1096	registry
AB1_TUBERCU_OTH_ORG	-0.677780705266081	I Infectious	0.01388	-0.02034	0.370873663338545	54.25	1123	registry
AB1_TULARAEMIA	-1.22184874961636	I Infectious	-0.00917	-0.01205	-0.34319478238204	46.83	1075	registry
AB1_VARICELLA	-0.42021640338319	I Infectious	-0.01633	-0.021	0.816028309935761	15.07	1053	registry
AB1_VIRAAL_CONJUNCT	-1	I Infectious	0.01891	-0.01303	0.0256677467485778	32.92	1098	registry
AB1_VIRAL_CNS	-0.431798275933005	I Infectious	-0.008099	0.01307	0.456791735273505	31.76	1037	registry
AB1_VIRAL_ENCEPHALITIS_NOS	-1.04575749056068	I Infectious	-0.00418	-0.006744	0.719789111506366	52.94	1085	registry
AB1_VIRAL_HEMOR_FEVER_NOS	-0.397940008672038	I Infectious	0.0159	0.000911	-0.264616799520785	48.48	1192	registry
AB1_VIRAL_HEPATITIS	-0.337242168318426	I Infectious	0.02084	0.03059	1.41415268924829	32.94	1171	registry
AB1_VIRAL_INOTHER	-1.04575749056068	I Infectious	0.02723	-0.009388	0.227533899615503	33.79	1055	registry
AB1_VIRAL_MENINGITIS	-0.769551078621726	I Infectious	-0.01044	0.03323	-0.122732765382297	25.37	1105	registry
AB1_VIRAL_NOS	0.190331698170292	I Infectious	-0.005392	0.0137	0.355574338494699	10.94	1098	registry
AB1_VIRAL_OTHER_INTEST_INFECTIONS	0.418301291319746	I Infectious	0.002022	0.0004254	0.328584063772207	4.21	1175	registry
AB1_VIRAL_SKIN_MUCOUS_MEMBRANE	0.428134794028789	I Infectious	0.005026	0.002758	0.437286720431121	31.4	1025	registry
AB1_VIRAL_SKIN_NOS	-0.397940008672038	I Infectious	-0.0001119	0.02285	0.278389025540188	2.18	1114	registry
AB1_VIRAL_WARTS	-0.337242168318426	I Infectious	0.002142	0.00109	0.171850256926659	29.73	1097	registry
AB1_ZOONOTIC_BACTERIAL	-1.04575749056068	I Infectious	0.0008859	-0.00615	0.104810364352345	47.98	1019	registry
AB1_ZOSTER	-0.0655015487564323	I Infectious	0.02298	0.01123	0.252702353555754	68.79	1114	registry
ABDOM_HERNIA	0.367355921026019	Other (non-ICD endpoint)	0.0328	0.02737	0.0806579030174545	54.58	1452	registry
ABDOM_HERNIA_POSTOP	-0.214670164989233	Other (non-ICD endpoint)	0.02283	0.01151	0.352064331381049	61.66	1337	registry
ABPA	-2	Other (non-ICD endpoint)	-0.008303	-0.004306	1.33539572568635	65.91	1167	registry
ACUTE_DRUGADVERS_INTERSTITIAL_LUNG_DISORD	-1.52287874528034	Other (non-ICD endpoint)	0.01701	0.01136	1.01758298335603	71.85	1217	registry
AD_AM_EXMORE	-0.136677139879544	Other (non-ICD endpoint)	0.006866	0.03289	0.783901543828409	83.6	1294	registry
AD_EO_EXMORE	-0.301029995663981	Other (non-ICD endpoint)	0.007311	0.01858	0.889741396640618	80.07	1084	registry
AD_LO_EXMORE	0.376576957056512	Other (non-ICD endpoint)	0.008688	0.02635	0.510725618765657	82.51	1444	registry
AD_U_EXMORE	-0.721246399047171	Other (non-ICD endpoint)	0.007127	0.006599	0.889330550291372	82.15	1131	registry
ALCODELIRIUM	-0.113509274827518	Other (non-ICD endpoint)	0.0219	0.0407	1.6005989637669	51.4	1205	registry
ALCOHOLACUTE10	0.296665190261531	Other (non-ICD endpoint)	0.03147	0.03771	1.26990098444004	47.9	1282	registry
ALCOPANCACU	-0.552841968657781	Other (non-ICD endpoint)	0.0174	0.02053	1.37788409375992	45.74	1206	registry
ALCOPANCCHRON	-0.283996656365201	Other (non-ICD endpoint)	0.01016	0.03401	1.38854183366037	49.32	1245	registry
ALCO_PRESCRIPTION	-0.346787486224656	Other (non-ICD endpoint)	-0.001544	0.006118	0.946043690023503	42.28	1168	registry
ALLERGIC_CONTACT_DERMA_DRUGS_CONTACT_W_SKIN	-1.04575749056068	Other (non-ICD endpoint)	0.02134	-0.004809	-0.0217344921460062	53.77	1151	registry
ALLERG_ASTHMA	0.27415784926368	Other (non-ICD endpoint)	0.03685	0.01398	0.131028262406404	21.04	1521	registry
ALLERG_RHINITIS	0.372912002970107	Other (non-ICD endpoint)	0.01631	-0.009871	-0.321583624127462	19.13	1457	registry
AMN2	-0.481486060122113	Other (non-ICD endpoint)	-0.03183	-0.01676	-0.592397277459802	65.05	1277	registry
ANAPH_SHOCK_ADVER_EFFECT_CORRE_DRUG_MEDICAM_PROPE_ADMINISTE	-1.39794000867204	Other (non-ICD endpoint)	0.01799	-0.005958	0.740507751919783	51.79	1058	registry
ANOSMIA	-1.04575749056068	Other (non-ICD endpoint)	-0.01088	0.001561	-0.27049724769768	56.21	1111	registry
ANTIDEPRESSANTS	1.28623185402855	Other (non-ICD endpoint)	0.01428	0.01764	0.0290732474857072	45.17	1624	registry
APPENDACUT_COMPLIC	0.0755469613925307	Other (non-ICD endpoint)	0.008968	-0.01949	-0.0812100554255433	33.29	1110	registry
APPENDACUT_NOCOMPLIC	0.553883026643874	Other (non-ICD endpoint)	0.009005	0.02576	-0.246540129120606	28.3	1305	registry
ARTHRO_SPEC	-1.09691001300806	Other (non-ICD endpoint)	-0.006088	-0.006351	0.136713823315822	47.23	1072	registry
ARTRHO_POSTDYSENTERIC	-1.52287874528034	Other (non-ICD endpoint)	-0.00171	-0.02801	-0.200281882170947	45.19	1131	registry
ASTHMA_ACUTE_RESPIRATORY_INFECTIONS	0.498310553789601	Other (non-ICD endpoint)	0.03036	0.02347	0.490418813988328	25.95	1525	registry
ASTHMA_CHILD_EXMORE	0.409933123331295	Other (non-ICD endpoint)	0.01029	0.01524	0.0634441725565349	4.94	1420	registry
ASTHMA_EOSINOPHIL_SUGG	-0.522878745280338	Other (non-ICD endpoint)	0.0007309	-0.005054	-0.227528149632034	51.33	1342	registry
ASTHMA_INFECTIONS	0.619093330626743	Other (non-ICD endpoint)	0.03395	0.02764	0.380147300123874	34.23	1518	registry
ASTHMA_MIXED_EXMORE	-0.443697499232713	Other (non-ICD endpoint)	0.01293	0.00785	0.407130387427226	40.31	1143	registry
ASTHMA_NAS	0.549003262025788	Other (non-ICD endpoint)	0.02884	0.01783	0.21873384282551	57.71	1536	registry
ASTHMA_OBESITY	0.0413926851582251	Other (non-ICD endpoint)	0.02788	0.01618	0.174793290373163	53.29	1498	registry
ASTHMA_OPPORTUNIST_INFECTIONS	-0.886056647693163	Other (non-ICD endpoint)	0.01535	0.01296	0.402794879552286	63.65	1134	registry
ASTHMA_PNEUMONIA	0.320146286111054	Other (non-ICD endpoint)	0.02854	0.02046	0.695394653100425	62.91	1417	registry
AUD	0.650307523131936	Other (non-ICD endpoint)	0.0395	0.03879	1.19619261700697	44.24	1592	registry
AUD_SWEDISH	0.804820678721162	Other (non-ICD endpoint)	0.04275	0.0491	1.02783210660706	44.42	1573	registry
AUTOIMMUNE_HYPERTHYROIDISM	-0.537602002101044	Other (non-ICD endpoint)	0.01401	-0.016	0.0212721352755398	50.67	1288	registry
BACT_INTEST_INFECTION_NOS	-0.552841968657781	Other (non-ICD endpoint)	0.03622	0.01838	0.333969106403094	56.05	1123	registry
BLEEDING	0.835690571492426	Other (non-ICD endpoint)	0.01659	0.006462	0.332894415273329	66.21	1275	registry
BRONCHITIS	1.182129214053	Other (non-ICD endpoint)	0.02041	0.02729	0.476544689789117	23.42	1269	registry
C3_RECTUM_ADENO	-0.387216143280265	II Neoplasms	-0.02046	-0.009812	0.810485672977179	68.8	1280	registry
CAMPYLOENTERITIS	-1	Other (non-ICD endpoint)	-0.003369	0.009384	0.0459289318883997	46.13	1056	registry
CARDIAC_ARRHYTM	1.06333335895175	Other (non-ICD endpoint)	0.02133	-0.002466	-0.0512932943875506	69.21	1693	registry
CARDIOMYOPATHY_DRUGS_OTHER_EXTER_AGENTS	-2	Other (non-ICD endpoint)	-0.02169	-0.01169	1.40302856011106	58.64	1106	registry
CD2_BENIGN_ADRENAL	-0.744727494896694	II Neoplasms	0.0001185	0.008953	0.290802199788025	63.85	1167	registry
CD2_BENIGN_ANUS_ANAL_CANAL	-1	II Neoplasms	0.004144	-0.008046	0.0737150378222807	65.19	1110	registry
CD2_BENIGN_APPENDIX	-1.52287874528034	II Neoplasms	-0.01977	-0.02567	0.116003675756306	65.07	999	registry
CD2_BENIGN_ASCENDING_COLON	-0.494850021680094	II Neoplasms	0.002598	0.008118	0.0653194661206425	69.17	1217	registry
CD2_BENIGN_BLADDER	-1.39794000867204	II Neoplasms	-0.0189	-0.003222	0.276494726811204	63.13	1117	registry
CD2_BENIGN_BONE_CARTILAGE	-0.42021640338319	II Neoplasms	-0.01271	0.006423	-0.112049503808623	31.98	1074	registry
CD2_BENIGN_BONE_LONG_LOWER	-0.853871964321762	II Neoplasms	-0.01083	0.004018	-0.17197526473981	23.26	1073	registry
CD2_BENIGN_BONE_SCAPULA_LONG_UPPER	-1.39794000867204	II Neoplasms	-0.002334	0.004591	-0.190555361721058	28.48	1081	registry
CD2_BENIGN_BONE_SHORT_UPPER	-1.22184874961636	II Neoplasms	0.01079	0.001742	-0.130678323642116	38.27	1083	registry
CD2_BENIGN_BONE_SKULL_FACE	-1.39794000867204	II Neoplasms	0.01926	0.0009024	-0.144447904365873	44.74	1094	registry
CD2_BENIGN_BRAIN_CNS	-0.619788758288394	II Neoplasms	-0.01294	0.02591	0.278389025540188	52.95	1100	registry
CD2_BENIGN_BRAIN_INFRATENT	-1.69897000433602	II Neoplasms	-0.006257	-0.006239	0.745027802436934	44.15	1061	registry
CD2_BENIGN_BRAIN_NOS	-1.39794000867204	II Neoplasms	-0.01657	0.007936	0.550719187427667	48.74	1148	registry
CD2_BENIGN_BRAIN_SUPRATENT	-1.22184874961636	II Neoplasms	0.008627	0.01596	0.700122794296371	49.48	1179	registry
CD2_BENIGN_BRONCHUS_LUNG	-1.39794000867204	II Neoplasms	-0.01355	-0.005276	0.560472563655404	57.62	1170	registry
CD2_BENIGN_CAECUM	-0.602059991327962	II Neoplasms	-0.007653	0.02695	0.118671529717499	69.48	1156	registry
CD2_BENIGN_CHOROID	-0.744727494896694	II Neoplasms	0.03528	-0.01491	-0.301780996831283	65.87	1179	registry
CD2_BENIGN_CNS_NOS	-1.69897000433602	II Neoplasms	0.02123	0.01715	0.435994313142987	48.75	1130	registry
CD2_BENIGN_COLON	0.269512944217916	II Neoplasms	0.02567	0.01806	0.0815799869924229	66.72	1330	registry
CD2_BENIGN_COLON_NOS	-0.0655015487564323	II Neoplasms	0.01175	-0.00103	0.0601539228197471	66.84	1242	registry
CD2_BENIGN_COLORECANI	0.369215857410143	II Neoplasms	0.01196	0.01691	0.111541374732908	66.2	1409	registry
CD2_BENIGN_CONJUNCTIVA	-0.886056647693163	II Neoplasms	0.006757	-0.008115	-0.231301739015673	46.75	1024	registry
CD2_BENIGN_CONNECTIVE_SOFT	-0.356547323513813	II Neoplasms	0.01757	-0.004049	-0.0998203352822109	45.46	1111	registry
CD2_BENIGN_CONNSOFT_THX	-1.69897000433602	II Neoplasms	-0.003906	0.01506	-0.283690051182244	50.52	1168	registry
CD2_BENIGN_CONNSOFT_TRUNK	-1.69897000433602	II Neoplasms	0.004166	0.008968	0.17521301755666	46.16	1107	registry
CD2_BENIGN_CONNSOFT_UPPERLIMB	-0.769551078621726	II Neoplasms	0.008799	0.01238	-0.269187489815617	46.94	1068	registry
CD2_BENIGN_CRANIAL_NERVE	-1.04575749056068	II Neoplasms	-0.02547	0.0007582	-0.126697653045958	56.38	1235	registry
CD2_BENIGN_DESCENDING_COLON	-0.795880017344075	II Neoplasms	0.01376	0.026	0.0387398283159304	67.11	1056	registry
CD2_BENIGN_DIGESTIVE_NOS	-1.69897000433602	II Neoplasms	0.01216	-0.006421	0.456475029015909	61.79	1014	registry
CD2_BENIGN_DUODENUM	-1.22184874961636	II Neoplasms	0.006752	-0.003178	0.435347482590034	66.66	1123	registry
CD2_BENIGN_EAR_NASAL_SINUS	-0.853871964321762	II Neoplasms	0.01536	-0.002942	0.0962188577405429	53.85	1094	registry
CD2_BENIGN_EAR_RESP	-0.537602002101044	II Neoplasms	0.001521	0.009456	0.201306856705035	55.29	1033	registry
CD2_BENIGN_ENDOCRINE_NOS	-1.69897000433602	II Neoplasms	0.003877	-0.008811	0.305276380852732	49.11	1039	registry
CD2_BENIGN_ENDOCRINE_OTH	-0.42021640338319	II Neoplasms	0.00649	-0.003542	0.135841222911413	59.28	1157	registry
CD2_BENIGN_ENDOCRINE_PANCREAS	-2	II Neoplasms	0.01105	0.02246	0.754242279919756	64.35	1045	registry
CD2_BENIGN_EXTRAHEPATIC_BILE	-2	II Neoplasms	0.02094	-0.001383	0.414094434806219	60.15	1081	registry
CD2_BENIGN_EYE	-0.431798275933005	II Neoplasms	0.02765	-0.01021	-0.228156093137754	59.42	1119	registry
CD2_BENIGN_FLOOROFMOUTH	-2	II Neoplasms	-0.007223	0.009803	0.39068982252601	53.91	1116	registry
CD2_BENIGN_HEAMANGIOMA_LYMPHANGIOMA	-0.346787486224656	II Neoplasms	0.00297	0.004351	-0.0785022281549575	37.79	1137	registry
CD2_BENIGN_HEMANGIOMA	-0.3767507096021	II Neoplasms	0.00737	0.008301	-0.0523464803722091	39.63	1136	registry
CD2_BENIGN_HYPOPHARYNX	-2	II Neoplasms	0.01116	0.01071	0.680568398353085	59.62	1059	registry
CD2_BENIGN_INTRATHORACIC	-1.39794000867204	II Neoplasms	-0.01066	0.0111	0.556467981644692	54.47	1111	registry
CD2_BENIGN_KIDNEY	-1	II Neoplasms	0.01563	-0.01524	0.0478373294141601	63.31	1068	registry
CD2_BENIGN_LARYNX	-0.920818753952375	II Neoplasms	0.007171	0.02261	0.379463305569164	55.93	1037	registry
CD2_BENIGN_LIP	-1.09691001300806	II Neoplasms	0.009176	0.02109	-0.128401714804524	56.86	1106	registry
CD2_BENIGN_LIPOMATOUS	0.127104798364808	II Neoplasms	0.03063	0.01234	-0.27641248019355	52.4	1247	registry
CD2_BENIGN_LIPO_NOS	-0.356547323513813	II Neoplasms	-0.001746	0.01695	-0.366725279792234	50.85	1218	registry
CD2_BENIGN_LIPO_SKIN_HEADFACENECK	-0.602059991327962	II Neoplasms	0.005893	-0.001175	-0.301780996831283	53.92	1116	registry
CD2_BENIGN_LIPO_SKIN_LIMBS	-0.568636235841013	II Neoplasms	0.0008741	0.0008389	-0.211956361923645	53.98	1104	registry
CD2_BENIGN_LIPO_SKIN_NOS	-1.52287874528034	II Neoplasms	0.007018	0.005507	-0.166054584330083	52.02	1012	registry
CD2_BENIGN_LIPO_SKIN_TRUNK	-0.309803919971486	II Neoplasms	0.04709	0.004808	-0.362405618647717	52.85	1173	registry
CD2_BENIGN_LIVER	-1.22184874961636	II Neoplasms	0.0111	0.02371	0.506817602368452	51.46	1142	registry
CD2_BENIGN_LIVE_BILE	-1.15490195998574	II Neoplasms	0.01268	0.02082	0.410120919644359	53.05	1130	registry
CD2_BENIGN_LYMPHANGIOMA	-1.39794000867204	II Neoplasms	-0.01228	-0.007484	0.0372957847436969	16.06	1109	registry
CD2_BENIGN_LYMPHNODES	-2	II Neoplasms	0.01185	-0.003005	0.771033719217017	49.64	1071	registry
CD2_BENIGN_MELANOCYTIC	0.117271295655764	II Neoplasms	-0.01137	0.005645	-0.209487224866724	43.66	1259	registry
CD2_BENIGN_MELANOCYTIC_EAR	-1.69897000433602	II Neoplasms	-0.00926	0.005051	-0.111490376033363	49.38	1035	registry
CD2_BENIGN_MELANOCYTIC_EYELID	-1.39794000867204	II Neoplasms	0.01888	-0.001615	-0.275753501586507	53.01	1188	registry
CD2_BENIGN_MELANOCYTIC_FACE	-0.602059991327962	II Neoplasms	0.01596	0.006749	-0.258123270210237	44.36	1121	registry
CD2_BENIGN_MELANOCYTIC_LIP	-1.52287874528034	II Neoplasms	0.003418	0.008706	-0.061343630241052	39.45	984	registry
CD2_BENIGN_MELANOCYTIC_LOWERLIMB	-0.795880017344075	II Neoplasms	-0.01907	-0.02076	-0.0581589141735321	39.83	1115	registry
CD2_BENIGN_MELANOCYTIC_NOS	-0.585026652029182	II Neoplasms	-0.01097	-0.006247	-0.147340587898709	46.63	1058	registry
CD2_BENIGN_MELANOCYTIC_SCALPNECK	-1	II Neoplasms	-0.009446	0.007585	-0.279052745753726	35.03	1047	registry
CD2_BENIGN_MELANOCYTIC_TRUNK	-0.3767507096021	II Neoplasms	0.007972	0.01762	-0.0926636848634193	44.81	1247	registry
CD2_BENIGN_MELANOCYTIC_UPPERLIMB	-1.09691001300806	II Neoplasms	0.004351	-0.001274	-0.177931208492662	41	1124	registry
CD2_BENIGN_MENINGES	-0.366531544420413	II Neoplasms	0.0008111	0.01594	0.423305026236496	64.58	1236	registry
CD2_BENIGN_MENINGES_CEREBRAL	-0.42021640338319	II Neoplasms	0.001848	0.01708	0.361513220578982	64.57	1257	registry
CD2_BENIGN_MENINGES_NOS	-1.09691001300806	II Neoplasms	-0.005281	0.02295	0.455841315433231	67.64	1051	registry
CD2_BENIGN_MENINGES_SPINAL	-1.39794000867204	II Neoplasms	-0.01867	0.00136	0.312252726385986	62.54	1122	registry
CD2_BENIGN_MOUTH_NOS	-0.886056647693163	II Neoplasms	0.0001923	0.007595	0.0993927438780348	54.4	1044	registry
CD2_BENIGN_MOUTH_PHARYNX	-0.366531544420413	II Neoplasms	0.01258	0.001269	0.223943231484774	55.34	1137	registry
CD2_BENIGN_NASOPHARYNX	-1.69897000433602	II Neoplasms	0.006464	0.005183	0.105260510657493	52.07	1068	registry
CD2_BENIGN_NOS	-1.15490195998574	II Neoplasms	0.007462	0.01711	0.0358496528936972	51.34	1019	registry
CD2_BENIGN_OESOPHAGUS	-1.52287874528034	II Neoplasms	0.01273	0.001499	0.723676385594768	61.5	1178	registry
CD2_BENIGN_ORBIT_NOS	-1.69897000433602	II Neoplasms	0.004863	0.007092	0.0449733656427312	50.29	1109	registry
CD2_BENIGN_OROPHA_OTHER	-1.52287874528034	II Neoplasms	0.01506	0.001941	0.318453731118535	51.53	1133	registry
CD2_BENIGN_OTHERDIGESTIVE	-0.244125144327509	II Neoplasms	-0.002274	0.008296	0.319907219746518	64.36	1089	registry
CD2_BENIGN_OTHER_NOS	-0.886056647693163	II Neoplasms	0.00999	0.01284	0.119559235057639	50.01	1034	registry
CD2_BENIGN_PANCREAS	-1.22184874961636	II Neoplasms	-0.001937	-0.01209	1.07823949886017	69.61	1170	registry
CD2_BENIGN_PARATHYROID	-1.39794000867204	II Neoplasms	-0.006915	-0.007172	0.0502177161606173	63.7	1109	registry
CD2_BENIGN_PAROTID	-0.602059991327962	II Neoplasms	0.0201	0.005836	0.0709243383366986	60.81	1108	registry
CD2_BENIGN_PERIPH_AUTO_NEURO	-1.30102999566398	II Neoplasms	0.0002922	0.01809	-0.222518746545368	48.92	1093	registry
CD2_BENIGN_PHARYNX_NOS	-1.69897000433602	II Neoplasms	-0.007904	0.008062	0.496828114122137	52.22	1144	registry
CD2_BENIGN_PITUITARY_CRANIPHAR	-0.823908740944319	II Neoplasms	0.009234	-0.006501	0.164242443394049	50.74	1081	registry
CD2_BENIGN_RECTOSIGMOID_JUNC	-0.958607314841775	II Neoplasms	-0.003881	-0.01868	0.0993927438780348	67.02	1101	registry
CD2_BENIGN_RECTUM	-0.292429823902064	II Neoplasms	0.005376	0.02398	-0.0429075010112764	66.72	1283	registry
CD2_BENIGN_RECTUM_ANAL	-0.187086643357144	II Neoplasms	0.01277	0.02358	0.0857188754025374	65.74	1271	registry
CD2_BENIGN_RENALPELVIS	-2	II Neoplasms	-0.02618	-0.003657	0.571544358800697	66.97	1112	registry
CD2_BENIGN_RETINA	-1.69897000433602	II Neoplasms	0.009722	0.02428	-0.0682788407532945	60.48	1140	registry
CD2_BENIGN_RETROPERITONEUM_PERITONEUM	-1.69897000433602	II Neoplasms	-0.002004	0.01196	0.581097676751322	56.26	1076	registry
CD2_BENIGN_SALIVARY	-0.455931955649724	II Neoplasms	0.0151	0.00624	0.16593807754343	58.45	1167	registry
CD2_BENIGN_SALIVARY_KNOWN	-0.552841968657781	II Neoplasms	0.02347	0.006352	0.0563803334361075	60.67	1104	registry
CD2_BENIGN_SALIVARY_NOS	-0.958607314841775	II Neoplasms	-0.01356	0.005437	0.234676787127883	53.29	1141	registry
CD2_BENIGN_SIGMOID_COLON	-0.275724130399211	II Neoplasms	0.02232	0.02214	0.101201880508967	66.24	1270	registry
CD2_BENIGN_SKIN	0.267171728403014	II Neoplasms	-0.01703	0.01032	-0.167827110643502	56.85	1150	registry
CD2_BENIGN_SMALL_INTESTINE	-0.958607314841775	II Neoplasms	0.01359	-0.001568	0.311154428636923	64.82	1050	registry
CD2_BENIGN_SMALL_INTESTINE_OTH	-1.30102999566398	II Neoplasms	0.01638	0.001827	0.149281702715754	62.51	1094	registry
CD2_BENIGN_SPINAL_CORD	-1.39794000867204	II Neoplasms	0.008011	0.03002	-0.0035061393292877	52.72	1100	registry
CD2_BENIGN_STOMACH	-0.522878745280338	II Neoplasms	-0.009482	0.001797	0.151862349309246	65.96	1082	registry
CD2_BENIGN_THYROID	-0.823908740944319	II Neoplasms	-0.009245	0.01299	-0.0981642487872312	51.68	1075	registry
CD2_BENIGN_TONGUE	-1	II Neoplasms	0.003297	-0.01072	0.12575120530556	57.6	1079	registry
CD2_BENIGN_TONSIL	-1.39794000867204	II Neoplasms	0.02902	-0.01188	0.377408510325639	56.41	1144	registry
CD2_BENIGN_TRANSVERSE_COLON	-0.638272163982407	II Neoplasms	0.01968	0.008649	0.0857188754025376	68.07	1170	registry
CD2_BENIGN_URINARY	-0.823908740944319	II Neoplasms	0.003092	-0.006722	0.244121957699401	62.94	1105	registry
CD2_BENIGN_URINARY_NOS	-2	II Neoplasms	0.002385	-0.008063	0.54609623784791	58.75	1124	registry
CHARCOT	-1.39794000867204	Other (non-ICD endpoint)	-0.001727	0.008039	1.19830678269931	59.21	1137	registry
CHILDHOOD_ALLERGY	0.499687082618404	Other (non-ICD endpoint)	-0.0002091	0.00768	0.0334347760862374	4.95	1390	registry
CHIRBIL_NAS	-2	Other (non-ICD endpoint)	-0.004595	-0.01018	1.43603645301471	66.3	1134	registry
CHIRBIL_PRIM	-1.04575749056068	Other (non-ICD endpoint)	-0.01166	0.0004578	0.662430207897885	60.86	1211	registry
CHIRHEP_NAS	-0.657577319177794	Other (non-ICD endpoint)	0.01833	-0.008167	2.01136343024373	66.47	1161	registry
CHONDRO_OTH	-1.39794000867204	Other (non-ICD endpoint)	-0.01253	-0.01466	0.265819825594646	75.78	1075	registry
CHRONHEP_NAS	-1.30102999566398	Other (non-ICD endpoint)	-0.006084	-0.01654	1.02657908576828	55.85	1123	registry
CHRONLARGE	-0.795880017344075	Other (non-ICD endpoint)	-0.01396	0.002545	0.347482825569817	40.9	1193	registry
CHRONMYELOPRO	-1.39794000867204	Other (non-ICD endpoint)	0.003663	-0.0006414	1.2855067073072	70.78	1116	registry
CHRONNAS	-0.657577319177794	Other (non-ICD endpoint)	-0.007147	0.0101	0.529451087889156	42.77	1363	registry
CHRONOTH	-0.698970004336019	Other (non-ICD endpoint)	-0.01385	0.006965	0.247250626657443	38.98	1366	registry
CHRONSMALL	-0.698970004336019	Other (non-ICD endpoint)	-0.01145	0.01138	0.181070774892302	41.93	1320	registry
CHRYSTAL_NOS	-1.69897000433602	Other (non-ICD endpoint)	-0.001929	-0.003373	0.323169865381334	73.6	987	registry
CIRRHOSIS_BROAD	0.136720567156407	Other (non-ICD endpoint)	0.01938	0.001548	1.8531680973567	57.17	1143	registry
CML	-1.39794000867204	Other (non-ICD endpoint)	-0.004373	0.004583	1.25902901007401	61.57	1038	registry
CMV_NOS	-1.30102999566398	Other (non-ICD endpoint)	-0.009867	0.009489	1.85684471588399	51.68	1095	registry
CMV_PNEUMONIA	-2	Other (non-ICD endpoint)	0.00607	0.01021	1.68658412161075	59.56	1022	registry
CONGEN_HEART_ARTER	-0.0132282657337552	Other (non-ICD endpoint)	-0.00329	0.004686	0.3389691168198	1.62	1074	registry
COPD_EARLY	0.100370545117563	Other (non-ICD endpoint)	0.0445	0.04095	1.24530666781891	57.1	1494	registry
COPD_INSUFFICIENCY	-0.337242168318426	Other (non-ICD endpoint)	0.05222	0.01518	1.68026909319469	70.82	1315	registry
COPD_LATER	0.26245108973043	Other (non-ICD endpoint)	0.03435	0.02583	0.74026928762868	74.21	1382	registry
COPD_OPPORTUNIST_INFECTIONS	-1.04575749056068	Other (non-ICD endpoint)	0.01919	0.04026	0.669366651894542	66.31	1110	registry
CPAP	-0.0362121726544447	Other (non-ICD endpoint)	0.02639	0.01379	0.917090412044719	57.66	1425	registry
CREST	-1.30102999566398	Other (non-ICD endpoint)	-0.005371	0.0106	0.812706415617585	58.34	1038	registry
CROHN_ARTHR	-1.69897000433602	Other (non-ICD endpoint)	0.009769	0.0217	0.165514438477573	45.47	1150	registry
C_DIFFICILE_ENTEROCOLITIS	-0.229147988357856	Other (non-ICD endpoint)	0.007028	-0.006312	0.968883181993326	74.22	1152	registry
C_STROKE	0.93801909747621	Other (non-ICD endpoint)	0.03913	0.01665	0.295278149073409	70.72	1458	registry
D3_ACQHAEMOLYTICANAEMIA	-1	III Blood	0.006358	-0.01281	1.00155057582498	65.04	1067	registry
D3_ACQHAEMOLYTICANAEMIANAS	-1.39794000867204	III Blood	0.01611	-0.01617	0.924060469138516	66.16	1002	registry
D3_ACQPUREREDCLLAPLASIA	-1.69897000433602	III Blood	0.0008654	-0.0129	0.983014363917063	50.27	1021	registry
D3_ACUTEPOSTBLEEDANAEMIA	-0.657577319177794	III Blood	0.01093	0.004189	0.980391657280679	73.23	1128	registry
D3_AGRANULOCYTOSIS	-0.408935392973501	III Blood	0.002535	0.01347	1.57784404084292	60.55	1090	registry
D3_AIHA_OTHER	-1.39794000867204	III Blood	0.01924	-0.01621	0.852285401898243	68.37	1169	registry
D3_ALLERGPURPURA	-0.795880017344075	III Blood	0.006735	0.03301	0.599385800745471	19.15	1145	registry
D3_ANAEMIA	0.721810615212547	III Blood	0.01976	0.003252	0.571544358800697	68.58	1344	registry
D3_ANAEMIAINCHRONICDISEASE	-1.15490195998574	III Blood	0.01099	0.00412	1.58299126241912	73.92	1104	registry
D3_ANAEMIANAS	0.396199347095736	III Blood	0.0001459	-0.02126	0.724645847619316	73.15	1297	registry
D3_ANAEMIA_B12_DEF	-0.130768280269024	III Blood	-0.002093	0.004031	0.392379868559509	69.57	1230	registry
D3_ANAEMIA_FOLATEDEF	-1.39794000867204	III Blood	-0.001438	-0.01469	0.65284588378642	72.84	1180	registry
D3_ANAEMIA_IRONDEF	0.421603926869831	III Blood	0.01431	0.01531	0.606499373834273	64.45	1261	registry
D3_ANAEMIA_IRONDEF_BLOODLOSS	0.0128372247051722	III Blood	0.01062	0.001419	0.852924856252335	60.11	1247	registry
D3_ANAEMIA_IRONDEF_NAS	0.264817823009536	III Blood	0.01706	0.01837	0.680821530869308	67.52	1283	registry
D3_BLOODNAS	-1.04575749056068	III Blood	0.008647	0.004964	0.602948912641797	59.07	1115	registry
D3_BLOODOTHER	-0.0604807473813815	III Blood	0.0139	0.01091	0.936093359170335	59.66	1095	registry
D3_COAGDEF	-1	III Blood	-0.001985	0.006956	0.350656871613169	29.42	1108	registry
D3_COAGDEFNAS	-0.744727494896694	III Blood	-0.008435	0.01069	0.5644611729319	41.8	1186	registry
D3_COAGDEF_PURPUR_HAEMORRHAGIC	-0.0268721464003014	III Blood	0.006215	0.02345	0.790954240562857	51.21	1143	registry
D3_COAGOTHER	-0.522878745280338	III Blood	-0.007032	0.01764	0.515215972067284	47.12	1069	registry
D3_COMBIMMUDEF	-1.39794000867204	III Blood	0.008785	-0.006704	0.474991170756775	56.62	1063	registry
D3_CVID	-2	III Blood	0.01028	0.003799	0.972482011523898	50.88	1067	registry
D3_DISSEINTRAVASCCOAG	-1.69897000433602	III Blood	0.004137	-0.01507	1.23793935388921	58.83	1069	registry
D3_FAMIERYTHROCYTOCIS	-1.69897000433602	III Blood	0.01337	0.002337	0.320270262044932	56.72	1228	registry
D3_HAEMOLYTICANAEMIA	-0.744727494896694	III Blood	0.007041	-0.01201	0.834429705393835	51.74	1081	registry
D3_HAEMORRHAGCIRGUANTICO	-1.22184874961636	III Blood	-0.002801	0.01276	0.726581956646183	78.36	1115	registry
D3_HAEMORRHAGICNAS	-1.22184874961636	III Blood	-0.002307	0.004889	0.826366024346168	55.34	1057	registry
D3_HEREDHAEMOLYTICANAEMIAOTHER	-1.58522682403981	III Blood	-0.0036	0.004204	0.520280782536746	24.85	1085	case-count proxy
D3_HEREDOTHCLOFACTORS	-1.39794000867204	III Blood	0.01	0.01249	0.343589704390077	36.75	1035	registry
D3_HYPERSPLENISM	-1.69897000433602	III Blood	-0.01022	0.01097	1.4784176499957	58.66	1064	registry
D3_IMMUDEF	-0.795880017344075	III Blood	-0.01869	-0.0003904	0.690894645506652	48.68	1092	registry
D3_IMMUDEFANTIBODY	-1.22184874961636	III Blood	-0.01645	0.006935	0.867310549652436	41.53	1129	registry
D3_IMMUDEFANTIBODYNAS	-1.69897000433602	III Blood	-0.0277	0.01168	1.28259912478113	44.5	1137	registry
D3_IMMUDEFNAS	-2	III Blood	-0.01902	-0.01427	0.874426527775456	41.63	1038	registry
D3_IMMUDEFOTHER	-1.39794000867204	III Blood	-0.01564	0.006771	0.477165422273355	45.52	1093	registry
D3_IMMUDEFWITHMAJORDEF	-2	III Blood	-0.00787	0.0004388	0.852285401898243	40.88	1054	registry
D3_IMMUNEMECHANISM	-0.148741651280925	III Blood	-0.02063	0.00257	0.555320863652542	46.66	1382	registry
D3_INFARCTSPLEEN	-1.69897000433602	III Blood	0.0003733	-0.02286	1.18142039985542	67.93	1137	registry
D3_ITP	-0.886056647693163	III Blood	-0.003472	0.01277	0.58945194422118	50.61	1133	registry
D3_NEFELOF	-1.69897000433602	III Blood	0.01004	-0.0008648	0.645006805232011	57.8	1053	registry
D3_NOCT_HAEMOGLOBINURIA	-2	III Blood	-0.01351	0.005325	1.08299090776515	65.19	1069	registry
D3_NONHEREDHYPOGAMMA	-1.69897000433602	III Blood	-0.0116	0.00356	0.96069031917084	50.05	1089	registry
D3_NUTRIANAEMIAOTHER	-1.04575749056068	III Blood	-0.009521	0.0002204	0.790047005299905	68.88	1123	registry
D3_OTHDISLYMPHORETANDRETICULOHIST	-2	III Blood	-0.008482	0.01466	1.21134555865535	34.32	1112	registry
D3_OTHERAPLASTICANAEMIA	-1.22184874961636	III Blood	-0.006467	-0.001318	1.31734613149362	64.32	1146	registry
D3_OTHERBLOOD	-0.619788758288394	III Blood	0.01834	0.004675	0.555320863652542	60.51	1172	registry
D3_OTHERWHITECELL	-0.677780705266081	III Blood	-0.01326	0.009317	0.678541028170583	58.28	1147	registry
D3_OTHNONTHROMBOCYTOPENPURPURA	-1.52287874528034	III Blood	0.00742	0.01533	0.55043087835835	61.62	1138	registry
D3_OTHPRIMTHROMBOCYTOPENIA	-1.69897000433602	III Blood	-2.315e-05	0.01787	0.739792188382989	52.63	1103	registry
D3_PURPURA_AND3_OTHER_HAEMORRHAGIC	-0.187086643357144	III Blood	0.009755	0.02589	0.837896664446143	53.17	1138	registry
D3_QUALIPATELETDEF	-2	III Blood	-0.005905	0.02529	0.701611258972075	49.02	1087	registry
D3_SARCOIDOSIS	-0.309803919971486	III Blood	-0.01057	-0.007535	0.224742272677907	46.39	1389	registry
D3_SCIDA	-2	III Blood	0.01565	0.004391	0.459953293392234	54.06	1030	registry
D3_SCNDPOLYCYTHAEMIA	-1.04575749056068	III Blood	0.02571	0.01105	0.599111188633351	58.75	1126	registry
D3_SCNDTHROMBOCYTOPENIA	-1.39794000867204	III Blood	-0.0182	0.01418	1.708377860289	61.19	1027	registry
D3_SICKLECELLDIS	-2	III Blood	0.01302	0.02968	0.61599612137153	52.37	1054	registry
D3_SIDEROANAEMIAHERED	-1.69897000433602	III Blood	0.01385	0.00487	0.801328713404473	74.92	1124	registry
D3_SIDEROANAMIEAOTHER	-1.69897000433602	III Blood	-0.008143	-0.006633	0.767790723555711	71.02	1080	registry
D3_SIDEROANASCND	-1.69897000433602	III Blood	0.001058	-0.02268	1.00136690422927	73.93	1064	registry
D3_SPLEENDISEASE	-1.22184874961636	III Blood	-0.01121	0.007146	1.15341608070878	59.75	1092	registry
D3_SPLEENNAS	-2	III Blood	-0.0187	0.0007431	0.834863733178426	58.59	1093	registry
D3_THALASSAEMIA	-2.13804621048054	III Blood	0.00128	0.001369	0.402460599087866	22.71	1168	case-count proxy
D3_THROMBOCYTOPENIANAS	-0.537602002101044	III Blood	0.01236	0.005123	1.09994473390189	60.24	1084	registry
D3_VONVILLEBRAND	-1.30102999566398	III Blood	-0.001818	-0.0001888	0.397768901473694	28.87	1061	registry
D3_WHITEBLOODCELLNAS	-0.795880017344075	III Blood	-0.01108	0.006148	0.688385863458235	59.46	1112	registry
DERMATOPOLY_FG	-1.30102999566398	Other (non-ICD endpoint)	-0.004817	-0.004119	0.666803205220343	59.02	1064	registry
DM_NEOVASCULAR_GLAUCOMA	-0.744727494896694	Other (non-ICD endpoint)	0.003829	-0.0007169	0.243338258599729	69	1170	registry
DRUGADVERS_ADRENOCORTICAL_INSUFFICIENCY	-1.39794000867204	Other (non-ICD endpoint)	0.01366	-0.001696	1.10658045831729	57.01	1005	registry
DRUGADVERS_APLAST_ANAEM	-2	Other (non-ICD endpoint)	-0.002472	-0.0005556	1.620180008966	69.55	1120	registry
DRUGADVERS_CATAR	-1.22184874961636	Other (non-ICD endpoint)	-0.000394	0.0081	0.993807174301983	56.28	1094	registry
DRUGADVERS_DYSTON	-2	Other (non-ICD endpoint)	0.003572	0.00696	1.02801098148456	48.8	983	registry
DRUGADVERS_GOUT	-1.52287874528034	Other (non-ICD endpoint)	0.01769	-0.004571	0.852072159547504	75.8	1137	registry
DRUGADVERS_HEADA_NOT_ELSEW_CLASSIFIED	-1.69897000433602	Other (non-ICD endpoint)	0.03084	0.0216	0.272695330143457	46.97	1057	registry
DRUGADVERS_NEUTROPENIA	-0.721246399047171	Other (non-ICD endpoint)	0.001763	0.01262	2.03352848466543	63.94	1127	registry
DRUGADVERS_OSTEOPO	-1.52287874528034	Other (non-ICD endpoint)	0.0003867	-0.002011	1.07942946925134	64.57	1123	registry
DRUGADVERS_SYSTEMIC_LUPUS_ERYTHEMAT	-1.69897000433602	Other (non-ICD endpoint)	-0.008185	0.004549	0.727065398763406	52.81	1147	registry
DRUGADVERS_TREMOR	-1.69897000433602	Other (non-ICD endpoint)	0.01535	-0.006095	0.525024343165804	65.08	1147	registry
DRY_AMD	0.0681858617461616	Other (non-ICD endpoint)	0.02936	-0.008953	-0.227528149632034	79.61	1331	registry
E4_ACIDOSIS	-1.04575749056068	IV Endocrine	0.001131	-0.003182	1.41815633426863	65.37	1182	registry
E4_ACROMEG	-1.69897000433602	IV Endocrine	-0.0006859	8.719e-05	0.416405048146499	48.81	1008	registry
E4_ADDISON	-0.958607314841775	IV Endocrine	0.01392	-0.01602	1.11677959262356	52.5	1070	registry
E4_ADRENAS	-1.69897000433602	IV Endocrine	0.01229	-0.003996	0.812484563148566	49.81	1104	registry
E4_ADRENOGEN	-1.69897000433602	IV Endocrine	0.006872	-0.01389	0.757295000383697	53.68	1123	registry
E4_ALKALOSIS	-2	IV Endocrine	0.02126	0.01987	1.30616831664061	61.6	1118	registry
E4_AMINO	-1.69897000433602	IV Endocrine	0.003413	-0.007266	1.02729528991707	52.9	1134	registry
E4_AMYLNAS	-1.15490195998574	IV Endocrine	-0.01382	-0.004645	1.34781337430161	67.37	1073	registry
E4_AMYL_SCNDSYST	-1.69897000433602	IV Endocrine	-0.01831	0.01468	1.77909629527466	66.38	1020	registry
E4_ANTIDIU	-1.69897000433602	IV Endocrine	0.00871	0.004066	0.884180677955922	71.56	1019	registry
E4_AROMAMINO	-1.69897000433602	IV Endocrine	0.02336	-0.008299	0.897107912457381	58.64	1156	registry
E4_CARCISDR	-1.69897000433602	IV Endocrine	-0.01279	0.00689	1.23401692567431	64.12	1158	registry
E4_CONGEIOD	-0.677780705266081	IV Endocrine	0.0003412	0.01367	0.475302067696944	67.75	1109	registry
E4_CUSHING	-1.39794000867204	IV Endocrine	0.01621	-0.02823	1.12249156245805	52.43	1135	registry
E4_CYSTFIBRO	-1.85308461478272	IV Endocrine	-0.00099	-0.01337	0.833778310299691	51.06	1103	case-count proxy
E4_DIABINSIPIDUS	-1.52287874528034	IV Endocrine	-0.01472	0.01802	0.957624595367132	43.88	1065	registry
E4_DISPUB	-0.721246399047171	IV Endocrine	0.01142	-0.001459	0.747635365844015	12.3	1140	registry
E4_ENDODIS	-0.356547323513813	IV Endocrine	-0.00332	0.01841	0.705075751425219	7.81	1054	registry
E4_ENDODISNAS	-1.15490195998574	IV Endocrine	0.0143	0.0004969	0.654925967739747	45.31	1014	registry
E4_ENDOGLAND	0.47567118832443	IV Endocrine	0.002764	-0.002816	0.423959690744329	51.72	1179	registry
E4_ENDOMETPOSTOP	-0.318758762624413	IV Endocrine	0.0217	-0.006574	0.25386672395705	58.32	1272	registry
E4_FH	-0.142667503568732	IV Endocrine	0.02938	0.01449	0.181070774892302	68.34	1098	registry
E4_FH_IHD	-0.408935392973501	IV Endocrine	0.03392	0.01501	0.135841222911413	70.1	1173	registry
E4_FLUIDELECTRO	0.303196057420489	IV Endocrine	0.005722	-0.0007322	0.948176920736477	72.18	1185	registry
E4_FLUIDELECTRONAS	-1.15490195998574	IV Endocrine	0.02933	0.0008641	1.19664602893948	67.7	1165	registry
E4_FLUIDOVER	-2	IV Endocrine	0.000347	0.009443	1.69341134621028	69.82	1090	registry
E4_GLUCOPANCREAS	-0.397940008672038	IV Endocrine	0.03708	0.02827	1.01740223324257	57.88	1124	registry
E4_GOITREDIFF	-0.721246399047171	IV Endocrine	-0.001864	0.003673	-0.0910193983871686	54.97	1131	registry
E4_GOITREMULTINOD	0.12057393120585	IV Endocrine	0.02356	0.009163	-0.142139767161123	53.21	1399	registry
E4_GOITRENAS	-0.327902142064283	IV Endocrine	0.01703	0.01005	-0.0222456089473197	57.28	1359	registry
E4_GOITRENOD	-0.455931955649724	IV Endocrine	0.0292	0.003914	-0.152568598644607	51.5	1162	registry
E4_GRAVES_OPHT_STRICT	-1.15490195998574	IV Endocrine	0.01724	-0.01045	-0.048140375327935	51.38	1281	registry
E4_GRAVES_STRICT	-0.337242168318426	IV Endocrine	0.01338	-0.01482	-0.130678323642116	49.31	1415	registry
E4_HYPERALDO	-1.09691001300806	IV Endocrine	0.01128	-0.0009288	-0.000500125041682243	57.31	1147	registry
E4_HYPERALI	-2	IV Endocrine	-0.01342	-0.01068	1.00411844223968	49.68	1107	registry
E4_HYPERCHOL	0.602059991327962	IV Endocrine	0.03468	0.01373	-0.0361454466363534	69.04	1380	registry
E4_HYPERCHYLO	-2	IV Endocrine	0.0009598	0.00335	0.308219723669329	61.99	1034	registry
E4_HYPERGLYCER	-1.09691001300806	IV Endocrine	0.01112	0.01952	0.383560272720115	60.41	1075	registry
E4_HYPERKALAEMIA	-0.585026652029182	IV Endocrine	0.007194	0.0174	1.04679253993831	76.34	1061	registry
E4_HYPERLIPMIX	-0.823908740944319	IV Endocrine	-0.009174	0.01703	0.227533899615503	57.21	1228	registry
E4_HYPERLIPNAS	0.232996110392154	IV Endocrine	0.03109	0.015	-0.0314906670913709	67.74	1288	registry
E4_HYPEROSMHNAT	-1.04575749056068	IV Endocrine	-0.002114	-0.004538	1.28730241191294	77.28	1054	registry
E4_HYPERPARA	0.15836249209525	IV Endocrine	-0.001638	-0.009561	0.379463305569164	72.51	1139	registry
E4_HYPERPIT	-0.619788758288394	IV Endocrine	0.01533	-0.001147	0.536493370514569	36.03	1063	registry
E4_HYPERPRO	-0.795880017344075	IV Endocrine	0.01635	0.006445	0.023228126119207	35.99	1128	registry
E4_HYPERURI	-1.69897000433602	IV Endocrine	-0.017	-0.01392	0.712214243277171	67.61	1031	registry
E4_HYPODRUG	-1.22184874961636	IV Endocrine	-0.02405	0.01239	1.18708093665572	67.85	1130	registry
E4_HYPOKALAEMIA	-0.167491087293764	IV Endocrine	0.004048	-0.003723	1.05448623062555	68.02	1183	registry
E4_HYPOOSMNAT	0.0530784434834197	IV Endocrine	-0.01056	0.002315	0.951464806881809	73.12	1177	registry
E4_HYPOPARA	-0.795880017344075	IV Endocrine	0.003786	-0.005981	0.68208623320052	60.83	1121	registry
E4_HYPOPIT	-0.638272163982407	IV Endocrine	-0.01858	0.01432	0.4678137331727	41.91	1040	registry
E4_HYTHYSUBS	-1.39794000867204	IV Endocrine	-0.01687	-0.01159	0.288931291852213	61.87	945	registry
E4_HYTHY_AI_STRICT	0.904174368284164	IV Endocrine	-0.002872	0.001965	-0.0731084718206384	56.15	1763	registry
E4_IRON_MET	-1.39794000867204	IV Endocrine	0.01774	-0.005509	0.579978482454307	55.61	1024	registry
E4_KWASHIORKOR	-2	IV Endocrine	0.006623	0.007822	1.05047191334017	50.6	1078	registry
E4_LACTONAS	-0.795880017344075	IV Endocrine	0.03085	-0.006926	0.105710454422114	34.08	1160	registry
E4_LIPODEF	-2	IV Endocrine	-0.00646	0.03474	0.608678023933495	65.75	1148	registry
E4_LIPOPROT	0.749736315569061	IV Endocrine	0.03276	0.01321	-0.026343975339602	67.97	1447	registry
E4_LIPOPROTNAS	-0.292429823902064	IV Endocrine	0.01531	0.0214	0.164666621555234	67.4	1139	registry
E4_MALNUTRITION	-0.886056647693163	IV Endocrine	0.0001607	0.004788	1.25888703520333	67.39	1092	registry
E4_MARAKWASH	-1.69897000433602	IV Endocrine	-0.009683	-0.01777	1.58903110265644	58.77	1101	registry
E4_MARASMUS	-2	IV Endocrine	-0.004559	0.00678	1.7081060842308	63.82	1053	registry
E4_METABOLIA	0.926856708949692	IV Endocrine	0.0193	0.008079	0.0662557957770653	67.87	1445	registry
E4_METABONAS	-2	IV Endocrine	-0.003172	-0.02054	1.31748004511953	19.12	1117	registry
E4_MG_MET	-1.69897000433602	IV Endocrine	0.0295	0.01533	1.78212992025221	64.94	1043	registry
E4_MINERAL_MET	-0.522878745280338	IV Endocrine	0.006423	0.008589	1.08839358847378	64.04	925	registry
E4_MINERAL_METNAS	-2	IV Endocrine	-0.01101	0.02282	0.81070796929909	54.7	1117	registry
E4_NONTOXIC_THYROID	0.296665190261531	IV Endocrine	0.02001	0.01226	-0.295042426858073	53.07	1437	registry
E4_NUTRI_DEF_NAS	-1.39794000867204	IV Endocrine	0.003474	0.01389	1.25404785695824	33.04	1039	registry
E4_OBESITY	0.481442628502305	IV Endocrine	0.02985	0.01836	0.478095799143072	48.54	1725	registry
E4_OBESITYCAL	0.305351369446624	IV Endocrine	0.03637	0.01628	0.603222473031958	48.19	1658	registry
E4_OBESITYDRUG	-1.52287874528034	IV Endocrine	-0.009972	0.005949	0.909266116937191	43.29	1153	registry
E4_OBESITYNAS	0.181843587944773	IV Endocrine	0.03341	0.005344	0.802898044519065	48.13	1648	registry
E4_OBESITYXTRMALV	-0.886056647693163	IV Endocrine	0.01968	-0.0064	1.33605314468314	62.01	1177	registry
E4_PANCSECNAS	-1.52287874528034	IV Endocrine	0.01866	0.009881	1.23547147138531	44.97	1137	registry
E4_PARANAS	-1.52287874528034	IV Endocrine	-0.01812	-0.02156	0.144533150732298	64.79	1128	registry
E4_PARATHYRO	0.195899652409234	IV Endocrine	-0.004175	-0.01378	0.275356422761144	71.74	1197	registry
E4_PHOS_MET	-2	IV Endocrine	-0.01002	0.00309	1.27018180443627	54.06	990	registry
E4_PITUDISNAS	-1.69897000433602	IV Endocrine	-0.00807	0.02011	0.375692949774494	43.56	1085	registry
E4_PLASMAPROT	-1.69897000433602	IV Endocrine	-0.002483	-0.008591	0.883147513280901	46.52	1046	registry
E4_PORBILIR	-1.30102999566398	IV Endocrine	-0.01216	-0.01076	0.44660705143934	38.3	1125	registry
E4_PROTMALMODMILD	-1.30102999566398	IV Endocrine	-0.01575	0.008797	1.37901795214911	65.21	989	registry
E4_PROTMALNAS	-1.39794000867204	IV Endocrine	0.01041	-0.01883	1.29267025908722	75.04	1111	registry
E4_PROTMALSEVERNAS	-2	IV Endocrine	0.01845	-0.002274	1.61819941810267	64.53	1147	registry
E4_SEQUMAL	-2	IV Endocrine	-0.01983	-0.002837	1.01504950389742	73.6	1106	registry
E4_SPHIGLOLIPNAS	-1.97023578990739	IV Endocrine	0.008641	0.005251	1.43341646818863	41.58	1153	case-count proxy
E4_SPHINGOLIP	-1.69897000433602	IV Endocrine	0.02522	-0.0198	1.19043153375927	36.2	1113	registry
E4_THIA_DEF	-1.39794000867204	IV Endocrine	-0.01932	0.003821	1.2442986757975	59.15	1084	registry
E4_THYMUSDIS	-2	IV Endocrine	0.01055	0.01546	0.948951514113703	57.22	1083	registry
E4_THYROID	1.03221570329798	IV Endocrine	0.0104	0.01225	-0.167827110643502	54.73	1662	registry
E4_THYROIDITNAS	-1.09691001300806	IV Endocrine	-0.01153	-0.006094	-0.172569265351276	43.92	1151	registry
E4_THYROIDITSUBAC	-0.795880017344075	IV Endocrine	-0.03684	-0.008912	-0.551647618286246	48.24	1149	registry
E4_THYROIDNASOTH	-1.15490195998574	IV Endocrine	0.001684	0.02794	-0.0217344921460061	47.04	1056	registry
E4_THYTOXGOITDIF	-0.119186407719209	IV Endocrine	0.01218	-0.01821	0.0406619817188897	49.44	1470	registry
E4_THYTOXGOITMULT	-0.42021640338319	IV Endocrine	0.006611	-0.002971	0.098486946714654	60.94	1248	registry
E4_THYTOXNOD	-1.39794000867204	IV Endocrine	0.005666	0.01321	0.138456743147016	55.27	1045	registry
E4_VIT_A_DEF	-1.52287874528034	IV Endocrine	0.009666	0.02333	0.890767774643069	65.53	1057	registry
E4_VIT_B_DEF	-1.15490195998574	IV Endocrine	-0.00289	-0.01248	0.329303747142601	73.31	1173	registry
E4_VIT_D_DEF	-1.09691001300806	IV Endocrine	0.005761	0.001232	0.74026928762868	44.36	1107	registry
E4_VOLUME	-0.200659450546418	IV Endocrine	-0.01809	-0.007968	1.05169536888036	77.57	1213	registry
ENTEROPATH_E_COLI	-2	Other (non-ICD endpoint)	-0.007901	0.01766	0.692146680226362	59.41	1208	registry
EPISEIZALCO	-1.15490195998574	Other (non-ICD endpoint)	0.02671	-0.003185	1.79100918783735	51.19	1039	registry
F5_ADHD	0.0827853703164501	V Mental	0.02651	0.03845	0.807814255538071	13.73	1324	registry
F5_AGORAPHOBIA	-0.769551078621726	V Mental	0.006861	0.01624	0.957240718203109	28.7	1123	registry
F5_ALCOHOLAC	0.501059262217751	V Mental	0.04426	0.04818	1.12768553615382	42.3	1469	registry
F5_ALCOHOL_DEPENDENCE	0.492760389026838	V Mental	0.04434	0.0388	1.39240067955165	43.59	1538	registry
F5_ALLANXIOUS	0.710117365111816	V Mental	0.03089	0.02735	0.625135969943402	29.17	1572	registry
F5_ALZHDEMENT	0.292256071356476	V Mental	-0.01994	0.03201	0.723191301908322	82.3	1462	registry
F5_ANAPER	-0.853871964321762	V Mental	-0.000636	0.002582	0.105710454422114	42.79	1143	registry
F5_ANOREX	-0.259637310505756	V Mental	-0.01252	-0.01667	0.956664626012428	20.13	1041	registry
F5_ANXIETY	0.535294120042771	V Mental	0.02829	0.02408	0.599660337466481	29.44	1488	registry
F5_ANXPER	-1.04575749056068	V Mental	-0.008405	-0.004427	0.647103242058539	31.88	1047	registry
F5_BEHAVE	0.292256071356476	V Mental	0.02325	0.01814	0.603495958607299	31.59	1345	registry
F5_BEHEMOCHILD	0.45484486000851	V Mental	0.02113	0.03525	0.915290231540571	11.12	1200	registry
F5_BIPO	-0.0315170514460649	V Mental	0.02171	0.04451	0.836381348645853	38.45	1356	registry
F5_CANNABIS	-0.537602002101044	V Mental	0.03156	0.02381	2.07442899985629	23.76	1111	registry
F5_DELIRIUM	-0.119186407719209	V Mental	0.01814	0.02469	0.999712340013227	76.29	1133	registry
F5_DELUSIO	-0.244125144327509	V Mental	-0.004884	0.00301	0.666032888068373	57.29	1231	registry
F5_DEMENTIA	0.786751422145561	V Mental	-0.01316	0.04465	0.516708286924146	80.88	1505	registry
F5_DEMENTIA_INCLAVO	0.800029359244134	V Mental	-0.008586	0.04412	0.281412459438186	80.83	1509	registry
F5_DEMINOTH	-0.568636235841013	V Mental	-0.02254	-0.005979	1.2859213869731	75.14	955	registry
F5_DEMNAS	0.340444114840118	V Mental	-0.009647	0.02734	0.805582609889733	81.75	1265	registry
F5_DEPPER	-1.04575749056068	V Mental	-0.001072	0.003844	0.860989416089066	41.52	1089	registry
F5_DISPER	-0.769551078621726	V Mental	0.0149	0.02326	1.83258146374831	28.39	1082	registry
F5_DISSOCIATIVE	-0.657577319177794	V Mental	0.02403	-0.00167	0.540578581915339	31.81	1105	registry
F5_EATOTH	-0.366531544420413	V Mental	0.003065	0.006681	1.18356599454827	18.12	1106	registry
F5_EMOCHILD	-0.1249387366083	V Mental	0.004094	-0.007637	0.886449889863134	12.21	1118	registry
F5_EMOPER	-0.180456064458131	V Mental	0.0173	0.05017	1.62796521704798	29.63	1236	registry
F5_GAD	-0.0604807473813815	V Mental	0.007359	0.01539	0.634458184211266	34.12	1205	registry
F5_HABIT	-1	V Mental	0.0254	0.04186	0.747398595391861	25.91	1018	registry
F5_HYPERSOMNIA	-1.39794000867204	V Mental	0.01678	-0.002827	0.151002873536527	43.74	1089	registry
F5_INSOMNIA	-0.173925197299174	V Mental	0.02434	0.02017	0.610308902250941	45.75	1360	registry
F5_KELAMENT	0.352182518111362	V Mental	-0.004846	0.02861	0.774727167552368	40.26	1365	registry
F5_KELARET	-0.769551078621726	V Mental	-0.006991	-0.009505	1.51655478495404	25.49	1102	registry
F5_MANIA	-0.920818753952375	V Mental	0.003906	0.00876	0.826366024346168	47.1	1167	registry
F5_MENTALUNSPE	-0.309803919971486	V Mental	0.006465	0.02344	0.738598443463863	34.54	1077	registry
F5_MENTORG	-0.267606240177031	V Mental	-0.01274	0.05087	0.474680177129637	71.15	1153	registry
F5_MILDRET	-0.494850021680094	V Mental	0.01157	0.008271	1.14231014393383	18.73	1083	registry
F5_MIXEDDEV	-0.283996656365201	V Mental	-0.01661	0.01764	0.611937125134402	5.94	1138	registry
F5_MIXPER	-0.431798275933005	V Mental	0.01597	0.02086	1.19785412331776	37.74	1152	registry
F5_MODRET	-0.886056647693163	V Mental	-0.01252	0.005081	1.2031224428711	20.27	1028	registry
F5_MOODOTH	-0.387216143280265	V Mental	0.01738	0.01825	0.745502410893874	31.17	1132	registry
F5_NEUROTICOTH	-0.494850021680094	V Mental	0.00574	0.01796	0.445646897740996	34.02	1155	registry
F5_OCD	-0.3767507096021	V Mental	0.01017	0.004341	0.498348102254878	24.97	1195	registry
F5_OPIOIDS	-0.552841968657781	V Mental	0.03241	0.02918	1.72615371213006	29.82	1216	registry
F5_OTHERSUB	-0.200659450546418	V Mental	0.05133	0.04336	1.78397928190909	27.93	1248	registry
F5_OTHPER	-0.318758762624413	V Mental	0.005151	0.02497	1.17572763888563	32.68	1148	registry
F5_OTHRET	-0.619788758288394	V Mental	0.004045	0.01247	1.42527466076077	7.92	1068	registry
F5_PANIC	-0.0177287669604316	V Mental	0.04015	0.02418	0.603769369408729	31.41	1334	registry
F5_PARAPER	-1	V Mental	-0.02138	0.005097	0.781158057882659	40.2	1150	registry
F5_PERSBEHORG	-0.920818753952375	V Mental	-0.007042	0.01969	1.18003865403031	53.93	1091	registry
F5_PERSMOOD	0.12057393120585	V Mental	0.007242	0.03862	0.625671015435031	41	1369	registry
F5_PERSOCHANGE	-1.69897000433602	V Mental	0.006536	0.01372	0.888096997503373	43.28	1004	registry
F5_PERSOTH	-1.52287874528034	V Mental	0.0003446	-0.01632	1.22495121071113	30.95	1094	registry
F5_PERVASIVE	-0.657577319177794	V Mental	-0.01807	0.01946	0.976632960880317	8.61	1022	registry
F5_PHOBANX	0.00860017176191757	V Mental	0.02031	0.00486	0.693647055601597	25.01	1298	registry
F5_PHYSBEHOTH	-1.15490195998574	V Mental	-0.01612	-0.0005246	0.967933965025994	29.95	1175	registry
F5_PSYCHDEV	0.361727836017593	V Mental	-0.01262	0.02077	0.579138263948078	6.9	1115	registry
F5_PSYCHOTH	0.0899051114393979	V Mental	-0.003257	0.007505	1.00996320773679	34.75	1260	registry
F5_PSYTRANS	-0.1249387366083	V Mental	-0.02606	0.0129	0.8754687373539	36.49	1214	registry
F5_PTSD	-0.283996656365201	V Mental	0.02413	0.01549	0.624868339806651	28.54	1217	registry
F5_SCHIZOAFF	-0.552841968657781	V Mental	-0.01706	0.0005799	0.987121912634746	37.27	1186	registry
F5_SCHIZOTYP	-1	V Mental	-0.02983	0.006407	0.949338585920355	36.34	1185	registry
F5_SCHIZPER	-1	V Mental	-0.01954	0.01775	0.788684607269009	32.09	1096	registry
F5_SCHOLA	-0.207608310501746	V Mental	0.0006249	0.02104	0.46341950136872	11.19	1105	registry
F5_SCHZPHR	-0.00877392430750515	V Mental	-0.01804	-0.007676	0.88128512267534	33.95	1358	registry
F5_SEDAHYP	-0.327902142064283	V Mental	0.02316	0.02351	1.35079670876673	36.9	1274	registry
F5_SEVRET	-1.15490195998574	V Mental	0.01743	-0.01587	1.75863347879595	23.02	1028	registry
F5_SLEEPWAKE	-1	V Mental	0.003946	-0.001802	0.574926549172514	17.72	1137	registry
F5_SLEEP_NOS	-0.795880017344075	V Mental	0.002042	0.01031	0.593326845277734	26.58	1192	registry
F5_SOCPHOB	-0.229147988357856	V Mental	0.009953	0.008352	0.896088024556636	25.26	1194	registry
F5_SOMATOFORM	-0.113509274827518	V Mental	0.02932	0.0104	0.0778865386570712	44.83	1157	registry
F5_SPEECH	0.0253058652647703	V Mental	-0.01471	0.003025	0.513721426878016	5.39	1069	registry
F5_STIMUL	-0.638272163982407	V Mental	0.04377	0.04044	2.10022408086236	26.36	1238	registry
F5_STRESSOTH	0.369215857410143	V Mental	0.04461	0.02905	0.707543060843678	33.89	1234	registry
F5_SUBSNOALCO	0.164352855784437	V Mental	0.06053	0.04489	1.16595936212772	34.02	1357	registry
F5_UNSORG	-1.52287874528034	V Mental	-0.008562	0.008081	1.09661028599744	68.08	1098	registry
F5_VASCDEM	-0.0268721464003014	V Mental	-0.0001379	0.02286	0.906240396020654	82.41	1263	registry
FALLS	1.30427505047713	Other (non-ICD endpoint)	0.02608	0.03154	-0.0314906670913707	52.2	1303	registry
FE	0.117271295655764	Other (non-ICD endpoint)	-0.00783	0.01022	1.03903919713321	51.09	1208	registry
FELTY	-1.52287874528034	Other (non-ICD endpoint)	0.02619	0.006432	0.744552968619845	66.27	1157	registry
FEMHER_BILATERAL	-2	Other (non-ICD endpoint)	0.03237	-0.01732	0.21873384282551	64.25	1179	registry
FE_STRICT	0.0681858617461616	Other (non-ICD endpoint)	-0.01488	0.007766	0.987680727960828	53.68	1212	registry
FG_CARDMYO	-0.1249387366083	Other (non-ICD endpoint)	-0.02663	-0.008216	0.755182571479398	61.62	1388	registry
FG_OTHHEART	1.16879202031418	Other (non-ICD endpoint)	0.02457	-0.004147	-0.0801260444792849	69.39	1631	registry
FIBROLIV	-1.69897000433602	Other (non-ICD endpoint)	0.008669	-0.002993	1.38441760110703	59.22	1096	registry
FTD	-1.52287874528034	Other (non-ICD endpoint)	0.005208	-0.006415	1.26412672714568	71.43	1101	registry
G6_ALCODEGEN	-0.619788758288394	VI Nervous	0.02507	0.02456	1.60633309748062	58.75	1070	registry
G6_ALCOPOLY	-1.04575749056068	VI Nervous	0.03478	0.01995	1.55424227696615	57.12	1119	registry
G6_ALS	-0.920818753952375	VI Nervous	0.0003668	-0.003944	2.35688386640142	66.3	1125	registry
G6_ALZHEIMER	0.539076098792777	VI Nervous	-0.01257	0.03773	0.669622635512988	82.31	1501	registry
G6_ANOXBRAINDAM	-0.920818753952375	VI Nervous	0.001589	-0.01345	1.49099215722762	60.56	1023	registry
G6_ATROPHCIRCUM	-0.886056647693163	VI Nervous	-0.01715	0.01118	1.23866404411587	66.45	1107	registry
G6_ATYFAC	-0.698970004336019	VI Nervous	0.04351	0.006546	-0.111490376033363	53.8	1133	registry
G6_AUTONOM	-1.09691001300806	VI Nervous	0.006816	-0.01673	0.819559542914383	56.8	1041	registry
G6_AUTOTHUNS	-1.69897000433602	VI Nervous	-0.01732	-0.008956	0.82789658111156	50.73	1023	registry
G6_BASDEGENOTH	-1.22184874961636	VI Nervous	-0.01306	-0.01551	1.442674694556	72.48	1088	registry
G6_BELLPA	-0.236572006437063	VI Nervous	0.009032	0.005528	0.0610950993598108	51.87	1187	registry
G6_BRACHPLE	-0.431798275933005	VI Nervous	0.03126	0.008237	-0.0460439385014067	43.67	1277	registry
G6_CARPTU	0.492760389026838	VI Nervous	0.05461	0.01937	-0.311974765020826	54.12	1675	registry
G6_CAUDA	-1.39794000867204	VI Nervous	0.004613	-0.001153	0.581377279716935	54.69	1033	registry
G6_CAUSALGIA	-1.22184874961636	VI Nervous	0.003194	0.001702	0.0884686479876082	47.72	1153	registry
G6_CERCYST	-0.537602002101044	VI Nervous	0.006076	0.01378	1.28605957532405	52.04	1017	registry
G6_CEROEDEMA	-2	VI Nervous	-0.006247	-0.000423	2.00485268468876	50.49	1029	registry
G6_CERVROOT	-1.52287874528034	VI Nervous	0.003332	0.006768	-0.048140375327935	53.07	1084	registry
G6_CLUSTHEADACHE_STRICT_INCLAVO	-0.795880017344075	VI Nervous	0.02515	-0.003735	-0.184523980349155	41.46	1194	registry
G6_CLUSTHEADACHE_WIDE	-0.853871964321762	VI Nervous	0.01233	0.0002288	-0.0544561857960589	41.39	1126	registry
G6_CNSABSC	-1.30102999566398	VI Nervous	0.01763	0.004905	0.931179344367906	56.24	984	registry
G6_CNSOTH	-1.30102999566398	VI Nervous	0.007339	-0.0141	0.756825957223128	51.05	1175	registry
G6_CONMYOP	-2	VI Nervous	-0.002843	-7.936e-05	1.31278236518321	40.42	1136	registry
G6_CP	-0.721246399047171	VI Nervous	0.01236	-0.00631	1.23270602314881	4.66	1080	registry
G6_CPETAL	-0.0915149811213502	VI Nervous	0.02151	0.0006138	0.738359523381494	53.25	1072	registry
G6_CRAINOTH	-2	VI Nervous	0.006948	-0.001583	0.570979546585738	50.47	1154	registry
G6_DEGENOTH	-0.823908740944319	VI Nervous	-0.003184	0.001194	1.13943428318836	74.25	1094	registry
G6_DEGENSEN	-1.30102999566398	VI Nervous	0.01421	0.001282	0.933541085280683	75.25	1102	registry
G6_DISBROTHUNS	-1.15490195998574	VI Nervous	-0.03814	-0.01335	1.36264183245466	48.81	1023	registry
G6_DISOTHUNS	-1.69897000433602	VI Nervous	0.002983	-0.01429	0.374318379111328	52.04	1083	registry
G6_DISSOTH	-1.52287874528034	VI Nervous	-0.001278	-0.008722	0.566449527513988	38.77	1050	registry
G6_DRUGMYOP	-1.69897000433602	VI Nervous	-0.01273	-0.01719	0.995101912298445	64.92	1180	registry
G6_DRUGPOLY	-1.69897000433602	VI Nervous	0.01705	0.002665	1.10077661149749	62.86	1029	registry
G6_DYSTON	-0.619788758288394	VI Nervous	0.02432	0.00337	0.128393214768399	50.85	1265	registry
G6_ENCEPATH	-1.22184874961636	VI Nervous	0.01383	0.02002	1.46672161023251	60.73	1089	registry
G6_ENCEPHOTH	-0.920818753952375	VI Nervous	0.01378	0.009398	0.89771934628872	44.69	1092	registry
G6_EPIPAROX	1.11226976841727	VI Nervous	0.04296	0.006061	-0.0970617128431312	52.62	1575	registry
G6_EPLEPSY	0.385606273598312	VI Nervous	0.007971	0.02502	0.973993442002444	44.96	1238	registry
G6_FACOTH	-0.958607314841775	VI Nervous	-0.002784	-0.01694	-0.202728366571617	54.85	1102	registry
G6_FEMLAPOP	-0.677780705266081	VI Nervous	0.01356	0.01559	0.449162963373884	53.69	1093	registry
G6_FEMLE	-1.52287874528034	VI Nervous	0.01001	0.007107	0.161693588997987	52.4	1114	registry
G6_FEMMEPOP	-2	VI Nervous	-0.01308	0.002073	0.260824618281898	50.49	1121	registry
G6_GUILBAR	-1.15490195998574	VI Nervous	-0.01041	0.001512	0.497740384217335	50.92	1096	registry
G6_HCCOMM	-1.04575749056068	VI Nervous	0.01168	0.0009438	0.969452279988387	59.21	1125	registry
G6_HCINOTH	-1.69897000433602	VI Nervous	0.01576	0.01377	1.52583888855779	56.83	1133	registry
G6_HCNP	-0.958607314841775	VI Nervous	7.561e-06	-0.006895	0.672178874123749	74.05	1311	registry
G6_HCOBSTR	-1.09691001300806	VI Nervous	0.007702	-0.001061	1.26172270986684	50.19	1158	registry
G6_HCOTHUNS	-1.04575749056068	VI Nervous	-0.008664	0.01063	1.02388874247217	56.12	1166	registry
G6_HCPOSTRAU	-2	VI Nervous	0.008964	-0.008536	1.07891965532237	60.74	1143	registry
G6_HEADACHE	0.394451680826216	VI Nervous	0.04182	0.01362	-0.099268001658669	46.78	1418	registry
G6_HEMIPLE	-0.431798275933005	VI Nervous	0.02138	0.01079	0.806699055244061	62.63	1163	registry
G6_HERATAXIA	-1.15490195998574	VI Nervous	0.005515	-0.009207	0.889741396640618	55.02	1005	registry
G6_HEREMOSEN	-1.52287874528034	VI Nervous	-0.00279	-0.0006595	0.083881483980702	46.31	1033	registry
G6_HERIPOTHUN	-1.69897000433602	VI Nervous	0.01412	-0.00115	0.486737828236901	55.99	1080	registry
G6_HORNER	-1.39794000867204	VI Nervous	0.0003788	-0.008319	0.312984255313999	52.54	1086	registry
G6_HYDROCEPH	-0.508638306165727	VI Nervous	0.01152	-0.007134	0.849509698183804	62.99	1217	registry
G6_ICNEUROP	-1.52287874528034	VI Nervous	0.007718	-0.01125	0.22314355131421	55.78	1025	registry
G6_IDIOAUT	-2	VI Nervous	-0.0005926	0.00586	0.680315201744567	57.97	1008	registry
G6_LSPLEX	-2	VI Nervous	0.03856	0.003145	0.141933495888666	56.12	1098	registry
G6_LSROOT	-1.30102999566398	VI Nervous	0.0021	0.009482	0.0276151670329734	57.09	1089	registry
G6_MEDLEOTH	-0.823908740944319	VI Nervous	0.0256	0.002368	-0.175544572514931	50.58	1128	registry
G6_MENINGBACT	-0.721246399047171	VI Nervous	0.002991	0.02786	0.79253992443798	26.64	1187	registry
G6_MENINGOTH	-1.15490195998574	VI Nervous	-0.005092	0.01147	0.632069331051355	40.27	1011	registry
G6_MERALGIA	-1	VI Nervous	0.02702	0.008583	-0.0790432073404529	53.63	1088	registry
G6_MIGRAINE	0.498310553789601	VI Nervous	0.04159	0.02532	-0.341786331444982	32.88	1614	registry
G6_MIGRAINE_NO_AURA	0.0413926851582251	VI Nervous	0.02987	-0.004083	-0.254247296365543	28.61	1362	registry
G6_MIGRAINE_NO_AURA_TRIPTAN	-0.102372908709559	VI Nervous	0.02325	0.0003596	-0.306525160253261	32.38	1331	registry
G6_MIGRAINE_WITH_AURA	0.107209969647868	VI Nervous	0.03682	0.02472	-0.381992751923022	35.29	1519	registry
G6_MIGRAINE_WITH_AURA_TRIPTAN	-0.148741651280925	VI Nervous	0.03461	0.03277	-0.397496938458988	34.01	1495	registry
G6_MITOCMY	-1.7222236770893	VI Nervous	-0.002338	0.01126	1.42959328551504	46.83	1143	case-count proxy
G6_MONOLOWOTHUNS	-1.04575749056068	VI Nervous	-0.01018	0.01356	0.0440168854167743	51.76	1141	registry
G6_MONONPOTHUS	-0.920818753952375	VI Nervous	0.02273	0.001608	0.129272335704139	47.79	1061	registry
G6_MONOOTHUNS	-0.920818753952375	VI Nervous	0.01801	-0.003666	0.34500713907105	48.22	1126	registry
G6_MONOPLE	-1.30102999566398	VI Nervous	-0.0003257	0.01773	0.631537698928254	57.6	1095	registry
G6_MS	-0.508638306165727	VI Nervous	-0.01392	0.009913	0.595809947670988	39.19	1255	registry
G6_MUSCOTHUNS	-1.69897000433602	VI Nervous	0.01555	0.00168	0.777028664540647	51.52	1105	registry
G6_MUSDYST	-1.52287874528034	VI Nervous	-0.004608	0.004987	0.584726431605525	41.2	1102	registry
G6_MYASTHENIA	-1.30102999566398	VI Nervous	-0.001165	0.01426	0.000999500333083423	56.01	1083	registry
G6_MYOMUSCINOTH	-1.69897000433602	VI Nervous	0.007645	-0.01433	0.72270598280149	61.99	1118	registry
G6_MYONEU	-0.221848749616356	VI Nervous	-0.003992	-0.002022	0.739792188382989	64.79	1194	registry
G6_MYONEUOTHUNS	-2	VI Nervous	-0.01613	-0.002632	0.5607579925142	61.18	1050	registry
G6_MYOPOTHUNS	-0.356547323513813	VI Nervous	0.002204	0.00192	0.648672690458116	68.48	1102	registry
G6_MYOTDIS	-1.52287874528034	VI Nervous	-0.01939	0.01601	1.09158767373115	44.33	1089	registry
G6_NERPLEX	0.81888541459401	VI Nervous	0.074	0.03987	0.117338492417233	52.49	1528	registry
G6_NEUATR	-0.619788758288394	VI Nervous	0.0002746	-0.002637	1.56444054650336	61.8	1091	registry
G6_NEUINFL	-0.366531544420413	VI Nervous	0.01336	0.02905	0.747872080249192	36.98	1107	registry
G6_NEUROOTH	-0.721246399047171	VI Nervous	0.008325	-0.002762	0.242161557149972	58.9	1162	registry
G6_OTHDEMYEL	-0.886056647693163	VI Nervous	-0.003563	0.0005816	0.619500640391647	39.82	1235	registry
G6_OTHINMUSC	-2.06735420118997	VI Nervous	-0.01486	0.005521	1.55793406956699	54.54	1113	case-count proxy
G6_OTHNEU	0.665580991017953	VI Nervous	0.02974	0.003252	0.071389996086673	67.23	1307	registry
G6_PARALOTHUNS	-1.09691001300806	VI Nervous	0.01638	-0.01883	0.7738050835774	46.76	980	registry
G6_PARDIPLE	-0.958607314841775	VI Nervous	0.003068	-0.01234	0.89792307451597	56.92	1091	registry
G6_PARKINSON	-0.0362121726544447	VI Nervous	-0.03039	0.01234	0.733328970192777	71.52	1309	registry
G6_PERIPHOTH	-1.69897000433602	VI Nervous	-0.01533	0.02338	0.534444489364625	59.48	1118	registry
G6_PHANTOM	-2	VI Nervous	0.008509	0.0006499	0.595809947670988	56.02	1134	registry
G6_PLANTAR	-0.619788758288394	VI Nervous	0.01629	0.01763	-0.360969868221613	53.83	1079	registry
G6_POLYOTHUNS	-0.136677139879544	VI Nervous	0.01009	-0.004342	0.366377719400118	65.26	1228	registry
G6_POSTOPNEURO	-0.522878745280338	VI Nervous	0.01109	0.0001604	-0.06720874969345	34.51	1133	registry
G6_POSTZOST	-1.30102999566398	VI Nervous	0.01876	-0.006676	0.196799575974608	75.27	1033	registry
G6_RADLES	-0.744727494896694	VI Nervous	0.02853	0.002777	0.599660337466481	47.76	1146	registry
G6_RLS	-0.468521082957745	VI Nervous	-0.00698	-0.0164	0.00299550897979837	64.52	1219	registry
G6_ROOTPLEXOTHUNS	-0.200659450546418	VI Nervous	0.03465	0.01864	-0.138113302129634	52.39	1251	registry
G6_SCIALE	-0.552841968657781	VI Nervous	0.03381	-0.002931	0.0971267107307226	45.13	1030	registry
G6_SLEEPAPNO	0.66838591669	VI Nervous	0.03749	-0.002305	-0.083381608939051	54.62	1740	registry
G6_SLEEPAPNO_INCLAVO	0.699837725867246	VI Nervous	0.04115	0.004765	-0.0476158539416633	54.45	1751	registry
G6_SLEEPDISOTH	-0.259637310505756	VI Nervous	0.005121	0.000992	0.161693588997987	48.61	1272	registry
G6_SPINAMUSCOTH	-1.30102999566398	VI Nervous	0.002323	-0.00502	1.27130429648622	60.57	1107	registry
G6_SPINOTH	-0.886056647693163	VI Nervous	-0.000632	-0.01077	0.731887008875876	53.28	1177	registry
G6_STATUSEPI	-0.638272163982407	VI Nervous	0.01385	0.02807	1.4948123865928	58.08	1213	registry
G6_TARSTUN	-1.39794000867204	VI Nervous	-0.00533	0.02673	-0.191766015621954	50.86	1046	registry
G6_TETRAPLE	-1.22184874961636	VI Nervous	0.01295	0.000889	1.31291689131512	50.34	1058	registry
G6_TRINEU	-0.602059991327962	VI Nervous	0.02537	-4.985e-05	-0.0397808700118446	56.64	1131	registry
G6_TRIOTHUNS	-1.22184874961636	VI Nervous	0.008831	0.02153	0.330741561912228	53.77	1096	registry
G6_ULLNLE	-0.2518119729938	VI Nervous	0.06427	0.02102	0.212689093410351	51.48	1260	registry
G6_XTRAPYR	0.276461804173244	VI Nervous	-0.007554	0.006041	0.451075619360217	67.76	1366	registry
G6_XTRAPYROTH	-0.0861861476162833	VI Nervous	0.003579	0.002342	0.212689093410351	66.04	1283	registry
GE	-0.481486060122113	Other (non-ICD endpoint)	0.0176	0.0007025	0.905836273970296	27.14	1253	registry
GENERALI_SKIN_ERUPT_DRUGS_MEDICAM	-0.795880017344075	Other (non-ICD endpoint)	0.0155	0.00242	0.480263318183351	49.28	1175	registry
GE_STRICT	-0.721246399047171	Other (non-ICD endpoint)	0.007472	0.003852	0.917889453237852	26.02	1124	registry
GOUT_IDIO	-0.387216143280265	Other (non-ICD endpoint)	-0.005111	0.01878	0.699626146657654	70.11	1230	registry
GOUT_KIDNEY	-1.52287874528034	Other (non-ICD endpoint)	-0.005929	0.001865	1.07226831332851	73.96	974	registry
GOUT_NOS	-0.0409586076789064	Other (non-ICD endpoint)	0.0006502	0.01075	0.451394039996564	72.33	1343	registry
GOUT_SCND	-2	Other (non-ICD endpoint)	-0.003398	0.006966	0.902191807494653	71.27	1042	registry
GOUT_STRICT	-0.0969100130080564	Other (non-ICD endpoint)	0.003029	0.02651	0.0737150378222807	66.54	1354	registry
GRAVES_OPHT	-1.04575749056068	Other (non-ICD endpoint)	0.01187	-0.005092	-0.215671536475509	50.59	1274	registry
H7_ADHESIOIRIS	-2	VII Eye	0.004846	0.004216	0.107957141505092	58.21	1075	registry
H7_ALLERGICCONJUNCTIVITIS	0.555094448578319	VII Eye	0.006529	-0.01567	-0.415515443961666	26.84	1565	registry
H7_AMBLYANOPSIA	-0.356547323513813	VII Eye	0.01884	0.0148	-0.0151136378100481	6.33	1120	registry
H7_AMD	0.214843848047698	VII Eye	0.02754	-0.0157	-0.198450938723838	79.03	1425	registry
H7_ANISOMETROPIA	-0.698970004336019	VII Eye	0.001707	-0.01376	-0.202728366571617	13.02	1045	registry
H7_ANOMAPUPFUNC	-1.04575749056068	VII Eye	-0.005704	0.009535	0.235862323721984	38.54	1132	registry
H7_APHAKIA	-0.853871964321762	VII Eye	-0.003538	-0.004438	-0.0650719967437149	63.75	1026	registry
H7_ASTIGMATISM	-0.337242168318426	VII Eye	-0.004304	-0.007331	0.0227394869694893	8.05	1032	registry
H7_BCKRNDRETINOPAT	-1.09691001300806	VII Eye	0.0006127	-0.009148	0.20375683751402	59.07	1157	registry
H7_BINOCUMOVNAS	-1.69897000433602	VII Eye	0.005782	0.0009693	0.528861986252089	25.62	1123	registry
H7_BINOCUMOVOTH	-1	VII Eye	0.003803	-0.01469	0.278389025540188	26.83	1101	registry
H7_BINODISTOTH	-1.22184874961636	VII Eye	0.008414	0.007569	-0.0387408283164306	24.72	1153	registry
H7_BLEPHAROCHALASIS	0.0453229787866575	VII Eye	0.02661	-0.0053	-0.244622582991334	64.88	1426	registry
H7_BLINDMONOCULAR	-1.39794000867204	VII Eye	0.005408	-0.001832	0.392717535285662	68.28	1085	registry
H7_BULLKERATOPATHY	-1.52287874528034	VII Eye	-0.00473	-0.03512	-0.100372974146787	73.68	1057	registry
H7_CATARACTOTHER	0.502427119984433	VII Eye	0.004139	-0.01826	-0.122167633974208	72.07	1408	registry
H7_CATARACTSENILE	1.06145247908719	VII Eye	0.02051	-0.002694	-0.32780986354256	74.89	1488	registry
H7_CENTRRETARTOCC	-1.04575749056068	VII Eye	0.01888	0.004912	0.226338442210729	72.13	1108	registry
H7_CHALAZION	-0.229147988357856	VII Eye	0.02953	0.01866	-0.310609577095486	42.34	1167	registry
H7_CHORDETACH	-2	VII Eye	0.02057	-0.0002346	-0.304489190768162	73.78	1105	registry
H7_CHORHAEMORRHAGE	-1.69897000433602	VII Eye	-0.01682	-0.00915	-0.0258307600345215	70.48	1084	registry
H7_CHORIORETINFLAM	-0.958607314841775	VII Eye	0.01714	-0.02161	0.204572165728774	44.36	1150	registry
H7_CHOROIDOTH	-1.22184874961636	VII Eye	-0.007271	-0.004966	-0.00853633102228634	63.92	1021	registry
H7_CHOROIDRETINA	0.677606952720493	VII Eye	0.004444	-0.01874	-0.0861026990534117	68.33	1258	registry
H7_CHORSCAR	-2	VII Eye	-0.02095	-0.01973	-0.134674903326601	54.06	1060	registry
H7_CONJUHAEMOR	-0.602059991327962	VII Eye	0.009411	-0.02432	0.0723206615796261	63.98	1111	registry
H7_CONJUNAS	-1.52287874528034	VII Eye	0.01895	-0.01923	-0.158409736747642	49.21	1059	registry
H7_CONJUNCTDEGDEPOT	-1.09691001300806	VII Eye	0.0002389	-0.005609	-0.0910193983871686	53.72	1115	registry
H7_CONJUNCTIVITIS	0.733197265106569	VII Eye	0.01221	-0.01931	-0.075801713416282	27.04	1520	registry
H7_CONJUNCTIVITISACUNONATOPIC	0.303196057420489	VII Eye	0.008788	-0.003294	0.0521179542621068	27.03	1221	registry
H7_CONJUNCTIVITISATOPIC	-0.568636235841013	VII Eye	0.02257	-0.008806	0.0893835611346854	21.79	1200	registry
H7_CONJUNCTIVITISCHRON	-0.920818753952375	VII Eye	-0.001738	-0.02605	-0.128401714804524	38.99	1113	registry
H7_CONJUVASC	-1.09691001300806	VII Eye	0.00515	-0.007452	-0.267226063884399	55.86	1110	registry
H7_CONVERGINSUFF	-1.22184874961636	VII Eye	0.014	-0.007052	0.128832871842968	19.34	1119	registry
H7_CONVERSTRAB	-0.346787486224656	VII Eye	0.01336	0.01995	0.166784817644825	6.21	1198	registry
H7_CORNEALDEFORM	-0.920818753952375	VII Eye	-0.01084	-0.01902	-0.0408219945202552	36.99	1179	registry
H7_CORNEALDYSTROPHY	-1.30102999566398	VII Eye	0.001382	-0.01379	0.138021297897375	65.63	1148	registry
H7_CORNEALNAS	-0.920818753952375	VII Eye	-0.001782	-0.005257	0.00995033085316809	46.79	1168	registry
H7_CORNEALOEDEMA	-1.52287874528034	VII Eye	-0.01203	0.0176	-0.189950583958446	73.26	1097	registry
H7_CORNEALOTH	-0.408935392973501	VII Eye	-0.01757	-0.01694	-0.0833816089390511	52.38	1100	registry
H7_CORNEALSCAR	-0.958607314841775	VII Eye	0.001157	0.007372	0.0525924501191706	61.16	1131	registry
H7_CORNEAPIGMENT	-1.69897000433602	VII Eye	-0.008238	-0.009851	0.122660012735888	50.64	1088	registry
H7_CORNULCER	0.00860017176191757	VII Eye	0.02198	-0.0151	-0.0253178079842899	43.74	1317	registry
H7_DACRYOADENITIS	-1.39794000867204	VII Eye	-7.212e-05	-0.008216	-0.18152187662339	53.96	1143	registry
H7_DEGENMYOPIA	-1.39794000867204	VII Eye	-0.01572	-0.01174	-0.289684075122454	59.3	1065	registry
H7_DIPLOPIA	-0.346787486224656	VII Eye	0.01167	0.02506	0.201306856705035	58.1	1120	registry
H7_DISORDERLENSNAS	-1.39794000867204	VII Eye	-0.006765	0.003087	-0.309246250367622	76.62	1055	registry
H7_DIVERGSTRAB	-0.356547323513813	VII Eye	-0.01779	0.004903	0.27573600143338	13.93	1151	registry
H7_ECTROPION	-0.744727494896694	VII Eye	0.01693	0.003662	-0.0304592074847086	77.77	1253	registry
H7_ENTROPION	-0.431798275933005	VII Eye	0.0273	0.001539	-0.0166376411530232	73.83	1292	registry
H7_EPIPHORA	-1.09691001300806	VII Eye	-0.002908	-0.009719	-0.0910193983871686	58.49	1060	registry
H7_EPISCLERITIS	-0.721246399047171	VII Eye	-0.0009582	-0.00068	-0.345311185288417	46.37	1091	registry
H7_EXOPTHALMUS	-1.39794000867204	VII Eye	-0.03503	-0.003172	0.437932298245666	55.09	1100	registry
H7_EYEADNEXOTH	-0.744727494896694	VII Eye	-0.009607	-0.02301	0.104360015324243	47.98	1183	registry
H7_EYELIDDIS	0.296665190261531	VII Eye	0.02482	-0.001332	-0.110373057481371	66.66	1402	registry
H7_EYELIDINFLAMMATION	-0.283996656365201	VII Eye	0.01615	-0.01204	-0.0987159729391578	54.12	1199	registry
H7_EYELIDINOTH	-0.823908740944319	VII Eye	0.0008616	-0.0008908	0.00796816964917688	50.95	1125	registry
H7_EYELIDNAS	-1.39794000867204	VII Eye	0.0003564	0.002196	-0.0565703514883942	56.11	1151	registry
H7_EYEOTH	-0.193820026016113	VII Eye	-0.00557	-0.02336	0.126192025237759	43.93	1078	registry
H7_EYEPOSTOP	-2	VII Eye	-0.00248	-0.03048	0.0382587121170905	72.77	1047	registry
H7_GLAUCCLOSEPRIM	-0.552841968657781	VII Eye	-0.005812	-0.0001749	-0.134674903326602	68.78	1216	registry
H7_GLAUCNAS	-0.397940008672038	VII Eye	-0.005148	0.008311	0.0953101798043249	73.83	1205	registry
H7_GLAUCOMA	0.541579243946581	VII Eye	0.01431	-0.0009674	-0.119910296672558	68.1	1596	registry
H7_GLAUCOMAMEDICATION	-0.327902142064283	VII Eye	-0.000383	0.005055	-0.243984217186061	71.87	1246	registry
H7_GLAUCOMA_NTG	-0.508638306165727	VII Eye	0.003313	-0.002682	-0.286349627218002	73.06	1276	registry
H7_GLAUCOMA_POAG	0.155336037465062	VII Eye	0.01611	-0.0004014	-0.179724930946689	71.03	1577	registry
H7_GLAUCOMA_XFG	-0.10790539730952	VII Eye	-0.009095	-0.01261	-0.3195167959718	74.18	1327	registry
H7_GLAUCSECDRUG	-2	VII Eye	-0.01232	-0.01222	0.414755155015257	54.35	1140	registry
H7_GLAUCSECINFLAM	-1.39794000867204	VII Eye	-0.02647	0.002017	-0.0629397997738741	50.74	1097	registry
H7_GLAUCSECTRAUMA	-1.39794000867204	VII Eye	-0.007691	-0.002907	-0.0763412332567225	61.99	1060	registry
H7_GLAUCSUSP	0.247973266361807	VII Eye	0.03205	0.01227	-0.287015627908621	65.41	1485	registry
H7_GLOBE	-0.853871964321762	VII Eye	-0.01057	-0.006621	0.331100692819302	66.32	1072	registry
H7_GLOBEDEGENERATED	-1.30102999566398	VII Eye	0.03098	0.02375	0.245296355955343	71.66	1082	registry
H7_HEREDRETINADYST	-1.15490195998574	VII Eye	0.0128	-0.00528	-0.0677436520865195	47.51	1138	registry
H7_HERPESKERATITIS	-0.769551078621726	VII Eye	0.00424	-0.001525	0.0468835858988505	53.84	1049	registry
H7_HETEROPHORIA	-0.283996656365201	VII Eye	0.0172	-0.002208	0.0153811020383024	10.72	1120	registry
H7_HORDEOLUM	-0.568636235841013	VII Eye	0.006357	0.009758	-0.0146061523893621	38.04	1073	registry
H7_HYPERMETRO	-0.200659450546418	VII Eye	0.007829	0.01806	0.106160195828391	7.22	1110	registry
H7_INTERHETEROTRO	-0.236572006437063	VII Eye	-0.009759	0.01885	0.191033497395976	5.28	1134	registry
H7_IRIDOACUTE	-0.0362121726544447	VII Eye	-0.008668	-0.02376	-0.210721031315653	47.17	1199	registry
H7_IRIDOCHRONIC	-0.698970004336019	VII Eye	-0.002461	-0.008372	-0.0634724229555735	49.41	1083	registry
H7_IRIDOCYCLITIS	0.0374264979406237	VII Eye	-0.006728	-0.03197	-0.154900961217962	47.99	1105	registry
H7_IRIDOCYCLITISINOTH	-1.22184874961636	VII Eye	0.02536	-0.01206	0.0242046886968174	53.62	1219	registry
H7_IRIDOCYC_ANTER	-0.00877392430750515	VII Eye	-0.01404	-0.01988	-0.159582069824465	47.4	1174	registry
H7_IRIDONAS	-0.823908740944319	VII Eye	0.0203	-0.01094	-0.00652121699026558	50.38	1004	registry
H7_KERATITIS	0.309630167425899	VII Eye	0.002754	-0.01209	0.106160195828391	45.54	1249	registry
H7_KERATITISINOTH	-0.823908740944319	VII Eye	-0.003052	0.001463	0.0820407103362096	57.25	1131	registry
H7_KERATITISOTH	-0.236572006437063	VII Eye	0.01548	0.02053	0.117338492417233	40.79	1155	registry
H7_KERATOCONUS	-1	VII Eye	-0.01139	-0.002157	-0.185727349928787	66.92	1099	registry
H7_LACRIMALSYSTEM	0.313867220369153	VII Eye	0.002533	-0.02173	-0.0387408283164306	56.97	1277	registry
H7_LACRIMINFLAMACU	-1	VII Eye	0.01133	0.009682	0.0690595359314946	58.12	1131	registry
H7_LACRIMINFLAMCHRON	-0.920818753952375	VII Eye	0.003803	-0.0005048	-0.0423857164964378	63.41	1033	registry
H7_LAGOPHTALMOS	-1.39794000867204	VII Eye	0.006407	-0.0029	0.258510695151501	65.73	1054	registry
H7_LENSDISLOCATIO	-1.15490195998574	VII Eye	0.00386	0.0188	-0.0444744901018296	75.35	1038	registry
H7_LIDLACRIMALORBIT	0.697229342759718	VII Eye	0.02859	-0.004176	-0.0392607139533026	58.23	1327	registry
H7_MACULADEGEN	0.382017042574868	VII Eye	0.01911	0.004277	-0.215051381416873	75.82	1294	registry
H7_MILDVISIMPBINOC	-1.69897000433602	VII Eye	-0.007643	0.001848	0.516708286924146	42.74	1069	registry
H7_MODVISIMPBINOC	-0.795880017344075	VII Eye	0.008833	-0.01225	0.0902976379807806	77.24	1067	registry
H7_MODVISIMPMONOC	-2	VII Eye	-0.002706	-0.01335	0.466560207467975	56.95	1187	registry
H7_MYOPIA	-0.154901959985743	VII Eye	-0.01105	-0.01126	0.0406619817188897	26.98	1338	registry
H7_NYSTAGMUS	-1.15490195998574	VII Eye	-0.01514	-0.01246	0.523544396173766	25.97	1069	registry
H7_OCUMUSCLE	0.549003262025788	VII Eye	0.007091	-0.003214	0.0957646219843793	13.6	1084	registry
H7_OCUPAIN	-0.508638306165727	VII Eye	0.003062	-0.005126	-0.079043207340453	44.26	1085	registry
H7_OPTATROPHY	-1.09691001300806	VII Eye	0.008335	-0.004744	0.541451817307752	46.61	1102	registry
H7_OPTICDISCOTH	-1.30102999566398	VII Eye	-0.03519	-0.003866	0.0358496528936972	41.97	1073	registry
H7_OPTNERVE	-0.397940008672038	VII Eye	0.002641	-0.0175	0.399111634135989	42.35	1128	registry
H7_OPTNERVNAS	-1.15490195998574	VII Eye	-0.01006	0.0002328	0.383560272720115	62.97	1076	registry
H7_OPTNEURITIS	-0.795880017344075	VII Eye	-0.005311	-0.02868	0.289680075114454	36.47	1085	registry
H7_OPTNEUROTH	-0.585026652029182	VII Eye	0.001234	0.01058	0.410452649619204	49.41	1065	registry
H7_ORBIT	-0.769551078621726	VII Eye	-0.0002898	-0.005203	0.302693830072219	48.52	1146	registry
H7_ORBITINFLAMACU	-1.39794000867204	VII Eye	0.007399	-0.01179	0.468752847344083	24.56	1029	registry
H7_ORBITNAS	-2	VII Eye	0.00602	-0.01464	0.447246642123119	56.46	1090	registry
H7_OTHENDOPHTHALMITIS	-1.69897000433602	VII Eye	0.001971	0.003955	0.239803992207317	66.8	1119	registry
H7_OTHERCONJ	-0.236572006437063	VII Eye	0.005968	-0.02496	-0.127833371509885	59.62	1110	registry
H7_OTHIRISCILIARY	-0.920818753952375	VII Eye	-0.004965	-0.008542	0.273075920062419	59.12	1054	registry
H7_OTHRETARTOCC	-1.04575749056068	VII Eye	0.001929	0.008571	0.124427578375052	68.13	1047	registry
H7_PAPILLOEDEMA	-1.09691001300806	VII Eye	0.00648	0.009176	0.583890194622996	42.25	1118	registry
H7_PARASTRA3	-1.22184874961636	VII Eye	0.004036	-0.002965	0.383900930192324	65.73	1126	registry
H7_PARASTRA4	-1.15490195998574	VII Eye	-0.03072	-0.002635	-0.169010542734282	57.12	1106	registry
H7_PARASTRA6	-0.958607314841775	VII Eye	0.02321	-0.005284	0.110646520087064	63.91	1097	registry
H7_PARASTRAB	-0.568636235841013	VII Eye	0.01004	-0.003518	0.16805358499625	61.07	1095	registry
H7_PARASTRANAS	-1.39794000867204	VII Eye	0.007152	-0.00414	0.317362226553191	47.92	958	registry
H7_PERIPHRETINADEGEN	-0.886056647693163	VII Eye	-0.01494	0.005018	-0.416273306824768	54.77	1241	registry
H7_POSTOPEYENAS	-2	VII Eye	-0.003001	-0.03266	0.126632650933366	71.21	1032	registry
H7_PRESBYOPIA	-0.744727494896694	VII Eye	0.03004	0.00976	0.24137631957527	53.91	1167	registry
H7_PROLIFRETINOPATHOTH	-1.69897000433602	VII Eye	-0.004814	-0.01187	0.308219723669329	57.82	1113	registry
H7_PTERYGIUM	-0.823908740944319	VII Eye	-0.01296	-0.02087	-0.293700144777344	59.38	1071	registry
H7_PTOSIS	-0.481486060122113	VII Eye	0.026	-0.005903	-0.253602758798918	66.32	1285	registry
H7_PURENDOPHTHALMITIS	-1.52287874528034	VII Eye	-0.001906	0.02325	0.235072122179484	70.38	1145	registry
H7_REFRAACCOMMODIS	0.264817823009536	VII Eye	-0.003281	-0.003689	0.0815799869924229	16.51	1134	registry
H7_RETARTOCCTRANS	-2	VII Eye	-0.002795	0.007744	0.186894418639089	69.25	1105	registry
H7_RETINAHAEMORR	-1.04575749056068	VII Eye	0.008604	0.003212	-0.0171461588349705	71.27	1083	registry
H7_RETINALBREAK	-0.275724130399211	VII Eye	-0.01294	-0.01445	-0.532730459154041	60.88	1321	registry
H7_RETINALDETACH	0.201397124320452	VII Eye	-0.01119	-0.004289	-0.0855578883616467	64.02	1404	registry
H7_RETINALDETACHBREAK	-0.259637310505756	VII Eye	-0.01844	-0.01574	-0.145603973858792	61.36	1364	registry
H7_RETINALDETACHOTH	-0.853871964321762	VII Eye	-0.01343	0.01263	0.0549615580739743	59.61	1155	registry
H7_RETINALDETACHTRACTION	-1.52287874528034	VII Eye	-0.006704	-0.000784	0.324616520244844	59.71	1086	registry
H7_RETINALDISOTH	0.535294120042771	VII Eye	0.0141	-0.01138	-0.0877389143080069	71.22	1281	registry
H7_RETINANAS	-0.920818753952375	VII Eye	0.01348	0.001716	-0.0397808700118446	63.59	1113	registry
H7_RETINASEPAR	-0.795880017344075	VII Eye	0.02606	-0.01062	-0.32989392126109	49.96	1110	registry
H7_RETINAVASC	-0.2518119729938	VII Eye	0.02764	0.0184	0.0610950993598108	71.58	1094	registry
H7_RETINOCHISISCYST	-1.09691001300806	VII Eye	-0.01692	-0.00493	-0.39452516806983	62.82	1005	registry
H7_RETINODISINOTH	-2	VII Eye	0.01125	-0.02062	0.887891257352457	73.4	1071	registry
H7_RETIVASCOCCLUSION	-0.283996656365201	VII Eye	0.02428	0.02078	0.000999500333083423	72.34	1093	registry
H7_SCLERACORNEA	0.507855871695831	VII Eye	0.007508	-0.01571	-0.0539283420255556	46.12	1183	registry
H7_SCLERITIS	-1.39794000867204	VII Eye	0.01353	0.0177	-0.101479168949854	51.11	1106	registry
H7_SEVVISIMPBINOC	-1.69897000433602	VII Eye	-0.006017	-0.007622	0.246860077931526	74.74	1065	registry
H7_SEVVISIMPMONOC	-1.39794000867204	VII Eye	-0.00442	0.001163	0.212689093410351	50.93	1003	registry
H7_STENOLACRI	-0.292429823902064	VII Eye	0.007099	0.01647	-0.221270306932529	53.81	1211	registry
H7_STRABNAS	-1.22184874961636	VII Eye	-0.0103	0.0019	-0.0403012967735257	9.45	1052	registry
H7_STRABOTH	0.238046103128795	VII Eye	0.007784	0.003508	0.142367241286922	7.68	1145	registry
H7_VASCCILIARY	-1.04575749056068	VII Eye	-0.009745	-0.01643	0.277631736598279	60.6	1100	registry
H7_VERTISTRAB	-0.853871964321762	VII Eye	-0.007351	-0.01343	-0.138687519773893	28.68	1139	registry
H7_VISDISTNAS	-0.508638306165727	VII Eye	0.001674	-0.01536	-0.0555127099302588	57.71	1109	registry
H7_VISFIELDDEF	-0.481486060122113	VII Eye	-0.004923	-0.01203	0.334327080274825	61.46	1042	registry
H7_VISIMPBILATERAL	-1.52287874528034	VII Eye	0.02315	0.003922	0.510725618765657	62.61	1190	registry
H7_VISUDISTURB	0.3654879848909	VII Eye	0.02119	0.0007111	0.0921232888758059	50.72	1135	registry
H7_VISUDISTURBSUB	-0.0362121726544447	VII Eye	0.02979	0.00171	-0.275753501586507	55.19	1219	registry
H7_VITRBODYGLOBE	0.28330122870355	VII Eye	-0.01503	-0.02128	-0.20334092401803	63.96	1368	registry
H7_VITRCRYSTAL	-1.52287874528034	VII Eye	-0.003196	0.003295	-0.154900961217962	71.12	1206	registry
H7_VITROPACIT	-0.886056647693163	VII Eye	-0.003706	-0.02556	-0.233193887167711	62.97	1068	registry
H7_VITROTH	0.190331698170292	VII Eye	-0.01582	-0.01774	-0.525939261576039	63.92	1335	registry
H7_XANTHELASMA	-1.39794000867204	VII Eye	0.002142	0.01189	-0.0882849148675717	53.93	1022	registry
H8_BPV	0.113943352306837	VIII Ear	0.01766	-0.008179	-0.295714244149045	63.55	1227	registry
H8_CERUMEN	-0.397940008672038	VIII Ear	0.01207	-0.008757	0.0939456128425279	60.28	1059	registry
H8_CHOLEASTOMA	-0.602059991327962	VIII Ear	0.01402	0.000587	-0.0774211469685849	46.07	1218	registry
H8_CHRON_SUPOTITIS	-0.292429823902064	VIII Ear	0.004207	0.01666	-0.0222456089473197	11.18	1152	registry
H8_EUSTNAS	-1.04575749056068	VIII Ear	-0.01663	0.006171	0.0577970987262166	48.24	1076	registry
H8_EUSTSALP	-0.346787486224656	VIII Ear	0.02109	0.002722	-0.304489190768162	5.11	1189	registry
H8_EXTDISINOTH	-1	VIII Ear	0.00183	0.01156	0.300474894250533	57.4	1157	registry
H8_EXTDISNAS	-0.853871964321762	VIII Ear	0.003829	0.007368	-0.149660774554406	54.74	1096	registry
H8_EXTERNAL	0.235528446907549	VIII Ear	0.03235	0.007554	0.0676586484738149	47.12	1188	registry
H8_EXTOTITIS	0.0492180226701817	VIII Ear	0.03584	0.005227	0.149281702715754	42.31	1168	registry
H8_EXT_ABSC	-1.15490195998574	VIII Ear	0.02892	-0.0005176	0.273456365187799	34.04	1066	registry
H8_EXT_CELLUL	-1.30102999566398	VIII Ear	-0.002033	0.02532	0.282543894595657	41.89	1214	registry
H8_EXT_CHOL	-1.52287874528034	VIII Ear	-0.01268	0.008872	0.127953364310461	64.36	1112	registry
H8_EXT_INFNAS	-0.638272163982407	VIII Ear	0.03784	-0.005517	0.167630841383951	46.95	1181	registry
H8_EXT_NAS	-0.267606240177031	VIII Ear	0.03163	0.009547	0.0934903430873388	36.52	1187	registry
H8_EXT_NONINF	-1.15490195998574	VIII Ear	0.01485	-0.001121	0.209450224182207	45.42	1177	registry
H8_EXT_OTH	-0.602059991327962	VIII Ear	0.01569	0.01015	0.0222506089348197	50.96	1175	registry
H8_HL_CON_NAS	-0.387216143280265	VIII Ear	-0.004566	0.007935	-0.221894331913778	47.02	1106	registry
H8_HL_DEAFMUT	-1.52287874528034	VIII Ear	0.003847	-0.001667	0.00598207167754747	43.9	1107	registry
H8_HL_IDIOP	-0.468521082957745	VIII Ear	0.00464	0.008918	-0.27377916728279	58.15	1108	registry
H8_HL_MIX_NAS	-0.283996656365201	VIII Ear	-0.004703	-0.001086	-0.116533816255952	62.97	1242	registry
H8_HL_NAS	-0.356547323513813	VIII Ear	-0.00892	-0.005917	-0.06720874969345	68.04	1056	registry
H8_HL_OTOTOX	-2	VIII Ear	-0.0122	-0.01056	0.228727929608111	66.06	1133	registry
H8_HL_PRESBY	-0.0268721464003014	VIII Ear	0.008762	0.001068	-0.233193887167711	80.01	1344	registry
H8_HL_SEN_NAS	0.676693609624867	VIII Ear	-0.005047	0.01783	-0.350976922824095	69.3	1400	registry
H8_INNERNAS	-1.69897000433602	VIII Ear	-0.02575	0.01336	-0.348140041488895	68.3	1098	registry
H8_MASTACU	-1.30102999566398	VIII Ear	0.009933	-0.002571	0.318453731118535	20.7	1157	registry
H8_MASTCHRON	-0.920818753952375	VIII Ear	0.0009405	0.002457	-0.0698861274641665	40.57	1081	registry
H8_MED_SUPP	0.801403710017355	VIII Ear	0.01328	0.02308	0.0440168854167743	2.29	1261	registry
H8_MENIERE	-0.387216143280265	VIII Ear	0.02094	0.01071	-0.379797361359587	57.15	1110	registry
H8_MIDDLEADDH	-1	VIII Ear	0.03911	0.0211	-0.0502412164367467	23.56	1146	registry
H8_MIDDLEMASTOID	0.968949680981343	VIII Ear	0.01112	0.01956	0.0339182182034606	2.63	1410	registry
H8_MYRINGACU	-1.30102999566398	VIII Ear	-0.02216	0.0296	0.210666029803097	11.72	1092	registry
H8_MYRINGCHRON	-1.69897000433602	VIII Ear	0.01056	-0.02688	-0.240162556483805	43.87	1195	registry
H8_NOISEINNER	-0.481486060122113	VIII Ear	-0.0003582	0.006114	-0.199060880798253	53.71	1173	registry
H8_NONSUPPNAS	0.547774705387823	VIII Ear	-0.004053	0.008722	0.220339623981475	2.64	1301	registry
H8_OTALGIA	-0.327902142064283	VIII Ear	0.02876	-0.003469	-0.178528758555258	20.62	1082	registry
H8_OTHEREAR	0.851869600729766	VIII Ear	-0.001541	0.02523	-0.275094956946309	65.71	1430	registry
H8_OTHHEARINGLOSS	0.217483944213906	VIII Ear	0.01533	0.00511	-0.186932169351638	74.93	1294	registry
H8_OTIMEDNAS	0.326335860928751	VIII Ear	0.02053	-0.001992	0.232301489098975	2.63	1161	registry
H8_OTORRHAGIA	-1.52287874528034	VIII Ear	-0.01998	0.005914	0.54898808486034	56.8	1116	registry
H8_OTORRHOEA	-1.69897000433602	VIII Ear	-0.001579	0.007863	0.220740666697899	14.43	1070	registry
H8_OTOSCLE	-0.481486060122113	VIII Ear	-0.02243	-0.001273	-0.387134151423441	46.35	1438	registry
H8_PERCHRONDR	-1.15490195998574	VIII Ear	-0.0033	-0.003394	0.124427578375052	49.13	1116	registry
H8_PERFORATION	-0.259637310505756	VIII Ear	0.002659	0.00517	0.0276151670329734	38.96	1215	registry
H8_PERIPHVERTIGO	-0.468521082957745	VIII Ear	0.009747	-0.01179	-0.324346056823372	59.92	1010	registry
H8_POSTMASTCHOLEASTOMA	-2	VIII Ear	0.02374	0.02729	-0.132389188045746	55.47	1036	registry
H8_POSTMASTNAS	-1.69897000433602	VIII Ear	0.004111	-0.004628	0.0261549574768512	65.04	1073	registry
H8_POSTOP	-1.39794000867204	VIII Ear	0.03424	0.01729	-0.0232686269393543	61.03	1055	registry
H8_POSTOPNAS	-2	VIII Ear	0.0157	-0.00239	-0.0752624845005469	64.74	1017	registry
H8_STENOEXTCAN	-1.52287874528034	VIII Ear	0.00312	0.007357	-0.2484613592985	57.68	1117	registry
H8_SUP_ACUTE	0.64738297011462	VIII Ear	0.01918	0.02009	0.27421682149821	2.08	1173	registry
H8_SUP_OTINAS	-0.698970004336019	VIII Ear	0.02203	0.003255	0.0521179542621066	5.39	1091	registry
H8_TINNITUS	-0.0655015487564323	VIII Ear	-0.01996	0.004901	-0.480458087149594	55.32	1294	registry
H8_VERTIGO	0.363611979892144	VIII Ear	0.01379	-0.007402	-0.27641248019355	60.65	1256	registry
H8_VERTIGOCENT	-1.15490195998574	VIII Ear	0.009954	-0.001366	0.0993927438780348	70.36	1039	registry
H8_VESTIBNEUR	-0.468521082957745	VIII Ear	-0.0009551	0.0005133	-0.484508315448617	55	1110	registry
H8_VESTIFUNCNAS	-0.795880017344075	VIII Ear	-0.0001397	-0.004216	-0.0613436302410519	64.51	1083	registry
HAEMOPHIL_SEPTICHE	-2	Other (non-ICD endpoint)	-0.01703	-0.001554	1.13751243762567	61.69	1056	registry
HERING_BILATERAL	-0.136677139879544	Other (non-ICD endpoint)	0.015	-0.01042	-0.0502412164367468	60	1232	registry
HERING_UNILATERAL	-0.886056647693163	Other (non-ICD endpoint)	-0.004558	0.01566	-0.0523464803722091	64.81	1136	registry
HYPOTE_DRUGS	-1.22184874961636	Other (non-ICD endpoint)	0.00532	0.00218	0.70408712059828	77.94	1052	registry
HYPOTHY_REIMB	0.416640507338281	Other (non-ICD endpoint)	0.01113	-0.00172	-0.124996490174685	51.91	1456	registry
I9_ABAORTANEUR	-0.167491087293764	IX Circulatory	0.0116	-0.01366	0.579698488052366	73.15	1452	registry
I9_AF	0.926342446625655	IX Circulatory	0.02689	-0.003199	0.147126064890294	72.95	1734	registry
I9_AF_REIMB	0.580924975675619	IX Circulatory	0.02978	-0.003574	0.0483138602785507	73.73	1753	registry
I9_ANEURYSM	-0.602059991327962	IX Circulatory	0.004337	-0.002206	0.556467981644692	59.51	1214	registry
I9_ANGINA	0.786041210242554	IX Circulatory	0.02928	0.009679	-0.0325231917055601	66.2	1619	registry
I9_ANGIO	0.294466226161593	IX Circulatory	0.03045	0.008513	0.133656384812674	66.86	1661	registry
I9_AORTANEUR	0.0755469613925307	IX Circulatory	0.01797	-0.02629	0.532978428407124	70.61	1408	registry
I9_AORTDIS	-0.795880017344075	IX Circulatory	-0.01247	-0.02736	0.477165422273355	69.07	1193	registry
I9_ARTEMBTHRLOW	-0.657577319177794	IX Circulatory	0.02892	0.005995	0.922272803551703	75.44	1140	registry
I9_ARTEMBTHRNAS	-0.744727494896694	IX Circulatory	-0.00544	-0.02177	0.649717622632609	69.83	1015	registry
I9_ARTOTH	-0.397940008672038	IX Circulatory	0.01654	-0.002049	0.555607766537884	60.56	1097	registry
I9_ATHSCLE	0.445604203273598	IX Circulatory	0.0491	0.01754	0.613562701217103	72.94	1652	registry
I9_AVBLOCK	-0.0757207139381184	IX Circulatory	-0.008285	-0.008344	0.20660758267411	75.9	1337	registry
I9_CABG	0.198657086954423	IX Circulatory	0.03424	0.0009494	-0.028399474521698	66.57	1579	registry
I9_CARDARR	-0.259637310505756	IX Circulatory	0.01272	0.01159	0.966032823768969	68.1	1092	registry
I9_CARDMSEC	-1	IX Circulatory	-0.007646	-0.01683	1.81319474994812	56.51	1062	registry
I9_CARDMYO	0.00860017176191757	IX Circulatory	-0.02548	-0.01542	0.777947782252411	61.32	1402	registry
I9_CARDMYOHYP	-1.15490195998574	IX Circulatory	-0.003348	-0.02645	0.634193037716275	59.89	1088	registry
I9_CARDMYOINOTH	-1.69897000433602	IX Circulatory	-0.01774	0.01747	0.917490012449637	75.24	1076	registry
I9_CARDMYOOTH	-0.455931955649724	IX Circulatory	-0.01448	0.001297	0.919086819176156	60.5	1188	registry
I9_CARDMYORESTR	-2	IX Circulatory	-0.01033	-0.01892	1.08906687582458	68.55	1163	registry
I9_CAVS_OPERATED	0.139879086401236	IX Circulatory	0.02749	-0.0039	0.343589704390077	75.89	1561	registry
I9_CEREBAMY	-2	IX Circulatory	-0.0037	-0.002606	1.08468238313461	74.51	1240	registry
I9_CEREBATHER	-0.721246399047171	IX Circulatory	0.01233	-0.001897	0.635253202141043	76.04	1039	registry
I9_CEREBDOTH	-0.309803919971486	IX Circulatory	0.02379	0.005531	0.358024033508028	72.53	1099	registry
I9_CHD	1.03181227133037	IX Circulatory	0.02162	0.006307	0.159990736308941	69.86	1696	registry
I9_CONDUCTIO	0.161368002234975	IX Circulatory	-0.003108	0.002701	0.243338258599729	72.64	1297	registry
I9_CORATHER	0.969415912353981	IX Circulatory	0.02028	0.01751	0.133656384812674	72.88	1686	registry
I9_CVD_HARD	1.17347764345299	IX Circulatory	0.0379	0.00742	0.049742091894814	70.01	1569	registry
I9_DISCER	-1.69897000433602	IX Circulatory	-0.01522	0.0003197	0.251536625815428	52.52	1038	registry
I9_DISVEINLYMPH	0.975431808509263	IX Circulatory	0.02742	0.0007832	0.269645384965629	50.16	1738	registry
I9_ENDOCARD	-0.769551078621726	IX Circulatory	-0.006794	-0.01871	0.865207941644839	63.81	1131	registry
I9_E_DRONE	-1.22184874961636	IX Circulatory	0.006506	0.008832	-0.309246250367622	67.74	1190	registry
I9_HEARTFAIL	0.83695673705955	IX Circulatory	0.02135	-0.01068	0.39068982252601	73.72	1439	registry
I9_HEARTFAIL_AND_CHD	0.507855871695831	IX Circulatory	0.004565	-0.003505	0.35697489894773	73.67	1505	registry
I9_HEARTFAIL_AND_HYPERTCARDIOM	-1.22184874961636	IX Circulatory	-0.01295	-0.01032	0.693147180559945	64.57	1118	registry
I9_HYPERTENC	-2	IX Circulatory	-0.004313	-0.006759	0.448205261784323	67.18	1108	registry
I9_HYPERTROCARDMYOP	-0.853871964321762	IX Circulatory	0.0005924	-0.02082	0.782759339249633	62.13	1191	registry
I9_HYPOTE	-0.0705810742857073	IX Circulatory	-0.0005108	-0.001128	0.71515326082256	78.05	1141	registry
I9_HYPTENS	1.3014640731433	IX Circulatory	0.005439	0.004575	-0.161343150408763	59.25	1998	registry
I9_HYPTENSEC	-0.494850021680094	IX Circulatory	0.03131	-0.008303	0.761039446602864	60.62	1201	registry
I9_HYPTENSESS	1.20978301484852	IX Circulatory	0.004548	0.007827	-0.363843433417345	67.73	1932	registry
I9_HYPTENSHD	0.328379603438738	IX Circulatory	0.02643	0.0003549	0.377751269540649	71.15	1496	registry
I9_HYPTENSPOR	-2	IX Circulatory	-0.004499	0.01868	2.0419343595933	58.88	1060	registry
I9_HYPTENSPUL	-1.39794000867204	IX Circulatory	-0.01845	0.004281	1.39053535537715	65.26	1088	registry
I9_HYPTENSRD	-0.698970004336019	IX Circulatory	-0.005345	0.0134	0.853776826484913	70.24	1192	registry
I9_ICH	0.0453229787866575	IX Circulatory	0.01997	0.005324	0.736685482574429	70.68	1226	registry
I9_IHD	1.16405529189345	IX Circulatory	0.02542	0.01277	-0.0115666363714655	67.45	1685	registry
I9_INTRACRA	0.225309281725863	IX Circulatory	0.0162	-0.0006548	0.633927820899974	66.34	1196	registry
I9_LBBB	-0.619788758288394	IX Circulatory	0.006929	0.02605	0.170586300575534	69.91	1145	registry
I9_LYMPHADE	-0.508638306165727	IX Circulatory	0.03338	-0.006175	0.326061085320896	18.15	1127	registry
I9_LYMPHOTH	-0.853871964321762	IX Circulatory	0.02054	-0.01091	0.666803205220343	56.39	1091	registry
I9_MI_COMPLICATIONS	-1.22184874961636	IX Circulatory	0.003174	0.01614	0.776798753055556	74.1	1009	registry
I9_MI_STRICT	0.840106094456758	IX Circulatory	0.03125	-0.0002279	0.227932068046007	69.65	1598	registry
I9_MYOCARD	-0.552841968657781	IX Circulatory	-0.005475	-0.0007428	0.322083499169113	39.71	1136	registry
I9_NONISCHCARDMYOP	0.390935107103379	IX Circulatory	0.02134	-0.01121	0.368109321564396	74.13	1393	registry
I9_NONISCHCARDMYOP_STRICT	-0.568636235841013	IX Circulatory	-0.01177	0.01137	0.795703768885037	59.56	1351	registry
I9_OTHANEUR	-0.677780705266081	IX Circulatory	0.01048	0.006707	0.654925967739748	68.81	1016	registry
I9_OTHARR	0.621176281775035	IX Circulatory	0.012	0.004448	-0.152568598644607	62.35	1467	registry
I9_OTHILLHEART	-0.301029995663981	IX Circulatory	0.00705	0.005235	0.717595860962255	58.86	1094	registry
I9_OTHINTRACRA	-0.795880017344075	IX Circulatory	-0.0105	-0.00443	0.50289425343971	74.17	1130	registry
I9_OTHOTH	-0.920818753952375	IX Circulatory	0.01738	-0.009205	0.451075619360217	62.77	1115	registry
I9_OTHPER	-0.494850021680094	IX Circulatory	0.01756	-0.01595	0.497436386646975	50.54	1180	registry
I9_PAROXTAC	0.130333768495006	IX Circulatory	-0.001918	0.00253	0.215111379616945	58.85	1280	registry
I9_PERICAOTH	-0.823908740944319	IX Circulatory	0.013	0.01486	0.792766245588657	65.75	1131	registry
I9_PERICARD	-0.769551078621726	IX Circulatory	-0.0192	-0.01205	0.566165718799155	52.56	1100	registry
I9_PHLETHROM	0.0211892990699381	IX Circulatory	0.02507	0.004463	0.310054923303506	61.9	1356	registry
I9_PHLETHROMBDVTLOW	0.0293837776852097	IX Circulatory	0.02207	0.002808	0.404130885095028	64.23	1347	registry
I9_POSTAMI	0.243038048686294	IX Circulatory	0.01007	0.01624	0.572673027092071	63.64	1489	registry
I9_PROGVASC	-0.920818753952375	IX Circulatory	-0.005195	0.01133	0.555320863652542	80.45	1180	registry
I9_PULMEMB	0.238046103128795	IX Circulatory	0.01184	0.00544	0.695145183222618	70.01	1377	registry
I9_PVT	-1.30102999566398	IX Circulatory	0.01667	0.02411	1.22759166992457	62.2	1058	registry
I9_RBBB	-0.853871964321762	IX Circulatory	0.01531	-0.01167	0.27801045275505	68.95	1145	registry
I9_REVASC	0.513217600067939	IX Circulatory	0.03109	0.007664	-0.119910296672558	66.55	1670	registry
I9_RHEUFEV	-0.537602002101044	IX Circulatory	0.006946	-0.0004114	0.320995951481714	61.81	986	registry
I9_RHEUFEVHRT	-1.52287874528034	IX Circulatory	0.01653	-0.002798	0.483968169596108	45.88	1039	registry
I9_RHEUFEVWITHOUTHEART	-1.69897000433602	IX Circulatory	0.01204	-0.0148	0.529156580450714	36.5	1074	registry
I9_RHEUVALV	-0.619788758288394	IX Circulatory	-0.004838	0.0004432	0.60103189165214	64.36	1070	registry
I9_SAH	-0.167491087293764	IX Circulatory	-0.000758	0.01192	0.688385863458235	56.9	1269	registry
I9_SAHANEUR	-0.0604807473813815	IX Circulatory	-0.0003442	0.001744	0.521765563804325	57.71	1273	registry
I9_SECONDRIGHT	-0.698970004336019	IX Circulatory	-0.01242	-0.01449	1.3326298365342	70.65	1112	registry
I9_SEQULAE	0.418301291319746	IX Circulatory	0.01228	0.005478	0.59691157267912	75.31	1307	registry
I9_STENOSIS	-1	IX Circulatory	0.02475	-0.01172	0.452030577255485	67.81	1124	registry
I9_STR	0.791690649020118	IX Circulatory	0.03054	0.01079	0.440832251945456	72.64	1336	registry
I9_STR_EMBOLIC	-0.397940008672038	IX Circulatory	0.03308	-0.006199	0.493781189156732	72.78	1102	registry
I9_STR_EMBOLIC_WITH_FLIMMER	-0.619788758288394	IX Circulatory	0.03234	0.005813	0.614103973219493	74.92	1189	registry
I9_THAORTANEUR	-0.366531544420413	IX Circulatory	8.948e-05	-0.01503	0.368455282474264	68.7	1298	registry
I9_THROMBANG	-1.69897000433602	IX Circulatory	0.02243	0.005663	0.612208238054593	52.8	1147	registry
I9_THROMBICV	-1.52287874528034	IX Circulatory	0.002851	-0.0247	0.823078350151976	47.77	1041	registry
I9_THROMBOTH	-0.187086643357144	IX Circulatory	0.03873	-0.01897	0.510425543744651	61.87	1336	registry
I9_TIA	0.514547752660286	IX Circulatory	0.02648	-0.004284	0.0690595359314946	70.63	1311	registry
I9_UAP	0.311753861055754	IX Circulatory	0.04977	0.01379	0.116448812643247	69.69	1455	registry
I9_VARICVE	0.821513528404773	IX Circulatory	0.01421	0.006232	0.146262506978252	47.94	1768	registry
I9_VARICVEOES	-0.602059991327962	IX Circulatory	0.02001	-0.00892	1.93701354854756	59.23	1117	registry
I9_VARICVESOTH	-0.397940008672038	IX Circulatory	0.002606	-0.00499	0.0998453349697161	32.04	1145	registry
I9_VASCINT	-0.657577319177794	IX Circulatory	0.02044	-0.004704	0.752594639203365	75.47	1139	registry
I9_VASCSYND	-0.638272163982407	IX Circulatory	0.0182	0.0006312	0.474991170756775	72.14	1094	registry
I9_VEINSOTH	0.238046103128795	IX Circulatory	0.005319	-0.01076	0.0339182182034606	58.91	1589	registry
I9_VHD	0.482873583608754	IX Circulatory	0.02072	-0.02126	0.16593807754343	71.71	1450	registry
I9_VTE	0.549003262025788	IX Circulatory	0.0402	0.000791	0.525911261184032	65.14	1536	registry
ILD_ENDPOINTS	-0.267606240177031	Other (non-ICD endpoint)	-0.0142	0.001694	0.991027077988172	71.02	1310	registry
ILD_INSUFFICIENCY	-1.04575749056068	Other (non-ICD endpoint)	-0.006656	-0.02154	1.9047904911901	74.06	1212	registry
INCREASEDMUSCLETONE	-1.39794000867204	Other (non-ICD endpoint)	0.02767	-8.888e-05	0.297137231222536	25.36	1057	registry
INFLUENZA	0.0934216851622351	Other (non-ICD endpoint)	0.0107	0.005647	0.328584063772207	31.37	1186	registry
INV_VENT	-0.431798275933005	Other (non-ICD endpoint)	0.007119	0.01098	1.36813039049222	59.98	1186	registry
IPF	-0.568636235841013	Other (non-ICD endpoint)	0.03193	-0.001076	1.02406832404759	74.28	1310	registry
J10_ABSCLUNGPNEUMO	-1.09691001300806	X Respiratory	0.002167	0.006159	1.30900826715982	60.33	1066	registry
J10_ACUTELOWERNAS	0.0128372247051722	X Respiratory	0.01351	0.007922	0.947401726899208	33.27	1137	registry
J10_ACUTEUPPERINFEC	1.0111473607758	X Respiratory	0.01364	0.03838	0.352064331381049	19.92	1252	registry
J10_ARDS	-1.15490195998574	X Respiratory	0.006203	0.008049	1.3229551205578	64.11	1089	registry
J10_ASBESTPNEUMOC	-0.823908740944319	X Respiratory	0.01975	-0.003027	0.51581316527703	71.18	1033	registry
J10_ASTHMACOPDKELA	0.7664128471124	X Respiratory	0.02676	0.0135	0.169742774587095	51.19	1739	registry
J10_ASTHMA_EXMORE	0.888179493918325	X Respiratory	0.03075	0.01626	0.0916671885258239	37.27	1687	registry
J10_ASTHMA_MAIN_EXMORE	0.809559714635268	X Respiratory	0.02698	0.01078	0.113328685307003	31.14	1665	registry
J10_BRONCH	-0.193820026016113	X Respiratory	-0.0009597	0.01567	0.557041047562954	42.04	1161	registry
J10_BRONCHIECTASIS	-0.552841968657781	X Respiratory	0.01682	0.01624	0.404464607774581	64.04	1064	registry
J10_BRONCHIOLITIS	0.267171728403014	X Respiratory	-0.01569	0.01828	0.643694296840415	1.09	1176	registry
J10_BRONCHITIS	0.515873843711679	X Respiratory	0.03376	0.01478	0.624332864559586	60.13	1225	registry
J10_BRONCHNAS	-0.552841968657781	X Respiratory	-0.003598	0.005257	0.58945194422118	61.97	1051	registry
J10_CHEMGASRESP	-1.30102999566398	X Respiratory	-0.000633	-0.005632	0.603495958607299	46.7	1029	registry
J10_CHRONLARYNGITIS	-0.356547323513813	X Respiratory	0.01669	0.01748	0.332894415273329	53.46	1068	registry
J10_CHRONRHINITIS	0.133538908370218	X Respiratory	0.02277	-0.002358	-0.236988958136263	44.12	1303	registry
J10_CHRONSINUSITIS	0.326335860928751	X Respiratory	0.03141	-0.01132	-0.147340587898709	41.12	1503	registry
J10_CHRONTONSADEN	0.958563883221967	X Respiratory	0.03759	0.0094	-0.279713902802604	9.36	1673	registry
J10_COLD	0.0606978403536117	X Respiratory	0.004802	0.01386	0.0478373294141601	20.93	1016	registry
J10_COPD	0.518513939877887	X Respiratory	0.04608	0.04838	0.802898044519064	67.64	1667	registry
J10_EMPHYSEMA	-0.356547323513813	X Respiratory	0.02682	0.01787	1.01992976663364	68.18	1283	registry
J10_EPIGLOTTITIS	-1.15490195998574	X Respiratory	0.02123	0.008216	0.169742774587095	41.89	1104	registry
J10_EXTERLUNG	-0.0222763947111523	X Respiratory	0.01889	-0.004085	1.09994473390189	69.66	1167	registry
J10_HYPERSPNEUMONI	-1.09691001300806	X Respiratory	0.01419	-0.002358	0.370528538227268	52.93	1071	registry
J10_INFLUENZA	0.255272505103306	X Respiratory	0.01385	0.0228	0.492254238180555	36.68	1249	registry
J10_INFLUPNEU	1.15259407792747	X Respiratory	0.0462	0.02714	0.312252726385986	64.9	1272	registry
J10_INORGPNEUMOC	-1.52287874528034	X Respiratory	0.01066	-0.008656	0.720275847948198	72.58	992	registry
J10_LARYNGITIS	0.285557309007774	X Respiratory	0.005582	0.03242	0.265052954391419	2.45	1219	registry
J10_LOWCHRON	1.06107532362979	X Respiratory	0.02955	0.01695	0.322807874427155	48.06	1732	registry
J10_LOWERINF	0.756636108245848	X Respiratory	0.02926	0.02051	0.60568115477867	31.86	1264	registry
J10_NASALPOLYP	-0.0457574905606751	X Respiratory	0.006192	-0.01917	-0.43773006869544	50.67	1487	registry
J10_NECROTIC	-0.537602002101044	X Respiratory	0.006476	-0.007511	1.1808065262941	60.87	992	registry
J10_PERITONSABSC	0.176091259055681	X Respiratory	0.02062	0.01144	-0.0397808700118446	23.44	1446	registry
J10_PHARYNGITIS	0.110589710299249	X Respiratory	0.009555	0.02341	0.311520661931623	19.66	1167	registry
J10_PLEURA	0.389166084364533	X Respiratory	0.01439	0.00968	1.03584996693179	67.95	1078	registry
J10_PLEUREFFUSION	-0.148741651280925	X Respiratory	0.007427	-0.01169	1.18951884735579	69.96	1178	registry
J10_PLEUROTH	-0.275724130399211	X Respiratory	0.002338	0.008548	1.14660848693637	67.99	1087	registry
J10_PLEURPLAGUE	-0.327902142064283	X Respiratory	-0.005117	0.03143	0.0295588022415444	70.41	1196	registry
J10_PNEUMOBACT	0.54282542695918	X Respiratory	0.04385	-0.008788	0.788684607269009	67.06	1172	registry
J10_PNEUMOHAEM	-1.69897000433602	X Respiratory	0.01247	-0.00253	0.950112280349666	50.62	1034	registry
J10_PNEUMONIA	1.11793383503964	X Respiratory	0.04572	0.026	0.355223891671418	66.85	1291	registry
J10_PNEUMONISOLLIQ	-0.214670164989233	X Respiratory	0.003589	-0.004125	1.46775913410216	73.64	1219	registry
J10_PNEUMONONBACT	-0.853871964321762	X Respiratory	0.005682	0.01013	1.06073733623918	55.32	1171	registry
J10_PNEUMOPNEUMO	-0.568636235841013	X Respiratory	0.01803	-0.02966	0.927032828406057	50.75	1196	registry
J10_PNEUMOTHORAX	-0.42021640338319	X Respiratory	0.002	-0.005682	0.993992239538007	50.37	1163	registry
J10_PULMEOS	-1.30102999566398	X Respiratory	0.001154	-0.001242	0.470628434014578	59.21	1103	registry
J10_PULMOEDEMA	-0.886056647693163	X Respiratory	-0.002094	0.02133	1.26327891022334	77.49	1139	registry
J10_PYOTHORAX	-0.657577319177794	X Respiratory	0.007005	-0.008094	1.21935390636424	60.81	959	registry
J10_RESPCONDEXT	-1.15490195998574	X Respiratory	0.01292	0.021	1.13815346328864	69.92	1113	registry
J10_RESPOTHER	0.0413926851582251	X Respiratory	0.02809	0.00374	1.27689793434049	66.75	1099	registry
J10_SEPTDEV	0.267171728403014	X Respiratory	0.01296	-0.01813	-0.283026260915587	39.81	1405	registry
J10_SIMPLBRONCH	-0.537602002101044	X Respiratory	0.01234	0.02432	0.542905517229402	59.51	1113	registry
J10_SINUSITIS	0.537819095073274	X Respiratory	0.03713	0.0171	0.231111720963387	28.88	1333	registry
J10_TONSILLECTOMY	0.720159303405957	X Respiratory	0.03631	0.0008149	-0.0904719031640757	7.52	1528	registry
J10_TONSILLITIS	0.53655844257153	X Respiratory	0.02689	0.03174	0.0667236320429081	19.3	1320	registry
J10_UPPERDIS	1.23223352111473	X Respiratory	0.03676	0.002333	-0.172569265351276	19.5	1589	registry
J10_UPPERINFEC	1.25188145455253	X Respiratory	0.03155	0.04583	0.371908324579322	20.3	1378	registry
J10_VIRALPNEUMO	-0.173925197299174	X Respiratory	0.0004892	0.01748	0.795929375202971	49.11	1052	registry
J10_VOCALLARYNX	0.414973347970818	X Respiratory	0.04946	0.004379	-0.0481403753279349	44.55	1393	registry
JOINTPAIN	0.588831725594207	Other (non-ICD endpoint)	0.06377	0.03838	-0.210103937806406	43.78	1511	registry
JUVEN_ARTHR	-0.552841968657781	Other (non-ICD endpoint)	-0.03119	0.01158	0.788002711572624	11.91	1193	registry
K11_ABRASION	0.0293837776852097	XI Digestive	-0.01772	-0.01135	-0.75821917730366	56.92	1188	registry
K11_ABSCANAL	-0.309803919971486	XI Digestive	0.01237	-0.01668	0.691896398658293	40.85	1196	registry
K11_ACHAL	-1.15490195998574	XI Digestive	-0.003762	0.002139	0.292296410002526	56.29	1080	registry
K11_ACUTGASTR	-0.387216143280265	XI Digestive	0.02245	0.01353	0.480263318183351	59	1164	registry
K11_ACUTPANC	0.0755469613925307	XI Digestive	-0.005896	0.04719	0.465619030927912	54.14	1273	registry
K11_ADHE	-0.455931955649724	XI Digestive	0.01412	-0.01086	0.455207200002978	66.03	1111	registry
K11_ALCGASTR	-0.744727494896694	XI Digestive	0.01644	0.02041	1.40719932179979	45.44	1066	registry
K11_ALCOLIV	0.0791812460476248	XI Digestive	0.03029	0.01237	2.03293938302836	55.72	1192	registry
K11_ANOMALI_DENTAL_ARCH_RELATIONS1	0.68304703823885	XI Digestive	-0.01019	-0.006758	-0.404965233066513	10.43	1122	registry
K11_APHTA_RECUR_INCLAVO	-0.200659450546418	XI Digestive	-0.007626	0.01657	0.320270262044932	43.25	1119	registry
K11_APPENDACUT	0.677606952720493	XI Digestive	0.01246	0.01507	-0.17138161675562	29.24	1317	registry
K11_APPENDECTOMY	0.482873583608754	XI Digestive	0.01637	0.02906	-0.0227569871226162	36.22	1247	registry
K11_APPENDOTH	-0.366531544420413	XI Digestive	0.02326	7.849e-05	0.0554347068881005	26.65	1077	registry
K11_ATTRITION	0.2405492482826	XI Digestive	-0.002338	0.002757	-0.5525160508202	49.42	1277	registry
K11_BARRET	-0.853871964321762	XI Digestive	0.01652	0.009061	0.272695330143457	66.17	1204	registry
K11_BILIAOTH	-0.387216143280265	XI Digestive	0.0048	0.000449	1.1527847675565	64.78	1023	registry
K11_CD_STRICT2	-0.744727494896694	XI Digestive	-0.02015	0.01133	0.1016536537265	35.44	1303	registry
K11_CHOLANGI	-0.602059991327962	XI Digestive	0.009714	-0.01033	0.695145183222618	69.88	1222	registry
K11_CHOLANGI_STRICT	-1.39794000867204	XI Digestive	0.01338	-0.01394	0.801328713404473	52.12	1187	registry
K11_CHOLECYST	-0.0604807473813815	XI Digestive	-0.02262	0.01781	0.230714816810528	65.72	1239	registry
K11_CHOLECYSTECTOMY	0.541579243946581	XI Digestive	-0.0266	0.01709	-0.194799078305067	56.91	1538	registry
K11_CHOLELITH	0.848804701051804	XI Digestive	-0.01431	0.02521	-0.0202027073175195	56.1	1647	registry
K11_CHRONGASTR	0.133538908370218	XI Digestive	0.005883	-0.006012	0.0953101798043249	65.45	1154	registry
K11_CHRONHEP	-0.920818753952375	XI Digestive	-0.01057	-0.008441	1.01014530734578	55.74	1188	registry
K11_CHRONPANC	-0.161150909262745	XI Digestive	-0.005079	0.02417	1.24300119129341	53.49	1238	registry
K11_COELIAC	-0.200659450546418	XI Digestive	-0.02387	-0.009643	0.0334347760862374	43.74	1286	registry
K11_CONSTIPATION	0.826722520168992	XI Digestive	-0.01362	0.001673	0.209044626934708	66.5	1354	registry
K11_CROSSBITE	0.181843587944773	XI Digestive	0.001744	0.009103	-0.52932909533055	9.39	1148	registry
K11_CROWDI_TEETH	0.439332693830263	XI Digestive	-0.02946	0.01107	-0.233193887167711	10.29	1108	registry
K11_DEEP_BITE	0.374748346010104	XI Digestive	-0.01381	-3.866e-05	-0.436182080770225	10.81	1240	registry
K11_DENTOFACIAL_ANOMALIES	0.201397124320452	XI Digestive	-0.0007577	-0.01346	-0.0910193983871686	33.37	1212	registry
K11_DIAHER	0.178976947293169	XI Digestive	0.01691	0.007028	0.0601539228197471	62.99	1442	registry
K11_DISLIVOTH	-0.154901959985743	XI Digestive	0.006961	0.02392	0.735248356578581	54.21	1316	registry
K11_DISOESINOTH	-1.22184874961636	XI Digestive	0.00113	5.638e-05	0.932557704338027	68.9	1040	registry
K11_DIVERTIC	0.6414741105041	XI Digestive	0.02923	0.004106	-0.0899247075279871	67.39	1668	registry
K11_DULC	-0.10790539730952	XI Digestive	0.01765	0.008903	0.516708286924146	64.03	1187	registry
K11_EMBED_TEETH	-0.221848749616356	XI Digestive	-0.0163	0.00554	0.154436353304419	23.49	1205	registry
K11_EMBIMPACT_TEETH	0.326335860928751	XI Digestive	-0.0246	0.005902	0.160842525116831	23.84	1215	registry
K11_ENERCOLNONINF	0.462397997898956	XI Digestive	0.005534	0.004143	0.244121957699401	40.44	1473	registry
K11_EROSION_INCLAVO	-0.0969100130080564	XI Digestive	-0.03193	0.01854	-0.470003629245736	40.77	1240	registry
K11_ERUPTION	0.117271295655764	XI Digestive	-0.0291	0.007461	0.251925352739662	18.48	1168	registry
K11_FEMHER	-0.602059991327962	XI Digestive	-0.005283	0.0127	-0.0539283420255556	57.75	1173	registry
K11_FIBROCHIRLIV	-0.481486060122113	XI Digestive	0.006901	-0.006841	1.54372536906872	63.88	1107	registry
K11_FISTULA	0.0934216851622351	XI Digestive	0.01439	0.0006217	0.0511682865743994	43.59	1357	registry
K11_FUNCDYSP	0.113943352306837	XI Digestive	0.005085	-0.008057	-0.0497155922459329	54.73	1316	registry
K11_GALLBLAOTH	-0.638272163982407	XI Digestive	-0.007834	0.01057	0.293415604299541	53.44	1086	registry
K11_GASTRODUOULC	0.257678574869185	XI Digestive	0.04419	0.02297	0.517006482841072	65.99	1269	registry
K11_GINGIVITIS_PERIODONTAL	1.10838876948978	XI Digestive	0.04944	0.04289	-0.099268001658669	41.64	1156	case-count proxy
K11_GINGIV_HYPERPLAS	-1	XI Digestive	-0.01426	0.02705	0.448205261784323	51.96	1148	registry
K11_GJULC	-1.22184874961636	XI Digestive	0.006463	0.02895	0.682591666620429	63.1	1173	registry
K11_GULC	0.0453229787866575	XI Digestive	0.04253	0.01422	0.6024015672532	67.72	1214	registry
K11_HEPFAIL	-0.721246399047171	XI Digestive	0.0165	-0.02577	1.7739348843155	60.26	1208	registry
K11_HERING	0.937517892017347	XI Digestive	-0.01872	0.003498	-0.229413164327805	50.45	1660	registry
K11_HERNIA	1.02077548819356	XI Digestive	0.005817	0.01696	-0.155484902840395	53.07	1576	registry
K11_HYPERTROPHY_TONGUE_PAPILLAE	-1.39794000867204	XI Digestive	-0.02037	0.01448	0.151002873536527	55.06	1064	registry
K11_HYPO_ONLY	-0.259637310505756	XI Digestive	0.01388	-0.002177	-0.136392624905555	12.21	1139	registry
K11_IBD_STRICT	-0.0457574905606751	XI Digestive	-0.01957	-0.008951	-0.197232169529709	36.15	1528	registry
K11_IBS	0.14921911265538	XI Digestive	0.02318	0.0221	-0.0976128288670004	48.52	1264	registry
K11_ILEUS	0.190331698170292	XI Digestive	0.001689	0.005217	0.713929719742474	67.25	1141	registry
K11_IMPACT	-1.39794000867204	XI Digestive	-0.0182	-0.002483	0.469065689517759	66.5	1123	registry
K11_IMPACTED_TEETH	0.167317334748176	XI Digestive	-0.01196	0.00744	-0.0965109003808439	23.77	1221	registry
K11_INTESTOTH	1.09166695759568	XI Digestive	0.03341	0.0228	0.0829615207143473	57.28	1423	registry
K11_INTUSS	-1.04575749056068	XI Digestive	0.003106	0.01361	0.64788827415433	50.22	1052	registry
K11_LICHEN_PLANUS_WIDE	-0.119186407719209	XI Digestive	0.008036	0.01464	-0.334075112021492	59.19	1319	registry
K11_LIP_ORAL_MUCOSA	-0.207608310501746	XI Digestive	0.02455	0.002859	0.14583044821154	56.09	1162	registry
K11_LIVER	0.33645973384853	XI Digestive	0.01481	0.007505	1.20177038077074	55.75	1271	registry
K11_MAJOR_ANOMALI_JAW_SIZE	-0.721246399047171	XI Digestive	0.0204	0.009513	-0.252958636393395	16.68	1136	registry
K11_MALABSORB	-0.769551078621726	XI Digestive	0.009378	0.00728	0.70951253464621	43.35	1141	registry
K11_MISS_TEETH_ACCID_EXTR_PAROD	-0.443697499232713	XI Digestive	0.04602	0.02198	0.501683965848707	59.85	1164	registry
K11_MN_RETRGN	-0.113509274827518	XI Digestive	-0.01697	0.004142	-0.616186139423817	12.06	1232	registry
K11_OESITIS	-0.585026652029182	XI Digestive	0.006785	0.007606	0.537077994910056	59.68	1162	registry
K11_OESOBST	-0.823908740944319	XI Digestive	0.02854	0.03056	0.640010082146817	67.37	1083	registry
K11_OESSTODUO	0.941511432634403	XI Digestive	0.03074	0.01734	0.151862349309246	58.01	1329	registry
K11_OESULC	-0.494850021680094	XI Digestive	-0.004508	0.01851	0.397096858437648	63.5	1186	registry
K11_OPEN_BITE	-0.309803919971486	XI Digestive	-0.004875	-0.007464	-0.12897038129696	12.86	1142	registry
K11_ORAL	1.35812528527665	XI Digestive	0.02818	0.02823	-0.0888312137066157	40.11	1270	registry
K11_ORALCYST	-0.698970004336019	XI Digestive	-0.00508	0.0001695	0.0406619817188897	47.71	1088	registry
K11_ORAL_LEUCOPLACIA_INCLAVO	-1.09691001300806	XI Digestive	0.005527	-0.007549	-0.062407460128617	57.42	1123	registry
K11_ORAL_LEUCOPLAC_RELAT_INCLAVO	-0.585026652029182	XI Digestive	0.01446	0.007906	-0.0294288106908122	59.04	1093	registry
K11_OTHABDHER	-0.795880017344075	XI Digestive	-0.009168	-0.02078	0.157003748809665	59.82	1068	registry
K11_OTHANRECT	0.173186268412274	XI Digestive	0.02363	0.02066	0.27002713721306	62.86	1252	registry
K11_OTHAPPEND	-1.30102999566398	XI Digestive	0.0134	-0.01289	0.159138221338297	37.74	1016	registry
K11_OTHDIG	0.474216264076255	XI Digestive	0.0003916	0.01509	0.522951803563831	63.29	1110	registry
K11_OTHDISDIG	0.305351369446624	XI Digestive	0.006731	0.004687	0.646055573026095	68.64	1189	registry
K11_OTHDISOES	-0.283996656365201	XI Digestive	0.02448	0.009584	0.411778470164756	58.42	1146	registry
K11_OTHDISSTOMDUOD	-0.537602002101044	XI Digestive	-0.003622	-0.002874	0.615185639090233	59.13	1017	registry
K11_OTHENTERCOL	0.230448921378274	XI Digestive	0.01686	0.01359	0.444685821261446	40.11	1282	registry
K11_OTHFUNC	0.532754378992498	XI Digestive	0.01894	0.02656	0.399447035782601	59.67	1247	registry
K11_OTHGASTR	0.0718820073061254	XI Digestive	0.01889	0.01832	0.324977857195478	59.54	1087	registry
K11_OTHILEUS	0.0334237554869497	XI Digestive	-0.001724	0.0002524	0.67370948666747	68.71	1200	registry
K11_OTHINFLIV	-0.568636235841013	XI Digestive	-0.0139	-0.003345	0.838545383249302	52.11	1108	registry
K11_OTHINT	-0.301029995663981	XI Digestive	0.0133	0.01405	0.707789457296815	64.22	1142	registry
K11_OTHPERITON	-0.638272163982407	XI Digestive	0.01744	0.01234	0.235072122179484	47.02	1104	registry
K11_PANCOTH	-0.552841968657781	XI Digestive	-0.004039	0.01256	0.90522978451473	57.67	1190	registry
K11_PARALIL	-0.677780705266081	XI Digestive	-0.01465	-0.01101	0.829642925148483	69.57	1179	registry
K11_PARODON_PERIAPIC_CHRONIC	0.858184184006694	XI Digestive	0.03375	0.02854	0.716619536745087	55.12	1297	case-count proxy
K11_PERFOES	-1.69897000433602	XI Digestive	0.006463	-0.005063	1.11185751541813	65.2	979	registry
K11_PERIODON_CHRON_COMPL	0.389314904184244	XI Digestive	0.0445	0.02649	1.00320210386345	60.66	1328	case-count proxy
K11_PERITON	-0.2518119729938	XI Digestive	0.0083	0.005864	0.875885317239116	58.46	1055	registry
K11_PERITONITIS	-0.455931955649724	XI Digestive	-0.0008507	0.001963	0.940007258491471	65.15	1066	registry
K11_POSTOPDIS	-1	XI Digestive	-0.009076	0.02327	0.564745465755421	63.63	1083	registry
K11_PULC	-1.22184874961636	XI Digestive	0.009205	-0.01252	0.598011985444907	63.74	1006	registry
K11_REFLUX	0.537819095073274	XI Digestive	0.02212	0.02934	0.0615653556581549	54.59	1350	registry
K11_REIMB_202	0.45178643552429	XI Digestive	0.009532	-0.01069	-0.0035061393292877	50.41	1457	registry
K11_RESORPTION	-0.958607314841775	XI Digestive	-0.0117	0.0154	-0.22314355131421	43.95	1071	registry
K11_SALIVARY	-0.0222763947111523	XI Digestive	-0.002955	-0.009464	0.17521301755666	48.59	1072	registry
K11_STOMATITIS	-0.356547323513813	XI Digestive	0.01033	0.01776	0.469691080407436	37.55	1087	registry
K11_TOXLIV	-1.30102999566398	XI Digestive	-0.00459	-0.01258	0.950498903203892	56.47	1044	registry
K11_UC_STRICT2	-0.229147988357856	XI Digestive	-0.02088	-0.003225	-0.25618340539241	37.32	1477	registry
K11_UMBHER	0.133538908370218	XI Digestive	0.01976	0.03358	-0.00200200267067308	51.12	1388	registry
K11_VASCINT	-0.481486060122113	XI Digestive	0.03752	0.003971	0.636312243807407	75.1	1173	registry
K11_VENTHER	0.0492180226701817	XI Digestive	0.02515	0.01766	0.115112807100505	58.68	1415	registry
K11_VOLVU	-0.853871964321762	XI Digestive	-0.006196	-0.0144	0.927823967687828	67.42	966	registry
KELA_DIAB_INSUL_EXMORE	0.927370363039024	Other (non-ICD endpoint)	0.01584	0.01469	0.0596830021611738	61.43	1919	registry
KRA_PSY_ALCOH_EXMORE	0.143014800254095	Other (non-ICD endpoint)	0.04443	0.04044	1.3299885249088	42.87	1360	registry
KRA_PSY_ANXIETY_EXMORE	0.894316062684439	Other (non-ICD endpoint)	0.05333	0.04133	0.464991087422191	31.24	1590	registry
KRA_PSY_ANYMENTAL	1.38934331125208	Other (non-ICD endpoint)	0.0399	0.064	0.193096629961913	40.42	1543	registry
KRA_PSY_ANYMENTAL_SUICID_PREG_NERV_EXMORE	0.340444114840118	Other (non-ICD endpoint)	0.01082	0.05777	1.27592130363852	35.21	1471	registry
KRA_PSY_BEHAV_EXMORE	-0.455931955649724	Other (non-ICD endpoint)	0.02767	0.02328	1.29869190038377	12.68	1164	registry
KRA_PSY_CHILDEMOT_EXMORE	-0.180456064458131	Other (non-ICD endpoint)	0.005469	0.009019	0.858237800425538	12.72	1113	registry
KRA_PSY_CODUCTEMOT_EXMORE	-0.366531544420413	Other (non-ICD endpoint)	0.04059	0.03072	1.30521987134222	11.83	1204	registry
KRA_PSY_DEMENTIA_EXMORE	0.75815462196739	Other (non-ICD endpoint)	-0.01017	0.03765	0.549276810140244	81.77	1488	registry
KRA_PSY_DEVWIDE_EXMORE	-0.309803919971486	Other (non-ICD endpoint)	0.01242	0.008477	0.862045717021759	11.12	1101	registry
KRA_PSY_EATING_EXMORE	-0.0861861476162833	Other (non-ICD endpoint)	-0.0108	-0.001049	0.98076675105852	18.09	1114	registry
KRA_PSY_HYPERKIN_EXMORE	0.127104798364808	Other (non-ICD endpoint)	0.0195	0.042	0.901177094064107	13.08	1284	registry
KRA_PSY_MENTALRET_EXMORE	-0.214670164989233	Other (non-ICD endpoint)	0.01728	0.01206	1.22480431390587	15.58	1114	registry
KRA_PSY_MOTOR_EXMORE	-0.481486060122113	Other (non-ICD endpoint)	-0.02137	0.01975	0.922670338838194	5.64	1135	registry
KRA_PSY_PERSON_EXMORE	0.220108088040055	Other (non-ICD endpoint)	0.02896	0.05476	0.941568539058424	31.56	1418	registry
KRA_PSY_SCHIZODEL_EXMORE	0.383815365980431	Other (non-ICD endpoint)	0.005474	0.02169	0.895067095422528	36.91	1352	registry
KRA_PSY_SLEEP_NONORG_EXMORE	-0.0268721464003014	Other (non-ICD endpoint)	0.008845	0.02675	0.49956243148728	40.02	1249	registry
KRA_PSY_SPEELING_EXMORE	0.184691430817599	Other (non-ICD endpoint)	-0.005204	0.01592	0.53999600106577	6.89	1062	registry
KRA_PSY_SUBSTANCE_EXMORE	0.818225893613955	Other (non-ICD endpoint)	0.05181	0.05602	0.975691075155603	43.02	1633	registry
KRA_PSY_TIC	-0.698970004336019	Other (non-ICD endpoint)	0.01539	-0.006938	0.284802931700937	9.93	1130	registry
KRA_PSY_TIC_EXMORE	-0.698970004336019	Other (non-ICD endpoint)	0.02038	-4.969e-05	0.284802931700937	9.93	1131	registry
L12_ABSCESS_CUT	0.155336037465062	XII Skin	0.03987	0.02396	0.706063405826492	42.96	1266	registry
L12_ACNE	-0.130768280269024	XII Skin	-0.002948	0.00419	0.519388854426479	20.29	1322	registry
L12_ACNE_NAS	-1.22184874961636	XII Skin	-0.005864	-0.000975	0.63921883853439	23.04	1092	registry
L12_ACNE_VARIOLIFORMIS	-2	XII Skin	0.009448	0.001926	0.903408106043141	54.38	1101	registry
L12_ACQKERAT	-1.69897000433602	XII Skin	0.004515	-0.002314	0.149712273228327	54.6	1139	registry
L12_ACTINKERA	0.152288344383056	XII Skin	-0.00377	-0.008513	-0.343899752450009	75.63	1490	registry
L12_ALLERGICCONTACT	-0.136677139879544	XII Skin	0.01994	-0.006092	-0.151404454159233	44.15	1172	registry
L12_ALOPECAREATA	-0.920818753952375	XII Skin	-0.02316	-0.01537	-0.23572233352107	32.57	1149	registry
L12_ATROPHICSKIN	-0.173925197299174	XII Skin	-0.02628	0.005097	-0.175544572514931	53.88	1238	registry
L12_BULLOTH	-0.958607314841775	XII Skin	-0.003626	-0.02131	0.171007796893681	48.42	1167	registry
L12_BULLOUS	-0.602059991327962	XII Skin	-0.0009896	-0.01813	0.360467742177429	66.48	1124	registry
L12_CELLULITIS	0.0899051114393979	XII Skin	0.03891	-0.0168	0.77587857815741	45.08	1100	registry
L12_CHRONICULCEROFSKIN	-0.468521082957745	XII Skin	0.01622	0.004859	1.00704509514262	68.83	1168	registry
L12_CORNSANDCALLOS	-0.585026652029182	XII Skin	0.01341	0.01508	0.28630612627185	53.72	1164	registry
L12_DECUBITANSULCERANDPRESSURE	-0.387216143280265	XII Skin	0.002027	-0.001169	1.47155420507071	74.87	1121	registry
L12_DERMATHERP	-1.15490195998574	XII Skin	-0.003614	-0.0175	-0.206409352323045	45.74	1201	registry
L12_DERMATITISNAS	0.52244423350632	XII Skin	0.04236	-0.007077	0.159564569671338	51.09	1340	registry
L12_DERM_NUMMULAR	-0.468521082957745	XII Skin	0.02796	-0.02337	0.0829615207143473	56.04	1253	registry
L12_DISORDSKINAPPENDIX	0.436162647040756	XII Skin	0.01803	0.001539	0.161268147596122	35.02	1306	registry
L12_DYSHIDROSIS	-1.30102999566398	XII Skin	0.008779	0.0006746	0.213900969947277	39.06	1083	registry
L12_EPIDERMALTHICKOTH	-0.795880017344075	XII Skin	0.003904	-0.002515	0.2378351000572	54.82	1066	registry
L12_EPIDERMTHICKNAS	-1	XII Skin	-0.004938	0.007066	0.106609735058258	51.27	1109	registry
L12_ERYTHEMAMULTIF	-1	XII Skin	0.02598	-0.004432	0.146694379150803	43.65	1139	registry
L12_ERYTHEMANODOSUM	-0.795880017344075	XII Skin	-0.000606	-0.00769	0.0875528970078615	40.55	1143	registry
L12_ERYTHEMATOUSOTH	-0.823908740944319	XII Skin	0.005989	0.0002431	0.276873873735178	49.22	992	registry
L12_ERYTHRO_KELA	-1.30102999566398	XII Skin	0.02352	0.001239	0.504706942757814	50.11	1121	registry
L12_ERYT_INTERTRIG	-1.09691001300806	XII Skin	0.021	0.001003	0.527092596229863	62.82	1175	registry
L12_EXFOLIATIVE	-1.30102999566398	XII Skin	-0.004459	0.0002369	0.623529113679076	61.96	1080	registry
L12_FACTITIALDERMAT	-1.52287874528034	XII Skin	0.01458	0.01449	0.719058562344446	54.96	1083	registry
L12_FOLICULAROTH	-0.638272163982407	XII Skin	0.01832	0.005031	0.415415438961333	40.29	1247	registry
L12_FOLLICULARCYST	-0.0604807473813815	XII Skin	0.02633	-0.008656	-0.0156213809029568	46.97	1155	registry
L12_FOLLICULARNAS	-0.920818753952375	XII Skin	0.01623	-0.01196	0.110198792298076	43.73	1176	registry
L12_FOODDERMAT	-0.102372908709559	XII Skin	-0.0109	-0.008696	-0.0258307600345216	1.2	1121	registry
L12_GRANUANNU	-1.22184874961636	XII Skin	0.003047	-0.001996	0.144533150732298	50.83	1114	registry
L12_GRANULOMASKINNAS	-2	XII Skin	-0.002196	-0.01583	0.204572165728774	49.54	1201	registry
L12_GRANULOMATOUSSKIN	-0.958607314841775	XII Skin	0.008423	0.00234	0.188966099512623	48.67	1197	registry
L12_HIDRADENITISSUP	-0.920818753952375	XII Skin	0.02222	0.01125	0.77541817299274	38.04	1218	registry
L12_HYPETROPHICSCAR	-0.602059991327962	XII Skin	0.03324	0.0217	0.0852598439508234	30.18	1113	registry
L12_IMPETIGO	-0.397940008672038	XII Skin	0.00856	-0.01509	0.853776826484913	10.66	1067	registry
L12_INFECT_DERM	-0.267606240177031	XII Skin	0.03483	-0.01273	0.418710334858185	52.86	1206	registry
L12_INFECT_SKIN	0.620136054973758	XII Skin	0.04896	-0.001069	0.556181325486788	35.06	1224	registry
L12_INFECT_SKIN_OTHER	-0.309803919971486	XII Skin	0.03083	0.01592	0.519686252198187	47.14	1171	registry
L12_LICHENSCLERATROPH	-0.346787486224656	XII Skin	-0.009228	0.01594	-0.331285709933913	60.38	1302	registry
L12_LICHENSIMPLEX	-0.920818753952375	XII Skin	0.01241	0.006343	0.187723606082949	53.53	1187	registry
L12_LICHSIMPANDPRURIGO	-0.619788758288394	XII Skin	0.01971	0.002595	0.306381149884265	56.19	1261	registry
L12_LIVEDOIDVASC	-2	XII Skin	0.01401	0.001169	0.72730703220665	62.3	1205	registry
L12_LOCALCONNECTISSUENAS	-2	XII Skin	0.02307	-0.002074	0.935897261513073	57.42	1075	registry
L12_LOCALDCONNECTISSUEOTH	-1.09691001300806	XII Skin	-0.01132	0.0002162	0.321721114675204	53.91	1109	registry
L12_LOCALSCLERODERMA	-1.22184874961636	XII Skin	-0.01477	0.002447	-0.0523464803722091	52.33	1053	registry
L12_LUPUS	-1	XII Skin	0.02426	0.007119	0.219537055720098	54.73	1242	registry
L12_LYMPHADENITIS	-0.408935392973501	XII Skin	-0.001205	-0.02207	0.418381333374711	18.02	1168	registry
L12_NAILDIS	-0.431798275933005	XII Skin	0.0168	0.003183	0.367763240924153	34.73	1177	registry
L12_NAILNAS	-1.15490195998574	XII Skin	0.0009128	0.006799	0.562468856917829	51.51	1008	registry
L12_NAIL_DYSTROPHY	-1.69897000433602	XII Skin	-8.765e-05	-0.0006934	0.0363319292473902	45.42	958	registry
L12_NAIL_GRYPHOSIS	-1.69897000433602	XII Skin	0.008173	0.009502	0.44628710262842	55.13	1015	registry
L12_NAIL_INGROW	-0.585026652029182	XII Skin	0.02637	0.003036	0.278767455062207	31.79	1149	registry
L12_NAIL_LYSIS	-1.69897000433602	XII Skin	0.005269	-0.01981	0.227932068046007	44.88	1152	registry
L12_NECROLIPOIDIC	-1.69897000433602	XII Skin	-0.0142	-0.009307	0.812040710500356	46.63	1124	registry
L12_NONIONRADISKINNAS	-1.30102999566398	XII Skin	0.0009626	-0.009084	-0.286349627218002	71.86	1128	registry
L12_OTHACUSKINSUN	-0.769551078621726	XII Skin	-0.0114	-0.001078	-0.0747235461959364	44.15	1045	registry
L12_OTHACUSKINSUNNAS	-0.853871964321762	XII Skin	-0.007422	-0.005128	-0.245261356567829	44.43	1026	registry
L12_OTHERBULL	-1.39794000867204	XII Skin	0.0005662	-0.004434	0.490112582168449	55.73	1114	registry
L12_OTHERCONTACT	-0.301029995663981	XII Skin	0.03266	-0.01152	0.0119285708652738	43.75	1260	registry
L12_OTHERDISSKINANDSUBCUTIS	-0.180456064458131	XII Skin	0.03066	0.00553	0.525320069916443	60.72	1184	registry
L12_OTHERINFILTRATIVESKIN	-1.69897000433602	XII Skin	-0.008867	-0.01403	0.0363319292473902	55.18	1114	registry
L12_OTHERMELANIN	-1.09691001300806	XII Skin	-0.01278	0.002619	-0.283026260915587	65.2	1134	registry
L12_OTHERSKINSUBCUTIS	0.574031267727719	XII Skin	0.01672	0.003931	0.261979575099408	61.68	1268	registry
L12_OTHPIGMENTATION	-0.744727494896694	XII Skin	-0.01562	-0.0003178	-0.26984215432345	54.72	989	registry
L12_PAPULOSQUAMOUS	0.238046103128795	XII Skin	0.03511	0.02476	0.140196630493284	51.69	1345	registry
L12_PAPULOSQUAOTH	-1.22184874961636	XII Skin	0.01015	0.01021	0.147988877713449	43.28	1143	registry
L12_PAPULOSQUONAS	-1.52287874528034	XII Skin	0.009845	0.01342	0.405131719206927	44.89	1184	registry
L12_PARAPSORI	-1.09691001300806	XII Skin	-0.01296	-0.006147	-0.140987693300977	41.07	1043	registry
L12_PARAPSO_RETIFORM	-1.69897000433602	XII Skin	-0.0251	-0.0209	-0.238257189124258	58.23	1052	registry
L12_PEMPHIGOID_BULL	-1.04575749056068	XII Skin	-0.003826	0.01171	0.507720808812512	78.57	1188	registry
L12_PEMPHIGOID_NAS	-1.39794000867204	XII Skin	0.009294	0.0001282	0.478715569847757	75.93	1168	registry
L12_PEMPHIGUS	-1.52287874528034	XII Skin	0.001993	-0.002283	0.525615709238626	60.97	1148	registry
L12_PEMPHIGUS_NAS	-2	XII Skin	-0.001295	-0.0006409	0.61976971075517	62.24	1141	registry
L12_PEMPHIGUS_VULG	-2	XII Skin	0.01897	0.0006818	0.504405055963068	60.66	1158	registry
L12_PEMPHIKELA	-2	XII Skin	0.02028	-0.006617	0.405798385898285	70.06	1060	registry
L12_PERIORALDERM	-1.04575749056068	XII Skin	0.01553	0.002922	0.0124225199985571	40.59	1153	registry
L12_PIGMENTNAS	-1.52287874528034	XII Skin	0.007627	0.0183	0.163818085229395	36.01	1020	registry
L12_PIGPURPDERM	-1.52287874528034	XII Skin	-0.02116	-0.01613	-0.192978136982483	59.25	1056	registry
L12_PILONIDALCYST	-0.207608310501746	XII Skin	0.02576	0.005514	0.187723606082949	26.92	1341	registry
L12_PITYROCHEA	-1.39794000867204	XII Skin	-0.0105	0.01668	0.189793571632656	25.89	1153	registry
L12_PRURIGONAS	-1.39794000867204	XII Skin	0.01507	-0.008432	0.179400628366291	55.84	1096	registry
L12_PRURIGONOD	-1.04575749056068	XII Skin	0.00562	0.0006248	0.380489122037987	62.03	1055	registry
L12_PRURITUS	-0.292429823902064	XII Skin	0.05223	0.006567	0.436317571590929	54.66	1194	registry
L12_PSORIASIS	0.0827853703164501	XII Skin	0.02764	0.0145	0.152721087017664	50.13	1436	registry
L12_PSORI_GUTTATE	-1.30102999566398	XII Skin	-0.008724	0.002756	0.312618557741813	41.77	1155	registry
L12_PSORI_NAS	-0.602059991327962	XII Skin	0.01146	0.02691	0.532391401680551	50.61	1228	registry
L12_PSORI_PUSTGEN	-2	XII Skin	-0.001283	0.004779	0.457108341260003	54.3	1080	registry
L12_PSORI_PUSTUPALM	-0.795880017344075	XII Skin	0.02927	-0.008548	0.158711691154821	51.84	1223	registry
L12_PSORI_VULG	-0.113509274827518	XII Skin	0.01674	-0.004013	0.258896721020028	51.19	1355	registry
L12_PYODERMA	-1	XII Skin	0.006176	0.01172	0.945072533299607	39.59	1143	registry
L12_PYOGENGRANUL	-1.15490195998574	XII Skin	0.008971	0.001892	0.2390169004705	42.38	1144	registry
L12_ROSACEANAS	-0.552841968657781	XII Skin	0.01165	-0.01562	-0.145603973858792	54.55	1153	registry
L12_SCARCONDITIONS	-0.769551078621726	XII Skin	-0.01895	-0.009488	0.147988877713449	39.03	1085	registry
L12_SEBORRHOEIC	-0.408935392973501	XII Skin	0.008013	0.003704	0.346068898151508	51.96	1291	registry
L12_SEBORRKERAT	-0.130768280269024	XII Skin	-0.01213	0.009508	-0.34389975245001	68.02	1257	registry
L12_SKINSUBCUTISNAS	-0.657577319177794	XII Skin	0.01579	0.009249	0.150572858479374	51.34	1101	registry
L12_TRANSEPIDERMELIMINATION	-2.12307794282568	XII Skin	-0.003511	-0.01639	0.610851937833115	56.95	1050	case-count proxy
L12_ULCERLOWLIMB	-0.229147988357856	XII Skin	0.0492	-0.007336	0.972103796693368	72.21	1228	registry
L12_URTICARIA	0.26245108973043	XII Skin	0.02585	0.01113	-0.0330398540782002	28.88	1284	registry
L12_URTICA_ALLERG	-0.309803919971486	XII Skin	0.01102	0.004709	0.191859261274443	25.34	1114	registry
L12_URTICA_DERTMATOG	-0.568636235841013	XII Skin	0.01172	-0.005172	-0.229413164327805	41.5	1189	registry
L12_URTICA_IDIOPAT	-1.04575749056068	XII Skin	0.03577	0.0002698	-0.0403012967735256	30.93	1049	registry
L12_URTICA_NAS	0.0530784434834197	XII Skin	0.02852	0.009307	-0.0650719967437148	28.2	1294	registry
L12_VASCULITISNAS	-1.09691001300806	XII Skin	0.006938	0.007925	0.957240718203109	64.72	1188	registry
L12_VITILIGO	-1.30102999566398	XII Skin	0.01034	0.01168	0.114667074978126	36.14	1234	registry
L12_XEROSCUT	-1.39794000867204	XII Skin	0.01366	-0.007596	0.527682740832414	68.29	1096	registry
LOCALIZED_SKIN_ERUPT_DRUGS_MEDICAM	-1.39794000867204	Other (non-ICD endpoint)	0.01537	-0.002277	0.505612056713103	51.43	1090	registry
LUNG_TRANSPLANTATION	-2	Other (non-ICD endpoint)	-0.01138	0.01133	1.60993778747575	57.1	1057	registry
M13_ABSCTENDON	-1.69897000433602	XIII Musculoskeletal	0.01862	-0.005036	0.166784817644825	48.93	964	registry
M13_ACHILLESTEND	-0.431798275933005	XIII Musculoskeletal	0.02585	0.01109	-0.516676037444166	50.12	1189	registry
M13_ADHCAPSULITIS	-0.167491087293764	XIII Musculoskeletal	0.02938	0.03084	-0.142139767161123	54.19	1351	registry
M13_ALGONEURO	-0.886056647693163	XIII Musculoskeletal	0.009147	0.01656	0.0861776962410524	47.6	1187	registry
M13_ANKYLOSPON	-0.443697499232713	XIII Musculoskeletal	0.005592	0.005059	0.0188217542405877	40.4	1253	registry
M13_ANKYLOSPON_STRICT	-0.886056647693163	XIII Musculoskeletal	0.01102	0.004766	-0.334773679985632	37.75	1169	registry
M13_ARTHINOTH	-0.958607314841775	XIII Musculoskeletal	-0.01301	0.006333	0.872129836088385	57.35	1141	registry
M13_ARTHROSIS	1.04414762087872	XIII Musculoskeletal	0.04839	0.01526	-0.304489190768162	61.46	1812	registry
M13_ARTHROSIS_INCLAVO	1.15806079393661	XIII Musculoskeletal	0.0454	0.01159	-0.336872316642553	62.42	1739	registry
M13_ARTHROSIS_KNEE	0.823474229170301	XIII Musculoskeletal	0.03988	0.006878	-0.384927456890616	61.87	1869	registry
M13_ARTHROSIS_KNEE_PRIM_KNEESURG	0.416640507338281	XIII Musculoskeletal	0.02516	0.01861	-0.440056552877783	69.62	1696	registry
M13_ARTHROSIS_OTH	0.431363764158987	XIII Musculoskeletal	0.04462	0.02286	-0.209487224866724	58.55	1576	registry
M13_ARTHROSIS_POLY	0.14921911265538	XIII Musculoskeletal	0.0187	-0.005322	0.0300441213483766	70.65	1438	registry
M13_ARTHTROSIS_COX	0.53655844257153	XIII Musculoskeletal	0.05731	0.01893	-0.206409352323045	67.48	1701	registry
M13_ARTHTROSIS_COX_PRIM_HIPSURG	0.311753861055754	XIII Musculoskeletal	0.04124	0.008939	-0.431552442871483	68.93	1633	registry
M13_ARTHTROSIS_COX_PRIM_ICD10	0.445604203273598	XIII Musculoskeletal	0.05539	0.0124	-0.253602758798918	68.56	1693	registry
M13_ATLOAXSUBLUX	-1.69897000433602	XIII Musculoskeletal	0.002139	-0.005917	0.302324349188651	58.59	1044	registry
M13_BAKERCYST	-0.481486060122113	XIII Musculoskeletal	0.006674	0.01613	-0.182121576791288	59.37	1102	registry
M13_BICIPITALTEND	-0.795880017344075	XIII Musculoskeletal	0.01388	0.01261	-0.414758155019757	54.09	1054	registry
M13_BIOMECHLESIO	-0.795880017344075	XIII Musculoskeletal	0.01888	0.0006808	-0.00904074465214907	53.3	1134	registry
M13_BONECONTINUITY	-0.3767507096021	XIII Musculoskeletal	0.001565	-0.0176	0.627274436409238	48.36	1097	registry
M13_BONEDENSOTH	-0.958607314841775	XIII Musculoskeletal	0.02762	0.003541	0.18523397824099	39.96	977	registry
M13_BONEDISNAS	-0.920818753952375	XIII Musculoskeletal	0.04074	0.004007	0.17437338694478	30.25	1085	registry
M13_BURSCYSTOTH	-1.30102999566398	XIII Musculoskeletal	0.01887	-0.006382	-0.25618340539241	54.38	1067	registry
M13_BURSELBOWOTH	-1.39794000867204	XIII Musculoskeletal	0.003033	0.004321	0.457424847038875	56.06	1003	registry
M13_BURSITISHIPOTH	-1.09691001300806	XIII Musculoskeletal	0.02803	0.00698	0.0497420918948142	61.07	1009	registry
M13_BURSITISKNEEOTH	-1.22184874961636	XIII Musculoskeletal	-0.02176	0.001892	-0.121038328377056	46.67	1058	registry
M13_BURSITISOTH	-1.39794000867204	XIII Musculoskeletal	0.001314	0.007519	-0.23508962233261	50.46	1077	registry
M13_BURSOPATHY	-0.236572006437063	XIII Musculoskeletal	0.02493	0.006896	-0.0232686269393543	56.24	1192	registry
M13_CALCANSPUR	-1.39794000867204	XIII Musculoskeletal	0.0251	0.02017	-0.295042426858073	50.76	1106	registry
M13_CALCIFICTEND	-0.677780705266081	XIII Musculoskeletal	0.03619	0.0214	-0.345311185288417	50.85	1279	registry
M13_CALCTENDINITIS	-1.52287874528034	XIII Musculoskeletal	0.02789	0.004067	-0.320205264157341	50.24	1126	registry
M13_CERVICALGIA	0.0334237554869497	XIII Musculoskeletal	0.04744	0.02818	-0.128401714804524	49.73	1357	registry
M13_CERVICDISC	0.232996110392154	XIII Musculoskeletal	0.06468	0.04126	-0.175544572514931	49	1577	registry
M13_CERVICOBRACHSDR	0.0374264979406237	XIII Musculoskeletal	0.04791	0.01756	-0.161930867146221	51.01	1328	registry
M13_CERVICOCRANSDR	-0.283996656365201	XIII Musculoskeletal	0.04974	0.01926	-0.230671817735001	53.6	1168	registry
M13_CHONDROMALACIA	-1.04575749056068	XIII Musculoskeletal	0.001279	-0.01215	-0.565633860260986	43.93	1091	registry
M13_CHRONDROPATHIES	-0.0757207139381184	XIII Musculoskeletal	0.02244	0.01421	-0.202116184122134	26.48	1171	registry
M13_CHRONSYNOVITISHANDWRIST	-1.30102999566398	XIII Musculoskeletal	0.01028	0.01283	-0.0100503358535015	51.39	1107	registry
M13_CHURGSTRAUSS	-2	XIII Musculoskeletal	0.01812	-0.005669	0.476855104194837	59.17	1084	registry
M13_CONNECTNAS	-0.602059991327962	XIII Musculoskeletal	0.01809	-0.01284	0.364295831070094	52.98	1191	registry
M13_CONTRACTUREJOINT	-1.22184874961636	XIII Musculoskeletal	0.009535	0.02554	0.218331994316988	50.49	1041	registry
M13_CRYSTALARTH	-1.22184874961636	XIII Musculoskeletal	0.001523	-0.008499	0.273075920062419	74.22	1052	registry
M13_DEFORMACQ	-0.677780705266081	XIII Musculoskeletal	0.04106	0.0142	0.159138221338297	38.29	1218	registry
M13_DEFORMDORSO	0.20682587603185	XIII Musculoskeletal	0.02683	0.02085	-0.037182791127716	42.9	1417	registry
M13_DEFORMDORSONAS	-0.958607314841775	XIII Musculoskeletal	-0.01015	0.002886	0.14583044821154	27.44	1087	registry
M13_DEQUERVAIN	-0.638272163982407	XIII Musculoskeletal	0.04393	-0.005148	-0.325730140089311	45.91	1154	registry
M13_DERMATOMYOTH	-1.69897000433602	XIII Musculoskeletal	-0.01563	-0.009209	0.88562531756327	54.13	1086	registry
M13_DERMATOPOLYNAS	-2	XIII Musculoskeletal	-0.01305	-0.001108	0.936289418380844	59.15	1054	registry
M13_DISCINFECTION	-1.39794000867204	XIII Musculoskeletal	0.02777	-0.002364	0.585005021940242	64.58	1189	registry
M13_DISCITIS	-1.22184874961636	XIII Musculoskeletal	0.02349	-0.005304	0.649717622632609	64.99	1087	registry
M13_DISSYNOTENDNAS	-0.677780705266081	XIII Musculoskeletal	0.0333	0.0209	-0.350266947643402	40.04	1084	registry
M13_DORSALGIA	0.977723605288848	XIII Musculoskeletal	0.06096	0.04324	0.0217614917815127	49.25	1537	registry
M13_DORSALGIANAS	0.382017042574868	XIII Musculoskeletal	0.05961	0.03027	0.248811298062788	50.58	1352	registry
M13_DORSOPATHY	1.22788670461367	XIII Musculoskeletal	0.07727	0.03838	-0.146761381395404	49	1636	registry
M13_DORSOPATHYNAS	-0.744727494896694	XIII Musculoskeletal	0.02421	0.01586	-0.0682788407532945	52.23	1122	registry
M13_DORSOPATHYOTH	1.07954300740291	XIII Musculoskeletal	0.07712	0.03974	-0.0413429635343824	50.13	1597	registry
M13_DUPUTRYEN	-0.0506099933550872	XIII Musculoskeletal	0.006046	0.001836	-0.185125484126689	58.18	1457	registry
M13_ENTEROARTHR	-1.30102999566398	XIII Musculoskeletal	0.001321	-0.01216	0.193920692637307	44.81	1176	registry
M13_ENTESOPATHYLOW	-0.0457574905606751	XIII Musculoskeletal	0.02459	0.01442	-0.283026260915587	47.77	1287	registry
M13_ENTESOPATHYLOWNAS	-0.552841968657781	XIII Musculoskeletal	-0.01248	0.01917	-0.0507671170536533	45.48	1090	registry
M13_ENTESOPATHYNAS	-0.387216143280265	XIII Musculoskeletal	0.01261	0.01783	-0.141563564321787	41.06	1163	registry
M13_ENTESOPATHYOTH	0.155336037465062	XIII Musculoskeletal	0.04198	0.02854	-0.462035459596559	46.17	1349	registry
M13_FATIGFRACT	-1.69897000433602	XIII Musculoskeletal	-0.01228	0.01831	0.384241471656538	40.97	1027	registry
M13_FATPADHYPERTROPHY	-1.39794000867204	XIII Musculoskeletal	0.009139	-0.002137	-0.0828382783090045	38.04	1084	registry
M13_FIBROBLASTIC	0.0530784434834197	XIII Musculoskeletal	0.02104	0.006401	-0.29975465368605	55.81	1397	registry
M13_FIBROBLASTNAS	-2	XIII Musculoskeletal	0.008063	-0.004457	0.209855656987274	51.89	1032	registry
M13_FINGERDEFORM	-1.69897000433602	XIII Musculoskeletal	0.01717	0.007992	0.216722983511287	50.52	1024	registry
M13_FLATFOOT	-0.387216143280265	XIII Musculoskeletal	0.008519	0.01372	-0.271808723295491	51.28	1308	registry
M13_FOREIGNBODY	-0.537602002101044	XIII Musculoskeletal	0.02465	0.01554	-0.123863987222386	37.7	1045	registry
M13_FORESTIER	-1.39794000867204	XIII Musculoskeletal	0.02546	0.006911	-0.153734099942042	58	1082	registry
M13_GANGLION	0.0293837776852097	XIII Musculoskeletal	0.04874	0.002541	-0.433093275225638	42.92	1167	registry
M13_GIANTCELL	-0.853871964321762	XIII Musculoskeletal	-0.01389	-0.02016	0.106609735058258	72.33	1248	registry
M13_GLUTEALTEND	-1	XIII Musculoskeletal	0.002887	0.001489	-0.396753167506143	56.69	1096	registry
M13_GOUT	0.217483944213906	XIII Musculoskeletal	0.01341	0.01322	0.490418813988328	69.14	1469	registry
M13_HALLUDEFORMOTH	-1.52287874528034	XIII Musculoskeletal	0.01007	-0.01687	-0.351687402427693	56	1123	registry
M13_HALLUXRIGIDUS	-0.283996656365201	XIII Musculoskeletal	0.00962	0.001272	-0.420832585239286	56.77	1451	registry
M13_HALLUXVALGUS	0.511883360978874	XIII Musculoskeletal	0.005192	0.01577	-0.300429645274284	53.59	1763	registry
M13_HAMMERTOE	-0.00877392430750515	XIII Musculoskeletal	0.006481	0.0225	-0.193584749072665	61.25	1377	registry
M13_HTROMBMICROANG	-1.69897000433602	XIII Musculoskeletal	0.01395	-0.001472	0.791407549727465	56.61	1154	registry
M13_HYPERANG	-1.69897000433602	XIII Musculoskeletal	-0.001656	0.02645	0.851858871714766	60.49	1092	registry
M13_IMPINGEMENT	0	XIII Musculoskeletal	0.06365	0.0265	-0.447850824604602	52.66	1335	registry
M13_INFBURSA	-0.853871964321762	XIII Musculoskeletal	0.02321	-0.004508	0.338612801120324	53.66	1073	registry
M13_INTERVERTEB	0.705007959333336	XIII Musculoskeletal	0.07686	0.02719	-0.209487224866724	48.22	1704	registry
M13_JUVOSTEOCHONRHIP	-0.602059991327962	XIII Musculoskeletal	0.02652	0.0124	0.0459289318883997	14.72	1125	registry
M13_KYPHOSIS	-1.22184874961636	XIII Musculoskeletal	-0.004468	0.01391	0.466246580368023	57.7	1096	registry
M13_LATERALEPICOND	-0.259637310505756	XIII Musculoskeletal	0.0418	0.007984	-0.295714244149045	46.13	1350	registry
M13_LIMBPAIN	0.68304703823885	XIII Musculoskeletal	0.0705	0.02817	0.134093734480699	54.52	1468	registry
M13_LOOSEJOINT	-0.920818753952375	XIII Musculoskeletal	0.02683	0.003113	-0.316081546973479	39.44	1106	registry
M13_LOWBACKPAIN	0.663700925389648	XIII Musculoskeletal	0.04782	0.03799	0.0815799869924229	49.42	1472	registry
M13_LOWBACKPAINORANDSCIATICA	0.80413943233535	XIII Musculoskeletal	0.04788	0.03706	0.084341148433751	50	1476	registry
M13_MCTD	-0.568636235841013	XIII Musculoskeletal	0.007066	-0.0261	0.368109321564396	54.56	1261	registry
M13_MEDIALEPICOND	-0.886056647693163	XIII Musculoskeletal	0.01919	-0.003471	-0.430782916092454	47.8	1173	registry
M13_MENISCUSDERANGEMENTS	0.511883360978874	XIII Musculoskeletal	0.05436	0.008966	-0.53102833108351	50.45	1536	registry
M13_METATARSALGIA	-0.443697499232713	XIII Musculoskeletal	5.015e-05	0.004673	-0.21877809380457	53.33	1225	registry
M13_MICROPOLYANG	-2	XIII Musculoskeletal	0.004685	-0.0137	0.850791749641459	68.31	1137	registry
M13_MONOARTHRITIS	-0.721246399047171	XIII Musculoskeletal	-0.0122	-0.01691	0.25696509978972	42.99	1137	registry
M13_MULTIFIBRO	-1.52287874528034	XIII Musculoskeletal	0.002806	-0.03112	0.171850256926659	72.13	1046	registry
M13_MUSCLE	-0.309803919971486	XIII Musculoskeletal	0.01549	0.02287	0.234676787127883	45.67	1074	registry
M13_MUSCLEATROPH	-1.69897000433602	XIII Musculoskeletal	-0.0006791	0.0004231	0.665775983763813	58.2	1079	registry
M13_MUSCLEDISNAS	-0.886056647693163	XIII Musculoskeletal	0.002138	-0.002998	0.353118627735955	42.2	1088	registry
M13_MUSCLESTRAIN	-0.795880017344075	XIII Musculoskeletal	3.751e-05	0.02382	0.00349388925425584	41.67	1089	registry
M13_MUSCONTRAC	-1.69897000433602	XIII Musculoskeletal	0.02772	-0.00564	0.138891998866619	46.18	1068	registry
M13_MUSCULOSKELEOTH	-0.229147988357856	XIII Musculoskeletal	0.03294	-0.002341	0.108854404912082	50.65	1134	registry
M13_MYALGIA	0.00860017176191757	XIII Musculoskeletal	0.05274	0.01209	0.0271286673882525	48.96	1296	registry
M13_MYOSITIS	-1	XIII Musculoskeletal	0.01348	0.01635	0.420353720601915	49.2	1093	registry
M13_MYOSITISOSSIF	-2	XIII Musculoskeletal	0.01005	0.01099	0.378093911312032	56.97	1055	registry
M13_NECROVASCNAS	-1.30102999566398	XIII Musculoskeletal	-0.0001906	-0.0154	0.809595993203192	61.78	1005	registry
M13_NEURALGIA	-0.721246399047171	XIII Musculoskeletal	0.03211	0.02223	0.00747201483870106	54.43	1266	registry
M13_OLECRANONBURSITIS	-0.443697499232713	XIII Musculoskeletal	0.01552	-0.008981	0.406797553341943	54.18	1139	registry
M13_OSTEOCHONDRO	0.551449997972875	XIII Musculoskeletal	0.01677	0.006421	0.609221945622184	58.16	1295	registry
M13_OSTEOCHONDROPATHY	-0.42021640338319	XIII Musculoskeletal	0.009524	-0.003489	-0.202116184122134	22.35	1093	registry
M13_OSTEOMALACIA	-1.52287874528034	XIII Musculoskeletal	-0.001241	0.005966	0.147557564357615	45.5	1064	registry
M13_OSTEOMYELITIS	-0.508638306165727	XIII Musculoskeletal	0.001107	0.0005027	0.973238012315905	57.81	1076	registry
M13_OSTEOMYELVERTEB	-2	XIII Musculoskeletal	-0.007301	-0.001694	0.615185639090234	63.49	1086	registry
M13_OSTEONECROSIS	-0.795880017344075	XIII Musculoskeletal	-0.006495	7.772e-05	0.586396810613065	61.28	1123	registry
M13_OSTEOPATHYINOTH	-1.69897000433602	XIII Musculoskeletal	-0.001029	0.01204	1.75275873187832	67	1099	registry
M13_OSTEOPOROSIS	0.301029995663981	XIII Musculoskeletal	-0.008382	-0.004284	0.632335041163188	76.25	1267	registry
M13_OTHERBONE	0.0413926851582251	XIII Musculoskeletal	0.03413	0.01842	0.230714816810528	30.14	1161	registry
M13_OVERLAP	-1.22184874961636	XIII Musculoskeletal	-0.005823	-0.02695	0.386961636543605	55.82	1162	registry
M13_OVERUSENAS	-0.958607314841775	XIII Musculoskeletal	0.03981	0.002466	0.0158733491562902	44.3	1198	registry
M13_PAGET	-1.69897000433602	XIII Musculoskeletal	0.0003216	0.01454	0.0183309566847234	66.25	1077	registry
M13_PALINDROMIC	-1.52287874528034	XIII Musculoskeletal	-0.014	-0.0003114	0.123102197133983	52.21	1120	registry
M13_PANNICULITIS	-0.769551078621726	XIII Musculoskeletal	0.0174	0.01558	0.271933715483642	52.31	1160	registry
M13_PANNICULITISNAS	-1.39794000867204	XIII Musculoskeletal	0.03036	-0.007744	0.344652968711407	58.09	1090	registry
M13_PATELLADISLOCATIO	-0.508638306165727	XIII Musculoskeletal	0.02134	0.01526	-0.0512932943875506	23.12	1254	registry
M13_PATELLAOTH	-0.0809219076239261	XIII Musculoskeletal	0.04009	0.0003633	-0.385662480811985	34.94	1406	registry
M13_PERONEALTEND	-1.30102999566398	XIII Musculoskeletal	0.009758	0.01878	-0.247180129142451	51.56	976	registry
M13_PLANTARFASC	-0.408935392973501	XIII Musculoskeletal	0.009383	0.01249	-0.400477566597125	51.33	1244	registry
M13_POLNODOSA	-1.39794000867204	XIII Musculoskeletal	0.002618	-0.0008744	0.861623330531847	66.8	995	registry
M13_POLYARTERETAL	-1.15490195998574	XIII Musculoskeletal	0.01788	-0.00708	0.624600638024835	43.91	1099	registry
M13_POLYARTHRITIS	-0.853871964321762	XIII Musculoskeletal	-0.01075	0.003351	0.248811298062788	53.37	1205	registry
M13_POLYARTHROPATHIES	0.670245853074124	XIII Musculoskeletal	0.01161	0.001075	0.186894418639089	57.45	1525	registry
M13_POLYMYALGIA	-0.173925197299174	XIII Musculoskeletal	-0.0009408	-0.01558	0.161693588997987	74.56	1242	registry
M13_POLYMYO	-1.52287874528034	XIII Musculoskeletal	0.01112	-0.001507	0.653626422397662	60.94	1104	registry
M13_POSTOPMUSCULOSKE	-0.619788758288394	XIII Musculoskeletal	0.009095	-0.003562	0.176051943780359	60.08	1142	registry
M13_POYARTOTH	-2	XIII Musculoskeletal	0.01384	0.000947	0.670645915213432	64.23	1072	registry
M13_PREPATELLARBURSITIS	-0.568636235841013	XIII Musculoskeletal	-0.0111	0.03037	0.0487901641694318	47.35	1155	registry
M13_PSORIARTH	-0.494850021680094	XIII Musculoskeletal	0.01563	0.01344	-0.048665171981281	50.47	1368	registry
M13_PYOGARTH	-0.431798275933005	XIII Musculoskeletal	0.03359	0.02166	0.310788061166256	56.78	1101	registry
M13_RADICULOPATHY	-0.0809219076239261	XIII Musculoskeletal	0.04553	0.01031	0.049266241302918	48.91	1245	registry
M13_REACTARTH	-0.397940008672038	XIII Musculoskeletal	0.02457	-0.00422	0.107508207715285	41.97	1125	registry
M13_RECUDISLOCATIO	-0.42021640338319	XIII Musculoskeletal	0.04452	0.02514	0.181904803297612	29.55	1191	registry
M13_RHEUMA	0.290034611362518	XIII Musculoskeletal	0.009891	0.001304	0.298251023801015	56.51	1482	registry
M13_RHEUMATISM	-0.0604807473813815	XIII Musculoskeletal	0.0548	0.01622	-0.0258307600345216	50.63	1299	registry
M13_ROTATORCUFF	0.472756449317212	XIII Musculoskeletal	0.07714	0.0416	-0.325730140089311	55.4	1486	registry
M13_RUPTUREMUSC	-1.69897000433602	XIII Musculoskeletal	0.003826	0.004206	0.135841222911413	53.09	1041	registry
M13_SACROCOGG	-0.886056647693163	XIII Musculoskeletal	0.03573	0.03217	-0.00752826642079164	47.81	1103	registry
M13_SACROILIITIS	-0.769551078621726	XIII Musculoskeletal	0.04177	0.01943	-0.0212236364516267	36.39	1153	registry
M13_SCIATICA	0.403120521175818	XIII Musculoskeletal	0.06375	0.04148	-0.0779615414697118	51.44	1536	registry
M13_SCOLIOSIS	-0.193820026016113	XIII Musculoskeletal	0.001635	0.003081	0.462790174727434	15.3	1201	registry
M13_SHORTACHILLES	-0.920818753952375	XIII Musculoskeletal	-0.008477	-0.01866	-0.465215112513938	54.21	1108	registry
M13_SHOULDER	0.639486489268586	XIII Musculoskeletal	0.08743	0.04322	-0.341082849178896	54.2	1491	registry
M13_SHOULDERBURSITIS	-1.04575749056068	XIII Musculoskeletal	0.02189	0.009867	0	52.66	1174	registry
M13_SHOULDERNAS	-0.431798275933005	XIII Musculoskeletal	0.05404	0.01773	-0.0866478067256722	50.03	1199	registry
M13_SJOGREN	-0.387216143280265	XIII Musculoskeletal	0.00806	0.001441	0.0525924501191706	56.27	1246	registry
M13_SOFTOVERUSE	0.0569048513364726	XIII Musculoskeletal	0.03582	0.02786	0.108854404912082	54.57	1247	registry
M13_SOFTTISSUE	1.18298496700358	XIII Musculoskeletal	0.09087	0.03625	-0.21877809380457	50.48	1583	registry
M13_SOFTTISSUENAS	-0.522878745280338	XIII Musculoskeletal	0.03668	0.03336	0.16254392918528	50.42	1153	registry
M13_SOFTTISSUEOTH	0.836324115706752	XIII Musculoskeletal	0.07702	0.03079	0.154007812479348	51.88	1547	registry
M13_SPINALOSTEOCHON	-1.22184874961636	XIII Musculoskeletal	0.03454	0.009643	0.131905070879939	35.52	1195	registry
M13_SPINENTHES	-0.327902142064283	XIII Musculoskeletal	0.02275	0.02423	0.139327065221099	55.76	1194	registry
M13_SPININSTAB	-1.09691001300806	XIII Musculoskeletal	0.01722	0.02348	-0.205180850940037	47.96	1216	registry
M13_SPINSTENOSIS	0.3654879848909	XIII Musculoskeletal	0.04995	0.01775	-0.0335567835288426	66.83	1655	registry
M13_SPONDYLINFLAMNAS	-0.795880017344075	XIII Musculoskeletal	0.0007336	-0.006888	0.171429115627531	43.02	1259	registry
M13_SPONDYLOINFECTION	-2	XIII Musculoskeletal	0.02245	-0.003946	0.487352267580349	62.03	1117	registry
M13_SPONDYLOLISTHESIS	-0.148741651280925	XIII Musculoskeletal	0.03098	0.02518	-0.0725706928348355	54.63	1456	registry
M13_SPONDYLOPATHINOTH	-1.39794000867204	XIII Musculoskeletal	0.03052	-0.0133	1.44468118681962	67.32	1101	registry
M13_SPONDYLOPATHY	0.714329759745233	XIII Musculoskeletal	0.0679	0.0224	-0.0278852034895357	59.7	1699	registry
M13_SPONDYLOPATHYNAS	-1	XIII Musculoskeletal	0.02819	-0.01139	0.271933715483642	68.14	1241	registry
M13_SPONDYLOSIS	0.396199347095736	XIII Musculoskeletal	0.06605	0.03689	-0.0232686269393542	59.47	1609	registry
M13_SPONDYLOTRAUM	-2	XIII Musculoskeletal	-0.002665	-0.009625	0.326782586073696	59.9	1170	registry
M13_SPONTRUPTSYNOTEND	-0.537602002101044	XIII Musculoskeletal	0.004517	-0.0007337	-0.103695236338765	57.06	1111	registry
M13_SYNOHYPERTROPH	-1.39794000867204	XIII Musculoskeletal	0.003588	-0.01405	-0.578926036469922	36.05	1040	registry
M13_SYNOTEND	0.465382851448418	XIII Musculoskeletal	0.056	0.003575	-0.379797361359587	46.78	1431	registry
M13_SYNOTENDINOTH	-1.09691001300806	XIII Musculoskeletal	0.01213	0.01369	0.0760346862759976	53.03	1126	registry
M13_SYSTCONINOTH	-1.69897000433602	XIII Musculoskeletal	0.01026	0.01588	1.22847027592632	25.39	1241	registry
M13_SYSTCONNECT	0.28330122870355	XIII Musculoskeletal	0.01155	-0.002623	0.117338492417233	62.72	1311	registry
M13_SYSTSLCE	-1.04575749056068	XIII Musculoskeletal	-0.001849	0.0046	0.796154930634175	56.25	1093	registry
M13_TEMPARTERIT	-0.920818753952375	XIII Musculoskeletal	-0.01557	-0.01912	0.126192025237759	72.49	1204	registry
M13_TENDOSYNOVITISNAS	-0.267606240177031	XIII Musculoskeletal	0.02569	-0.006843	-0.243984217186061	42.18	1163	registry
M13_THORACISPINEPAIN	-0.142667503568732	XIII Musculoskeletal	0.03886	0.006469	0.0478373294141601	48.89	1171	registry
M13_TIBIALCOLLATERAL	-1.39794000867204	XIII Musculoskeletal	-0.008309	0.008505	-0.0325231917055601	51.13	1148	registry
M13_TIETZE	-0.795880017344075	XIII Musculoskeletal	0.01252	0.02604	-0.00451015547788602	53.16	1055	registry
M13_TOEDEFORMOTH	-0.853871964321762	XIII Musculoskeletal	0.01325	0.006818	-0.255537619125214	55.11	1182	registry
M13_TORTICOLLIS	-0.886056647693163	XIII Musculoskeletal	0.009899	0.01273	-0.0115666363714654	10.56	1174	registry
M13_TRANSSYNOVITIS	-1.15490195998574	XIII Musculoskeletal	0.01114	0.01136	0.0300441213483766	6.89	1102	registry
M13_TRIGGERFINGER	-0.283996656365201	XIII Musculoskeletal	0.0236	0.0163	-0.49593701127224	55.4	1357	registry
M13_TROCHANTERICBURSITIS	-0.214670164989233	XIII Musculoskeletal	0.03464	0.01124	-0.0222456089473197	61.31	1096	registry
M13_VARUS	-1.22184874961636	XIII Musculoskeletal	-0.02038	0.009103	-0.269187489815617	51.91	1019	registry
M13_VERTEBCOLLAPSE	-1.30102999566398	XIII Musculoskeletal	0.0004956	-0.003668	0.775187890896155	76.32	1111	registry
M13_WEGENER	-1.39794000867204	XIII Musculoskeletal	0.003325	0.01788	0.637105789676321	60.38	1047	registry
MACULAR_CYST	-1.22184874961636	Other (non-ICD endpoint)	-0.02784	0.009581	-0.399731576260404	72.17	1077	registry
MACULAR_HOLE	-0.769551078621726	Other (non-ICD endpoint)	-0.01751	-0.01509	-0.536143431750281	70.78	1192	registry
MACULAR_PUCKER	-0.42021640338319	Other (non-ICD endpoint)	-0.01855	0.01148	-0.426944139785289	71.79	1275	registry
MACULA_NAS	-0.309803919971486	Other (non-ICD endpoint)	0.02892	0.006999	-0.355960913205075	70.47	1250	registry
MEMLOSS	-0.408935392973501	Other (non-ICD endpoint)	-0.004237	0.0002624	0.306381149884265	71.05	1204	registry
MENINGITIS	-0.602059991327962	Other (non-ICD endpoint)	-0.0005409	0.02383	0.63921883853439	29.98	1096	registry
MIGRAINE_TRIPTAN	0.847572659142112	Other (non-ICD endpoint)	0.04571	0.007695	-0.487760350834995	33.66	1630	registry
MUCOPROCT	-0.356547323513813	Other (non-ICD endpoint)	-0.01912	-0.000424	0.11822738136465	41.81	1396	registry
MYCOBLUNGATYPICA	-1.39794000867204	Other (non-ICD endpoint)	0.005278	-0.001844	0.808705521194218	68.38	1099	registry
N14_ACUTENEPHRITIC	-1	XIV Genitourinary	1.136e-05	0.001918	0.843289838989665	33.02	1020	registry
N14_ACUTERENFAIL	0	XIV Genitourinary	0.01815	0.001039	1.2010184444995	73.61	1177	registry
N14_CALCUKIDUR	0.220108088040055	XIV Genitourinary	0.01329	0.02051	-0.158409736747642	49.99	1458	registry
N14_CALCULOWER	-0.552841968657781	XIV Genitourinary	0.003501	-0.002306	0.00199800266267306	65.15	1146	registry
N14_CHRONEPHROPATH	-0.769551078621726	XIV Genitourinary	0.01123	-0.002207	0.89117803105908	50.03	1068	registry
N14_CHRONKIDNEYDIS	0.14921911265538	XIV Genitourinary	0.001922	-0.003132	0.950498903203892	76.93	1208	registry
N14_CHRONTUBULOINTNEPHRITIS	-0.356547323513813	XIV Genitourinary	0.01107	0.003542	0.74810873863392	60.92	1040	registry
N14_CYSTITIS	1.02530586526477	XIV Genitourinary	0.02798	0.04276	0.470003629245736	62.07	1360	registry
N14_CYSTKID	-0.619788758288394	XIV Genitourinary	0.00915	0.01953	-0.118220631387431	62.35	1070	registry
N14_DIALYSIS	-0.958607314841775	XIV Genitourinary	0.004035	-0.007937	1.87080167656801	58.04	1217	registry
N14_DISIMPAIRRENTUB	-1.09691001300806	XIV Genitourinary	-0.004644	-0.00943	1.10938736183607	62.46	1109	registry
N14_DRUGSANDHEAVYMETAL	-2	XIV Genitourinary	-0.0004848	0.01417	0.956280380090314	64.13	1084	registry
N14_GENITOUROTH	-0.283996656365201	XIV Genitourinary	0.00776	-0.002107	0.016857117066423	65.09	1130	registry
N14_GLOMEINOTH	-0.397940008672038	XIV Genitourinary	-0.01933	0.0001279	1.46510554154418	61.78	1210	registry
N14_GLOMERULAR	-0.0969100130080564	XIV Genitourinary	-0.01586	-0.01239	1.08095735342939	54.7	1175	registry
N14_GLOMER_NEPHRITIS	-0.318758762624413	XIV Genitourinary	0.01487	-0.01542	0.782759339249633	46.7	1158	registry
N14_HYDRONEPHR	-0.292429823902064	XIV Genitourinary	0.006193	-0.0165	0.8424288832757	64.2	1140	registry
N14_HYPERTROPHYBREAST_BOTH	-0.0655015487564323	XIV Genitourinary	0.02638	0.02887	-0.0294288106908121	44.15	1424	registry
N14_IGA_NEPHROPATHY	-1.22184874961636	XIV Genitourinary	-0.02182	0.01364	0.640537230287648	46.98	1168	registry
N14_ISOLPROTEINURIA	-1.52287874528034	XIV Genitourinary	0.01162	0.002074	0.586674936049429	57.83	1157	registry
N14_KIDUROTH	-0.327902142064283	XIV Genitourinary	0.01113	0.01559	0.414424849479636	60.77	1061	registry
N14_NEPHRITICNAS	-0.920818753952375	XIV Genitourinary	0.0002504	-0.007405	1.05274285500966	45.73	1071	registry
N14_NEPHROPATHYHER	-2	XIV Genitourinary	0.002816	-0.00485	0.561328605939098	56.77	1093	registry
N14_NEPHROTICSYND	-0.958607314841775	XIV Genitourinary	0.001815	-0.002921	1.13269160232097	50.1	1089	registry
N14_NEUROMUSCDYSBLADD	-0.494850021680094	XIV Genitourinary	0.0002446	-0.002677	0.318453731118535	63.11	1147	registry
N14_OTHBLADD	-0.346787486224656	XIV Genitourinary	0.006355	0.02319	0.186064543072789	64.82	1164	registry
N14_OTHETNASKIDUR	-0.920818753952375	XIV Genitourinary	0.01394	0.01368	0.544357106974783	54.35	1198	registry
N14_PYELONEPHR	0.755112266395071	XIV Genitourinary	0.02253	0.03218	0.542324290825362	66.24	1258	registry
N14_RAPIDPROGNEPHRITIC	-2	XIV Genitourinary	0.01545	-0.02791	0.933541085280683	58.72	1123	registry
N14_RECURANDPERHEAMATUR	-1.39794000867204	XIV Genitourinary	-0.009698	-0.01967	0.6024015672532	52.05	1095	registry
N14_RENALTUBULOINOTH	-1.52287874528034	XIV Genitourinary	-0.001082	-0.01019	0.849937231324134	62.48	1071	registry
N14_RENALTUBULOOTH	-0.769551078621726	XIV Genitourinary	-0.001857	-0.01942	0.805359171166873	38.03	1088	registry
N14_RENFAIL	0.372912002970107	XIV Genitourinary	0.001913	-0.002578	0.923067716153179	76.09	1309	registry
N14_RENFAILNAS	-0.318758762624413	XIV Genitourinary	-0.009148	-0.003412	0.986562784859487	78.8	1059	registry
N14_TUBULOINTNEPHRNAS	-0.283996656365201	XIV Genitourinary	-0.0141	-0.007378	0.704828685333783	68.81	1101	registry
N14_UNSPECKIDCONTR	-1.52287874528034	XIV Genitourinary	-0.01448	0.002479	0.902191807494653	65.34	1175	registry
N14_URETHRALSTRICT	-0.42021640338319	XIV Genitourinary	-0.001036	0.007951	0.112882157056672	63.48	1123	registry
N14_URETHRAOTH	0.88309335857569	XIV Genitourinary	0.04076	0.05412	0.54028733391561	67.22	1378	registry
N14_URETHRITISANDURSYNDR	-0.920818753952375	XIV Genitourinary	0.003462	0.006095	0.297879897428227	41.23	994	registry
N14_URINOTH	1.18864729599972	XIV Genitourinary	0.03759	0.04944	0.268116916956941	61.52	1341	registry
NAFLD	-0.568636235841013	Other (non-ICD endpoint)	0.01558	0.01605	0.501078272311111	52.61	1247	registry
NECROVASC_FG	-0.677780705266081	Other (non-ICD endpoint)	0.0005244	-0.009631	0.293788390883542	68.5	1121	registry
NEURODEGOTH	0.611723308007342	Other (non-ICD endpoint)	-0.003828	0.0427	0.488580014818671	80.45	1402	registry
NIV	-0.0809219076239261	Other (non-ICD endpoint)	0.001968	0.01525	1.26016408397568	56.59	1186	registry
NONALLERG_ASTHMA_EXMORE	0.139879086401236	Other (non-ICD endpoint)	0.02825	-0.003225	0.267734434642085	29.7	1302	registry
OSTEON_DRUGS	-1.52287874528034	Other (non-ICD endpoint)	-0.00276	0.008903	1.74527913534551	67.96	1052	registry
OSTEOPOROSIS_FRACTURE_FG	-0.244125144327509	Other (non-ICD endpoint)	0.01437	-0.009368	1.15735278369071	78.72	1229	registry
OSTPOPATFRACTURE	-1.39794000867204	Other (non-ICD endpoint)	0.0008726	-0.01246	1.14708494211889	70.33	1102	registry
OTHER_DRUGADVERS_SECONDA_PARKINSONI	-1.39794000867204	Other (non-ICD endpoint)	0.004368	-0.003146	0.765932850285593	68.05	1136	registry
OTHER_SYSTCON_FG	0.176091259055681	Other (non-ICD endpoint)	0.005087	-0.01997	0.0634441725565349	63.94	1426	registry
P16_BIRTH_TRAUMA	-0.853871964321762	XVI Perinatal	-0.001529	0.01504	0.38458189719174	0.05	1090	registry
P16_DISORD_RELATED_GESTATION_LOW_BIRTHWGHTT_NECIFIED	-0.130768280269024	XVI Perinatal	0.03359	0.007262	0.906442395819341	0	1167	registry
P16_FET_NEWB_MATERN_FACTO_COMPLICATIO_PREGNAC_LABOUR_DELIV	-0.214670164989233	XVI Perinatal	-0.003486	0.0003594	0.375692949774494	0.01	1078	registry
P16_INFECTIONS_SPECIFIC_PERINA_PERIOD	-0.214670164989233	XVI Perinatal	0.01122	0.005618	0.182738136679171	0	1078	registry
P16_NEONTAL_JAUND_OTH_UNSP_CAUSES	-0.102372908709559	XVI Perinatal	0.02358	-0.001478	0.136713823315822	0.01	1045	registry
P16_OTH_DISORD_ORIGINA_PERINA_PERIOD	-0.568636235841013	XVI Perinatal	-0.01602	0.01386	1.02514513678624	0.08	1024	registry
P16_RESPI_CARDIOV_DISORD_SPECIFIC_PERINA_PERIOD	0.0211892990699381	XVI Perinatal	0.03032	0.03263	0.697139201829483	0	1141	registry
P16_RESPI_DISTR_NEWBO	-0.154901959985743	XVI Perinatal	0.01958	0.02747	0.366377719400117	0	1093	registry
P16_SLOW_FETAL_GROWTH_FETAL_MALNUTRITION	-0.744727494896694	XVI Perinatal	0.003708	0.01992	1.34299534297474	0.01	1154	registry
P16_TRANSITO_DISORD_CARBOH_METABOLISM_SPECIFIC_FETUS_NEWBO	-0.207608310501746	XVI Perinatal	-0.006344	0.01934	0.0792731808945079	0	1119	registry
PAIN	1.48995847942483	Other (non-ICD endpoint)	0.06692	0.0476	-0.267879445155601	42.51	1590	registry
PD2ND_EXMORE	-0.795880017344075	Other (non-ICD endpoint)	0.005808	0.01517	0.961646433594952	71.35	1062	registry
PD_DEMENTIA_EXMORE	-0.853871964321762	Other (non-ICD endpoint)	-0.0242	0.01736	1.38316446811096	77.63	1054	registry
PHANTOMLIMB	-2	Other (non-ICD endpoint)	0.009202	0.003511	0.576051408683698	55.87	1119	registry
PNEUMO_SEPTHICHE	-0.677780705266081	Other (non-ICD endpoint)	-0.01392	0.003278	0.933541085280683	40.52	1152	registry
POLLENALLERG	0.184691430817599	Other (non-ICD endpoint)	0.004037	-0.01574	-0.329198752654715	14.16	1434	registry
POLYCYTVERA	-0.920818753952375	Other (non-ICD endpoint)	-0.01476	0.005894	0.415415438961333	67.45	1127	registry
PRIM_COXARTHROSIS	0.0791812460476248	Other (non-ICD endpoint)	0.0423	0.0003799	-0.280375497269343	69.55	1510	registry
PRIM_KNEEARTHROSIS	0.390935107103379	Other (non-ICD endpoint)	0.01628	0.01021	-0.295714244149045	68.02	1706	registry
PSORI_STRICT	-1.15490195998574	Other (non-ICD endpoint)	0.01905	0.004451	0.443402947448557	51.67	1184	registry
PULM_INFECTIONS	1.46389298898591	Other (non-ICD endpoint)	0.03968	0.0342	0.332535928085407	30.48	1407	registry
Q17_ASD	-0.721246399047171	XVII Congenital	-0.002155	-0.0162	0.438899884194402	10.26	1107	registry
Q17_AVSD	-1.52287874528034	XVII Congenital	0.01078	-0.009327	1.41694480031865	4.19	1060	registry
Q17_CLEFT_LIP_CLEFT_PALATE	-0.920818753952375	XVII Congenital	0.01629	0.007477	0.323893454414353	1.21	1180	registry
Q17_COMPLEX_CARD_DEFEC	-1.52287874528034	XVII Congenital	0.004993	-0.0121	1.65984581497795	5.92	1008	registry
Q17_CONGEN_DEFORMITI_FEET	-0.744727494896694	XVII Congenital	-0.004856	-0.005456	0.0153811020383024	10.23	1010	registry
Q17_CONGEN_DEFORMITI_HIP	-0.537602002101044	XVII Congenital	0.00618	0.01584	0.405131719206927	0.08	1105	registry
Q17_CONGEN_ICHTHYOSIS	-1.69897000433602	XVII Congenital	0.003989	0.004441	0.596085467716814	19.16	1134	registry
Q17_CONGEN_LENS_MALFO	-1.52287874528034	XVII Congenital	0.008714	-0.004844	0.399782324972666	10.95	1030	registry
Q17_CONGEN_MALFO_ANTER_SEGMENT_EYE	-1.22184874961636	XVII Congenital	0.002868	0.0005247	-0.0549843083327596	17.73	1060	registry
Q17_CONGEN_MALFO_CARDIAC_CHAMB_CONNECTIO	-1.69897000433602	XVII Congenital	0.01778	0.00873	1.90657514365664	2.36	1075	registry
Q17_CONGEN_MALFO_CIRCULATO_SYSTEM	-0.0177287669604316	XVII Congenital	0.001982	0.002646	0.330382301983808	4.83	1199	registry
Q17_CONGEN_MALFO_DEFORMAT_MUSCULOS_SYSTEM	-0.0757207139381184	XVII Congenital	-0.007752	0.0148	0.176051943780359	4.18	1063	registry
Q17_CONGEN_MALFO_EYELID_LACRIMAL_APPARA_ORBIT	-0.769551078621726	XVII Congenital	-0.0004517	-0.001558	0.123985979780991	1.3	1111	registry
Q17_CONGEN_MALFO_EYE_EAR_FACE_NECK	-0.221848749616356	XVII Congenital	0.009025	0.007508	-0.0397808700118445	6.75	1111	registry
Q17_CONGEN_MALFO_GALLB_BILE_DUCTS_LIVER	-1.52287874528034	XVII Congenital	0.01412	-0.002198	0.20375683751402	55.99	1063	registry
Q17_CONGEN_MALFO_GREAT_ARTERIES	-0.769551078621726	XVII Congenital	0.009603	0.02161	0.853350932100281	0.49	1136	registry
Q17_CONGEN_MALFO_MUSCULOS_SYSTEM_NOT_ELSEW_CLASSIFIED	-1.22184874961636	XVII Congenital	0.02704	0.03448	0.696142689539744	22.8	1105	registry
Q17_CONGEN_MALFO_NERVOUS_SYSTEM	-0.823908740944319	XVII Congenital	0.002948	0.007887	0.914288729203482	10.11	1026	registry
Q17_CONGEN_MALFO_OESOPHAGUS	-1.69897000433602	XVII Congenital	0.01279	0.006403	0.346422567474381	21.73	1147	registry
Q17_CONGEN_MALFO_POSTERI_SEGMENT_EYE	-1.52287874528034	XVII Congenital	-0.002535	0.02313	-0.24782053902665	18.62	1052	registry
Q17_CONGEN_MALFO_PULMONARY_TRICU_VALVES	-1.30102999566398	XVII Congenital	-0.01369	-0.003866	1.30182520449344	1.11	994	registry
Q17_CONGEN_MALFO_RESPI_SYSTEM	-1	XVII Congenital	-0.01854	0.005554	0.423959690744329	10.9	1141	registry
Q17_CONGEN_MALFO_TRACHEA_BRONCHUS	-1.39794000867204	XVII Congenital	-0.01046	0.01476	0.371908324579322	44.83	1113	registry
Q17_CONGEN_MALFO_URINARY_SYSTEM	-0.522878745280338	XVII Congenital	-0.01705	-0.008118	0.543776723905677	10.78	1224	registry
Q17_CONGEN_OBSTRUCTIVE_DEFECTS_RENAL_PELVIS_CONGEN_MALFO_URETER	-0.823908740944319	XVII Congenital	-0.00999	-0.01275	0.252702353555754	2.92	1100	registry
Q17_CONOTR_DEFEC	-1.09691001300806	XVII Congenital	-0.01888	0.01042	1.45091100420586	0.6	1036	registry
Q17_CYSTIC_KIDNEY_DISEA	-1	XVII Congenital	-0.01832	0.01319	0.35697489894773	47.37	1098	registry
Q17_DOWNS_SYNDR	-1.15490195998574	XVII Congenital	0.004514	0.006635	2.61765127465859	24.93	1074	registry
Q17_LVOTO_BROAD	-0.397940008672038	XVII Congenital	0.007207	-0.004116	0.670645915213432	48.76	1205	registry
Q17_LVOTO_NARROW	-0.657577319177794	XVII Congenital	-0.01194	-0.007546	0.37672263924251	18.56	1190	registry
Q17_OTHER_CONGEN_MALFO	-0.275724130399211	XVII Congenital	-0.002041	0.01378	0.371218669379573	17.09	1089	registry
Q17_OTHER_CONGEN_MALFO_BRAIN	-1.39794000867204	XVII Congenital	-0.009505	-0.01434	1.23226867348078	5.21	1113	registry
Q17_OTHER_CONGEN_MALFO_CIRCULATO_SYSTEM	-1.09691001300806	XVII Congenital	0.01242	-0.01463	0.198850858745165	50.81	1117	registry
Q17_OTHER_CONGEN_MALFO_DIGES_SYSTEM1	-0.283996656365201	XVII Congenital	0.009818	-0.01453	0.272314595320659	4.64	1103	registry
Q17_OTHER_CONGEN_MALFO_FACE_NECK	-0.769551078621726	XVII Congenital	0.0282	0.008607	0.0416216746908195	23.91	1145	registry
Q17_OTHER_CONGEN_MALFO_HEART	-1.52287874528034	XVII Congenital	-0.004623	-0.007935	0.732127480200829	10.16	1064	registry
Q17_OTHER_CONGEN_MALFO_INTESTINE	-1.30102999566398	XVII Congenital	0.01655	-0.0116	0.313715249498597	16.48	1079	registry
Q17_OTHER_CONGEN_MALFO_NERVOUS_SYSTEM	-1.30102999566398	XVII Congenital	0.003192	0.02401	0.558186195125828	19.42	1157	registry
Q17_OTHER_CONGEN_MALFO_NOT_ELSEW_CLASSIFIED	-1.39794000867204	XVII Congenital	0.004342	0.006959	0.758466646680588	10.81	1115	registry
Q17_OTHER_CONGEN_MALFO_PERIP_VASCULAR_SYSTEM	-1.30102999566398	XVII Congenital	0.004536	0.01636	0.0153811020383022	27.46	1085	registry
Q17_OTHER_CONGEN_MALFO_SKIN	-0.602059991327962	XVII Congenital	-0.00386	0.01435	-0.099268001658669	14.42	1048	registry
Q17_OTHER_CONGEN_MALFO_UPPER_ALIME_TRACT	-1.39794000867204	XVII Congenital	-0.009741	-0.006463	0.525911261184032	5.28	1109	registry
Q17_OTHER_OSTEOCHONDROD	-1.39794000867204	XVII Congenital	-0.01937	-0.001015	0.235862323721984	20.01	1092	registry
Q17_OTHER_SPECIFE_CONGEN_MALFO_SYNDR_AFFECTING_MULTIPLE_SYSTEMS	-1.09691001300806	XVII Congenital	-0.0155	0.01448	1.32720761866056	7.85	1078	registry
Q17_PHAKOMATOSES_NOT_ELSEW_CLASSIFIED	-1.30102999566398	XVII Congenital	-0.006008	0.008455	0.758466646680588	24.21	1047	registry
Q17_RENAL_AGENE_OTHER_REDUCT_DEFECTS_KIDNEY	-1.69897000433602	XVII Congenital	-0.01757	-0.002298	0.90300283754722	14.59	1093	registry
Q17_RVOTO	-1.22184874961636	XVII Congenital	-0.02049	0.002787	1.27620043832282	0.66	1034	registry
Q17_SEPTA_DEFEC	-0.267606240177031	XVII Congenital	0.01059	0.003753	0.244905043095723	0.53	1176	registry
Q17_VACTREL	0.0644579892269185	XVII Congenital	-0.008471	-0.002067	0.335400233659877	4.73	1081	registry
R18_ANOREXIA	-0.958607314841775	XVIII Symptoms	-0.01683	0.007476	1.11530551160977	21.18	1051	registry
R18_RETEN_URINE	0.361727836017593	XVIII Symptoms	0.006316	0.009124	0.473123756581979	71.99	1141	registry
REITER	-1.52287874528034	Other (non-ICD endpoint)	0.01017	0.001544	0.251925352739662	43.46	1072	registry
RESP_ILL_DIS_CLASS_ELSEWHERE	-1.52287874528034	Other (non-ICD endpoint)	0.002564	0.001641	1.07653708101625	65.05	1050	registry
RHEUMAT_LUNG	-2	Other (non-ICD endpoint)	0.02392	-0.003334	1.10426296017692	70.83	1130	registry
RHEUMA_ARHTROPAT_REACTIVE	-0.522878745280338	Other (non-ICD endpoint)	0.02541	0.001287	0.0792731808945079	44.48	1090	registry
RHEUMA_NOS	-0.0655015487564323	Other (non-ICD endpoint)	0.01677	-0.009391	0.399111634135989	56.2	1200	registry
RHEUMA_OTHER_WIDE	-0.00436480540245009	Other (non-ICD endpoint)	0.005376	-0.02068	0.323169865381334	63.04	1270	registry
RHEUMA_SERONEG	-0.267606240177031	Other (non-ICD endpoint)	-0.0002209	-0.01579	0.0406619817188897	58.77	1304	registry
RHEUMA_SEROPOS_STRICT	-0.301029995663981	Other (non-ICD endpoint)	-0.00243	-0.01254	0.0916671885258239	59.6	1413	registry
RHEUMA_SEROPOS_WIDE	0.143014800254095	Other (non-ICD endpoint)	0.003403	-0.006989	0.245687515749104	60.05	1420	registry
RHEU_ARTHRITIS_OTH	0.15836249209525	Other (non-ICD endpoint)	-0.004873	-0.002302	0.111094047505587	51.3	1282	registry
RHINITIS_VASOMOTOR	-0.568636235841013	Other (non-ICD endpoint)	-0.00766	-0.01245	-0.249102590484306	46.83	1031	registry
RX_ANTIHYP	1.51574141666937	Other (non-ICD endpoint)	0.01493	-0.00125	-0.438504962186365	57.85	1948	registry
RX_CODEINE_TRAMADOL	0.881954971339601	Other (non-ICD endpoint)	0.06839	0.0392	-0.20089294237939	54.6	1578	registry
RX_CROHN_1STLINE	1	Other (non-ICD endpoint)	0.03674	-0.006472	0.084341148433751	55.02	1551	registry
RX_CROHN_2NDLINE	0.322219294733919	Other (non-ICD endpoint)	-0.01554	-0.007952	0.141065440278603	53.34	1480	registry
RX_GLUCOSAMINE	0.469822015978163	Other (non-ICD endpoint)	-0.01603	0.004772	-0.474011650643274	63.99	1301	registry
RX_N05C	1.06145247908719	Other (non-ICD endpoint)	0.01055	0.01444	0.0540145883062381	57.02	1589	registry
RX_PARACETAMOL_NSAID	1.7570162347313	Other (non-ICD endpoint)	0.07639	0.03457	-0.381260419411347	40.07	1536	registry
RX_RHEUMA_BIOLOGICAL	-0.408935392973501	Other (non-ICD endpoint)	0.03052	-0.01048	-0.0613436302410521	45.2	1290	registry
RX_STATIN	1.26599637049508	Other (non-ICD endpoint)	0.0182	0.02588	-0.42541274591786	61.32	1754	registry
SCND_OTH_COXARTHROSIS	-0.886056647693163	Other (non-ICD endpoint)	0.008607	-0.001391	0.0276151670329734	57.39	1119	registry
SCND_OTH_KNEEARTHROSIS	-0.744727494896694	Other (non-ICD endpoint)	0.004255	0.00403	-0.124996490174685	56.46	1156	registry
SFN	-1.22184874961636	Other (non-ICD endpoint)	0.01262	-0.001112	0.519983561550756	63.93	1132	registry
SLEEP	0.745074791582058	Other (non-ICD endpoint)	0.04079	0.01361	0.0966728872602609	53.04	1512	registry
SLE_FG	-0.795880017344075	Other (non-ICD endpoint)	0.006166	0.009596	0.514319513020246	50.68	1215	registry
SLE_OTH	-1.52287874528034	Other (non-ICD endpoint)	0.008042	0.01273	0.789593078828197	48.85	1157	registry
SMOKING_DEPEND	-0.537602002101044	Other (non-ICD endpoint)	0.0422	0.01017	1.27787361216547	56.15	1190	registry
SPONDYLOARTHRITIS	0.0374264979406237	Other (non-ICD endpoint)	0.03015	0.009552	0.213900969947277	50.27	1288	registry
SPONDYLOPATHY_FG	-0.2518119729938	Other (non-ICD endpoint)	0.0201	-0.005242	0.0648509723196163	40.19	1342	registry
ST19_FRACT_FEMUR	0.481442628502305	XIX Injury	-0.001766	-0.001464	0.640800700187736	77.16	1357	registry
ST19_FRACT_FOOT_ANKLE	0.195899652409234	XIX Injury	-0.005438	-0.00636	0.165090619865593	37.26	1199	registry
ST19_FRACT_FOREA	0.662757831681574	XIX Injury	-0.03689	-0.007035	0.0502177161606173	44.86	1415	registry
ST19_FRACT_INVOLVI_MULTIPLE_BODY_REGIONS	-2	XIX Injury	0.002345	-0.002671	0.370183293963525	53.75	1069	registry
ST19_FRACT_LOWER_LEG_INCLU_ANKLE	0.60959440922522	XIX Injury	0.02495	0.01154	0.167630841383951	48.02	1252	registry
ST19_FRACT_LUMBAR_SPINE_PELVIS	0.130333768495006	XIX Injury	0.01194	0.01278	0.46216045178471	71.4	1240	registry
ST19_FRACT_NECK	-0.522878745280338	XIX Injury	-0.01014	-0.00331	0.530039842689795	62.27	1137	registry
ST19_FRACT_RIBS_STERNUM_THORACIC_SPINE	0.225309281725863	XIX Injury	0.01771	0.01701	0.3389691168198	62.07	1333	registry
ST19_FRACT_SHOUL_UPPER_ARM	0.468347330412157	XIX Injury	0.0002435	-7.888e-05	0.331100692819302	49.99	1270	registry
ST19_FRACT_SKULL_FACIAL_BONES	0.238046103128795	XIX Injury	0.02605	0.008752	0.571544358800697	38.3	1085	registry
ST19_FRACT_SPINE_LEVEL_UNSPE	-2	XIX Injury	0.00409	-0.004529	0.626740248362347	68.87	1136	registry
ST19_FRACT_WRIST_HAND_LEVEL	0.469822015978163	XIX Injury	0.0007691	0.001134	0.137585662952563	34.2	1305	registry
ST19_TOXIC_EFFECT_ALCOHOL	-0.744727494896694	XIX Injury	-0.02389	0.02975	1.34690363351497	28.2	1119	registry
ST19_TOXIC_EFFECT_ETHAN	-0.455931955649724	XIX Injury	0.02363	0.03462	1.58504275559938	21.51	1186	registry
STILL_ADULT	-2	Other (non-ICD endpoint)	0.004627	-0.01442	0.361513220578982	49.3	1155	registry
SYSTINOTH_FG	-1.69897000433602	Other (non-ICD endpoint)	-0.000712	0.01134	1.60843741210052	14.71	1236	registry
T1D_WIDE	0.124707403022782	Other (non-ICD endpoint)	-0.0145	-0.01229	0.681833420659672	30.82	1543	case-count proxy
T2D_WIDE	0.815577748324267	Other (non-ICD endpoint)	0.02721	0.01464	0.262748805906569	68.98	1861	registry
TBC_RESP	-0.292429823902064	Other (non-ICD endpoint)	-0.01266	0.01654	0.803569861810036	53.02	1119	registry
TEMPOROMANDIB_INCLAVO	0.348304863048161	Other (non-ICD endpoint)	0.02478	-0.009916	-0.294371060602578	39.7	1227	registry
THROMBOCYTAEMIA	-0.958607314841775	Other (non-ICD endpoint)	-0.02459	-0.02244	0.29154958397827	65.45	1269	registry
THYROIDITIS	-0.431798275933005	Other (non-ICD endpoint)	-0.03921	-0.01221	-0.208870892027491	45.67	1189	registry
THYROTOXICOSIS	0.176091259055681	Other (non-ICD endpoint)	0.00791	-0.00939	0.20089794236689	54.48	1542	registry
TONGUEABNORMALITY	-0.657577319177794	Other (non-ICD endpoint)	-0.005789	-0.01142	-0.121038328377056	57.72	1152	registry
TRAUMBRAIN_NONCONCUS	0.20682587603185	Other (non-ICD endpoint)	-0.007899	-0.003609	0.544066957545793	62.24	1206	registry
ULCERENTER	-0.958607314841775	Other (non-ICD endpoint)	-0.009429	-0.004874	0.348189040288434	43.87	1271	registry
ULCERILEO	-0.958607314841775	Other (non-ICD endpoint)	0.0006694	-0.01154	0.207014169384326	41.83	1341	registry
ULCERNAS	-0.292429823902064	Other (non-ICD endpoint)	-0.008884	0.004461	0.353469812989784	45.73	1355	registry
ULCEROTH	-0.744727494896694	Other (non-ICD endpoint)	-0.004515	-0.005304	0.0875528970078615	43.13	1219	registry
ULCERPROCT	-0.698970004336019	Other (non-ICD endpoint)	0.0003235	-0.00383	-0.114289146402128	42.59	1311	registry
ULCERRECT	-0.568636235841013	Other (non-ICD endpoint)	-0.008765	0.004932	-0.129539371354985	44.63	1345	registry
ULCER_ARTHR	-1.52287874528034	Other (non-ICD endpoint)	-0.01806	-0.02162	0.111094047505587	45.6	1184	registry
VD_MI	-0.602059991327962	Other (non-ICD endpoint)	0.006646	0.004387	1.01069140729564	79.25	1058	registry
VD_MX	-1.04575749056068	Other (non-ICD endpoint)	0.002485	-0.004235	0.853989705676776	82.65	1120	registry
VD_O	-1.39794000867204	Other (non-ICD endpoint)	-0.02475	0.009049	0.952815506556527	82.87	1005	registry
VD_SC	-0.721246399047171	Other (non-ICD endpoint)	0.01154	0.02194	0.546385799164542	82.23	1087	registry
VD_SO	-1.30102999566398	Other (non-ICD endpoint)	0.01152	-0.007317	0.984509970851299	80.97	1101	registry
VD_U	-0.327902142064283	Other (non-ICD endpoint)	-0.0002599	0.02696	1.1082325320451	84.37	1249	registry
VIRALPNEUMOKNOWN	-1	Other (non-ICD endpoint)	-0.007201	0.01144	1.12525421961453	29.1	1141	registry
VIRALPNEUMONAS	-0.494850021680094	Other (non-ICD endpoint)	-0.02097	0.02974	0.874635056605323	26.87	1128	registry
VIT_DEF	-0.657577319177794	Other (non-ICD endpoint)	0.003716	0.002644	0.706556867469863	60.22	1168	registry
VOCALCORDDYS	-0.214670164989233	Other (non-ICD endpoint)	0.03531	0.03537	0.516708286924146	52.45	1182	registry
VWXY20_SUICI_OTHER_INTENTI_SELF_H	0.294466226161593	XX External	0.01902	0.05481	1.31988742892229	36.64	1416	registry
WET_AMD	-0.0705810742857073	Other (non-ICD endpoint)	0.02813	-0.01313	-0.338273858567841	79.09	1324	registry
YERSINIAENTERITIS	-1.69897000433602	Other (non-ICD endpoint)	-0.02266	-0.001158	0.311154428636923	40.57	1106	registry
Z21_KIDNEY_TRANSPLANT_STATUS	-1	Other (non-ICD endpoint)	-0.004352	-0.01514	1.19270961204723	52.22	1164	registry
Z21_LUNG_TRANSPLANT_STATUS	-2	Other (non-ICD endpoint)	-0.009995	0.01203	1.66883825571555	57.14	1054	registry
Z21_PREVIOUS_SUICIDE_ATTEMPT	-1.30102999566398	Other (non-ICD endpoint)	-0.001254	0.02873	1.54361857139681	30.26	1171	registry
Z21_PROBL_RELATED_MEDICAL_FACILITI_OTH_HEALTH_CARE	-0.2518119729938	Other (non-ICD endpoint)	0.001004	0.006055	0.849509698183804	78.09	1026	registry
Z21_PROCREATIVE_MANAG	0.181843587944773	Other (non-ICD endpoint)	0.01536	0.03526	0.0358496528936972	33.71	1196	registry
Z21_TOBAC_USE	-0.677780705266081	Other (non-ICD endpoint)	0.03012	0.01845	1.16408787062702	47.75	1235	registry
