phenocode	mode	q	n_m	pp_m	mm_m	dpfm_m	dmfp_m	n_f	pp_f	mm_f	dpfm_f	dmfp_f
I9_THROMBOTH	nominal	0.05	1336	360	370	282	324	1330	313	316	348	353
M13_DORSOPATHY	nominal	0.05	1636	479	548	261	348	1662	445	495	354	368
G6_CAUSALGIA	nominal	0.05	1153	290	274	303	286	1177	292	309	294	282
Q17_CONGENITAL_NASOLACRIMAL_DUCT_OBSTRUCTION_OR_STENOSIS	nominal	0.05	1132	262	280	300	290	1088	262	297	281	248
CD2_BENIGN_SIGMOID_COLON	nominal	0.05	1270	325	334	304	307	1281	321	361	302	297
AB1_ACTINOMYCOSIS	nominal	0.05	1037	277	316	204	240	1111	239	284	278	310
I9_THROMBOTH	fdr	0.05	169	50	50	32	37	163	32	49	40	42
M13_DORSOPATHY	fdr	0.05	324	119	122	27	56	331	92	98	65	76
Q17_CONGENITAL_NASOLACRIMAL_DUCT_OBSTRUCTION_OR_STENOSIS	fdr	0.05	127	24	28	35	40	130	34	37	27	32
CD2_BENIGN_SIGMOID_COLON	fdr	0.05	186	56	50	42	38	145	37	50	25	33
G6_CAUSALGIA	fdr	0.05	164	30	41	37	56	111	31	22	17	41
AB1_ACTINOMYCOSIS	fdr	0.05	140	40	57	16	27	127	26	29	34	38
M13_DORSOPATHY	fdr	0.1	524	169	198	66	91	541	143	170	112	116
G6_CAUSALGIA	fdr	0.1	250	53	61	60	76	202	50	51	42	59
I9_THROMBOTH	fdr	0.1	300	88	84	60	68	312	61	89	81	81
Q17_CONGENITAL_NASOLACRIMAL_DUCT_OBSTRUCTION_OR_STENOSIS	fdr	0.1	241	49	55	71	66	236	62	67	55	52
AB1_ACTINOMYCOSIS	fdr	0.1	227	65	82	34	46	231	42	66	61	62
CD2_BENIGN_SIGMOID_COLON	fdr	0.1	305	81	79	72	73	277	71	91	58	57
I9_THROMBOTH	fdr	0.2	664	183	183	138	160	717	159	182	189	187
M13_DORSOPATHY	fdr	0.2	993	307	361	136	189	1047	278	324	221	224
G6_CAUSALGIA	fdr	0.2	524	128	132	125	139	511	121	131	126	133
Q17_CONGENITAL_NASOLACRIMAL_DUCT_OBSTRUCTION_OR_STENOSIS	fdr	0.2	492	106	123	137	126	513	121	138	135	119
AB1_ACTINOMYCOSIS	fdr	0.2	445	123	155	78	89	477	93	121	125	138
CD2_BENIGN_SIGMOID_COLON	fdr	0.2	607	155	154	147	151	602	160	185	134	123
AB1_ACTINOMYCOSIS_WIDE	nominal	0.05	1042	284	311	221	226	1101	259	297	267	278
G6_CERCYST	nominal	0.05	1017	247	245	253	272	1099	304	296	261	238
Q17_CONGENITAL_NASOLACRIMAL_DUCT_OBSTRUCTION_OR_STENOSIS_WIDE	nominal	0.05	1116	265	275	280	296	1139	278	331	274	256
CD2_BENIGN_SKIN	nominal	0.05	1150	254	288	297	311	1147	263	296	286	302
I9_TIA	nominal	0.05	1311	377	363	280	291	1307	313	329	334	331
M13_DORSOPATHYNAS	nominal	0.05	1122	293	294	262	273	1132	300	293	284	255
CD2_BENIGN_SKIN	fdr	0.05	129	24	36	33	36	128	29	28	40	31
I9_TIA	fdr	0.05	230	82	81	30	37	201	37	50	51	63
M13_DORSOPATHYNAS	fdr	0.05	125	32	31	29	33	120	33	28	27	32
AB1_ACTINOMYCOSIS_WIDE	fdr	0.05	140	51	52	18	19	124	14	34	39	37
Q17_CONGENITAL_NASOLACRIMAL_DUCT_OBSTRUCTION_OR_STENOSIS_WIDE	fdr	0.05	134	23	29	33	49	135	37	38	28	32
G6_CERCYST	fdr	0.05	79	26	17	15	21	127	30	38	34	25
Q17_CONGENITAL_NASOLACRIMAL_DUCT_OBSTRUCTION_OR_STENOSIS_WIDE	fdr	0.1	225	39	54	62	70	232	57	66	51	58
CD2_BENIGN_SKIN	fdr	0.1	246	55	62	62	67	246	55	55	77	59
M13_DORSOPATHYNAS	fdr	0.1	206	48	57	50	51	224	53	65	53	53
I9_TIA	fdr	0.1	357	115	117	59	66	327	61	85	87	94
AB1_ACTINOMYCOSIS_WIDE	fdr	0.1	225	75	81	32	37	208	33	57	63	55
G6_CERCYST	fdr	0.1	154	50	33	32	39	208	51	68	47	42
G6_CERCYST	fdr	0.2	364	102	83	83	96	457	117	138	114	88
Q17_CONGENITAL_NASOLACRIMAL_DUCT_OBSTRUCTION_OR_STENOSIS_WIDE	fdr	0.2	469	94	109	132	134	488	121	135	119	113
CD2_BENIGN_SKIN	fdr	0.2	482	98	120	123	141	512	117	122	139	134
I9_TIA	fdr	0.2	689	205	211	131	142	672	142	173	174	183
M13_DORSOPATHYNAS	fdr	0.2	471	120	128	110	113	500	126	134	118	122
AB1_ACTINOMYCOSIS_WIDE	fdr	0.2	433	136	142	78	77	449	91	118	127	113
AB1_AMOEBIASIS	nominal	0.05	1054	262	261	268	263	1029	219	248	275	287
M13_DORSOPATHYOTH	nominal	0.05	1597	459	515	266	357	1633	432	488	341	372
I9_UAP	nominal	0.05	1455	413	398	324	320	1551	377	408	385	381
Q17_CONGENITAL_OBSTRUCTION_OF_THE_PELVIURETERIC_JUNCTION	nominal	0.05	1110	292	276	263	279	1041	235	278	253	275
CD2_BENIGN_SMALL_INTESTINE	nominal	0.05	1050	272	297	225	256	1044	207	265	296	276
G6_CEROEDEMA	nominal	0.05	1029	260	256	257	256	1114	292	287	273	262
M13_DORSOPATHYOTH	fdr	0.05	317	117	117	28	55	314	91	97	55	71
I9_UAP	fdr	0.05	254	80	82	48	44	273	71	69	72	61
G6_CEROEDEMA	fdr	0.05	96	19	23	28	26	122	41	28	28	25
AB1_AMOEBIASIS	fdr	0.05	123	29	32	28	34	120	22	19	38	41
Q17_CONGENITAL_OBSTRUCTION_OF_THE_PELVIURETERIC_JUNCTION	fdr	0.05	163	56	40	29	38	112	28	23	34	27
CD2_BENIGN_SMALL_INTESTINE	fdr	0.05	89	23	24	19	23	88	20	18	25	25
M13_DORSOPATHYOTH	fdr	0.1	491	163	182	57	89	513	142	166	98	107
AB1_AMOEBIASIS	fdr	0.1	205	50	45	50	60	195	39	35	58	63
I9_UAP	fdr	0.1	442	134	138	91	79	471	122	120	125	104
G6_CEROEDEMA	fdr	0.1	183	44	43	53	43	220	60	55	53	52
Q17_CONGENITAL_OBSTRUCTION_OF_THE_PELVIURETERIC_JUNCTION	fdr	0.1	242	73	58	56	55	188	39	45	55	49
CD2_BENIGN_SMALL_INTESTINE	fdr	0.1	160	40	42	32	46	179	35	38	51	55
AB1_AMOEBIASIS	fdr	0.2	419	110	92	114	103	398	79	90	113	116
M13_DORSOPATHYOTH	fdr	0.2	944	283	327	132	202	1006	266	324	205	211
I9_UAP	fdr	0.2	820	234	232	188	166	932	233	248	229	222
G6_CEROEDEMA	fdr	0.2	423	102	113	115	93	472	132	124	111	105
Q17_CONGENITAL_OBSTRUCTION_OF_THE_PELVIURETERIC_JUNCTION	fdr	0.2	457	122	114	99	122	421	89	112	104	116
CD2_BENIGN_SMALL_INTESTINE	fdr	0.2	388	99	117	77	95	409	75	94	133	107
G6_CERVROOT	nominal	0.05	1084	275	291	264	254	1072	256	296	254	266
AB1_AMOEBIASIS_WIDE	nominal	0.05	1101	266	278	274	283	1063	243	253	278	289
I9_VARICVE	nominal	0.05	1768	482	464	416	406	1765	464	464	427	410
Q17_CONGENITAL_OVARIAN_CYSTS	nominal	0.05	1175	274	289	314	298	1172	264	280	319	309
M13_DUPUTRYEN	nominal	0.05	1457	381	388	345	343	1490	355	397	376	362
CD2_BENIGN_SMALL_INTESTINE_OTH	nominal	0.05	1094	281	301	242	270	1082	267	272	272	271
G6_CERVROOT	fdr	0.05	131	30	31	38	32	141	33	32	32	44
I9_VARICVE	fdr	0.05	326	91	83	73	79	375	111	93	90	81
Q17_CONGENITAL_OVARIAN_CYSTS	fdr	0.05	134	29	33	39	33	160	49	40	38	33
CD2_BENIGN_SMALL_INTESTINE_OTH	fdr	0.05	108	18	32	32	26	107	26	26	27	28
M13_DUPUTRYEN	fdr	0.05	202	50	62	44	46	248	52	73	55	68
AB1_AMOEBIASIS_WIDE	fdr	0.05	125	30	25	35	35	118	30	17	34	37
G6_CERVROOT	fdr	0.1	212	52	48	59	53	223	51	55	58	59
I9_VARICVE	fdr	0.1	574	157	151	138	128	609	159	159	153	138
Q17_CONGENITAL_OVARIAN_CYSTS	fdr	0.1	249	60	60	69	60	271	67	72	68	64
M13_DUPUTRYEN	fdr	0.1	382	98	116	81	87	423	91	121	108	103
CD2_BENIGN_SMALL_INTESTINE_OTH	fdr	0.1	184	40	49	55	40	206	56	49	50	51
AB1_AMOEBIASIS_WIDE	fdr	0.1	207	54	46	52	55	204	50	40	59	55
G6_CERVROOT	fdr	0.2	445	104	114	118	109	482	115	126	122	119
I9_VARICVE	fdr	0.2	1082	309	280	250	243	1177	315	308	288	266
Q17_CONGENITAL_OVARIAN_CYSTS	fdr	0.2	534	131	143	138	122	557	122	153	143	139
M13_DUPUTRYEN	fdr	0.2	774	208	218	171	177	869	208	231	223	207
CD2_BENIGN_SMALL_INTESTINE_OTH	fdr	0.2	440	106	121	106	107	458	109	116	118	115
AB1_AMOEBIASIS_WIDE	fdr	0.2	432	108	103	109	112	446	91	98	127	130
G6_CLUSTHEADACHE_STRICT_INCLAVO	nominal	0.05	1194	318	327	277	272	1162	253	288	316	305
M13_EARLY_LUMBAR_PROLAPSE	nominal	0.05	1353	367	389	286	311	1387	349	411	308	319
CD2_BENIGN_SPINAL_CORD	nominal	0.05	1100	293	274	287	246	1079	283	278	261	257
I9_VARICVEOES	nominal	0.05	1117	287	295	269	266	1067	238	278	281	270
AB1_ANOGENITAL_HERPES_SIMPLEX	nominal	0.05	1124	257	276	262	329	1187	264	339	274	310
Q17_CONGENITAL_PTOSIS	nominal	0.05	1154	262	267	290	335	1207	266	309	311	321
AB1_ANOGENITAL_HERPES_SIMPLEX	fdr	0.05	112	29	19	29	35	135	25	38	33	39
M13_EARLY_LUMBAR_PROLAPSE	fdr	0.05	222	76	76	34	36	234	62	64	51	57
G6_CLUSTHEADACHE_STRICT_INCLAVO	fdr	0.05	177	68	59	28	22	157	33	29	48	47
CD2_BENIGN_SPINAL_CORD	fdr	0.05	111	35	18	34	24	98	32	24	20	22
Q17_CONGENITAL_PTOSIS	fdr	0.05	124	18	37	37	32	133	32	35	30	36
I9_VARICVEOES	fdr	0.05	121	32	33	28	28	117	32	22	28	35
M13_EARLY_LUMBAR_PROLAPSE	fdr	0.1	386	119	118	74	75	401	101	117	90	93
AB1_ANOGENITAL_HERPES_SIMPLEX	fdr	0.1	209	47	50	46	66	259	56	75	61	67
G6_CLUSTHEADACHE_STRICT_INCLAVO	fdr	0.1	290	97	93	57	43	255	53	57	76	69
CD2_BENIGN_SPINAL_CORD	fdr	0.1	216	52	53	56	55	220	59	66	46	49
I9_VARICVEOES	fdr	0.1	232	70	58	54	50	221	64	44	59	54
Q17_CONGENITAL_PTOSIS	fdr	0.1	228	44	60	64	60	238	58	62	58	60
G6_CLUSTHEADACHE_STRICT_INCLAVO	fdr	0.2	568	164	170	120	114	572	122	127	172	151
M13_EARLY_LUMBAR_PROLAPSE	fdr	0.2	734	215	229	144	146	770	199	230	171	170
AB1_ANOGENITAL_HERPES_SIMPLEX	fdr	0.2	488	109	120	118	141	566	110	173	134	149
Q17_CONGENITAL_PTOSIS	fdr	0.2	503	100	120	131	152	541	111	147	143	140
CD2_BENIGN_SPINAL_CORD	fdr	0.2	451	127	102	121	101	458	117	129	107	105
I9_VARICVEOES	fdr	0.2	453	118	108	123	104	486	114	135	115	122
CD2_BENIGN_STOMACH	nominal	0.05	1082	252	306	274	250	1124	264	333	260	267
I9_VARICVESOTH	nominal	0.05	1145	294	317	279	255	1129	282	303	289	255
M13_ENTEROARTHR	nominal	0.05	1176	270	307	280	319	1172	275	311	290	296
G6_CLUSTHEADACHE_WIDE	nominal	0.05	1126	291	303	259	273	1095	255	281	288	271
AB1_ANOGENITAL_HERPES_SIMPLEX_WIDE	nominal	0.05	1107	265	275	269	298	1227	308	361	265	293
Q17_CONGENITAL_PTOSIS_WIDE	nominal	0.05	1112	266	268	264	314	1146	261	295	272	318
CD2_BENIGN_STOMACH	fdr	0.05	106	26	30	23	27	99	30	36	16	17
Q17_CONGENITAL_PTOSIS_WIDE	fdr	0.05	106	14	31	29	32	118	21	28	30	39
AB1_ANOGENITAL_HERPES_SIMPLEX_WIDE	fdr	0.05	127	37	29	27	34	149	37	42	33	37
G6_CLUSTHEADACHE_WIDE	fdr	0.05	128	39	42	25	22	142	30	33	33	46
I9_VARICVESOTH	fdr	0.05	136	44	46	24	22	136	41	25	35	35
M13_ENTEROARTHR	fdr	0.05	123	34	31	23	35	132	23	33	40	36
M13_ENTEROARTHR	fdr	0.1	239	60	63	54	62	249	57	59	74	59
CD2_BENIGN_STOMACH	fdr	0.1	221	54	61	54	52	195	49	64	46	36
AB1_ANOGENITAL_HERPES_SIMPLEX_WIDE	fdr	0.1	220	58	57	42	63	254	56	73	62	63
Q17_CONGENITAL_PTOSIS_WIDE	fdr	0.1	212	32	60	61	59	210	48	54	50	58
G6_CLUSTHEADACHE_WIDE	fdr	0.1	223	64	63	52	44	238	47	58	62	71
I9_VARICVESOTH	fdr	0.1	234	62	74	46	52	234	58	56	68	52
M13_ENTEROARTHR	fdr	0.2	538	127	142	132	137	570	137	156	139	138
CD2_BENIGN_STOMACH	fdr	0.2	443	103	118	116	106	459	110	138	110	101
G6_CLUSTHEADACHE_WIDE	fdr	0.2	479	133	138	114	94	512	118	121	143	130
I9_VARICVESOTH	fdr	0.2	493	127	147	110	109	509	118	131	141	119
AB1_ANOGENITAL_HERPES_SIMPLEX_WIDE	fdr	0.2	495	128	123	116	128	574	133	174	134	133
Q17_CONGENITAL_PTOSIS_WIDE	fdr	0.2	463	90	123	122	128	484	106	132	124	122
AB1_ANUG_WIDE	nominal	0.05	1109	288	275	279	267	1092	274	277	268	273
M13_ENTESOPATHYLOW	nominal	0.05	1287	363	337	280	307	1296	312	355	319	310
Q17_CONGENITAL_RETINOSCHISIS	nominal	0.05	982	241	243	246	252	1084	279	296	281	228
G6_CNSABSC	nominal	0.05	984	265	298	225	196	1076	248	290	277	261
CD2_BENIGN_TESTIS	nominal	0.05	924	228	220	257	219	996	266	258	238	234
I9_VASCINT	nominal	0.05	1139	289	335	224	291	1132	249	293	288	302
CD2_BENIGN_TESTIS	fdr	0.05	82	17	15	26	24	79	24	26	12	17
M13_ENTESOPATHYLOW	fdr	0.05	203	73	70	26	34	203	56	53	47	47
Q17_CONGENITAL_RETINOSCHISIS	fdr	0.05	115	28	30	26	31	114	28	22	33	31
G6_CNSABSC	fdr	0.05	83	27	22	15	19	129	39	23	38	29
AB1_ANUG_WIDE	fdr	0.05	117	28	31	24	34	101	21	25	20	35
I9_VASCINT	fdr	0.05	147	45	51	24	27	145	35	28	33	49
CD2_BENIGN_TESTIS	fdr	0.1	153	38	28	42	45	161	40	46	41	34
M13_ENTESOPATHYLOW	fdr	0.1	330	107	105	51	67	347	83	97	88	79
G6_CNSABSC	fdr	0.1	154	46	45	31	32	203	48	48	58	49
Q17_CONGENITAL_RETINOSCHISIS	fdr	0.1	186	45	51	44	46	192	45	47	54	46
AB1_ANUG_WIDE	fdr	0.1	210	49	52	53	56	189	35	52	40	62
I9_VASCINT	fdr	0.1	249	81	86	36	46	230	54	52	55	69
AB1_ANUG_WIDE	fdr	0.2	462	120	122	119	101	440	102	109	112	117
M13_ENTESOPATHYLOW	fdr	0.2	642	185	199	120	138	681	164	190	170	157
Q17_CONGENITAL_RETINOSCHISIS	fdr	0.2	373	86	102	91	94	433	111	121	97	104
CD2_BENIGN_TESTIS	fdr	0.2	333	82	77	89	85	375	101	105	89	80
I9_VASCINT	fdr	0.2	486	131	147	89	119	482	97	113	125	147
G6_CNSABSC	fdr	0.2	347	88	106	82	71	437	98	121	107	111
G6_CNSOTH	nominal	0.05	1175	305	321	272	277	1127	236	260	318	313
Q17_CONGENITAL_STENOSIS_OF_PULMONARY_VALVE	nominal	0.05	1075	267	264	281	263	1086	248	276	279	283
CD2_BENIGN_THYMUS	nominal	0.05	1085	256	252	298	279	1140	295	324	261	260
I9_VASCSYND	nominal	0.05	1094	288	306	257	243	1125	285	273	293	274
AB1_ARTHROPOD_WIDE	nominal	0.05	1220	353	331	261	275	1159	263	287	327	282
M13_ENTESOPATHYLOWNAS	nominal	0.05	1090	280	276	255	279	1172	310	303	281	278
G6_CNSOTH	fdr	0.05	133	28	33	27	45	139	25	29	34	51
M13_ENTESOPATHYLOWNAS	fdr	0.05	118	39	29	24	26	116	33	36	25	22
CD2_BENIGN_THYMUS	fdr	0.05	121	23	17	40	41	154	46	49	24	35
I9_VASCSYND	fdr	0.05	122	37	36	18	31	124	27	26	41	30
Q17_CONGENITAL_STENOSIS_OF_PULMONARY_VALVE	fdr	0.05	109	20	27	32	30	121	25	27	32	37
AB1_ARTHROPOD_WIDE	fdr	0.05	178	62	51	37	28	149	28	18	57	46
CD2_BENIGN_THYMUS	fdr	0.1	208	48	37	55	68	262	73	83	46	60
G6_CNSOTH	fdr	0.1	239	56	63	53	67	232	42	53	62	75
M13_ENTESOPATHYLOWNAS	fdr	0.1	217	65	57	44	51	205	58	57	47	43
I9_VASCSYND	fdr	0.1	212	61	65	39	47	218	48	50	65	55
Q17_CONGENITAL_STENOSIS_OF_PULMONARY_VALVE	fdr	0.1	207	41	47	68	51	203	42	47	61	53
AB1_ARTHROPOD_WIDE	fdr	0.1	276	89	73	58	56	240	46	36	85	73
G6_CNSOTH	fdr	0.2	486	124	132	111	119	520	99	125	144	152
I9_VASCSYND	fdr	0.2	458	127	134	102	95	459	117	104	130	108
AB1_ARTHROPOD_WIDE	fdr	0.2	550	165	148	121	116	526	104	111	171	140
CD2_BENIGN_THYMUS	fdr	0.2	450	100	108	120	122	514	128	161	108	117
M13_ENTESOPATHYLOWNAS	fdr	0.2	464	120	132	98	114	520	141	149	116	114
Q17_CONGENITAL_STENOSIS_OF_PULMONARY_VALVE	fdr	0.2	444	106	109	123	106	472	105	131	119	117
CD2_BENIGN_THYROID	nominal	0.05	1075	257	254	306	258	1047	267	272	270	238
G6_CONMYOP	nominal	0.05	1136	255	272	304	305	1126	247	297	293	289
I9_VEINSOTH	nominal	0.05	1589	423	391	394	381	1603	388	396	410	409
M13_ENTESOPATHYNAS	nominal	0.05	1163	318	315	257	273	1145	305	310	276	254
Q17_CONGENITAL_VARICOSE_VEINS	nominal	0.05	1161	314	314	277	256	1161	336	323	274	228
AB1_ASPERGILLOSIS	nominal	0.05	1058	240	268	271	279	1107	290	297	267	253
M13_ENTESOPATHYNAS	fdr	0.05	116	42	30	17	27	133	32	30	32	39
CD2_BENIGN_THYROID	fdr	0.05	125	35	33	31	26	99	23	25	24	27
G6_CONMYOP	fdr	0.05	129	18	18	51	42	148	37	37	38	36
I9_VEINSOTH	fdr	0.05	309	93	84	61	71	319	85	63	88	83
Q17_CONGENITAL_VARICOSE_VEINS	fdr	0.05	133	45	22	32	34	154	57	52	25	20
AB1_ASPERGILLOSIS	fdr	0.05	87	22	19	22	24	106	35	24	30	17
G6_CONMYOP	fdr	0.1	244	42	50	83	69	243	54	63	69	57
I9_VEINSOTH	fdr	0.1	494	143	129	110	112	525	129	124	136	136
M13_ENTESOPATHYNAS	fdr	0.1	231	65	69	46	51	242	50	68	62	62
Q17_CONGENITAL_VARICOSE_VEINS	fdr	0.1	242	72	56	56	58	273	96	91	47	39
CD2_BENIGN_THYROID	fdr	0.1	210	54	45	57	54	171	36	44	50	41
AB1_ASPERGILLOSIS	fdr	0.1	172	41	45	42	44	202	64	52	53	33
CD2_BENIGN_THYROID	fdr	0.2	440	106	101	120	113	406	98	112	108	88
G6_CONMYOP	fdr	0.2	487	96	105	154	132	518	108	132	144	134
I9_VEINSOTH	fdr	0.2	952	252	246	233	221	1005	246	248	262	249
M13_ENTESOPATHYNAS	fdr	0.2	479	130	130	101	118	526	131	152	125	118
Q17_CONGENITAL_VARICOSE_VEINS	fdr	0.2	524	149	136	126	113	555	162	173	118	102
AB1_ASPERGILLOSIS	fdr	0.2	412	88	106	109	109	461	131	131	103	96
AB1_ATYPICAL_CNS_VIRUS	nominal	0.05	1064	266	259	264	275	1051	279	258	247	267
CD2_BENIGN_TONGUE	nominal	0.05	1079	243	285	271	280	1000	232	248	262	258
I9_VHD	nominal	0.05	1450	379	408	330	333	1447	327	384	367	369
G6_CP	nominal	0.05	1080	305	269	249	257	1075	263	279	274	259
M13_ENTESOPATHYOTH	nominal	0.05	1349	364	396	280	309	1345	358	388	308	291
Q17_CONGENITAL_VESICOURETERAL_REFLUX	nominal	0.05	1109	273	279	282	275	1125	253	277	308	287
I9_VHD	fdr	0.05	278	84	98	48	48	245	46	60	63	76
M13_ENTESOPATHYOTH	fdr	0.05	198	66	62	29	41	207	51	58	44	54
AB1_ATYPICAL_CNS_VIRUS	fdr	0.05	135	35	40	32	28	113	41	25	28	19
Q17_CONGENITAL_VESICOURETERAL_REFLUX	fdr	0.05	145	29	30	39	47	132	29	32	28	43
G6_CP	fdr	0.05	112	42	28	18	24	130	31	27	33	39
CD2_BENIGN_TONGUE	fdr	0.05	111	41	32	14	24	100	30	15	25	30
AB1_ATYPICAL_CNS_VIRUS	fdr	0.1	223	58	61	52	52	193	62	44	50	37
I9_VHD	fdr	0.1	425	132	143	73	77	422	92	100	116	114
M13_ENTESOPATHYOTH	fdr	0.1	335	103	108	62	62	354	87	103	79	85
CD2_BENIGN_TONGUE	fdr	0.1	190	61	54	35	40	167	46	33	37	51
G6_CP	fdr	0.1	208	68	57	37	46	209	41	50	61	57
Q17_CONGENITAL_VESICOURETERAL_REFLUX	fdr	0.1	230	49	47	65	69	256	59	60	69	68
AB1_ATYPICAL_CNS_VIRUS	fdr	0.2	442	112	120	108	102	439	129	115	94	101
CD2_BENIGN_TONGUE	fdr	0.2	399	99	109	93	98	379	96	81	94	108
I9_VHD	fdr	0.2	821	232	248	179	162	853	199	227	219	208
G6_CP	fdr	0.2	422	140	105	81	96	455	98	113	134	110
M13_ENTESOPATHYOTH	fdr	0.2	682	193	218	133	138	732	193	204	176	159
Q17_CONGENITAL_VESICOURETERAL_REFLUX	fdr	0.2	474	111	109	130	124	512	112	120	143	137
AB1_BACTINF_NOS	nominal	0.05	1120	280	265	288	287	1143	258	295	295	295
G6_CPETAL	nominal	0.05	1072	285	293	248	246	1146	269	280	290	307
I9_VTE	nominal	0.05	1536	430	399	340	367	1463	372	378	355	358
Q17_CONGEN_ABSENCE_ATRES_STENO_LARGE_INTESTINE	nominal	0.05	1080	294	290	243	253	1037	253	244	281	259
M13_FATIGFRACT	nominal	0.05	1027	229	241	270	287	1048	272	298	233	245
CD2_BENIGN_TONSIL	nominal	0.05	1144	309	321	254	260	1148	245	293	310	300
I9_VTE	fdr	0.05	317	105	82	61	69	248	61	63	59	65
AB1_BACTINF_NOS	fdr	0.05	128	35	30	28	35	139	35	20	44	40
M13_FATIGFRACT	fdr	0.05	87	14	24	23	26	83	22	23	13	25
CD2_BENIGN_TONSIL	fdr	0.05	149	37	44	38	30	161	31	41	45	44
G6_CPETAL	fdr	0.05	116	38	30	23	25	155	32	26	42	55
Q17_CONGEN_ABSENCE_ATRES_STENO_LARGE_INTESTINE	fdr	0.05	148	53	42	21	32	104	29	17	33	25
I9_VTE	fdr	0.1	501	152	137	106	106	425	102	106	114	103
AB1_BACTINF_NOS	fdr	0.1	216	48	51	58	59	236	55	52	68	61
M13_FATIGFRACT	fdr	0.1	168	29	44	43	52	161	42	46	31	42
CD2_BENIGN_TONSIL	fdr	0.1	251	68	76	49	58	248	46	67	76	59
G6_CPETAL	fdr	0.1	213	66	55	52	40	249	47	55	68	79
Q17_CONGEN_ABSENCE_ATRES_STENO_LARGE_INTESTINE	fdr	0.1	235	78	64	40	53	188	42	39	56	51
I9_VTE	fdr	0.2	905	252	239	203	211	854	206	233	219	196
Q17_CONGEN_ABSENCE_ATRES_STENO_LARGE_INTESTINE	fdr	0.2	459	139	124	102	94	424	98	103	114	109
M13_FATIGFRACT	fdr	0.2	376	85	95	91	105	409	101	128	87	93
AB1_BACTINF_NOS	fdr	0.2	451	116	106	119	110	492	106	129	130	127
CD2_BENIGN_TONSIL	fdr	0.2	520	136	150	116	118	534	108	137	160	129
G6_CPETAL	fdr	0.2	447	128	124	97	98	498	119	106	141	132
G6_CRAINOTH	nominal	0.05	1154	289	290	273	302	1165	298	293	306	268
AB1_BACTINF_NOS_WIDE	nominal	0.05	1104	278	255	288	283	1129	273	280	287	289
M13_FATPADHYPERTROPHY	nominal	0.05	1084	278	306	248	252	1161	257	281	307	316
Q17_CONGEN_DEFORMITI_FEET	nominal	0.05	1010	237	231	263	279	1099	272	273	277	277
CD2_BENIGN_TRANSVERSE_COLON	nominal	0.05	1170	319	309	268	274	1209	304	332	293	280
ILD_ENDPOINTS	nominal	0.05	1310	303	326	344	337	1296	291	353	314	338
G6_CRAINOTH	fdr	0.05	137	35	45	31	26	119	34	27	30	28
ILD_ENDPOINTS	fdr	0.05	174	31	42	53	48	179	45	42	45	47
M13_FATPADHYPERTROPHY	fdr	0.05	151	56	37	31	27	150	30	38	42	40
CD2_BENIGN_TRANSVERSE_COLON	fdr	0.05	136	41	44	19	32	152	39	43	35	35
Q17_CONGEN_DEFORMITI_FEET	fdr	0.05	104	24	14	38	28	101	30	15	22	34
AB1_BACTINF_NOS_WIDE	fdr	0.05	122	30	30	32	30	131	33	21	37	40
G6_CRAINOTH	fdr	0.1	240	63	65	54	58	203	55	46	55	47
ILD_ENDPOINTS	fdr	0.1	286	50	74	84	78	315	66	83	83	83
M13_FATPADHYPERTROPHY	fdr	0.1	247	80	62	53	52	250	54	63	75	58
CD2_BENIGN_TRANSVERSE_COLON	fdr	0.1	246	73	77	40	56	276	75	79	63	59
Q17_CONGEN_DEFORMITI_FEET	fdr	0.1	184	45	30	63	46	196	54	43	51	48
AB1_BACTINF_NOS_WIDE	fdr	0.1	209	46	52	55	56	238	54	55	68	61
AB1_BACTINF_NOS_WIDE	fdr	0.2	442	112	101	117	112	482	108	119	135	120
Q17_CONGEN_DEFORMITI_FEET	fdr	0.2	399	92	79	118	110	449	115	115	114	105
CD2_BENIGN_TRANSVERSE_COLON	fdr	0.2	530	159	151	101	119	576	151	162	141	122
G6_CRAINOTH	fdr	0.2	489	118	127	113	131	461	109	116	124	112
ILD_ENDPOINTS	fdr	0.2	624	132	155	177	160	663	141	190	166	166
M13_FATPADHYPERTROPHY	fdr	0.2	493	131	137	117	108	534	112	130	152	140
AB1_BACT_BIR_OTHER_INF_AGENTS	nominal	0.05	1171	296	297	270	308	1073	268	303	271	231
CD2_BENIGN_URINARY	nominal	0.05	1105	289	271	268	277	1072	265	275	274	258
G6_DEGENOTH	nominal	0.05	1094	298	276	257	263	1179	293	297	301	288
M13_FIBROBLASTIC	nominal	0.05	1397	364	367	331	335	1447	327	384	370	366
Q17_CONGEN_DEFORMITI_FEET_WIDE	nominal	0.05	1117	254	238	311	314	1114	282	296	289	247
ILD_INSUFFICIENCY	nominal	0.05	1212	299	302	301	310	1209	233	320	327	329
M13_FIBROBLASTIC	fdr	0.05	197	61	52	45	39	228	45	61	63	59
ILD_INSUFFICIENCY	fdr	0.05	151	26	41	40	44	154	28	30	52	44
Q17_CONGEN_DEFORMITI_FEET_WIDE	fdr	0.05	128	33	23	43	29	130	38	24	36	32
AB1_BACT_BIR_OTHER_INF_AGENTS	fdr	0.05	141	41	31	32	37	127	33	38	30	26
CD2_BENIGN_URINARY	fdr	0.05	122	33	37	27	25	119	33	30	25	31
G6_DEGENOTH	fdr	0.05	114	34	34	17	29	122	36	24	24	38
M13_FIBROBLASTIC	fdr	0.1	354	91	108	82	73	399	87	106	105	101
ILD_INSUFFICIENCY	fdr	0.1	259	49	65	70	75	263	53	56	79	75
Q17_CONGEN_DEFORMITI_FEET_WIDE	fdr	0.1	206	44	40	72	50	217	59	46	60	52
AB1_BACT_BIR_OTHER_INF_AGENTS	fdr	0.1	238	63	61	58	56	220	50	73	50	47
CD2_BENIGN_URINARY	fdr	0.1	220	59	57	47	57	209	50	56	51	52
G6_DEGENOTH	fdr	0.1	197	63	50	39	45	238	57	54	66	61
AB1_BACT_BIR_OTHER_INF_AGENTS	fdr	0.2	488	126	127	112	123	457	113	137	113	94
CD2_BENIGN_URINARY	fdr	0.2	473	127	114	111	121	461	98	131	115	117
M13_FIBROBLASTIC	fdr	0.2	729	196	209	163	161	820	177	223	218	202
Q17_CONGEN_DEFORMITI_FEET_WIDE	fdr	0.2	461	91	95	148	127	459	124	100	123	112
ILD_INSUFFICIENCY	fdr	0.2	548	117	130	148	153	576	117	151	154	154
G6_DEGENOTH	fdr	0.2	428	132	109	80	107	527	133	135	131	128
AB1_BACT_BIR_OTHER_INF_AGENTS_WIDE	nominal	0.05	1158	301	297	263	297	1065	268	306	263	228
INCREASEDMUSCLETONE	nominal	0.05	1057	277	319	224	237	1107	257	303	270	277
G6_DEGENSEN	nominal	0.05	1102	331	283	216	272	1165	287	335	271	272
Q17_CONGEN_DEFORMITI_HIP	nominal	0.05	1105	268	264	263	310	1141	279	297	290	275
CD2_BENIGN_URINARY_NOS	nominal	0.05	1124	280	291	267	286	1140	248	275	325	292
M13_FIBROBLASTNAS	nominal	0.05	1032	256	272	261	243	1080	248	288	268	276
Q17_CONGEN_DEFORMITI_HIP	fdr	0.05	114	29	17	32	36	125	36	27	31	31
CD2_BENIGN_URINARY_NOS	fdr	0.05	188	49	53	43	43	135	33	35	36	31
G6_DEGENSEN	fdr	0.05	162	64	53	19	26	153	33	48	33	39
AB1_BACT_BIR_OTHER_INF_AGENTS_WIDE	fdr	0.05	136	38	37	27	34	136	37	40	31	28
INCREASEDMUSCLETONE	fdr	0.05	136	38	49	21	28	123	34	31	25	33
M13_FIBROBLASTNAS	fdr	0.05	109	30	36	20	23	87	16	23	19	29
INCREASEDMUSCLETONE	fdr	0.1	231	60	82	42	47	229	53	55	63	58
Q17_CONGEN_DEFORMITI_HIP	fdr	0.1	218	49	48	56	65	237	60	57	61	59
G6_DEGENSEN	fdr	0.1	262	95	79	41	47	247	54	77	58	58
CD2_BENIGN_URINARY_NOS	fdr	0.1	291	78	76	70	67	264	57	75	71	61
M13_FIBROBLASTNAS	fdr	0.1	181	49	57	32	43	181	32	57	39	53
AB1_BACT_BIR_OTHER_INF_AGENTS_WIDE	fdr	0.1	238	66	61	54	57	226	51	74	54	47
AB1_BACT_BIR_OTHER_INF_AGENTS_WIDE	fdr	0.2	500	128	135	113	124	455	111	136	111	97
INCREASEDMUSCLETONE	fdr	0.2	448	122	140	92	94	461	109	115	124	113
G6_DEGENSEN	fdr	0.2	491	162	138	86	105	509	128	145	120	116
CD2_BENIGN_URINARY_NOS	fdr	0.2	529	145	139	125	120	522	121	129	137	135
Q17_CONGEN_DEFORMITI_HIP	fdr	0.2	480	114	110	119	137	534	140	141	127	126
M13_FIBROBLASTNAS	fdr	0.2	381	91	114	92	84	408	87	118	93	110
AB1_BACT_INTEST_OTH	nominal	0.05	1162	309	277	295	281	1201	311	316	303	271
INFLUENZA	nominal	0.05	1186	300	321	290	275	1203	314	329	296	264
CD2_BENIGN_UTERINE_TUBES_LIGAMENTS	nominal	0.05	1046	269	285	266	226	1050	237	271	269	273
Q17_CONGEN_DEFORMITI_HIP_WIDE	nominal	0.05	1060	255	259	261	285	1146	275	290	296	285
M13_FIBROMYALGIA	nominal	0.05	1298	369	388	274	267	1278	333	370	304	271
G6_DISBROTHUNS	nominal	0.05	1023	246	232	284	261	1011	236	235	288	252
INFLUENZA	fdr	0.05	170	52	45	32	41	150	40	42	33	35
AB1_BACT_INTEST_OTH	fdr	0.05	131	38	37	28	28	131	33	38	33	27
CD2_BENIGN_UTERINE_TUBES_LIGAMENTS	fdr	0.05	120	39	29	28	24	116	29	34	20	33
M13_FIBROMYALGIA	fdr	0.05	212	84	57	34	37	219	66	57	52	44
Q17_CONGEN_DEFORMITI_HIP_WIDE	fdr	0.05	114	21	18	37	38	133	28	27	38	40
G6_DISBROTHUNS	fdr	0.05	97	19	16	35	27	91	24	18	24	25
INFLUENZA	fdr	0.1	264	80	62	60	62	272	69	71	69	63
AB1_BACT_INTEST_OTH	fdr	0.1	242	66	60	58	58	235	58	73	57	47
CD2_BENIGN_UTERINE_TUBES_LIGAMENTS	fdr	0.1	201	58	51	48	44	195	44	54	47	50
M13_FIBROMYALGIA	fdr	0.1	366	125	104	67	70	355	88	105	84	78
Q17_CONGEN_DEFORMITI_HIP_WIDE	fdr	0.1	199	41	36	55	67	219	47	51	59	62
G6_DISBROTHUNS	fdr	0.1	171	38	34	54	45	171	47	30	55	39
INFLUENZA	fdr	0.2	533	149	135	129	120	571	146	149	154	122
AB1_BACT_INTEST_OTH	fdr	0.2	509	139	122	129	119	522	142	149	120	111
CD2_BENIGN_UTERINE_TUBES_LIGAMENTS	fdr	0.2	407	118	109	98	82	397	95	114	95	93
M13_FIBROMYALGIA	fdr	0.2	676	201	195	146	134	720	192	208	180	140
Q17_CONGEN_DEFORMITI_HIP_WIDE	fdr	0.2	440	106	91	120	123	511	122	131	127	131
G6_DISBROTHUNS	fdr	0.2	358	74	75	111	98	382	96	80	113	93
AB1_BACT_INTEST_OTH_WIDE	nominal	0.05	1114	297	273	269	275	1134	303	303	259	269
G6_DISGLO	nominal	0.05	1061	280	218	303	260	1066	310	285	263	208
INTERSTITIAL_CYSTIT_CHRONIC	nominal	0.05	1099	308	262	257	272	1151	290	306	303	252
Q17_CONGEN_HYDROCEPHALUS	nominal	0.05	1132	325	298	243	266	1094	272	248	297	277
CD2_BENIGN_UTERUS_NOS	nominal	0.05	1136	260	244	316	316	1124	257	271	291	305
M13_FINGERDEFORM	nominal	0.05	1024	266	280	224	254	1075	253	285	271	266
G6_DISGLO	fdr	0.05	85	21	15	27	22	94	40	24	19	11
Q17_CONGEN_HYDROCEPHALUS	fdr	0.05	138	54	39	20	25	127	30	24	38	35
AB1_BACT_INTEST_OTH_WIDE	fdr	0.05	116	35	37	17	27	115	34	39	21	21
M13_FINGERDEFORM	fdr	0.05	96	18	25	28	25	114	28	24	25	37
INTERSTITIAL_CYSTIT_CHRONIC	fdr	0.05	93	36	22	18	17	118	34	33	25	26
CD2_BENIGN_UTERUS_NOS	fdr	0.05	147	20	22	52	53	130	27	25	38	40
G6_DISGLO	fdr	0.1	167	46	26	59	36	189	61	55	43	30
Q17_CONGEN_HYDROCEPHALUS	fdr	0.1	240	84	69	34	53	218	45	46	63	64
AB1_BACT_INTEST_OTH_WIDE	fdr	0.1	192	57	54	40	41	196	61	61	42	32
M13_FINGERDEFORM	fdr	0.1	164	28	49	42	45	212	43	51	56	62
INTERSTITIAL_CYSTIT_CHRONIC	fdr	0.1	163	57	43	28	35	194	54	62	42	36
CD2_BENIGN_UTERUS_NOS	fdr	0.1	255	40	45	83	87	212	44	46	61	61
G6_DISGLO	fdr	0.2	395	113	85	106	91	431	132	109	113	77
INTERSTITIAL_CYSTIT_CHRONIC	fdr	0.2	425	126	102	95	102	462	134	137	106	85
Q17_CONGEN_HYDROCEPHALUS	fdr	0.2	463	148	125	83	107	468	104	100	136	128
AB1_BACT_INTEST_OTH_WIDE	fdr	0.2	435	124	113	103	95	457	130	133	101	93
CD2_BENIGN_UTERUS_NOS	fdr	0.2	534	101	109	167	157	499	121	117	133	128
M13_FINGERDEFORM	fdr	0.2	367	82	106	80	99	416	89	109	111	107
AB1_CANDIDIASIS	nominal	0.05	1114	304	293	255	262	1166	325	295	291	255
M13_FLATFOOT	nominal	0.05	1308	324	333	344	307	1350	356	374	316	304
Q17_CONGEN_ICHTHYOSIS	nominal	0.05	1134	292	286	283	273	1123	287	275	297	264
CD2_BENIGN_UTERUS_OTH	nominal	0.05	1198	266	269	334	329	1166	258	283	305	320
INV_VENT	nominal	0.05	1186	290	312	307	277	1235	297	351	290	297
G6_DISOTHUNS	nominal	0.05	1083	294	275	249	265	1113	258	240	298	317
M13_FLATFOOT	fdr	0.05	206	39	38	68	61	237	76	71	51	39
AB1_CANDIDIASIS	fdr	0.05	117	33	35	20	29	130	33	37	29	31
Q17_CONGEN_ICHTHYOSIS	fdr	0.05	169	49	38	40	42	133	38	38	29	28
G6_DISOTHUNS	fdr	0.05	96	23	26	25	22	102	22	20	25	35
CD2_BENIGN_UTERUS_OTH	fdr	0.05	158	31	21	49	57	138	30	29	37	42
INV_VENT	fdr	0.05	139	48	30	36	25	152	37	44	37	34
Q17_CONGEN_ICHTHYOSIS	fdr	0.1	268	74	63	71	60	234	61	70	54	49
M13_FLATFOOT	fdr	0.1	348	75	75	102	96	404	117	115	99	73
INV_VENT	fdr	0.1	245	81	57	66	41	268	68	78	63	59
AB1_CANDIDIASIS	fdr	0.1	202	47	60	39	56	234	58	65	58	53
G6_DISOTHUNS	fdr	0.1	194	51	55	43	45	214	51	48	56	59
CD2_BENIGN_UTERUS_OTH	fdr	0.1	269	57	47	83	82	243	55	62	59	67
M13_FLATFOOT	fdr	0.2	685	154	160	192	179	744	198	210	182	154
Q17_CONGEN_ICHTHYOSIS	fdr	0.2	515	141	133	124	117	520	130	138	131	121
AB1_CANDIDIASIS	fdr	0.2	448	114	131	91	112	514	146	136	125	107
G6_DISOTHUNS	fdr	0.2	419	119	106	98	96	442	112	97	109	124
CD2_BENIGN_UTERUS_OTH	fdr	0.2	550	110	118	169	153	531	114	123	151	143
INV_VENT	fdr	0.2	539	151	132	139	117	548	128	166	120	134
CD2_BENIGN_VAGINA	nominal	0.05	1152	274	301	285	292	1099	269	325	260	245
G6_DISSOTH	nominal	0.05	1050	288	259	254	249	1133	286	263	305	279
M13_FOREIGNBODY	nominal	0.05	1045	269	306	212	258	1092	263	302	269	258
IPF	nominal	0.05	1310	370	370	277	293	1257	298	330	320	309
Q17_CONGEN_LENS_MALFO	nominal	0.05	1030	254	291	228	257	1037	241	283	248	265
AB1_CANDIDIASIS_WIDE	nominal	0.05	1161	314	333	260	254	1176	327	291	289	269
CD2_BENIGN_VAGINA	fdr	0.05	191	52	39	50	50	148	44	35	35	34
M13_FOREIGNBODY	fdr	0.05	100	22	26	20	32	96	27	25	23	21
Q17_CONGEN_LENS_MALFO	fdr	0.05	80	20	23	19	18	99	26	30	14	29
AB1_CANDIDIASIS_WIDE	fdr	0.05	139	39	50	19	31	149	34	34	44	37
IPF	fdr	0.05	184	58	58	30	38	154	31	38	41	44
G6_DISSOTH	fdr	0.05	108	31	28	26	23	126	32	27	34	33
CD2_BENIGN_VAGINA	fdr	0.1	280	70	57	76	77	248	63	74	60	51
M13_FOREIGNBODY	fdr	0.1	163	38	44	32	49	200	52	63	45	40
Q17_CONGEN_LENS_MALFO	fdr	0.1	157	38	45	40	34	182	46	51	38	47
AB1_CANDIDIASIS_WIDE	fdr	0.1	258	71	91	43	53	266	64	66	73	63
IPF	fdr	0.1	309	98	97	52	62	275	59	73	74	69
G6_DISSOTH	fdr	0.1	198	53	48	50	47	218	55	44	63	56
CD2_BENIGN_VAGINA	fdr	0.2	526	114	131	137	144	494	128	155	121	90
G6_DISSOTH	fdr	0.2	439	119	109	109	102	514	117	120	143	134
M13_FOREIGNBODY	fdr	0.2	387	98	108	85	96	444	118	127	104	95
IPF	fdr	0.2	629	190	188	129	122	623	145	158	160	160
Q17_CONGEN_LENS_MALFO	fdr	0.2	369	99	98	86	86	410	103	110	102	95
AB1_CANDIDIASIS_WIDE	fdr	0.2	535	140	162	110	123	573	158	136	148	131
J10_ABSCLUNGPNEUMO	nominal	0.05	1066	263	254	270	279	1197	290	310	303	294
M13_FORESTIER	nominal	0.05	1082	308	263	250	261	1101	264	283	295	259
AB1_CHLAMYDIA_OTHER	nominal	0.05	1117	266	284	278	289	1128	281	318	270	259
CD2_BENIGN_VULVA	nominal	0.05	1023	287	260	240	236	1090	292	310	245	243
G6_DRUGMYOP	nominal	0.05	1180	281	283	295	321	1165	259	276	318	312
Q17_CONGEN_MALFO_ANTER_SEGMENT_EYE	nominal	0.05	1060	277	245	267	271	1075	262	285	256	272
CD2_BENIGN_VULVA	fdr	0.05	158	55	40	32	31	136	37	42	27	30
J10_ABSCLUNGPNEUMO	fdr	0.05	122	28	28	24	42	174	45	46	44	39
M13_FORESTIER	fdr	0.05	147	37	40	34	36	147	30	39	40	38
Q17_CONGEN_MALFO_ANTER_SEGMENT_EYE	fdr	0.05	95	29	27	14	25	125	24	29	32	40
AB1_CHLAMYDIA_OTHER	fdr	0.05	132	36	40	30	26	144	43	40	27	34
G6_DRUGMYOP	fdr	0.05	162	38	34	42	48	133	23	12	48	50
CD2_BENIGN_VULVA	fdr	0.1	238	77	56	48	57	214	54	74	44	42
J10_ABSCLUNGPNEUMO	fdr	0.1	219	59	48	49	63	287	63	86	74	64
Q17_CONGEN_MALFO_ANTER_SEGMENT_EYE	fdr	0.1	178	52	47	33	46	223	43	58	58	64
M13_FORESTIER	fdr	0.1	239	61	62	60	56	237	55	64	59	59
G6_DRUGMYOP	fdr	0.1	257	60	61	66	70	225	41	31	79	74
AB1_CHLAMYDIA_OTHER	fdr	0.1	241	68	72	55	46	227	70	60	48	49
M13_FORESTIER	fdr	0.2	456	129	115	108	104	496	119	130	137	110
AB1_CHLAMYDIA_OTHER	fdr	0.2	502	133	137	121	111	520	148	149	110	113
CD2_BENIGN_VULVA	fdr	0.2	442	132	119	92	99	446	122	137	95	92
Q17_CONGEN_MALFO_ANTER_SEGMENT_EYE	fdr	0.2	403	111	112	82	98	478	105	131	117	125
G6_DRUGMYOP	fdr	0.2	515	118	105	137	155	517	110	106	150	151
J10_ABSCLUNGPNEUMO	fdr	0.2	492	122	108	122	140	590	137	162	161	130
AB1_CHLAMYDIA_OTHER_WIDE	nominal	0.05	1204	329	330	289	256	1163	295	305	283	280
CD2_EYE_NOS	nominal	0.05	1146	287	296	287	276	1174	264	287	307	316
M13_GANGLION	nominal	0.05	1167	338	323	245	261	1257	306	340	292	319
G6_DRUGPOLY	nominal	0.05	1029	250	273	268	238	1060	270	274	266	250
J10_ABSCMEDIASTINUM	nominal	0.05	1114	251	304	277	282	1108	241	326	265	276
Q17_CONGEN_MALFO_BILI	nominal	0.05	1134	286	285	282	281	1092	231	268	315	278
AB1_CHLAMYDIA_OTHER_WIDE	fdr	0.05	188	65	55	37	31	150	40	36	35	39
J10_ABSCMEDIASTINUM	fdr	0.05	131	26	38	31	36	126	31	39	27	29
M13_GANGLION	fdr	0.05	129	39	41	20	29	166	43	42	41	40
CD2_EYE_NOS	fdr	0.05	134	29	31	30	44	145	29	39	33	44
G6_DRUGPOLY	fdr	0.05	100	28	31	22	19	90	20	23	22	25
Q17_CONGEN_MALFO_BILI	fdr	0.05	173	38	31	47	57	119	17	21	44	37
AB1_CHLAMYDIA_OTHER_WIDE	fdr	0.1	307	94	97	63	53	258	62	67	64	65
J10_ABSCMEDIASTINUM	fdr	0.1	212	42	63	50	57	212	42	66	52	52
M13_GANGLION	fdr	0.1	238	65	73	43	57	300	69	82	80	69
CD2_EYE_NOS	fdr	0.1	238	49	62	58	69	254	59	64	58	73
G6_DRUGPOLY	fdr	0.1	163	39	49	39	36	186	45	48	45	48
Q17_CONGEN_MALFO_BILI	fdr	0.1	268	61	56	72	79	216	39	46	68	63
AB1_CHLAMYDIA_OTHER_WIDE	fdr	0.2	567	160	182	123	102	540	132	157	127	124
CD2_EYE_NOS	fdr	0.2	509	115	132	128	134	544	118	135	145	146
J10_ABSCMEDIASTINUM	fdr	0.2	460	100	127	116	117	496	106	145	118	127
M13_GANGLION	fdr	0.2	520	144	153	95	128	624	156	173	144	151
Q17_CONGEN_MALFO_BILI	fdr	0.2	481	108	109	131	133	460	85	108	149	118
G6_DRUGPOLY	fdr	0.2	367	89	109	86	83	432	109	109	109	105
G6_DYSTON	nominal	0.05	1265	340	342	287	296	1193	295	322	291	285
Q17_CONGEN_MALFO_BREAST	nominal	0.05	1033	234	256	279	264	1062	272	276	267	247
CD2_INSITU	nominal	0.05	1194	352	286	286	270	1184	278	275	325	306
M13_GIANTCELL	nominal	0.05	1248	284	290	329	345	1181	230	293	328	330
J10_ACUTELOWERNAS	nominal	0.05	1137	289	328	234	286	1185	292	334	268	291
AB1_CHLAMY_OTHER_WIDE	nominal	0.05	1038	247	289	239	263	1111	258	314	277	262
M13_GIANTCELL	fdr	0.05	175	30	34	47	64	158	25	23	53	57
Q17_CONGEN_MALFO_BREAST	fdr	0.05	122	21	20	42	39	117	38	31	23	25
G6_DYSTON	fdr	0.05	187	60	55	32	40	146	41	39	30	36
CD2_INSITU	fdr	0.05	159	56	40	28	35	165	27	27	60	51
J10_ACUTELOWERNAS	fdr	0.05	125	38	37	22	28	137	32	35	29	41
AB1_CHLAMY_OTHER_WIDE	fdr	0.05	116	32	39	21	24	125	23	29	36	37
M13_GIANTCELL	fdr	0.1	274	55	52	70	97	271	44	60	78	89
Q17_CONGEN_MALFO_BREAST	fdr	0.1	213	42	42	67	62	206	58	52	52	44
G6_DYSTON	fdr	0.1	316	95	92	62	67	264	68	74	61	61
AB1_CHLAMY_OTHER_WIDE	fdr	0.1	201	47	75	34	45	239	49	72	69	49
J10_ACUTELOWERNAS	fdr	0.1	217	66	60	36	55	227	52	62	52	61
CD2_INSITU	fdr	0.1	279	89	70	60	60	276	50	60	89	77
G6_DYSTON	fdr	0.2	585	157	169	123	136	569	139	143	155	132
Q17_CONGEN_MALFO_BREAST	fdr	0.2	445	90	115	115	125	457	113	121	116	107
CD2_INSITU	fdr	0.2	556	158	138	129	131	567	115	129	167	156
M13_GIANTCELL	fdr	0.2	559	125	119	151	164	539	97	125	152	165
AB1_CHLAMY_OTHER_WIDE	fdr	0.2	427	108	131	97	91	465	106	129	134	96
J10_ACUTELOWERNAS	fdr	0.2	482	126	137	103	116	505	121	143	118	123
G6_ENCEPATH	nominal	0.05	1089	306	265	255	263	1062	279	295	234	254
CD2_INSITU_BLADDER	nominal	0.05	1181	288	298	312	283	1167	296	289	289	293
Q17_CONGEN_MALFO_BREAST_WIDE	nominal	0.05	1001	223	233	271	274	1056	254	270	265	267
M13_GLUTEALTEND	nominal	0.05	1096	269	262	289	276	1088	261	287	296	244
J10_ACUTEUPPERINFEC	nominal	0.05	1252	335	326	281	310	1260	363	374	257	266
AB1_CHOLERA_WIDE	nominal	0.05	1096	261	249	299	287	1031	243	258	282	248
Q17_CONGEN_MALFO_BREAST_WIDE	fdr	0.05	118	20	23	35	40	110	36	32	21	21
AB1_CHOLERA_WIDE	fdr	0.05	103	19	25	37	22	121	34	29	31	27
G6_ENCEPATH	fdr	0.05	115	49	27	17	22	114	42	34	11	27
J10_ACUTEUPPERINFEC	fdr	0.05	160	47	41	36	36	196	59	54	39	44
M13_GLUTEALTEND	fdr	0.05	128	38	26	29	35	114	29	34	18	33
CD2_INSITU_BLADDER	fdr	0.05	153	30	36	39	48	135	26	23	44	42
Q17_CONGEN_MALFO_BREAST_WIDE	fdr	0.1	192	36	40	52	64	183	48	54	43	38
G6_ENCEPATH	fdr	0.1	223	77	59	44	43	200	67	63	22	48
AB1_CHOLERA_WIDE	fdr	0.1	196	40	50	64	42	206	49	54	64	39
J10_ACUTEUPPERINFEC	fdr	0.1	264	79	59	64	62	339	95	104	78	62
M13_GLUTEALTEND	fdr	0.1	219	59	50	54	56	206	45	59	48	54
CD2_INSITU_BLADDER	fdr	0.1	248	52	59	66	71	257	53	63	66	75
G6_ENCEPATH	fdr	0.2	431	129	113	90	99	451	131	142	77	101
CD2_INSITU_BLADDER	fdr	0.2	529	131	137	135	126	541	132	129	140	140
J10_ACUTEUPPERINFEC	fdr	0.2	554	148	137	120	149	660	181	214	137	128
Q17_CONGEN_MALFO_BREAST_WIDE	fdr	0.2	401	77	89	111	124	403	98	105	99	101
AB1_CHOLERA_WIDE	fdr	0.2	461	103	109	137	112	467	111	115	139	102
M13_GLUTEALTEND	fdr	0.2	479	125	108	129	117	470	118	120	134	98
AB1_CHROMOMYCOCIS_WIDE	nominal	0.05	1018	269	246	255	248	1060	256	265	292	247
G6_ENCEPHOTH	nominal	0.05	1092	285	284	240	283	1188	300	310	308	270
J10_AIRWDISDUST	nominal	0.05	1073	285	287	254	247	1091	289	287	275	240
M13_GOUT	nominal	0.05	1469	379	348	393	349	1526	385	401	362	378
CD2_INSITU_BREAST	nominal	0.05	1040	273	302	227	238	1070	267	276	264	263
Q17_CONGEN_MALFO_CARDIAC_CHAMB_CONNECTIO	nominal	0.05	1075	299	289	235	252	1096	272	273	284	267
J10_AIRWDISDUST	fdr	0.05	132	42	42	19	29	140	34	36	37	33
G6_ENCEPHOTH	fdr	0.05	100	30	20	26	24	127	32	32	38	25
Q17_CONGEN_MALFO_CARDIAC_CHAMB_CONNECTIO	fdr	0.05	142	55	37	21	29	124	33	27	30	34
AB1_CHROMOMYCOCIS_WIDE	fdr	0.05	92	22	23	24	23	121	33	34	26	28
CD2_INSITU_BREAST	fdr	0.05	80	25	21	13	21	99	25	25	19	30
M13_GOUT	fdr	0.05	270	71	46	77	76	263	81	62	58	62
J10_AIRWDISDUST	fdr	0.1	210	65	58	39	48	226	52	63	55	56
G6_ENCEPHOTH	fdr	0.1	170	48	36	41	45	217	53	59	61	44
Q17_CONGEN_MALFO_CARDIAC_CHAMB_CONNECTIO	fdr	0.1	226	80	62	37	47	203	54	43	56	50
M13_GOUT	fdr	0.1	450	113	91	127	119	460	128	109	116	107
AB1_CHROMOMYCOCIS_WIDE	fdr	0.1	155	37	34	43	41	200	52	54	53	41
CD2_INSITU_BREAST	fdr	0.1	158	49	40	37	32	180	41	48	45	46
J10_AIRWDISDUST	fdr	0.2	456	134	125	98	99	471	112	126	118	115
M13_GOUT	fdr	0.2	836	209	184	232	211	887	234	221	210	222
G6_ENCEPHOTH	fdr	0.2	424	103	109	103	109	510	119	134	147	110
CD2_INSITU_BREAST	fdr	0.2	372	95	106	89	82	413	92	105	105	111
Q17_CONGEN_MALFO_CARDIAC_CHAMB_CONNECTIO	fdr	0.2	439	141	129	87	82	418	111	99	106	102
AB1_CHROMOMYCOCIS_WIDE	fdr	0.2	345	94	70	91	90	403	104	105	108	86
AB1_DENGUE_FEVER	nominal	0.05	1061	252	299	241	269	1143	275	305	291	272
CD2_INSITU_BREAST_INTRADUCTAL	nominal	0.05	1088	291	290	275	232	1130	306	284	292	248
G6_ENCEPHTOX	nominal	0.05	1098	289	323	242	244	1195	295	313	301	286
M13_HALLUDEFORMOTH	nominal	0.05	1123	276	313	258	276	1178	246	299	294	339
J10_ARDS	nominal	0.05	1089	281	281	267	260	1094	284	302	257	251
Q17_CONGEN_MALFO_CIRCULATO_SYSTEM	nominal	0.05	1199	268	324	308	299	1182	297	281	306	298
M13_HALLUDEFORMOTH	fdr	0.05	140	37	38	29	36	144	30	41	28	45
J10_ARDS	fdr	0.05	96	25	24	20	27	133	39	35	27	32
G6_ENCEPHTOX	fdr	0.05	147	44	49	31	23	136	38	29	29	40
AB1_DENGUE_FEVER	fdr	0.05	103	24	29	24	26	112	24	23	26	39
Q17_CONGEN_MALFO_CIRCULATO_SYSTEM	fdr	0.05	148	33	40	38	37	155	46	35	33	41
CD2_INSITU_BREAST_INTRADUCTAL	fdr	0.05	110	21	35	23	31	146	37	36	38	35
AB1_DENGUE_FEVER	fdr	0.1	201	47	62	40	52	203	42	52	49	60
M13_HALLUDEFORMOTH	fdr	0.1	248	69	69	47	63	244	53	72	50	69
J10_ARDS	fdr	0.1	183	50	46	34	53	229	61	70	50	48
CD2_INSITU_BREAST_INTRADUCTAL	fdr	0.1	196	41	62	41	52	248	58	61	72	57
G6_ENCEPHTOX	fdr	0.1	258	73	82	59	44	254	66	59	63	66
Q17_CONGEN_MALFO_CIRCULATO_SYSTEM	fdr	0.1	238	51	64	64	59	258	67	59	65	67
AB1_DENGUE_FEVER	fdr	0.2	422	97	121	103	101	473	105	123	115	130
M13_HALLUDEFORMOTH	fdr	0.2	505	136	140	99	130	529	113	136	117	163
G6_ENCEPHTOX	fdr	0.2	507	149	154	104	100	552	143	143	136	130
J10_ARDS	fdr	0.2	416	103	108	99	106	465	116	138	111	100
CD2_INSITU_BREAST_INTRADUCTAL	fdr	0.2	444	111	121	101	111	545	127	141	146	131
Q17_CONGEN_MALFO_CIRCULATO_SYSTEM	fdr	0.2	512	118	142	123	129	527	133	121	131	142
AB1_DENGUE_FEVER_WIDE	nominal	0.05	1045	267	305	222	251	1078	254	272	287	265
CD2_INSITU_BREAST_LOBULAR	nominal	0.05	1176	264	283	315	314	1121	267	273	304	277
G6_EPIPAROX	nominal	0.05	1575	447	426	326	376	1598	376	433	396	393
M13_HALLUXRIGIDUS	nominal	0.05	1451	389	349	363	350	1326	336	341	335	314
J10_ASBESTPNEUMOC	nominal	0.05	1033	259	288	234	252	1114	257	300	278	279
Q17_CONGEN_MALFO_DEFORMAT_CHROMOSOMAL_ABNORMALITI_WIDE	nominal	0.05	1079	265	264	284	266	1071	284	253	292	242
M13_HALLUXRIGIDUS	fdr	0.05	254	78	57	51	68	215	63	61	41	50
G6_EPIPAROX	fdr	0.05	327	113	102	53	59	316	82	64	84	86
Q17_CONGEN_MALFO_DEFORMAT_CHROMOSOMAL_ABNORMALITI_WIDE	fdr	0.05	88	17	16	26	29	98	33	19	30	16
AB1_DENGUE_FEVER_WIDE	fdr	0.05	109	31	33	24	21	108	27	22	29	30
J10_ASBESTPNEUMOC	fdr	0.05	97	26	23	27	21	141	39	30	35	37
CD2_INSITU_BREAST_LOBULAR	fdr	0.05	129	17	29	39	44	140	30	29	44	37
M13_HALLUXRIGIDUS	fdr	0.1	421	123	103	90	105	355	98	105	69	83
CD2_INSITU_BREAST_LOBULAR	fdr	0.1	229	43	52	60	74	247	56	57	68	66
G6_EPIPAROX	fdr	0.1	504	157	151	92	104	532	119	133	146	134
Q17_CONGEN_MALFO_DEFORMAT_CHROMOSOMAL_ABNORMALITI_WIDE	fdr	0.1	175	37	34	50	54	184	57	34	57	36
J10_ASBESTPNEUMOC	fdr	0.1	175	48	45	42	40	238	63	59	58	58
AB1_DENGUE_FEVER_WIDE	fdr	0.1	188	50	56	43	39	194	47	42	56	49
G6_EPIPAROX	fdr	0.2	931	264	268	179	220	968	224	267	239	238
M13_HALLUXRIGIDUS	fdr	0.2	789	217	202	186	184	729	183	212	168	166
CD2_INSITU_BREAST_LOBULAR	fdr	0.2	492	106	115	130	141	506	116	120	147	123
Q17_CONGEN_MALFO_DEFORMAT_CHROMOSOMAL_ABNORMALITI_WIDE	fdr	0.2	420	106	96	103	115	432	120	89	131	92
J10_ASBESTPNEUMOC	fdr	0.2	393	94	113	86	100	503	117	126	133	127
AB1_DENGUE_FEVER_WIDE	fdr	0.2	410	109	120	96	85	428	100	98	123	107
CD2_INSITU_BREAST_NOS	nominal	0.05	1045	260	283	227	275	1014	234	252	257	271
J10_ASTHMACOPDKELA	nominal	0.05	1739	446	477	374	442	1741	421	467	422	431
M13_HALLUXVALGUS	nominal	0.05	1763	435	442	446	440	1749	434	442	445	428
G6_EPLEPSY	nominal	0.05	1238	332	335	280	291	1247	299	340	307	301
Q17_CONGEN_MALFO_DEFORMAT_MUSCULOS_SYSTEM	nominal	0.05	1063	256	258	283	266	1048	275	274	258	241
AB1_DERMATOPHYTOSIS	nominal	0.05	1223	252	327	327	317	1210	300	308	294	308
J10_ASTHMACOPDKELA	fdr	0.05	383	95	103	89	96	374	97	104	82	91
CD2_INSITU_BREAST_NOS	fdr	0.05	100	15	18	30	37	105	15	27	30	33
M13_HALLUXVALGUS	fdr	0.05	387	105	96	96	90	368	116	106	79	67
Q17_CONGEN_MALFO_DEFORMAT_MUSCULOS_SYSTEM	fdr	0.05	109	26	16	29	38	108	31	26	25	26
G6_EPLEPSY	fdr	0.05	200	65	56	36	43	186	43	38	44	61
AB1_DERMATOPHYTOSIS	fdr	0.05	156	23	34	45	54	146	34	32	40	40
CD2_INSITU_BREAST_NOS	fdr	0.1	166	36	37	43	50	180	36	42	51	51
J10_ASTHMACOPDKELA	fdr	0.1	600	147	163	135	155	616	155	166	151	144
M13_HALLUXVALGUS	fdr	0.1	614	152	159	150	153	613	162	173	148	130
Q17_CONGEN_MALFO_DEFORMAT_MUSCULOS_SYSTEM	fdr	0.1	203	43	36	60	64	202	49	55	50	48
G6_EPLEPSY	fdr	0.1	312	93	92	64	63	302	70	74	71	87
AB1_DERMATOPHYTOSIS	fdr	0.1	269	42	64	74	89	264	59	68	66	71
CD2_INSITU_BREAST_NOS	fdr	0.2	380	87	96	91	106	404	82	105	114	103
J10_ASTHMACOPDKELA	fdr	0.2	1059	262	282	244	271	1162	282	318	291	271
M13_HALLUXVALGUS	fdr	0.2	1111	278	286	276	271	1146	278	298	292	278
G6_EPLEPSY	fdr	0.2	584	159	170	121	134	615	143	168	148	156
Q17_CONGEN_MALFO_DEFORMAT_MUSCULOS_SYSTEM	fdr	0.2	470	98	98	144	130	460	119	122	117	102
AB1_DERMATOPHYTOSIS	fdr	0.2	557	101	147	154	155	556	134	143	136	143
AB1_DERMATOPHYTOSIS_WIDE	nominal	0.05	1141	282	301	265	293	1164	279	283	310	292
M13_HAMMERTOE	nominal	0.05	1377	349	334	356	338	1471	404	405	352	310
Q17_CONGEN_MALFO_DEFORMAT_MUSCULOS_SYSTEM_WIDE	nominal	0.05	1105	261	263	295	286	1071	295	283	262	231
CD2_INSITU_CERVIX_UTERI	nominal	0.05	1151	325	287	260	279	1173	275	288	298	312
G6_FACOTH	nominal	0.05	1102	271	268	261	302	1172	242	279	314	337
J10_ASTHMA_EXMORE	nominal	0.05	1687	430	483	347	427	1700	422	491	382	405
CD2_INSITU_CERVIX_UTERI	fdr	0.05	143	57	46	18	22	152	36	27	41	48
G6_FACOTH	fdr	0.05	124	28	27	31	38	152	29	33	43	47
Q17_CONGEN_MALFO_DEFORMAT_MUSCULOS_SYSTEM_WIDE	fdr	0.05	108	25	19	30	34	104	27	23	25	29
J10_ASTHMA_EXMORE	fdr	0.05	355	103	94	71	87	389	110	107	80	92
M13_HAMMERTOE	fdr	0.05	168	48	32	38	50	253	76	61	60	56
AB1_DERMATOPHYTOSIS_WIDE	fdr	0.05	148	40	40	29	39	139	33	26	36	44
M13_HAMMERTOE	fdr	0.1	320	81	76	71	92	434	113	130	98	93
CD2_INSITU_CERVIX_UTERI	fdr	0.1	234	80	66	47	41	253	58	56	75	64
G6_FACOTH	fdr	0.1	219	55	49	52	63	258	49	60	72	77
Q17_CONGEN_MALFO_DEFORMAT_MUSCULOS_SYSTEM_WIDE	fdr	0.1	215	43	49	57	66	198	51	48	51	48
J10_ASTHMA_EXMORE	fdr	0.1	560	146	157	119	138	635	167	176	148	144
AB1_DERMATOPHYTOSIS_WIDE	fdr	0.1	241	58	66	54	63	250	53	58	68	71
M13_HAMMERTOE	fdr	0.2	745	182	186	192	185	870	234	252	207	177
CD2_INSITU_CERVIX_UTERI	fdr	0.2	541	166	144	106	125	546	124	131	151	140
G6_FACOTH	fdr	0.2	505	121	121	121	142	559	108	134	156	161
J10_ASTHMA_EXMORE	fdr	0.2	1003	261	287	213	242	1126	278	342	257	249
Q17_CONGEN_MALFO_DEFORMAT_MUSCULOS_SYSTEM_WIDE	fdr	0.2	458	97	104	136	121	438	119	112	107	100
AB1_DERMATOPHYTOSIS_WIDE	fdr	0.2	509	119	145	109	136	545	133	129	145	138
CD2_INSITU_CERVIX_UTERI_ENDOCERVIX	nominal	0.05	1075	294	269	265	247	1092	263	270	288	271
G6_FEMLAPOP	nominal	0.05	1093	296	289	254	254	1131	259	315	267	290
Q17_CONGEN_MALFO_EAR_CAUSI_IMPAIRM_HEARING	nominal	0.05	1178	331	306	279	262	1072	255	270	289	258
AB1_DIBTHERIA	nominal	0.05	1119	302	319	247	251	1089	278	303	255	253
M13_HEBERDENS_NODES	nominal	0.05	1043	250	258	282	253	1047	235	262	287	263
J10_ASTHMA_MAIN_EXMORE	nominal	0.05	1665	428	488	336	413	1698	414	481	392	411
J10_ASTHMA_MAIN_EXMORE	fdr	0.05	366	108	100	74	84	370	108	109	71	82
M13_HEBERDENS_NODES	fdr	0.05	80	17	13	25	25	99	24	24	23	28
Q17_CONGEN_MALFO_EAR_CAUSI_IMPAIRM_HEARING	fdr	0.05	167	70	45	27	25	122	27	32	32	31
CD2_INSITU_CERVIX_UTERI_ENDOCERVIX	fdr	0.05	115	35	24	29	27	106	23	24	33	26
AB1_DIBTHERIA	fdr	0.05	114	29	29	33	23	100	33	23	19	25
G6_FEMLAPOP	fdr	0.05	105	32	39	15	19	109	23	25	33	28
Q17_CONGEN_MALFO_EAR_CAUSI_IMPAIRM_HEARING	fdr	0.1	274	102	70	54	48	233	55	64	61	53
CD2_INSITU_CERVIX_UTERI_ENDOCERVIX	fdr	0.1	198	55	43	52	48	207	42	51	65	49
AB1_DIBTHERIA	fdr	0.1	211	50	64	51	46	203	52	56	48	47
J10_ASTHMA_MAIN_EXMORE	fdr	0.1	542	146	148	114	134	595	164	166	135	130
M13_HEBERDENS_NODES	fdr	0.1	157	27	29	49	52	182	36	51	44	51
G6_FEMLAPOP	fdr	0.1	192	56	62	34	40	201	43	59	47	52
CD2_INSITU_CERVIX_UTERI_ENDOCERVIX	fdr	0.2	440	122	116	96	106	436	99	114	116	107
G6_FEMLAPOP	fdr	0.2	448	131	122	100	95	469	101	140	113	115
Q17_CONGEN_MALFO_EAR_CAUSI_IMPAIRM_HEARING	fdr	0.2	512	164	117	118	113	482	118	122	129	113
M13_HEBERDENS_NODES	fdr	0.2	374	81	89	108	96	432	95	120	110	107
AB1_DIBTHERIA	fdr	0.2	433	121	120	95	97	454	122	131	106	95
J10_ASTHMA_MAIN_EXMORE	fdr	0.2	1000	258	285	214	243	1115	277	329	256	253
M13_HTROMBMICROANG	nominal	0.05	1154	310	284	297	263	1074	251	247	303	273
CD2_INSITU_CERVIX_UTERI_EXOCERVIX	nominal	0.05	1179	329	307	279	264	1121	261	308	285	267
G6_FEMLE	nominal	0.05	1114	291	298	248	277	1105	253	294	292	266
J10_BRONCH	nominal	0.05	1161	276	286	290	309	1152	296	323	274	259
AB1_DIBTHERIA_WIDE	nominal	0.05	1131	302	309	266	254	1129	294	291	304	240
Q17_CONGEN_MALFO_EYELID_LACRIMAL_APPARA_ORBIT	nominal	0.05	1111	248	273	277	313	1142	256	326	278	282
J10_BRONCH	fdr	0.05	166	36	29	49	52	137	34	28	37	38
CD2_INSITU_CERVIX_UTERI_EXOCERVIX	fdr	0.05	177	68	55	25	29	153	29	33	49	42
M13_HTROMBMICROANG	fdr	0.05	138	60	45	17	16	118	25	22	39	32
AB1_DIBTHERIA_WIDE	fdr	0.05	109	31	32	25	21	108	24	21	27	36
G6_FEMLE	fdr	0.05	107	24	27	21	35	92	23	23	26	20
Q17_CONGEN_MALFO_EYELID_LACRIMAL_APPARA_ORBIT	fdr	0.05	125	21	32	36	36	116	31	31	27	27
J10_BRONCH	fdr	0.1	265	62	48	72	83	263	72	59	75	57
CD2_INSITU_CERVIX_UTERI_EXOCERVIX	fdr	0.1	273	96	78	56	43	247	48	62	80	57
AB1_DIBTHERIA_WIDE	fdr	0.1	197	57	61	46	33	208	47	51	55	55
G6_FEMLE	fdr	0.1	207	57	53	38	59	200	43	51	56	50
M13_HTROMBMICROANG	fdr	0.1	233	84	64	44	41	210	48	45	65	52
Q17_CONGEN_MALFO_EYELID_LACRIMAL_APPARA_ORBIT	fdr	0.1	220	35	58	62	65	209	53	56	53	47
G6_FEMLE	fdr	0.2	449	117	112	96	124	467	109	120	125	113
J10_BRONCH	fdr	0.2	526	128	116	136	146	560	138	155	143	124
CD2_INSITU_CERVIX_UTERI_EXOCERVIX	fdr	0.2	556	159	161	123	113	518	107	136	150	125
AB1_DIBTHERIA_WIDE	fdr	0.2	451	122	129	109	91	463	117	119	117	110
M13_HTROMBMICROANG	fdr	0.2	492	150	121	113	108	474	106	103	148	117
Q17_CONGEN_MALFO_EYELID_LACRIMAL_APPARA_ORBIT	fdr	0.2	459	79	119	126	135	476	105	146	124	101
G6_FEMMEPOP	nominal	0.05	1121	256	262	283	320	1107	260	304	267	276
J10_BRONCHIECTASIS	nominal	0.05	1064	295	281	244	244	1177	291	309	294	283
AB1_EARLY_SYPHILIS	nominal	0.05	1082	244	276	279	283	1157	263	335	290	269
Q17_CONGEN_MALFO_EYELID_LACRIMAL_APPARA_ORBIT_WIDE	nominal	0.05	1131	245	303	264	319	1148	266	345	261	276
CD2_INSITU_CERVIX_UTERI_NOS	nominal	0.05	1050	296	273	239	242	1073	287	293	271	222
M13_HYPERANG	nominal	0.05	1092	268	287	258	279	1129	284	321	256	268
G6_FEMMEPOP	fdr	0.05	94	18	20	24	32	107	25	20	32	30
AB1_EARLY_SYPHILIS	fdr	0.05	114	29	24	37	24	132	32	32	33	35
J10_BRONCHIECTASIS	fdr	0.05	99	29	25	25	20	146	48	38	33	27
M13_HYPERANG	fdr	0.05	102	22	24	29	27	136	32	35	33	36
Q17_CONGEN_MALFO_EYELID_LACRIMAL_APPARA_ORBIT_WIDE	fdr	0.05	131	20	32	35	44	122	27	42	23	30
CD2_INSITU_CERVIX_UTERI_NOS	fdr	0.05	122	48	36	21	17	117	38	29	23	27
G6_FEMMEPOP	fdr	0.1	199	35	46	50	68	218	44	63	58	53
J10_BRONCHIECTASIS	fdr	0.1	199	49	55	58	37	273	85	67	72	49
AB1_EARLY_SYPHILIS	fdr	0.1	204	49	48	56	51	230	55	57	58	60
CD2_INSITU_CERVIX_UTERI_NOS	fdr	0.1	202	80	52	40	30	209	63	53	52	41
M13_HYPERANG	fdr	0.1	184	41	49	52	42	225	54	68	53	50
Q17_CONGEN_MALFO_EYELID_LACRIMAL_APPARA_ORBIT_WIDE	fdr	0.1	236	37	56	68	75	231	57	68	55	51
G6_FEMMEPOP	fdr	0.2	438	91	93	110	144	479	103	128	120	128
J10_BRONCHIECTASIS	fdr	0.2	438	119	121	103	95	545	144	143	146	112
AB1_EARLY_SYPHILIS	fdr	0.2	454	94	106	128	126	483	108	143	127	105
Q17_CONGEN_MALFO_EYELID_LACRIMAL_APPARA_ORBIT_WIDE	fdr	0.2	502	93	122	132	155	535	117	163	133	122
M13_HYPERANG	fdr	0.2	404	86	104	113	101	481	116	144	112	109
CD2_INSITU_CERVIX_UTERI_NOS	fdr	0.2	409	133	108	83	85	459	123	123	114	99
CD2_INSITU_COLON	nominal	0.05	1108	264	316	262	266	1168	261	323	306	278
G6_GUILBAR	nominal	0.05	1096	256	236	300	304	1175	291	313	286	285
M13_HYPERMOBILITY	nominal	0.05	1215	341	352	252	270	1285	341	348	294	302
AB1_EARLY_SYPHILIS_WIDE	nominal	0.05	1090	251	279	277	283	1086	248	285	282	271
Q17_CONGEN_MALFO_EYE_EAR_FACE_NECK	nominal	0.05	1111	278	289	282	262	1085	273	282	266	264
J10_BRONCHIOLITIS	nominal	0.05	1176	252	276	315	333	1193	308	329	285	271
M13_HYPERMOBILITY	fdr	0.05	126	44	29	22	31	150	34	41	32	43
AB1_EARLY_SYPHILIS_WIDE	fdr	0.05	132	36	23	38	35	133	29	33	42	29
J10_BRONCHIOLITIS	fdr	0.05	168	31	15	58	64	157	52	46	31	28
Q17_CONGEN_MALFO_EYE_EAR_FACE_NECK	fdr	0.05	172	47	39	44	42	129	37	35	24	33
G6_GUILBAR	fdr	0.05	115	21	29	29	36	118	31	25	30	32
CD2_INSITU_COLON	fdr	0.05	134	37	40	31	26	125	30	37	32	26
CD2_INSITU_COLON	fdr	0.1	234	60	74	56	44	220	51	68	59	42
M13_HYPERMOBILITY	fdr	0.1	250	77	71	49	53	286	75	79	61	71
Q17_CONGEN_MALFO_EYE_EAR_FACE_NECK	fdr	0.1	265	76	61	72	56	216	63	53	49	51
AB1_EARLY_SYPHILIS_WIDE	fdr	0.1	223	52	49	62	60	222	43	56	68	55
J10_BRONCHIOLITIS	fdr	0.1	276	51	41	92	92	265	75	76	62	52
G6_GUILBAR	fdr	0.1	209	42	47	51	69	226	56	64	48	58
CD2_INSITU_COLON	fdr	0.2	464	113	147	105	99	520	111	148	137	124
M13_HYPERMOBILITY	fdr	0.2	553	160	152	121	120	640	169	178	154	139
Q17_CONGEN_MALFO_EYE_EAR_FACE_NECK	fdr	0.2	475	132	109	123	111	439	115	115	100	109
AB1_EARLY_SYPHILIS_WIDE	fdr	0.2	454	100	113	120	121	467	96	126	134	111
J10_BRONCHIOLITIS	fdr	0.2	530	111	110	147	162	550	144	164	125	117
G6_GUILBAR	fdr	0.2	448	100	101	127	120	503	126	134	121	122
AB1_EBV	nominal	0.05	1170	265	286	301	318	1155	269	302	290	294
CD2_INSITU_DIGESTIVE	nominal	0.05	1165	279	294	303	289	1094	244	289	289	272
Q17_CONGEN_MALFO_GALLB_BILE_DUCTS_LIVER	nominal	0.05	1063	293	263	255	252	1034	269	254	254	257
G6_HCCOMM	nominal	0.05	1125	303	271	266	285	1086	253	291	259	283
J10_BRONCHITIS	nominal	0.05	1225	346	351	274	254	1236	337	312	303	284
M13_ILIOTIBBAND	nominal	0.05	1127	311	332	243	241	1088	244	257	300	287
CD2_INSITU_DIGESTIVE	fdr	0.05	123	29	21	37	36	119	37	28	28	26
AB1_EBV	fdr	0.05	180	35	27	57	61	157	40	33	40	44
G6_HCCOMM	fdr	0.05	192	67	53	35	37	141	38	39	30	34
M13_ILIOTIBBAND	fdr	0.05	144	58	41	18	27	139	29	23	36	51
Q17_CONGEN_MALFO_GALLB_BILE_DUCTS_LIVER	fdr	0.05	101	27	27	23	24	112	29	27	32	24
J10_BRONCHITIS	fdr	0.05	164	47	49	32	36	177	52	44	37	44
AB1_EBV	fdr	0.1	297	57	50	86	104	271	66	61	67	77
CD2_INSITU_DIGESTIVE	fdr	0.1	245	54	53	69	69	209	60	53	47	49
G6_HCCOMM	fdr	0.1	283	91	74	54	64	234	54	71	54	55
M13_ILIOTIBBAND	fdr	0.1	222	81	68	40	33	216	46	38	60	72
Q17_CONGEN_MALFO_GALLB_BILE_DUCTS_LIVER	fdr	0.1	172	48	44	39	41	190	51	44	57	38
J10_BRONCHITIS	fdr	0.1	260	77	73	52	58	309	83	75	77	74
AB1_EBV	fdr	0.2	565	108	133	149	175	576	128	150	154	144
CD2_INSITU_DIGESTIVE	fdr	0.2	495	114	117	139	125	474	126	115	123	110
G6_HCCOMM	fdr	0.2	518	152	137	107	122	483	106	139	119	119
M13_ILIOTIBBAND	fdr	0.2	462	149	140	88	85	436	87	101	121	127
Q17_CONGEN_MALFO_GALLB_BILE_DUCTS_LIVER	fdr	0.2	410	109	107	100	94	438	114	109	117	98
J10_BRONCHITIS	fdr	0.2	537	154	154	119	110	609	165	151	147	146
AB1_ENTEROBIASIS	nominal	0.05	1035	275	283	225	252	1067	270	263	297	237
G6_HCINOTH	nominal	0.05	1133	321	284	281	247	1137	312	317	277	231
J10_BRONCHNAS	nominal	0.05	1051	273	260	254	264	1119	274	299	284	262
M13_IMPINGEMENT	nominal	0.05	1335	409	403	250	273	1352	385	385	289	293
Q17_CONGEN_MALFO_GENITAL_ORGANS	nominal	0.05	1234	285	332	305	312	1187	280	318	283	306
CD2_INSITU_EAR_RESP	nominal	0.05	1031	274	239	262	256	1095	248	287	282	278
G6_HCINOTH	fdr	0.05	134	38	42	31	23	144	43	46	30	25
Q17_CONGEN_MALFO_GENITAL_ORGANS	fdr	0.05	200	65	57	43	35	149	39	32	37	41
M13_IMPINGEMENT	fdr	0.05	228	93	79	22	34	209	58	58	37	56
CD2_INSITU_EAR_RESP	fdr	0.05	77	24	14	20	19	105	25	18	34	28
AB1_ENTEROBIASIS	fdr	0.05	75	26	18	11	20	83	21	15	23	24
J10_BRONCHNAS	fdr	0.05	99	27	14	24	34	122	31	27	29	35
AB1_ENTEROBIASIS	fdr	0.1	143	45	33	27	38	171	46	33	52	40
G6_HCINOTH	fdr	0.1	230	62	63	57	48	271	78	88	62	43
Q17_CONGEN_MALFO_GENITAL_ORGANS	fdr	0.1	323	94	85	76	68	275	74	64	77	60
CD2_INSITU_EAR_RESP	fdr	0.1	158	42	30	36	50	183	43	44	49	47
M13_IMPINGEMENT	fdr	0.1	347	121	122	43	61	335	82	106	70	77
J10_BRONCHNAS	fdr	0.1	184	42	37	47	58	213	55	54	52	52
AB1_ENTEROBIASIS	fdr	0.2	350	98	96	69	87	406	87	98	119	102
G6_HCINOTH	fdr	0.2	459	135	125	101	98	529	144	169	120	96
J10_BRONCHNAS	fdr	0.2	430	115	107	101	107	479	119	123	110	127
Q17_CONGEN_MALFO_GENITAL_ORGANS	fdr	0.2	584	149	155	146	134	563	133	155	143	132
CD2_INSITU_EAR_RESP	fdr	0.2	372	94	87	97	94	400	94	98	103	105
M13_IMPINGEMENT	fdr	0.2	677	223	231	102	121	698	184	208	152	154
CD2_INSITU_ENDOMETRIUM	nominal	0.05	1090	246	250	280	314	1032	262	264	260	246
G6_HCNP	nominal	0.05	1311	309	329	308	365	1305	305	319	347	334
J10_CHEMGASRESP	nominal	0.05	1029	241	269	238	281	1088	230	310	260	288
M13_INFBURSA	nominal	0.05	1073	275	307	231	260	1111	254	284	287	286
AB1_ENTEROBIASIS_WIDE	nominal	0.05	1099	279	243	294	283	1130	302	290	282	256
Q17_CONGEN_MALFO_GREAT_ARTERIES	nominal	0.05	1136	303	299	284	250	1111	290	283	284	254
CD2_INSITU_ENDOMETRIUM	fdr	0.05	147	33	36	26	52	112	22	26	20	44
G6_HCNP	fdr	0.05	201	37	53	41	70	188	44	51	42	51
J10_CHEMGASRESP	fdr	0.05	89	27	18	18	26	118	29	27	28	34
Q17_CONGEN_MALFO_GREAT_ARTERIES	fdr	0.05	127	41	37	25	24	138	49	37	25	27
AB1_ENTEROBIASIS_WIDE	fdr	0.05	117	28	28	31	30	95	29	26	24	16
M13_INFBURSA	fdr	0.05	113	42	38	12	21	136	32	30	34	40
CD2_INSITU_ENDOMETRIUM	fdr	0.1	253	59	56	64	74	202	48	50	44	60
G6_HCNP	fdr	0.1	322	71	89	65	97	323	74	86	79	84
J10_CHEMGASRESP	fdr	0.1	163	43	41	36	43	198	38	54	52	54
Q17_CONGEN_MALFO_GREAT_ARTERIES	fdr	0.1	238	73	67	53	45	253	77	70	52	54
AB1_ENTEROBIASIS_WIDE	fdr	0.1	222	56	45	65	56	191	64	48	50	29
M13_INFBURSA	fdr	0.1	208	67	66	34	41	225	44	50	64	67
CD2_INSITU_ENDOMETRIUM	fdr	0.2	476	105	98	127	146	424	97	106	106	115
M13_INFBURSA	fdr	0.2	435	128	124	84	99	471	111	115	122	123
G6_HCNP	fdr	0.2	634	155	159	134	186	674	157	181	174	162
J10_CHEMGASRESP	fdr	0.2	394	92	107	92	103	423	85	117	104	117
Q17_CONGEN_MALFO_GREAT_ARTERIES	fdr	0.2	475	134	138	110	93	492	138	124	125	105
AB1_ENTEROBIASIS_WIDE	fdr	0.2	464	109	103	128	124	474	131	126	124	93
G6_HCOBSTR	nominal	0.05	1158	282	332	283	261	1120	286	315	270	249
M13_INFTENOSYNOVITIS	nominal	0.05	1027	289	264	233	241	1127	269	264	319	275
J10_CHRONLARYNGITIS	nominal	0.05	1068	295	292	222	259	1160	297	306	291	266
Q17_CONGEN_MALFO_GREAT_VEINS	nominal	0.05	1040	231	240	284	285	1077	247	257	299	274
CD2_INSITU_GENITAL	nominal	0.05	1066	274	277	243	272	1103	257	262	293	291
AB1_ERYSIPELAS	nominal	0.05	1446	409	407	311	319	1419	309	375	370	365
Q17_CONGEN_MALFO_GREAT_VEINS	fdr	0.05	129	28	31	32	38	133	27	19	46	41
CD2_INSITU_GENITAL	fdr	0.05	107	31	28	18	30	131	21	27	36	47
G6_HCOBSTR	fdr	0.05	125	38	34	29	24	139	31	36	44	28
M13_INFTENOSYNOVITIS	fdr	0.05	109	37	42	13	17	131	26	20	40	45
AB1_ERYSIPELAS	fdr	0.05	270	88	79	49	54	274	48	53	87	86
J10_CHRONLARYNGITIS	fdr	0.05	109	32	36	17	24	148	40	34	39	35
Q17_CONGEN_MALFO_GREAT_VEINS	fdr	0.1	220	42	51	58	69	221	44	42	71	64
CD2_INSITU_GENITAL	fdr	0.1	205	53	46	48	58	221	49	45	60	67
J10_CHRONLARYNGITIS	fdr	0.1	195	63	53	39	40	255	72	57	66	60
M13_INFTENOSYNOVITIS	fdr	0.1	194	57	65	36	36	218	42	41	69	66
AB1_ERYSIPELAS	fdr	0.1	427	132	122	87	86	444	75	104	140	125
G6_HCOBSTR	fdr	0.1	231	65	66	50	50	248	52	72	67	57
G6_HCOBSTR	fdr	0.2	489	127	148	110	104	502	129	138	128	107
Q17_CONGEN_MALFO_GREAT_VEINS	fdr	0.2	457	98	95	125	139	475	102	112	132	129
CD2_INSITU_GENITAL	fdr	0.2	429	105	105	99	120	444	109	102	107	126
AB1_ERYSIPELAS	fdr	0.2	796	226	225	172	173	840	167	203	241	229
J10_CHRONLARYNGITIS	fdr	0.2	424	117	123	86	98	529	129	146	134	120
M13_INFTENOSYNOVITIS	fdr	0.2	415	125	106	87	97	472	102	95	151	124
CD2_INSITU_LARYNX	nominal	0.05	1022	277	249	249	247	1068	268	261	276	263
J10_CHRONRHINITIS	nominal	0.05	1303	353	341	289	320	1257	306	327	327	297
Q17_CONGEN_MALFO_LARYNX	nominal	0.05	1024	248	246	270	260	1007	228	258	272	249
G6_HCOTHUNS	nominal	0.05	1166	275	313	276	302	1256	332	344	303	277
AB1_ERYSIPELAS_WIDE	nominal	0.05	1450	414	420	305	311	1463	315	378	370	400
M13_INTERHYDRARTHR	nominal	0.05	1100	308	278	253	261	1083	235	259	304	285
Q17_CONGEN_MALFO_LARYNX	fdr	0.05	104	31	23	26	24	110	26	18	36	30
J10_CHRONRHINITIS	fdr	0.05	208	72	58	32	46	187	51	48	49	39
M13_INTERHYDRARTHR	fdr	0.05	155	60	41	26	28	108	18	25	29	36
AB1_ERYSIPELAS_WIDE	fdr	0.05	278	88	85	46	59	290	54	52	90	94
CD2_INSITU_LARYNX	fdr	0.05	81	25	23	13	20	102	27	19	26	30
G6_HCOTHUNS	fdr	0.05	161	32	42	43	44	206	56	58	49	43
Q17_CONGEN_MALFO_LARYNX	fdr	0.1	174	48	41	44	41	184	38	43	58	45
J10_CHRONRHINITIS	fdr	0.1	350	101	99	65	85	316	79	86	83	68
M13_INTERHYDRARTHR	fdr	0.1	251	88	62	47	54	202	40	50	55	57
AB1_ERYSIPELAS_WIDE	fdr	0.1	434	128	126	88	92	472	79	107	143	143
G6_HCOTHUNS	fdr	0.1	270	54	78	59	79	322	78	93	78	73
CD2_INSITU_LARYNX	fdr	0.1	158	39	46	32	41	192	49	44	48	51
Q17_CONGEN_MALFO_LARYNX	fdr	0.2	352	91	83	93	85	383	83	88	117	95
AB1_ERYSIPELAS_WIDE	fdr	0.2	801	231	226	174	170	864	173	203	237	251
M13_INTERHYDRARTHR	fdr	0.2	487	150	122	108	107	478	105	100	150	123
J10_CHRONRHINITIS	fdr	0.2	653	177	177	134	165	641	164	167	168	142
G6_HCOTHUNS	fdr	0.2	538	120	159	120	139	588	162	162	139	125
CD2_INSITU_LARYNX	fdr	0.2	388	100	97	93	98	449	104	110	128	107
AB1_ERYSIPLEOID_WIDE	nominal	0.05	1061	248	240	267	306	1164	278	302	293	291
CD2_INSITU_LIPORALPHARYNX	nominal	0.05	1139	299	307	274	259	1154	266	305	295	288
G6_HCPOSTRAU	nominal	0.05	1143	296	315	271	261	1153	277	286	327	263
Q17_CONGEN_MALFO_LUNG	nominal	0.05	1104	255	280	267	302	1134	259	290	305	280
J10_CHRONSINUSITIS	nominal	0.05	1503	400	413	331	359	1563	343	394	405	421
M13_INTERVERTEB	nominal	0.05	1704	480	531	329	364	1752	457	502	391	402
CD2_INSITU_LIPORALPHARYNX	fdr	0.05	135	33	34	32	36	118	36	32	17	33
G6_HCPOSTRAU	fdr	0.05	152	47	39	38	28	168	39	34	53	42
J10_CHRONSINUSITIS	fdr	0.05	248	60	60	59	69	290	73	69	77	71
M13_INTERVERTEB	fdr	0.05	363	129	136	36	62	353	97	109	72	75
Q17_CONGEN_MALFO_LUNG	fdr	0.05	167	33	38	39	57	132	24	35	36	37
AB1_ERYSIPLEOID_WIDE	fdr	0.05	97	21	26	32	18	127	42	30	28	27
CD2_INSITU_LIPORALPHARYNX	fdr	0.1	236	52	67	55	62	246	56	71	59	60
G6_HCPOSTRAU	fdr	0.1	261	72	73	61	55	269	62	66	82	59
J10_CHRONSINUSITIS	fdr	0.1	418	109	107	102	100	492	115	129	131	117
M13_INTERVERTEB	fdr	0.1	550	172	206	70	102	575	150	183	132	110
Q17_CONGEN_MALFO_LUNG	fdr	0.1	266	55	55	73	83	214	43	50	67	54
AB1_ERYSIPLEOID_WIDE	fdr	0.1	199	50	48	57	44	244	69	68	57	50
CD2_INSITU_LIPORALPHARYNX	fdr	0.2	499	127	142	115	115	549	123	153	140	133
G6_HCPOSTRAU	fdr	0.2	504	145	137	113	109	536	126	137	155	118
AB1_ERYSIPLEOID_WIDE	fdr	0.2	439	105	107	111	116	536	140	145	134	117
Q17_CONGEN_MALFO_LUNG	fdr	0.2	505	117	122	120	146	489	104	124	144	117
J10_CHRONSINUSITIS	fdr	0.2	816	215	210	189	202	925	210	257	239	219
M13_INTERVERTEB	fdr	0.2	1061	311	350	177	223	1128	292	337	257	242
J10_CHRONTONSADEN	nominal	0.05	1673	462	453	383	375	1655	427	439	397	392
G6_HEADACHE	nominal	0.05	1418	404	426	276	312	1435	377	395	317	346
M13_JUVERHEU	nominal	0.05	1180	265	269	332	314	1204	253	296	341	314
AB1_GASTROENTERITIS_NOS	nominal	0.05	1259	334	328	318	279	1262	354	349	280	279
CD2_INSITU_MELANOMA	nominal	0.05	1145	294	276	291	284	1110	312	278	267	253
Q17_CONGEN_MALFO_LUNG_WIDE	nominal	0.05	1083	251	273	258	301	1144	259	297	301	287
J10_CHRONTONSADEN	fdr	0.05	326	108	82	67	69	338	88	81	86	83
G6_HEADACHE	fdr	0.05	236	90	65	42	39	223	57	50	60	56
Q17_CONGEN_MALFO_LUNG_WIDE	fdr	0.05	152	35	36	33	48	131	21	34	39	37
AB1_GASTROENTERITIS_NOS	fdr	0.05	153	50	38	35	30	161	48	43	31	39
CD2_INSITU_MELANOMA	fdr	0.05	175	48	35	38	54	148	38	34	37	39
M13_JUVERHEU	fdr	0.05	95	12	23	25	35	96	19	13	27	37
J10_CHRONTONSADEN	fdr	0.1	514	163	125	117	109	556	143	138	149	126
AB1_GASTROENTERITIS_NOS	fdr	0.1	273	81	76	64	52	267	82	76	56	53
G6_HEADACHE	fdr	0.1	398	137	114	64	83	384	97	111	85	91
Q17_CONGEN_MALFO_LUNG_WIDE	fdr	0.1	242	54	57	57	74	232	42	61	62	67
CD2_INSITU_MELANOMA	fdr	0.1	283	81	58	71	73	252	65	60	72	55
M13_JUVERHEU	fdr	0.1	213	43	49	64	57	213	42	46	60	65
J10_CHRONTONSADEN	fdr	0.2	987	278	259	222	228	1046	275	271	252	248
G6_HEADACHE	fdr	0.2	767	227	238	142	160	772	201	214	169	188
M13_JUVERHEU	fdr	0.2	489	108	103	140	138	515	99	125	164	127
AB1_GASTROENTERITIS_NOS	fdr	0.2	597	172	163	139	123	607	184	171	130	122
Q17_CONGEN_MALFO_LUNG_WIDE	fdr	0.2	481	101	125	114	141	505	109	121	139	136
CD2_INSITU_MELANOMA	fdr	0.2	552	141	125	149	137	530	145	125	140	120
G6_HEMIPLE	nominal	0.05	1163	323	325	246	269	1113	267	306	274	266
Q17_CONGEN_MALFO_MUSCULOS_SYSTEM_NOT_ELSEW_CLASSIFIED	nominal	0.05	1105	316	305	245	239	1114	306	310	253	245
AB1_GASTROENTERITIS_NOS_WIDE	nominal	0.05	1360	384	352	323	301	1305	343	395	289	278
CD2_INSITU_MELANOMA_FACE	nominal	0.05	1138	299	260	306	273	1116	294	283	286	253
M13_JUVOSTEOCHONRHIP	nominal	0.05	1125	300	324	242	259	1183	284	331	277	291
J10_CHYLOTHORAX	nominal	0.05	1111	270	239	295	307	1178	290	300	295	293
AB1_GASTROENTERITIS_NOS_WIDE	fdr	0.05	192	66	57	36	33	172	40	50	35	47
CD2_INSITU_MELANOMA_FACE	fdr	0.05	165	54	38	31	42	140	32	33	35	40
G6_HEMIPLE	fdr	0.05	119	28	42	26	23	137	35	40	31	31
M13_JUVOSTEOCHONRHIP	fdr	0.05	139	39	42	26	32	146	40	36	30	40
Q17_CONGEN_MALFO_MUSCULOS_SYSTEM_NOT_ELSEW_CLASSIFIED	fdr	0.05	143	39	35	35	34	147	39	42	34	32
J10_CHYLOTHORAX	fdr	0.05	112	24	30	27	31	135	33	40	21	41
G6_HEMIPLE	fdr	0.1	244	73	69	53	49	253	68	76	53	56
CD2_INSITU_MELANOMA_FACE	fdr	0.1	257	75	60	63	59	232	55	56	68	53
AB1_GASTROENTERITIS_NOS_WIDE	fdr	0.1	343	113	96	70	64	322	73	101	73	75
M13_JUVOSTEOCHONRHIP	fdr	0.1	244	69	74	43	58	261	58	75	58	70
Q17_CONGEN_MALFO_MUSCULOS_SYSTEM_NOT_ELSEW_CLASSIFIED	fdr	0.1	243	72	66	57	48	260	66	81	58	55
J10_CHYLOTHORAX	fdr	0.1	202	47	49	49	57	243	54	76	50	63
G6_HEMIPLE	fdr	0.2	516	146	148	107	115	501	124	144	121	112
Q17_CONGEN_MALFO_MUSCULOS_SYSTEM_NOT_ELSEW_CLASSIFIED	fdr	0.2	474	137	124	113	100	526	140	160	125	101
CD2_INSITU_MELANOMA_FACE	fdr	0.2	501	136	113	137	115	506	132	124	135	115
AB1_GASTROENTERITIS_NOS_WIDE	fdr	0.2	680	199	185	162	134	692	169	216	155	152
J10_CHYLOTHORAX	fdr	0.2	499	127	113	123	136	529	127	161	114	127
M13_JUVOSTEOCHONRHIP	fdr	0.2	507	134	153	106	114	548	120	163	119	146
Q17_CONGEN_MALFO_MUSCULOS_SYSTEM_NOT_ELSEW_CLASSIFIED_WIDE	nominal	0.05	1162	317	327	257	261	1139	309	329	272	229
AB1_GONOCOCCAL	nominal	0.05	1146	284	315	266	281	1124	270	310	276	268
M13_KAWASAKI	nominal	0.05	1061	258	257	264	282	1089	257	301	279	252
J10_COLD	nominal	0.05	1016	260	240	250	266	1078	287	312	238	241
CD2_INSITU_MELANOMA_LOWERLIMB	nominal	0.05	1098	289	273	273	263	1111	266	285	276	284
G6_HERATAXIA	nominal	0.05	1005	262	269	240	234	1038	245	269	256	268
M13_KAWASAKI	fdr	0.05	84	26	25	21	12	102	31	34	26	11
Q17_CONGEN_MALFO_MUSCULOS_SYSTEM_NOT_ELSEW_CLASSIFIED_WIDE	fdr	0.05	106	29	27	29	21	121	34	34	26	27
AB1_GONOCOCCAL	fdr	0.05	126	40	46	17	23	134	38	25	35	36
CD2_INSITU_MELANOMA_LOWERLIMB	fdr	0.05	164	58	42	26	38	144	32	41	33	38
G6_HERATAXIA	fdr	0.05	93	34	26	16	17	86	17	10	29	30
J10_COLD	fdr	0.05	108	24	21	34	29	113	35	29	26	23
Q17_CONGEN_MALFO_MUSCULOS_SYSTEM_NOT_ELSEW_CLASSIFIED_WIDE	fdr	0.1	204	61	50	53	40	242	67	74	56	45
G6_HERATAXIA	fdr	0.1	166	57	42	36	31	168	37	33	48	50
J10_COLD	fdr	0.1	200	47	41	56	56	208	64	66	39	39
M13_KAWASAKI	fdr	0.1	170	47	49	42	32	210	56	71	55	28
AB1_GONOCOCCAL	fdr	0.1	229	71	68	46	44	235	58	53	65	59
CD2_INSITU_MELANOMA_LOWERLIMB	fdr	0.1	252	81	62	49	60	226	52	63	51	60
Q17_CONGEN_MALFO_MUSCULOS_SYSTEM_NOT_ELSEW_CLASSIFIED_WIDE	fdr	0.2	471	133	126	115	97	527	145	166	124	92
J10_COLD	fdr	0.2	391	99	91	102	99	432	119	134	90	89
M13_KAWASAKI	fdr	0.2	423	109	106	109	99	463	105	149	118	91
G6_HERATAXIA	fdr	0.2	380	122	103	83	72	398	94	98	100	106
AB1_GONOCOCCAL	fdr	0.2	496	125	152	111	108	517	125	144	137	111
CD2_INSITU_MELANOMA_LOWERLIMB	fdr	0.2	494	138	118	111	127	499	112	135	121	131
M13_KISSING	nominal	0.05	1145	302	267	289	287	1171	296	321	284	270
CD2_INSITU_MELANOMA_NOS	nominal	0.05	1112	311	250	281	270	1055	266	267	293	229
J10_COPD	nominal	0.05	1667	449	474	355	389	1664	444	469	372	379
G6_HEREMOSEN	nominal	0.05	1033	236	272	250	275	1091	266	270	291	264
Q17_CONGEN_MALFO_NERVOUS_SYSTEM	nominal	0.05	1026	256	258	253	259	1042	266	257	273	246
AB1_GONOCOCCAL_WIDE	nominal	0.05	1142	297	303	272	270	1159	291	318	293	257
CD2_INSITU_MELANOMA_NOS	fdr	0.05	96	35	14	24	23	97	33	21	20	23
J10_COPD	fdr	0.05	362	103	98	69	92	356	95	101	77	83
AB1_GONOCOCCAL_WIDE	fdr	0.05	140	46	42	25	27	138	41	26	40	31
M13_KISSING	fdr	0.05	142	32	43	29	38	147	48	40	30	29
G6_HEREMOSEN	fdr	0.05	137	21	20	39	57	104	29	25	22	28
Q17_CONGEN_MALFO_NERVOUS_SYSTEM	fdr	0.05	86	31	23	16	16	111	19	21	40	31
M13_KISSING	fdr	0.1	234	57	54	57	66	251	72	69	57	53
CD2_INSITU_MELANOMA_NOS	fdr	0.1	188	63	35	42	48	184	53	35	60	36
J10_COPD	fdr	0.1	562	150	161	115	136	569	142	161	125	141
AB1_GONOCOCCAL_WIDE	fdr	0.1	222	69	57	49	47	225	56	54	65	50
G6_HEREMOSEN	fdr	0.1	215	34	42	59	80	194	48	47	50	49
Q17_CONGEN_MALFO_NERVOUS_SYSTEM	fdr	0.1	170	51	46	38	35	191	41	43	59	48
M13_KISSING	fdr	0.2	505	129	110	134	132	563	147	143	148	125
J10_COPD	fdr	0.2	1009	270	285	209	245	1054	264	304	239	247
CD2_INSITU_MELANOMA_NOS	fdr	0.2	444	131	92	114	107	426	110	98	129	89
G6_HEREMOSEN	fdr	0.2	447	85	111	112	139	452	108	119	119	106
Q17_CONGEN_MALFO_NERVOUS_SYSTEM	fdr	0.2	360	97	101	81	81	400	94	101	114	91
AB1_GONOCOCCAL_WIDE	fdr	0.2	506	136	144	118	108	519	132	141	151	95
CD2_INSITU_MELANOMA_SCALPNECK	nominal	0.05	1153	279	299	295	280	1138	273	302	295	268
J10_EMPHYSEMA	nominal	0.05	1283	357	360	268	298	1311	356	350	290	315
Q17_CONGEN_MALFO_NOSE	nominal	0.05	1138	282	317	267	272	1106	255	280	295	276
M13_KNEEDERANGEMENTS	nominal	0.05	1389	376	392	315	306	1437	359	410	316	352
AB1_HELMINTHIASES_NOS_WIDE	nominal	0.05	1059	255	261	258	285	1139	278	304	284	273
G6_HERIPOTHUN	nominal	0.05	1080	299	265	264	252	1095	271	273	278	273
CD2_INSITU_MELANOMA_SCALPNECK	fdr	0.05	170	56	41	40	33	127	21	25	38	43
J10_EMPHYSEMA	fdr	0.05	182	58	50	39	35	188	43	55	42	48
AB1_HELMINTHIASES_NOS_WIDE	fdr	0.05	107	26	16	29	36	138	36	36	34	32
G6_HERIPOTHUN	fdr	0.05	112	37	23	32	20	115	36	20	28	31
M13_KNEEDERANGEMENTS	fdr	0.05	190	61	53	36	40	204	61	55	31	57
Q17_CONGEN_MALFO_NOSE	fdr	0.05	124	37	39	26	22	102	20	20	29	33
AB1_HELMINTHIASES_NOS_WIDE	fdr	0.1	192	43	33	54	62	236	58	64	60	54
CD2_INSITU_MELANOMA_SCALPNECK	fdr	0.1	282	83	71	67	61	214	47	46	69	52
J10_EMPHYSEMA	fdr	0.1	313	92	88	68	65	320	71	95	69	85
G6_HERIPOTHUN	fdr	0.1	192	58	36	57	41	183	52	34	52	45
M13_KNEEDERANGEMENTS	fdr	0.1	335	91	104	66	74	373	92	117	70	94
Q17_CONGEN_MALFO_NOSE	fdr	0.1	223	58	69	56	40	216	48	48	63	57
CD2_INSITU_MELANOMA_SCALPNECK	fdr	0.2	518	131	136	140	111	478	110	120	125	123
M13_KNEEDERANGEMENTS	fdr	0.2	723	198	214	160	151	810	206	252	169	183
AB1_HELMINTHIASES_NOS_WIDE	fdr	0.2	436	101	88	115	132	509	135	134	130	110
J10_EMPHYSEMA	fdr	0.2	646	192	185	134	135	673	165	189	150	169
G6_HERIPOTHUN	fdr	0.2	447	135	102	119	91	423	102	105	108	108
Q17_CONGEN_MALFO_NOSE	fdr	0.2	484	120	144	115	105	461	99	113	131	118
CD2_INSITU_MELANOMA_TRUNK	nominal	0.05	1095	250	284	291	270	1133	296	315	262	260
M13_KNUCKLEPADS	nominal	0.05	1121	268	291	280	282	1083	264	289	243	287
Q17_CONGEN_MALFO_NOSE_WIDE	nominal	0.05	1079	261	298	253	267	1077	235	271	275	296
AB1_HELMINTIASES	nominal	0.05	1045	249	263	238	295	1085	285	296	246	258
G6_HORNER	nominal	0.05	1086	275	267	272	272	1101	246	270	286	299
J10_EPIGLOTTITIS	nominal	0.05	1104	294	309	229	272	1118	248	266	306	298
J10_EPIGLOTTITIS	fdr	0.05	128	39	45	22	22	126	26	32	39	29
AB1_HELMINTIASES	fdr	0.05	79	15	15	19	30	112	32	33	15	32
M13_KNUCKLEPADS	fdr	0.05	119	26	34	33	26	104	19	28	25	32
CD2_INSITU_MELANOMA_TRUNK	fdr	0.05	117	31	31	29	26	123	40	36	30	17
Q17_CONGEN_MALFO_NOSE_WIDE	fdr	0.05	119	32	36	29	22	116	22	28	32	34
G6_HORNER	fdr	0.05	135	46	34	27	28	118	25	35	32	26
M13_KNUCKLEPADS	fdr	0.1	226	60	63	53	50	202	43	56	46	57
J10_EPIGLOTTITIS	fdr	0.1	231	72	72	42	45	238	53	48	76	61
AB1_HELMINTIASES	fdr	0.1	190	38	40	46	66	210	60	55	45	50
CD2_INSITU_MELANOMA_TRUNK	fdr	0.1	234	50	60	57	67	224	70	61	55	38
Q17_CONGEN_MALFO_NOSE_WIDE	fdr	0.1	209	50	66	46	47	217	40	55	60	62
G6_HORNER	fdr	0.1	229	69	59	51	50	211	35	60	65	51
CD2_INSITU_MELANOMA_TRUNK	fdr	0.2	480	98	132	121	129	513	146	139	121	107
M13_KNUCKLEPADS	fdr	0.2	465	114	131	112	108	463	117	114	107	125
G6_HORNER	fdr	0.2	473	123	120	114	116	456	91	118	134	113
J10_EPIGLOTTITIS	fdr	0.2	495	143	145	104	103	505	106	110	153	136
AB1_HELMINTIASES	fdr	0.2	437	98	109	93	137	496	131	136	116	113
Q17_CONGEN_MALFO_NOSE_WIDE	fdr	0.2	435	110	132	91	102	458	93	111	126	128
M13_KYPHOSIS	nominal	0.05	1096	275	252	281	288	1157	281	313	280	283
CD2_INSITU_MELANOMA_UPPERLIMB	nominal	0.05	1048	248	272	258	270	1060	242	267	283	268
G6_HYDROCEPH	nominal	0.05	1217	316	317	281	303	1247	321	324	305	297
Q17_CONGEN_MALFO_OESOPHAGUS	nominal	0.05	1147	310	285	265	287	1076	272	274	279	251
AB1_HELMINTIASES_WIDE	nominal	0.05	1092	282	265	256	289	1060	290	291	249	230
J10_EXTERLUNG	nominal	0.05	1167	333	309	258	267	1133	283	310	267	273
AB1_HELMINTIASES_WIDE	fdr	0.05	127	23	23	44	37	119	43	29	18	29
CD2_INSITU_MELANOMA_UPPERLIMB	fdr	0.05	104	15	15	26	48	108	22	13	37	36
Q17_CONGEN_MALFO_OESOPHAGUS	fdr	0.05	138	34	38	29	37	148	40	35	37	36
J10_EXTERLUNG	fdr	0.05	177	64	55	26	32	128	26	33	37	32
G6_HYDROCEPH	fdr	0.05	153	42	37	35	39	197	52	49	42	54
M13_KYPHOSIS	fdr	0.05	113	22	23	37	31	113	29	27	28	29
G6_HYDROCEPH	fdr	0.1	270	76	70	58	66	344	83	93	88	80
AB1_HELMINTIASES_WIDE	fdr	0.1	223	49	42	72	60	224	71	58	47	48
CD2_INSITU_MELANOMA_UPPERLIMB	fdr	0.1	201	38	43	52	68	184	36	35	58	55
Q17_CONGEN_MALFO_OESOPHAGUS	fdr	0.1	235	55	64	58	58	227	51	60	57	59
J10_EXTERLUNG	fdr	0.1	288	88	88	55	57	230	51	65	59	55
M13_KYPHOSIS	fdr	0.1	187	39	40	51	57	217	50	64	49	54
G6_HYDROCEPH	fdr	0.2	548	144	148	125	131	644	158	176	160	150
M13_KYPHOSIS	fdr	0.2	438	104	95	118	121	491	112	144	126	109
AB1_HELMINTIASES_WIDE	fdr	0.2	476	109	105	126	136	486	143	138	108	97
CD2_INSITU_MELANOMA_UPPERLIMB	fdr	0.2	409	87	102	100	120	415	88	94	123	110
Q17_CONGEN_MALFO_OESOPHAGUS	fdr	0.2	498	126	136	114	122	483	126	113	120	124
J10_EXTERLUNG	fdr	0.2	556	169	160	118	109	527	136	141	123	127
AB1_HEPATITIS_A	nominal	0.05	1026	258	255	258	255	1064	261	241	299	263
CD2_INSITU_ORAL	nominal	0.05	1124	282	268	285	289	1168	290	304	285	289
G6_ICNEUROP	nominal	0.05	1025	241	271	265	248	1000	225	253	284	238
Q17_CONGEN_MALFO_OESOPHAGUS_WIDE	nominal	0.05	1138	296	287	256	299	1091	281	279	257	274
M13_LATERALEPICOND	nominal	0.05	1350	366	385	284	315	1304	332	358	322	292
J10_FIBROTHORAX	nominal	0.05	1208	318	305	295	290	1226	324	343	285	274
G6_ICNEUROP	fdr	0.05	84	22	20	24	18	91	17	24	28	22
J10_FIBROTHORAX	fdr	0.05	186	49	35	53	49	157	50	46	36	25
M13_LATERALEPICOND	fdr	0.05	226	86	66	35	39	197	52	43	51	51
Q17_CONGEN_MALFO_OESOPHAGUS_WIDE	fdr	0.05	143	30	36	36	41	136	41	34	27	34
CD2_INSITU_ORAL	fdr	0.05	135	25	40	31	39	142	31	38	35	38
AB1_HEPATITIS_A	fdr	0.05	93	26	19	24	24	88	22	13	30	23
G6_ICNEUROP	fdr	0.1	147	38	34	40	35	172	37	44	56	35
J10_FIBROTHORAX	fdr	0.1	301	82	68	78	73	284	80	84	68	52
M13_LATERALEPICOND	fdr	0.1	357	115	111	57	74	325	76	83	90	76
Q17_CONGEN_MALFO_OESOPHAGUS_WIDE	fdr	0.1	245	54	65	58	68	228	62	68	48	50
CD2_INSITU_ORAL	fdr	0.1	219	48	59	51	61	254	55	72	68	59
AB1_HEPATITIS_A	fdr	0.1	191	50	44	52	45	186	47	33	67	39
AB1_HEPATITIS_A	fdr	0.2	411	105	114	97	95	427	101	102	128	96
CD2_INSITU_ORAL	fdr	0.2	472	111	121	120	120	531	133	139	138	121
G6_ICNEUROP	fdr	0.2	346	83	91	87	85	379	86	100	110	83
J10_FIBROTHORAX	fdr	0.2	556	151	140	131	134	569	149	173	131	116
M13_LATERALEPICOND	fdr	0.2	698	208	211	138	141	675	168	188	170	149
Q17_CONGEN_MALFO_OESOPHAGUS_WIDE	fdr	0.2	480	118	121	109	132	450	109	114	102	125
AB1_HEPATITIS_B	nominal	0.05	1146	338	276	290	242	1110	318	274	292	226
J10_HYPERSPNEUMONI	nominal	0.05	1071	292	261	271	247	1110	272	276	262	300
M13_LIMBDEFORM	nominal	0.05	1165	315	310	273	267	1136	278	324	279	255
Q17_CONGEN_MALFO_OVARIES_FALLOP_TUBES_BROAD_LIGAM	nominal	0.05	1194	292	310	302	290	1174	277	317	295	285
CD2_INSITU_ORALCAVITY	nominal	0.05	1107	271	244	294	298	1182	292	302	308	280
G6_IDIOAUT	nominal	0.05	1008	243	275	246	244	1038	234	283	274	247
Q17_CONGEN_MALFO_OVARIES_FALLOP_TUBES_BROAD_LIGAM	fdr	0.05	129	41	31	34	23	133	38	32	33	30
CD2_INSITU_ORALCAVITY	fdr	0.05	133	29	30	38	36	168	37	43	44	44
J10_HYPERSPNEUMONI	fdr	0.05	103	30	32	21	20	129	29	27	35	38
G6_IDIOAUT	fdr	0.05	70	16	14	19	21	85	31	14	23	17
M13_LIMBDEFORM	fdr	0.05	147	41	44	28	34	145	37	34	39	35
AB1_HEPATITIS_B	fdr	0.05	144	47	38	29	30	129	42	36	30	21
Q17_CONGEN_MALFO_OVARIES_FALLOP_TUBES_BROAD_LIGAM	fdr	0.1	264	76	65	69	54	235	52	65	64	54
CD2_INSITU_ORALCAVITY	fdr	0.1	233	53	52	61	67	259	54	70	66	69
J10_HYPERSPNEUMONI	fdr	0.1	197	57	55	43	42	239	60	53	56	70
AB1_HEPATITIS_B	fdr	0.1	250	80	60	57	53	227	71	64	55	37
G6_IDIOAUT	fdr	0.1	137	31	35	33	38	154	52	24	48	30
M13_LIMBDEFORM	fdr	0.1	258	74	67	64	53	230	61	61	53	55
Q17_CONGEN_MALFO_OVARIES_FALLOP_TUBES_BROAD_LIGAM	fdr	0.2	554	148	149	141	116	515	109	149	136	121
CD2_INSITU_ORALCAVITY	fdr	0.2	494	112	115	126	141	567	129	146	146	146
G6_IDIOAUT	fdr	0.2	371	84	97	95	95	401	107	104	97	93
M13_LIMBDEFORM	fdr	0.2	498	140	151	113	94	503	131	150	114	108
J10_HYPERSPNEUMONI	fdr	0.2	438	122	109	111	96	489	115	123	121	130
AB1_HEPATITIS_B	fdr	0.2	488	146	122	121	99	489	138	141	125	85
CD2_INSITU_OROPHARYNX	nominal	0.05	1156	309	298	277	272	1192	280	317	293	302
G6_INFLAMYOP	nominal	0.05	1108	254	274	279	301	1091	265	269	282	275
J10_INFLUENZA	nominal	0.05	1249	323	335	307	284	1225	336	340	280	269
M13_LIMBLENGTH	nominal	0.05	1015	241	262	252	260	1065	228	287	287	263
AB1_HERPES_SIMPLEX	nominal	0.05	1133	319	293	257	264	1143	281	301	283	278
Q17_CONGEN_MALFO_POSTERI_SEGMENT_EYE	nominal	0.05	1052	255	232	284	281	1079	288	299	240	252
AB1_HERPES_SIMPLEX	fdr	0.05	119	39	23	31	26	125	42	22	29	32
G6_INFLAMYOP	fdr	0.05	141	36	20	47	38	126	28	25	38	35
J10_INFLUENZA	fdr	0.05	173	64	48	33	28	164	37	43	46	38
Q17_CONGEN_MALFO_POSTERI_SEGMENT_EYE	fdr	0.05	97	15	18	34	30	96	26	28	20	22
CD2_INSITU_OROPHARYNX	fdr	0.05	149	35	43	34	37	139	43	36	26	34
M13_LIMBLENGTH	fdr	0.05	110	24	21	32	33	124	30	33	30	31
AB1_HERPES_SIMPLEX	fdr	0.1	231	66	49	58	58	231	68	53	57	53
G6_INFLAMYOP	fdr	0.1	253	63	47	73	70	226	51	51	65	59
J10_INFLUENZA	fdr	0.1	291	95	84	59	53	278	67	75	75	61
M13_LIMBLENGTH	fdr	0.1	205	46	46	59	54	221	44	61	63	53
Q17_CONGEN_MALFO_POSTERI_SEGMENT_EYE	fdr	0.1	171	34	36	52	49	180	43	59	45	33
CD2_INSITU_OROPHARYNX	fdr	0.1	276	58	81	68	69	270	69	75	55	71
CD2_INSITU_OROPHARYNX	fdr	0.2	531	133	148	130	120	570	139	148	135	148
M13_LIMBLENGTH	fdr	0.2	408	93	103	107	105	465	96	131	124	114
J10_INFLUENZA	fdr	0.2	578	167	153	137	121	562	145	161	135	121
AB1_HERPES_SIMPLEX	fdr	0.2	472	130	120	107	115	498	125	128	124	121
G6_INFLAMYOP	fdr	0.2	489	117	114	130	128	477	124	119	123	111
Q17_CONGEN_MALFO_POSTERI_SEGMENT_EYE	fdr	0.2	372	81	85	109	97	450	114	130	111	95
G6_IPNEUROP	nominal	0.05	1183	328	306	273	276	1202	277	320	301	304
J10_INFLUPNEU	nominal	0.05	1272	349	344	277	302	1263	330	362	296	275
M13_LIMBPAIN	nominal	0.05	1468	449	455	282	282	1509	417	405	349	338
CD2_INSITU_OTHER_NOS	nominal	0.05	1206	297	296	322	291	1149	290	291	285	283
Q17_CONGEN_MALFO_PULMONARY_TRICU_VALVES	nominal	0.05	994	252	233	258	251	1054	254	240	290	270
AB1_HERPES_SIMPLEX_WIDE	nominal	0.05	1180	314	338	255	273	1114	283	301	254	276
J10_INFLUPNEU	fdr	0.05	200	68	56	37	39	170	38	42	47	43
G6_IPNEUROP	fdr	0.05	153	56	36	31	30	177	42	33	51	51
M13_LIMBPAIN	fdr	0.05	246	105	81	37	23	246	73	52	52	69
AB1_HERPES_SIMPLEX_WIDE	fdr	0.05	183	67	57	29	30	127	37	37	26	27
CD2_INSITU_OTHER_NOS	fdr	0.05	172	35	38	42	57	143	31	29	41	42
Q17_CONGEN_MALFO_PULMONARY_TRICU_VALVES	fdr	0.05	96	22	22	25	27	79	14	13	27	25
J10_INFLUPNEU	fdr	0.1	325	99	93	64	69	310	79	87	74	70
M13_LIMBPAIN	fdr	0.1	419	156	140	64	59	414	103	108	98	105
AB1_HERPES_SIMPLEX_WIDE	fdr	0.1	281	96	85	48	52	232	60	65	49	58
G6_IPNEUROP	fdr	0.1	255	84	62	60	49	285	68	60	81	76
CD2_INSITU_OTHER_NOS	fdr	0.1	275	61	58	67	89	249	52	61	67	69
Q17_CONGEN_MALFO_PULMONARY_TRICU_VALVES	fdr	0.1	168	45	39	43	41	160	35	34	49	42
G6_IPNEUROP	fdr	0.2	500	144	124	114	118	564	133	149	146	136
J10_INFLUPNEU	fdr	0.2	606	177	156	132	141	644	179	186	140	139
CD2_INSITU_OTHER_NOS	fdr	0.2	531	124	135	140	132	543	135	132	141	135
M13_LIMBPAIN	fdr	0.2	799	274	267	129	129	851	217	225	210	199
AB1_HERPES_SIMPLEX_WIDE	fdr	0.2	519	146	162	106	105	479	118	120	114	127
Q17_CONGEN_MALFO_PULMONARY_TRICU_VALVES	fdr	0.2	349	95	83	89	82	372	89	79	105	99
J10_INORGPNEUMOC	nominal	0.05	992	264	245	267	216	988	225	229	272	262
CD2_INSITU_PENIS	nominal	0.05	1022	272	256	231	263	1066	256	297	268	245
G6_LSPLEX	nominal	0.05	1098	321	289	243	245	1050	267	286	271	226
Q17_CONGEN_MALFO_RESPI_SYSTEM	nominal	0.05	1141	245	285	277	334	1126	259	312	277	278
M13_LOOSEJOINT	nominal	0.05	1106	284	304	249	269	1126	275	310	272	269
AB1_HIV_INFECT_PARASITES	nominal	0.05	1102	275	298	265	264	1129	297	324	251	257
CD2_INSITU_PENIS	fdr	0.05	111	28	30	22	31	130	34	35	28	33
Q17_CONGEN_MALFO_RESPI_SYSTEM	fdr	0.05	118	25	17	35	41	114	17	24	32	41
M13_LOOSEJOINT	fdr	0.05	124	23	44	22	35	125	40	42	19	24
AB1_HIV_INFECT_PARASITES	fdr	0.05	143	32	50	30	31	149	48	49	32	20
J10_INORGPNEUMOC	fdr	0.05	94	21	31	27	15	92	20	23	28	21
G6_LSPLEX	fdr	0.05	135	55	40	26	14	77	25	18	19	15
CD2_INSITU_PENIS	fdr	0.1	195	49	48	40	58	211	47	55	53	56
G6_LSPLEX	fdr	0.1	218	84	65	40	29	185	51	54	44	36
J10_INORGPNEUMOC	fdr	0.1	174	45	52	48	29	163	42	32	49	40
Q17_CONGEN_MALFO_RESPI_SYSTEM	fdr	0.1	205	35	35	63	72	208	38	51	52	67
AB1_HIV_INFECT_PARASITES	fdr	0.1	246	62	80	49	55	246	74	75	60	37
M13_LOOSEJOINT	fdr	0.1	202	47	63	36	56	233	61	74	46	52
CD2_INSITU_PENIS	fdr	0.2	405	111	103	77	114	458	98	121	128	111
G6_LSPLEX	fdr	0.2	458	149	123	96	90	425	111	123	107	84
J10_INORGPNEUMOC	fdr	0.2	362	89	101	101	71	388	97	81	119	91
Q17_CONGEN_MALFO_RESPI_SYSTEM	fdr	0.2	447	102	99	115	131	470	108	119	123	120
M13_LOOSEJOINT	fdr	0.2	465	128	125	109	103	504	126	154	113	111
AB1_HIV_INFECT_PARASITES	fdr	0.2	484	127	140	105	112	508	142	149	119	98
AB1_HIV_INFECT_PARASITES_WIDE	nominal	0.05	1099	270	318	250	261	1109	294	346	225	244
G6_LSROOT	nominal	0.05	1089	282	314	233	260	1102	266	316	267	253
J10_LARYNGITIS	nominal	0.05	1219	333	316	279	291	1342	374	390	298	280
M13_LORDOSIS	nominal	0.05	1129	274	276	311	268	1124	285	277	305	257
CD2_INSITU_PROSTATE	nominal	0.05	1079	295	300	242	242	1112	282	301	282	247
Q17_CONGEN_MALFO_RESPI_SYSTEM_WIDE	nominal	0.05	1118	231	270	292	325	1111	259	302	272	278
Q17_CONGEN_MALFO_RESPI_SYSTEM_WIDE	fdr	0.05	127	26	16	39	46	119	25	26	26	42
J10_LARYNGITIS	fdr	0.05	135	48	31	27	29	175	54	57	29	35
AB1_HIV_INFECT_PARASITES_WIDE	fdr	0.05	146	28	54	23	41	138	38	51	25	24
CD2_INSITU_PROSTATE	fdr	0.05	87	23	25	22	17	100	19	32	31	18
M13_LORDOSIS	fdr	0.05	120	30	22	37	31	131	31	24	46	30
G6_LSROOT	fdr	0.05	117	35	35	24	23	138	34	35	37	32
G6_LSROOT	fdr	0.1	215	66	65	46	38	240	54	66	63	57
CD2_INSITU_PROSTATE	fdr	0.1	197	53	60	46	38	207	42	66	55	44
M13_LORDOSIS	fdr	0.1	220	55	51	66	48	228	57	44	75	52
Q17_CONGEN_MALFO_RESPI_SYSTEM_WIDE	fdr	0.1	219	40	40	64	75	212	40	56	54	62
J10_LARYNGITIS	fdr	0.1	258	89	61	54	54	323	102	104	60	57
AB1_HIV_INFECT_PARASITES_WIDE	fdr	0.1	236	57	77	44	58	222	59	80	42	41
G6_LSROOT	fdr	0.2	439	124	137	99	79	459	102	132	119	106
CD2_INSITU_PROSTATE	fdr	0.2	438	129	132	98	79	468	112	140	116	100
J10_LARYNGITIS	fdr	0.2	585	183	147	130	125	698	211	210	147	130
M13_LORDOSIS	fdr	0.2	438	106	104	130	98	471	120	112	137	102
Q17_CONGEN_MALFO_RESPI_SYSTEM_WIDE	fdr	0.2	487	96	103	141	147	481	100	128	129	124
AB1_HIV_INFECT_PARASITES_WIDE	fdr	0.2	455	108	151	93	103	482	124	163	105	90
G6_MEDLEOTH	nominal	0.05	1128	311	286	265	266	1182	304	301	287	290
CD2_INSITU_RECTUM	nominal	0.05	1125	292	267	278	288	1101	284	304	249	264
M13_LOWBACKPAIN	nominal	0.05	1472	421	431	275	345	1585	440	445	347	353
AB1_HIV_NOS	nominal	0.05	1103	278	324	240	261	1065	265	298	238	264
J10_LOWCHRON	nominal	0.05	1732	451	476	376	429	1736	437	483	392	424
Q17_CONGEN_MALFO_RETI	nominal	0.05	1022	245	262	255	260	1148	300	309	282	257
CD2_INSITU_RECTUM	fdr	0.05	114	24	24	31	35	102	28	27	17	30
J10_LOWCHRON	fdr	0.05	352	96	102	64	90	356	96	104	67	89
M13_LOWBACKPAIN	fdr	0.05	288	101	92	41	54	288	95	78	55	60
Q17_CONGEN_MALFO_RETI	fdr	0.05	102	20	29	25	28	115	26	34	30	25
G6_MEDLEOTH	fdr	0.05	156	55	41	26	34	134	34	31	35	34
AB1_HIV_NOS	fdr	0.05	127	36	44	24	23	133	34	45	22	32
CD2_INSITU_RECTUM	fdr	0.1	198	46	44	50	58	191	46	57	34	54
M13_LOWBACKPAIN	fdr	0.1	427	139	135	62	91	472	130	145	102	95
J10_LOWCHRON	fdr	0.1	572	146	163	116	147	600	153	164	138	145
AB1_HIV_NOS	fdr	0.1	220	64	71	42	43	241	59	82	43	57
G6_MEDLEOTH	fdr	0.1	264	83	74	51	56	251	57	65	67	62
Q17_CONGEN_MALFO_RETI	fdr	0.1	172	38	50	41	43	222	51	57	65	49
CD2_INSITU_RECTUM	fdr	0.2	442	106	96	112	128	446	110	128	93	115
M13_LOWBACKPAIN	fdr	0.2	839	246	265	146	182	940	263	266	204	207
AB1_HIV_NOS	fdr	0.2	475	123	161	90	101	480	118	144	99	119
J10_LOWCHRON	fdr	0.2	1037	267	285	226	259	1145	285	318	273	269
G6_MEDLEOTH	fdr	0.2	529	162	136	112	119	539	128	133	140	138
Q17_CONGEN_MALFO_RETI	fdr	0.2	401	94	113	98	96	478	114	134	115	115
CD2_INSITU_SKIN	nominal	0.05	1163	295	302	274	292	1223	284	278	348	313
J10_LOWERINF	nominal	0.05	1264	316	366	288	294	1323	349	357	299	318
M13_LOWBACKPAINORANDSCIATICA	nominal	0.05	1476	415	435	292	334	1561	443	444	341	333
Q17_CONGEN_MALFO_SPINE_BONY_THORAX	nominal	0.05	1105	291	273	271	270	1064	265	266	284	249
AB1_INFECT_PARASIT_WIDE	nominal	0.05	1366	383	374	295	314	1326	317	363	326	320
G6_MENINGBACT	nominal	0.05	1187	294	276	309	308	1224	347	322	287	268
CD2_INSITU_SKIN	fdr	0.05	145	45	37	37	26	181	41	36	55	49
M13_LOWBACKPAINORANDSCIATICA	fdr	0.05	276	98	83	40	55	275	89	75	56	55
Q17_CONGEN_MALFO_SPINE_BONY_THORAX	fdr	0.05	152	40	36	43	33	153	37	36	43	37
AB1_INFECT_PARASIT_WIDE	fdr	0.05	196	77	63	23	33	194	38	44	47	65
G6_MENINGBACT	fdr	0.05	178	48	34	48	48	173	56	50	30	37
J10_LOWERINF	fdr	0.05	166	46	47	36	37	184	49	39	45	51
CD2_INSITU_SKIN	fdr	0.1	259	72	67	65	55	304	61	75	90	78
M13_LOWBACKPAINORANDSCIATICA	fdr	0.1	430	127	142	70	91	436	124	127	96	89
Q17_CONGEN_MALFO_SPINE_BONY_THORAX	fdr	0.1	252	64	58	71	59	253	59	56	79	59
AB1_INFECT_PARASIT_WIDE	fdr	0.1	338	109	102	63	64	332	61	87	85	99
G6_MENINGBACT	fdr	0.1	299	69	62	79	89	283	81	87	60	55
J10_LOWERINF	fdr	0.1	263	71	80	52	60	317	80	80	78	79
CD2_INSITU_SKIN	fdr	0.2	520	136	127	120	137	601	123	131	191	156
M13_LOWBACKPAINORANDSCIATICA	fdr	0.2	831	243	251	159	178	863	240	251	196	176
Q17_CONGEN_MALFO_SPINE_BONY_THORAX	fdr	0.2	493	127	120	129	117	483	108	119	143	113
G6_MENINGBACT	fdr	0.2	564	134	122	150	158	579	154	166	132	127
AB1_INFECT_PARASIT_WIDE	fdr	0.2	668	196	191	137	144	675	152	185	173	165
J10_LOWERINF	fdr	0.2	565	153	169	121	122	655	175	179	137	164
G6_MENINGOTH	nominal	0.05	1011	240	258	245	268	1056	273	275	251	257
Q17_CONGEN_MALFO_SPINE_BONY_THORAX_WIDE	nominal	0.05	1113	297	281	267	268	1073	270	280	275	248
J10_NASALPOLYP	nominal	0.05	1487	341	396	314	436	1522	332	411	362	417
AB1_INTESTINAL_INFECTIONS	nominal	0.05	1234	335	311	296	292	1261	330	377	266	288
CD2_INSITU_SKIN_EAR	nominal	0.05	1072	300	273	247	252	1117	266	276	294	281
M13_LUMBAR_PROLAPSE	nominal	0.05	1677	483	522	312	360	1699	444	495	373	387
Q17_CONGEN_MALFO_SPINE_BONY_THORAX_WIDE	fdr	0.05	158	40	37	48	33	149	37	34	45	33
J10_NASALPOLYP	fdr	0.05	217	43	54	50	70	291	69	71	75	76
AB1_INTESTINAL_INFECTIONS	fdr	0.05	155	51	41	34	29	180	51	51	36	42
M13_LUMBAR_PROLAPSE	fdr	0.05	340	121	122	37	60	326	89	97	71	69
CD2_INSITU_SKIN_EAR	fdr	0.05	128	34	32	27	35	137	21	26	44	46
G6_MENINGOTH	fdr	0.05	102	29	19	30	24	119	29	29	29	32
Q17_CONGEN_MALFO_SPINE_BONY_THORAX_WIDE	fdr	0.1	262	67	60	74	61	249	55	60	71	63
J10_NASALPOLYP	fdr	0.1	390	81	97	89	123	506	113	135	131	127
AB1_INTESTINAL_INFECTIONS	fdr	0.1	285	90	75	67	53	299	79	90	64	66
M13_LUMBAR_PROLAPSE	fdr	0.1	546	175	189	75	107	559	149	178	119	113
G6_MENINGOTH	fdr	0.1	183	44	39	51	49	207	50	54	51	52
CD2_INSITU_SKIN_EAR	fdr	0.1	217	59	55	45	58	222	35	49	71	67
Q17_CONGEN_MALFO_SPINE_BONY_THORAX_WIDE	fdr	0.2	486	120	123	129	114	487	112	119	141	115
J10_NASALPOLYP	fdr	0.2	782	159	208	178	237	941	208	261	234	238
AB1_INTESTINAL_INFECTIONS	fdr	0.2	589	170	148	133	138	607	151	185	137	134
CD2_INSITU_SKIN_EAR	fdr	0.2	446	127	117	98	104	496	102	119	141	134
M13_LUMBAR_PROLAPSE	fdr	0.2	1011	299	328	163	221	1073	289	333	228	223
G6_MENINGOTH	fdr	0.2	389	91	101	100	97	452	117	117	102	116
J10_NECROTIC	nominal	0.05	992	235	253	249	255	1096	257	265	284	290
M13_LUPUS_NEPHRITIS	nominal	0.05	1118	307	276	266	269	1110	274	312	276	248
CD2_INSITU_SKIN_EYELID	nominal	0.05	1097	290	310	243	254	1138	272	292	295	279
AB1_INTESTINAL_INFECTIONS_WIDE	nominal	0.05	1371	378	370	313	310	1324	343	386	296	299
Q17_CONGEN_MALFO_TRACHEA_BRONCHUS	nominal	0.05	1113	275	286	267	285	1119	266	338	265	250
G6_MENINGVIR	nominal	0.05	1137	293	319	245	280	1148	279	291	279	299
AB1_INTESTINAL_INFECTIONS_WIDE	fdr	0.05	185	63	48	33	41	192	51	63	32	46
CD2_INSITU_SKIN_EYELID	fdr	0.05	132	45	38	24	25	137	28	40	33	36
M13_LUPUS_NEPHRITIS	fdr	0.05	130	39	29	31	31	117	27	33	31	26
Q17_CONGEN_MALFO_TRACHEA_BRONCHUS	fdr	0.05	88	16	26	25	21	117	31	32	20	34
G6_MENINGVIR	fdr	0.05	146	29	51	28	38	150	50	41	26	33
J10_NECROTIC	fdr	0.05	88	20	16	16	36	110	26	25	32	27
AB1_INTESTINAL_INFECTIONS_WIDE	fdr	0.1	352	107	103	72	70	326	74	113	68	71
CD2_INSITU_SKIN_EYELID	fdr	0.1	236	79	66	42	49	251	53	74	62	62
M13_LUPUS_NEPHRITIS	fdr	0.1	243	76	53	58	56	216	60	56	53	47
G6_MENINGVIR	fdr	0.1	233	55	80	47	51	230	67	63	50	50
Q17_CONGEN_MALFO_TRACHEA_BRONCHUS	fdr	0.1	196	45	52	47	52	208	44	66	41	57
J10_NECROTIC	fdr	0.1	157	41	29	33	54	209	49	45	67	48
M13_LUPUS_NEPHRITIS	fdr	0.2	515	150	116	132	117	499	129	135	122	113
CD2_INSITU_SKIN_EYELID	fdr	0.2	479	138	138	101	102	524	119	141	140	124
AB1_INTESTINAL_INFECTIONS_WIDE	fdr	0.2	679	193	191	145	150	673	174	214	136	149
J10_NECROTIC	fdr	0.2	353	80	87	89	97	432	93	101	130	108
G6_MENINGVIR	fdr	0.2	498	135	152	98	113	497	135	131	117	114
Q17_CONGEN_MALFO_TRACHEA_BRONCHUS	fdr	0.2	443	114	119	106	104	478	106	151	107	114
J10_PERITONSABSC	nominal	0.05	1446	404	370	340	332	1430	388	357	366	319
Q17_CONGEN_MALFO_URINARY_SYSTEM	nominal	0.05	1224	306	278	341	299	1255	307	293	331	324
M13_MCTD	nominal	0.05	1261	344	338	293	286	1297	282	271	371	373
AB1_INT_HELMINTIASES_NOS_WIDE	nominal	0.05	1137	287	258	312	280	1066	270	280	279	237
CD2_INSITU_SKIN_FACE	nominal	0.05	1363	356	339	337	331	1335	304	355	346	330
G6_MERALGIA	nominal	0.05	1088	314	280	260	234	1068	266	291	265	246
J10_PERITONSABSC	fdr	0.05	264	94	74	47	49	248	78	56	58	56
Q17_CONGEN_MALFO_URINARY_SYSTEM	fdr	0.05	186	70	31	45	40	132	41	35	31	25
CD2_INSITU_SKIN_FACE	fdr	0.05	198	63	41	49	45	198	37	40	67	54
AB1_INT_HELMINTIASES_NOS_WIDE	fdr	0.05	107	22	15	38	32	128	38	26	36	28
M13_MCTD	fdr	0.05	213	76	53	51	33	193	39	37	65	52
G6_MERALGIA	fdr	0.05	104	49	24	16	15	92	24	23	26	19
J10_PERITONSABSC	fdr	0.1	417	135	115	81	86	420	116	102	117	85
Q17_CONGEN_MALFO_URINARY_SYSTEM	fdr	0.1	294	93	50	78	73	242	58	64	69	51
G6_MERALGIA	fdr	0.1	215	73	60	46	36	179	36	48	56	39
CD2_INSITU_SKIN_FACE	fdr	0.1	333	88	86	81	78	325	59	82	101	83
AB1_INT_HELMINTIASES_NOS_WIDE	fdr	0.1	199	46	34	68	51	230	62	49	67	52
M13_MCTD	fdr	0.1	334	113	81	78	62	333	67	63	108	95
J10_PERITONSABSC	fdr	0.2	782	240	215	160	167	795	204	196	222	173
M13_MCTD	fdr	0.2	646	196	168	147	135	681	147	140	215	179
Q17_CONGEN_MALFO_URINARY_SYSTEM	fdr	0.2	531	154	106	141	130	531	132	130	145	124
CD2_INSITU_SKIN_FACE	fdr	0.2	666	179	167	162	158	690	159	172	197	162
AB1_INT_HELMINTIASES_NOS_WIDE	fdr	0.2	477	110	104	135	128	478	113	120	140	105
G6_MERALGIA	fdr	0.2	444	134	127	99	84	434	104	129	109	92
AB1_LATE_SYPHILIS	nominal	0.05	1034	234	278	255	267	1091	244	280	283	284
CD2_INSITU_SKIN_LIP	nominal	0.05	1208	300	315	275	318	1144	245	314	281	304
G6_MIGRAINE	nominal	0.05	1614	446	471	323	374	1647	411	467	376	393
J10_PHARYNGITIS	nominal	0.05	1167	316	295	281	275	1130	322	323	238	247
M13_MEDIALEPICOND	nominal	0.05	1173	316	289	310	258	1129	303	260	301	265
Q17_CONGEN_MALFO_URINARY_SYSTEM_WIDE	nominal	0.05	1206	293	280	325	308	1214	303	299	315	297
G6_MIGRAINE	fdr	0.05	359	121	119	53	66	350	91	90	84	85
AB1_LATE_SYPHILIS	fdr	0.05	102	11	30	27	34	99	23	22	29	25
Q17_CONGEN_MALFO_URINARY_SYSTEM_WIDE	fdr	0.05	182	63	29	48	42	124	43	37	24	20
M13_MEDIALEPICOND	fdr	0.05	126	48	31	19	28	113	28	18	31	36
CD2_INSITU_SKIN_LIP	fdr	0.05	194	72	57	25	40	167	35	34	47	51
J10_PHARYNGITIS	fdr	0.05	163	62	50	24	27	123	42	24	28	29
G6_MIGRAINE	fdr	0.1	551	169	176	92	114	571	142	153	142	134
AB1_LATE_SYPHILIS	fdr	0.1	164	26	42	40	56	180	42	43	44	51
Q17_CONGEN_MALFO_URINARY_SYSTEM_WIDE	fdr	0.1	280	90	47	77	66	224	60	56	60	48
M13_MEDIALEPICOND	fdr	0.1	259	81	67	54	57	220	60	39	63	58
CD2_INSITU_SKIN_LIP	fdr	0.1	324	94	100	55	75	291	57	73	81	80
J10_PHARYNGITIS	fdr	0.1	257	85	86	41	45	228	72	51	51	54
CD2_INSITU_SKIN_LIP	fdr	0.2	545	146	154	112	133	564	108	146	153	157
G6_MIGRAINE	fdr	0.2	970	271	296	184	219	1038	250	292	246	250
AB1_LATE_SYPHILIS	fdr	0.2	362	71	98	85	108	439	91	112	112	124
M13_MEDIALEPICOND	fdr	0.2	507	147	134	115	111	505	136	106	141	122
Q17_CONGEN_MALFO_URINARY_SYSTEM_WIDE	fdr	0.2	527	141	108	143	135	539	140	141	136	122
J10_PHARYNGITIS	fdr	0.2	512	146	140	114	112	498	145	137	116	100
AB1_LATE_SYPHILIS_WIDE	nominal	0.05	1008	246	276	229	257	1118	244	291	279	304
M13_MENISCUSDERANGEMENTS	nominal	0.05	1536	424	432	338	342	1530	378	410	389	353
G6_MIGRAINE_NO_AURA	nominal	0.05	1362	360	380	300	322	1374	310	345	352	367
J10_PLEURA	nominal	0.05	1078	260	299	242	277	1196	281	339	275	301
Q17_CONGEN_MALFO_UTERUS_CERVIX	nominal	0.05	1149	288	326	257	278	1086	267	284	254	281
CD2_INSITU_SKIN_LOWERLIMB	nominal	0.05	1049	275	245	262	267	1053	250	260	279	264
AB1_LATE_SYPHILIS_WIDE	fdr	0.05	110	25	30	22	33	117	25	27	31	34
M13_MENISCUSDERANGEMENTS	fdr	0.05	280	80	94	55	51	280	74	85	56	65
Q17_CONGEN_MALFO_UTERUS_CERVIX	fdr	0.05	150	40	42	36	32	127	45	24	23	35
CD2_INSITU_SKIN_LOWERLIMB	fdr	0.05	137	48	37	30	22	118	25	32	35	26
G6_MIGRAINE_NO_AURA	fdr	0.05	217	55	80	38	44	219	55	31	63	70
J10_PLEURA	fdr	0.05	133	32	30	30	41	166	38	43	33	52
G6_MIGRAINE_NO_AURA	fdr	0.1	369	106	120	61	82	392	86	83	108	115
AB1_LATE_SYPHILIS_WIDE	fdr	0.1	173	36	47	41	49	191	38	48	49	56
J10_PLEURA	fdr	0.1	238	59	62	54	63	291	57	82	71	81
M13_MENISCUSDERANGEMENTS	fdr	0.1	470	141	148	93	88	469	109	144	108	108
Q17_CONGEN_MALFO_UTERUS_CERVIX	fdr	0.1	244	61	73	55	55	215	66	48	51	50
CD2_INSITU_SKIN_LOWERLIMB	fdr	0.1	227	70	52	59	46	208	43	62	59	44
M13_MENISCUSDERANGEMENTS	fdr	0.2	900	268	263	192	177	933	216	271	239	207
G6_MIGRAINE_NO_AURA	fdr	0.2	717	188	224	143	162	755	171	184	203	197
J10_PLEURA	fdr	0.2	496	129	128	116	123	575	115	162	137	161
AB1_LATE_SYPHILIS_WIDE	fdr	0.2	349	76	99	79	95	439	73	122	120	124
Q17_CONGEN_MALFO_UTERUS_CERVIX	fdr	0.2	491	120	145	112	114	462	119	111	109	123
CD2_INSITU_SKIN_LOWERLIMB	fdr	0.2	451	127	105	115	104	464	103	115	131	115
AB1_LISTERIOSIS	nominal	0.05	1082	252	283	248	299	1127	257	298	300	272
G6_MIGRAINE_NO_AURA_ADVERSE	nominal	0.05	1066	239	289	246	292	1089	245	291	265	288
M13_METATARSALGIA	nominal	0.05	1225	293	332	286	314	1243	283	356	288	316
Q17_CONGEN_MUSCULOS_DEFORMITI_HEAD_FACE_SPINE_CHEST	nominal	0.05	1055	252	269	256	278	1124	272	300	256	296
CD2_INSITU_SKIN_NOS	nominal	0.05	1081	271	280	267	263	1121	278	307	280	256
J10_PLEURAL_PLAQUE_WITHOUT_ASBESTOS	nominal	0.05	1158	264	301	299	294	1140	300	319	245	276
AB1_LISTERIOSIS	fdr	0.05	135	39	46	19	31	159	33	45	42	39
G6_MIGRAINE_NO_AURA_ADVERSE	fdr	0.05	80	18	19	22	21	106	22	27	26	31
J10_PLEURAL_PLAQUE_WITHOUT_ASBESTOS	fdr	0.05	126	27	32	40	27	138	44	33	28	33
Q17_CONGEN_MUSCULOS_DEFORMITI_HEAD_FACE_SPINE_CHEST	fdr	0.05	86	14	25	24	23	94	32	37	7	18
CD2_INSITU_SKIN_NOS	fdr	0.05	122	23	28	32	39	155	41	39	39	36
M13_METATARSALGIA	fdr	0.05	132	45	33	21	33	134	29	36	31	38
AB1_LISTERIOSIS	fdr	0.1	214	51	67	45	51	268	59	78	74	57
G6_MIGRAINE_NO_AURA_ADVERSE	fdr	0.1	180	37	45	46	52	197	43	55	47	52
M13_METATARSALGIA	fdr	0.1	245	71	62	54	58	255	52	73	63	67
CD2_INSITU_SKIN_NOS	fdr	0.1	224	46	52	58	68	259	63	71	63	62
J10_PLEURAL_PLAQUE_WITHOUT_ASBESTOS	fdr	0.1	250	57	62	72	59	247	68	69	50	60
Q17_CONGEN_MUSCULOS_DEFORMITI_HEAD_FACE_SPINE_CHEST	fdr	0.1	148	28	42	39	39	180	46	70	30	34
AB1_LISTERIOSIS	fdr	0.2	409	90	123	95	101	482	107	141	129	105
G6_MIGRAINE_NO_AURA_ADVERSE	fdr	0.2	412	85	110	95	122	454	96	121	116	121
M13_METATARSALGIA	fdr	0.2	524	126	144	121	133	562	121	168	134	139
CD2_INSITU_SKIN_NOS	fdr	0.2	464	97	114	130	123	527	124	161	127	115
J10_PLEURAL_PLAQUE_WITHOUT_ASBESTOS	fdr	0.2	527	126	128	146	127	562	144	164	122	132
Q17_CONGEN_MUSCULOS_DEFORMITI_HEAD_FACE_SPINE_CHEST	fdr	0.2	395	85	95	102	113	456	115	136	102	103
J10_PLEURAL_PLAQUE_WITH_PRESENCE_OF_ASBESTOS	nominal	0.05	1176	252	296	286	342	1165	291	360	253	261
M13_MICROPOLYANG	nominal	0.05	1137	289	283	275	290	1149	272	279	297	301
Q17_CONGEN_MUSCULOS_DEFORMITI_HEAD_FACE_SPINE_CHEST_WIDE	nominal	0.05	1028	243	247	254	284	1089	273	280	256	280
CD2_INSITU_SKIN_SCALPNECK	nominal	0.05	1184	284	293	299	308	1187	286	280	306	315
AB1_LYME	nominal	0.05	1123	278	284	283	278	1100	257	277	290	276
G6_MIGRAINE_NO_AURA_TRIPTAN	nominal	0.05	1331	360	337	307	327	1399	346	346	352	355
J10_PLEURAL_PLAQUE_WITH_PRESENCE_OF_ASBESTOS	fdr	0.05	122	27	20	34	41	152	49	47	28	28
G6_MIGRAINE_NO_AURA_TRIPTAN	fdr	0.05	208	54	63	47	44	224	64	51	51	58
AB1_LYME	fdr	0.05	103	25	27	30	21	98	20	20	27	31
CD2_INSITU_SKIN_SCALPNECK	fdr	0.05	135	26	27	33	49	128	25	31	30	42
M13_MICROPOLYANG	fdr	0.05	117	28	20	32	37	137	40	25	40	32
Q17_CONGEN_MUSCULOS_DEFORMITI_HEAD_FACE_SPINE_CHEST_WIDE	fdr	0.05	73	11	14	24	24	86	32	26	12	16
J10_PLEURAL_PLAQUE_WITH_PRESENCE_OF_ASBESTOS	fdr	0.1	223	46	54	54	69	269	75	83	55	56
M13_MICROPOLYANG	fdr	0.1	208	44	48	54	62	241	61	61	67	52
G6_MIGRAINE_NO_AURA_TRIPTAN	fdr	0.1	347	89	104	76	78	394	99	102	96	97
AB1_LYME	fdr	0.1	207	53	50	54	50	177	41	43	47	46
CD2_INSITU_SKIN_SCALPNECK	fdr	0.1	236	52	47	55	82	228	45	57	60	66
Q17_CONGEN_MUSCULOS_DEFORMITI_HEAD_FACE_SPINE_CHEST_WIDE	fdr	0.1	149	27	42	42	38	179	50	65	34	30
J10_PLEURAL_PLAQUE_WITH_PRESENCE_OF_ASBESTOS	fdr	0.2	488	103	121	126	138	567	141	173	130	123
M13_MICROPOLYANG	fdr	0.2	468	114	114	110	130	519	121	132	135	131
CD2_INSITU_SKIN_SCALPNECK	fdr	0.2	533	128	123	137	145	545	117	133	146	149
AB1_LYME	fdr	0.2	477	122	127	122	106	471	104	115	132	120
Q17_CONGEN_MUSCULOS_DEFORMITI_HEAD_FACE_SPINE_CHEST_WIDE	fdr	0.2	369	81	98	91	99	446	111	123	108	104
G6_MIGRAINE_NO_AURA_TRIPTAN	fdr	0.2	694	175	195	154	170	772	192	187	206	187
G6_MIGRAINE_WITH_AURA	nominal	0.05	1519	404	467	306	342	1526	379	442	349	356
AB1_MALARIA	nominal	0.05	1163	257	287	317	302	1204	317	315	299	273
J10_PLEUREFFUSION	nominal	0.05	1178	301	290	276	311	1148	246	287	298	317
M13_MONOARTHRITIS	nominal	0.05	1137	284	258	288	307	1078	247	252	307	272
Q17_CONGEN_OBSTRUCTIVE_DEFECTS_RENAL_PELVIS_CONGEN_MALFO_URETER	nominal	0.05	1100	285	258	276	281	1037	237	242	270	288
CD2_INSITU_SKIN_TRUNK	nominal	0.05	1195	318	329	278	270	1136	283	298	278	277
G6_MIGRAINE_WITH_AURA	fdr	0.05	283	96	83	45	59	291	76	76	71	68
J10_PLEUREFFUSION	fdr	0.05	149	55	44	27	23	132	31	25	39	37
M13_MONOARTHRITIS	fdr	0.05	119	26	23	34	36	104	21	21	32	30
AB1_MALARIA	fdr	0.05	124	16	32	38	38	121	28	25	35	33
CD2_INSITU_SKIN_TRUNK	fdr	0.05	176	62	49	33	32	161	36	26	49	50
Q17_CONGEN_OBSTRUCTIVE_DEFECTS_RENAL_PELVIS_CONGEN_MALFO_URETER	fdr	0.05	140	48	25	26	41	118	19	27	28	44
AB1_MALARIA	fdr	0.1	219	41	55	59	64	217	47	49	66	55
G6_MIGRAINE_WITH_AURA	fdr	0.1	474	147	147	83	97	497	118	138	127	114
J10_PLEUREFFUSION	fdr	0.1	254	84	80	44	46	237	47	54	64	72
M13_MONOARTHRITIS	fdr	0.1	208	46	40	67	55	207	39	45	68	55
Q17_CONGEN_OBSTRUCTIVE_DEFECTS_RENAL_PELVIS_CONGEN_MALFO_URETER	fdr	0.1	223	74	40	48	61	199	31	51	49	68
CD2_INSITU_SKIN_TRUNK	fdr	0.1	288	96	76	61	55	268	68	50	75	75
AB1_MALARIA	fdr	0.2	474	94	123	133	124	484	115	129	131	109
G6_MIGRAINE_WITH_AURA	fdr	0.2	846	235	256	168	187	909	218	262	218	211
M13_MONOARTHRITIS	fdr	0.2	445	107	88	132	118	445	84	100	136	125
J10_PLEUREFFUSION	fdr	0.2	533	154	146	110	123	530	105	124	141	160
CD2_INSITU_SKIN_TRUNK	fdr	0.2	559	168	147	116	128	533	137	128	139	129
Q17_CONGEN_OBSTRUCTIVE_DEFECTS_RENAL_PELVIS_CONGEN_MALFO_URETER	fdr	0.2	459	124	96	107	132	431	89	103	115	124
Q17_CONOTR_DEFEC	nominal	0.05	1036	268	226	280	262	1136	281	276	300	279
AB1_MALARIA_FALCIPARIUM	nominal	0.05	1153	295	283	305	270	1203	343	317	294	249
G6_MIGRAINE_WITH_AURA_ADVERSE	nominal	0.05	1129	311	310	237	271	1114	248	285	281	300
J10_PLEUROTH	nominal	0.05	1087	279	292	247	269	1102	265	301	262	274
M13_MULTIFIBRO	nominal	0.05	1046	260	263	267	256	1152	248	286	308	310
CD2_INSITU_SKIN_UPPERLIMB	nominal	0.05	1154	318	307	264	265	1156	316	298	277	265
G6_MIGRAINE_WITH_AURA_ADVERSE	fdr	0.05	117	43	35	18	21	141	32	33	35	41
J10_PLEUROTH	fdr	0.05	122	28	38	22	34	136	32	36	31	37
AB1_MALARIA_FALCIPARIUM	fdr	0.05	123	35	32	26	30	134	39	25	39	31
CD2_INSITU_SKIN_UPPERLIMB	fdr	0.05	126	35	27	34	30	171	53	52	33	33
M13_MULTIFIBRO	fdr	0.05	116	32	25	27	32	124	25	27	34	38
Q17_CONOTR_DEFEC	fdr	0.05	103	24	19	28	32	132	32	21	39	40
G6_MIGRAINE_WITH_AURA_ADVERSE	fdr	0.1	214	80	60	35	39	250	48	66	67	69
J10_PLEUROTH	fdr	0.1	233	50	70	49	64	234	54	61	57	62
Q17_CONOTR_DEFEC	fdr	0.1	178	42	35	52	49	221	59	48	63	51
AB1_MALARIA_FALCIPARIUM	fdr	0.1	233	67	68	49	49	258	75	60	68	55
CD2_INSITU_SKIN_UPPERLIMB	fdr	0.1	240	65	58	64	53	269	84	82	60	43
M13_MULTIFIBRO	fdr	0.1	197	50	45	45	57	231	45	52	66	68
AB1_MALARIA_FALCIPARIUM	fdr	0.2	503	145	135	114	109	548	150	153	140	105
G6_MIGRAINE_WITH_AURA_ADVERSE	fdr	0.2	469	143	136	86	104	504	108	134	131	131
J10_PLEUROTH	fdr	0.2	468	101	127	110	130	491	105	136	125	125
CD2_INSITU_SKIN_UPPERLIMB	fdr	0.2	499	133	128	130	108	535	158	145	121	111
Q17_CONOTR_DEFEC	fdr	0.2	399	106	92	107	94	476	126	111	121	118
M13_MULTIFIBRO	fdr	0.2	388	93	93	97	105	469	98	112	132	127
AB1_MALARIA_NOS	nominal	0.05	1147	258	244	321	324	1139	277	306	274	282
G6_MIGRAINE_WITH_AURA_TRIPTAN	nominal	0.05	1495	372	437	309	377	1428	377	426	294	331
Q17_CRANIOSYNOSTOSIS	nominal	0.05	1121	320	282	258	261	1186	286	296	300	304
CD2_INSITU_VAGINA	nominal	0.05	1079	255	280	273	271	1131	256	278	298	299
M13_MUSCLE	nominal	0.05	1074	287	293	242	252	1054	272	297	258	227
J10_PLEURPLAGUE	nominal	0.05	1196	253	307	309	327	1238	324	371	272	271
Q17_CRANIOSYNOSTOSIS	fdr	0.05	111	40	36	12	23	120	25	25	34	36
J10_PLEURPLAGUE	fdr	0.05	136	29	29	37	41	176	55	56	24	41
G6_MIGRAINE_WITH_AURA_TRIPTAN	fdr	0.05	254	88	70	44	52	250	78	66	50	56
AB1_MALARIA_NOS	fdr	0.05	145	18	17	57	53	134	34	20	39	41
CD2_INSITU_VAGINA	fdr	0.05	111	27	27	28	29	144	24	30	43	47
M13_MUSCLE	fdr	0.05	117	30	27	34	26	114	37	24	25	28
CD2_INSITU_VAGINA	fdr	0.1	212	47	59	49	57	236	39	66	64	67
G6_MIGRAINE_WITH_AURA_TRIPTAN	fdr	0.1	441	131	131	80	99	417	126	113	90	88
Q17_CRANIOSYNOSTOSIS	fdr	0.1	219	77	56	40	46	224	51	43	62	68
J10_PLEURPLAGUE	fdr	0.1	240	52	60	57	71	307	88	91	60	68
M13_MUSCLE	fdr	0.1	213	57	51	57	48	213	62	56	52	43
AB1_MALARIA_NOS	fdr	0.1	244	36	38	91	79	232	55	54	64	59
G6_MIGRAINE_WITH_AURA_TRIPTAN	fdr	0.2	808	221	245	154	188	770	221	222	164	163
CD2_INSITU_VAGINA	fdr	0.2	430	90	114	115	111	487	97	120	141	129
Q17_CRANIOSYNOSTOSIS	fdr	0.2	466	143	118	100	105	501	115	113	135	138
J10_PLEURPLAGUE	fdr	0.2	564	118	154	142	150	637	169	193	134	141
AB1_MALARIA_NOS	fdr	0.2	512	105	91	159	157	496	118	125	128	125
M13_MUSCLE	fdr	0.2	461	130	115	104	112	453	122	128	113	90
Q17_CYSTIC_DISEASE_OF_LIVER	nominal	0.05	1088	275	276	265	272	1078	286	266	252	274
CD2_INSITU_VULVA	nominal	0.05	1139	317	313	252	257	1163	266	292	324	281
G6_MITOCMY	nominal	0.05	1143	298	270	281	294	1194	302	330	270	292
J10_PNEUMOBACT	nominal	0.05	1172	339	323	247	263	1152	274	288	304	286
M13_MUSCLEATROPH	nominal	0.05	1079	251	292	248	288	1041	237	289	230	285
AB1_MALARIA_NOS_WIDE	nominal	0.05	1091	240	223	315	313	1122	279	291	286	266
G6_MITOCMY	fdr	0.05	133	35	24	36	38	162	35	40	44	43
J10_PNEUMOBACT	fdr	0.05	192	73	50	26	43	174	44	29	53	48
Q17_CYSTIC_DISEASE_OF_LIVER	fdr	0.05	104	26	28	22	28	95	24	24	23	24
AB1_MALARIA_NOS_WIDE	fdr	0.05	155	18	23	51	63	118	26	20	39	33
CD2_INSITU_VULVA	fdr	0.05	157	62	47	25	23	142	36	33	38	35
M13_MUSCLEATROPH	fdr	0.05	103	27	17	27	32	102	37	26	19	20
G6_MITOCMY	fdr	0.1	243	72	54	59	58	289	70	77	71	71
J10_PNEUMOBACT	fdr	0.1	291	96	78	50	67	278	65	65	79	69
Q17_CYSTIC_DISEASE_OF_LIVER	fdr	0.1	188	45	50	43	50	182	39	50	47	46
AB1_MALARIA_NOS_WIDE	fdr	0.1	238	37	37	77	87	208	54	45	56	53
M13_MUSCLEATROPH	fdr	0.1	218	54	51	55	58	204	59	58	40	47
CD2_INSITU_VULVA	fdr	0.1	257	91	68	49	49	249	60	58	72	59
G6_MITOCMY	fdr	0.2	512	145	120	122	125	578	139	153	139	147
J10_PNEUMOBACT	fdr	0.2	546	172	151	102	121	538	131	130	152	125
CD2_INSITU_VULVA	fdr	0.2	486	147	126	102	111	506	128	130	138	110
Q17_CYSTIC_DISEASE_OF_LIVER	fdr	0.2	450	108	118	114	110	456	115	117	118	106
AB1_MALARIA_NOS_WIDE	fdr	0.2	488	88	84	157	159	453	114	107	119	113
M13_MUSCLEATROPH	fdr	0.2	450	103	122	100	125	440	112	131	84	113
J10_PNEUMOHAEM	nominal	0.05	1034	298	270	258	208	1057	281	269	259	248
AB1_MEASLES	nominal	0.05	986	276	232	250	228	1041	290	280	255	216
G6_MONNEURMPLX	nominal	0.05	1002	264	259	231	248	1063	268	296	256	243
M13_MUSCLEDISNAS	nominal	0.05	1088	273	255	270	290	1089	266	256	302	265
Q17_CYSTIC_KIDNEY_DISEA	nominal	0.05	1098	246	248	305	299	1191	301	298	323	269
CHARCOT	nominal	0.05	1137	256	282	290	309	1123	257	308	268	290
G6_MONNEURMPLX	fdr	0.05	98	31	22	20	25	103	27	26	24	26
CHARCOT	fdr	0.05	172	26	40	39	67	108	22	29	21	36
AB1_MEASLES	fdr	0.05	72	21	17	14	20	105	26	29	27	23
Q17_CYSTIC_KIDNEY_DISEA	fdr	0.05	112	25	15	39	33	125	36	27	37	25
M13_MUSCLEDISNAS	fdr	0.05	117	33	19	34	31	142	44	23	37	38
J10_PNEUMOHAEM	fdr	0.05	105	35	22	32	16	98	35	23	17	23
G6_MONNEURMPLX	fdr	0.1	180	45	55	36	44	195	51	49	49	46
CHARCOT	fdr	0.1	257	45	57	68	87	202	41	61	47	53
AB1_MEASLES	fdr	0.1	148	41	29	37	41	198	52	50	54	42
Q17_CYSTIC_KIDNEY_DISEA	fdr	0.1	208	46	36	63	63	236	57	68	61	50
M13_MUSCLEDISNAS	fdr	0.1	204	57	45	50	52	226	62	47	63	54
J10_PNEUMOHAEM	fdr	0.1	194	60	43	60	31	200	59	58	41	42
AB1_MEASLES	fdr	0.2	361	99	75	99	88	447	117	118	120	92
G6_MONNEURMPLX	fdr	0.2	389	99	110	90	90	432	114	121	107	90
J10_PNEUMOHAEM	fdr	0.2	381	110	97	104	70	421	117	113	107	84
Q17_CYSTIC_KIDNEY_DISEA	fdr	0.2	447	93	91	132	131	541	126	147	152	116
M13_MUSCLEDISNAS	fdr	0.2	426	109	100	99	118	477	123	103	136	115
CHARCOT	fdr	0.2	494	97	113	130	154	477	92	140	115	130
G6_MONOLOWOTHUNS	nominal	0.05	1141	290	269	293	289	1109	294	286	272	257
J10_PNEUMONIA	nominal	0.05	1291	357	347	287	300	1228	320	348	280	280
CHILDHOOD_ALLERGY	nominal	0.05	1390	332	363	352	343	1359	315	351	346	347
M13_MUSCLESTRAIN	nominal	0.05	1089	283	249	271	286	1154	306	313	263	272
AB1_MENINGOCOCCAL	nominal	0.05	1100	290	268	286	256	1138	290	309	274	265
Q17_CYSTIC_KIDNEY_DISEA_WIDE	nominal	0.05	1060	239	247	281	293	1134	298	283	296	257
J10_PNEUMONIA	fdr	0.05	208	72	60	33	43	177	44	51	40	42
G6_MONOLOWOTHUNS	fdr	0.05	134	25	26	38	45	114	38	32	28	16
AB1_MENINGOCOCCAL	fdr	0.05	124	39	37	23	25	154	44	51	24	35
CHILDHOOD_ALLERGY	fdr	0.05	233	82	62	43	46	198	59	55	42	42
Q17_CYSTIC_KIDNEY_DISEA_WIDE	fdr	0.05	119	23	18	42	36	124	36	30	34	24
M13_MUSCLESTRAIN	fdr	0.05	110	30	25	27	28	116	40	31	29	16
J10_PNEUMONIA	fdr	0.1	314	98	90	63	63	297	76	89	64	68
G6_MONOLOWOTHUNS	fdr	0.1	234	46	54	68	66	213	61	61	49	42
AB1_MENINGOCOCCAL	fdr	0.1	225	68	62	47	48	261	73	82	47	59
M13_MUSCLESTRAIN	fdr	0.1	200	52	45	50	53	217	69	58	55	35
CHILDHOOD_ALLERGY	fdr	0.1	383	113	94	80	96	365	99	103	88	75
Q17_CYSTIC_KIDNEY_DISEA_WIDE	fdr	0.1	214	45	39	68	62	233	59	63	65	46
G6_MONOLOWOTHUNS	fdr	0.2	481	117	116	121	127	467	127	126	117	97
J10_PNEUMONIA	fdr	0.2	622	181	170	132	139	616	161	183	131	141
M13_MUSCLESTRAIN	fdr	0.2	446	119	113	108	106	477	136	140	105	96
AB1_MENINGOCOCCAL	fdr	0.2	451	123	119	110	99	525	149	151	115	110
CHILDHOOD_ALLERGY	fdr	0.2	742	197	188	169	188	742	187	208	179	168
Q17_CYSTIC_KIDNEY_DISEA_WIDE	fdr	0.2	450	98	95	130	127	501	119	137	143	102
CHIRBIL_NAS	nominal	0.05	1134	300	274	279	281	1126	268	283	305	270
M13_MUSCONTRAC	nominal	0.05	1068	285	310	220	253	1135	264	268	307	296
J10_PNEUMONISOLLIQ	nominal	0.05	1219	329	314	295	281	1150	284	313	295	258
G6_MONONPOTHUS	nominal	0.05	1061	308	287	245	221	1083	296	280	257	250
AB1_MUMPS	nominal	0.05	1121	248	265	317	291	1149	293	308	266	282
Q17_DOWNS_SYNDR	nominal	0.05	1074	240	282	279	273	1038	262	285	232	259
CHIRBIL_NAS	fdr	0.05	116	42	34	19	21	125	37	29	29	30
M13_MUSCONTRAC	fdr	0.05	110	34	33	17	26	130	29	30	36	35
G6_MONONPOTHUS	fdr	0.05	124	39	39	28	18	120	34	27	26	33
Q17_DOWNS_SYNDR	fdr	0.05	141	34	48	35	24	119	41	27	25	26
J10_PNEUMONISOLLIQ	fdr	0.05	168	67	53	23	25	123	27	35	30	31
AB1_MUMPS	fdr	0.05	138	29	31	34	44	140	31	39	33	37
CHIRBIL_NAS	fdr	0.1	231	78	56	57	40	232	56	53	70	53
M13_MUSCONTRAC	fdr	0.1	197	53	67	34	43	216	46	54	60	56
G6_MONONPOTHUS	fdr	0.1	185	58	55	43	29	203	55	53	46	49
Q17_DOWNS_SYNDR	fdr	0.1	232	45	78	56	53	218	66	60	46	46
J10_PNEUMONISOLLIQ	fdr	0.1	288	95	87	56	50	240	55	65	63	57
AB1_MUMPS	fdr	0.1	229	54	49	59	67	246	55	73	54	64
CHIRBIL_NAS	fdr	0.2	502	150	123	117	112	515	126	132	135	122
M13_MUSCONTRAC	fdr	0.2	438	129	133	76	100	487	98	111	143	135
G6_MONONPOTHUS	fdr	0.2	417	129	114	97	77	449	127	118	108	96
J10_PNEUMONISOLLIQ	fdr	0.2	543	161	147	120	115	523	128	144	135	116
AB1_MUMPS	fdr	0.2	471	95	109	135	132	526	131	154	112	129
Q17_DOWNS_SYNDR	fdr	0.2	460	95	137	120	108	444	128	114	103	99
AB1_MYCOSES	nominal	0.05	1117	253	304	296	264	1195	346	326	262	261
CHIRBIL_PRIM	nominal	0.05	1211	276	300	301	334	1215	281	328	270	336
M13_MUSCULOSKELEOTH	nominal	0.05	1134	318	338	231	247	1205	291	324	303	287
G6_MONOOTHUNS	nominal	0.05	1126	288	310	237	291	1107	260	281	300	266
Q17_EBSTEINS_ANOMALY	nominal	0.05	1033	275	284	242	232	1047	289	267	252	239
J10_PNEUMONONBACT	nominal	0.05	1171	288	319	279	285	1146	281	338	255	272
M13_MUSCULOSKELEOTH	fdr	0.05	101	37	24	13	27	130	39	26	30	35
J10_PNEUMONONBACT	fdr	0.05	156	55	41	27	33	130	39	40	23	28
AB1_MYCOSES	fdr	0.05	134	27	34	33	40	150	44	41	30	35
CHIRBIL_PRIM	fdr	0.05	154	26	31	47	50	158	41	43	33	41
Q17_EBSTEINS_ANOMALY	fdr	0.05	120	26	38	29	27	114	34	31	23	26
G6_MONOOTHUNS	fdr	0.05	129	28	28	36	37	114	29	33	32	20
CHIRBIL_PRIM	fdr	0.1	266	61	58	65	82	267	72	75	57	63
M13_MUSCULOSKELEOTH	fdr	0.1	192	64	55	32	41	218	62	53	48	55
Q17_EBSTEINS_ANOMALY	fdr	0.1	199	47	60	50	42	193	46	59	44	44
G6_MONOOTHUNS	fdr	0.1	221	48	51	62	60	207	54	57	54	42
J10_PNEUMONONBACT	fdr	0.1	266	87	67	49	63	224	59	72	44	49
AB1_MYCOSES	fdr	0.1	232	48	58	59	67	268	75	74	62	57
CHIRBIL_PRIM	fdr	0.2	563	122	147	140	154	576	141	164	119	152
AB1_MYCOSES	fdr	0.2	478	101	129	116	132	545	150	152	116	127
M13_MUSCULOSKELEOTH	fdr	0.2	504	150	161	93	100	518	127	140	125	126
Q17_EBSTEINS_ANOMALY	fdr	0.2	396	94	118	97	87	397	111	97	95	94
J10_PNEUMONONBACT	fdr	0.2	518	145	137	108	128	496	119	157	103	117
G6_MONOOTHUNS	fdr	0.2	460	117	120	110	113	482	112	123	138	109
G6_MONOPLE	nominal	0.05	1095	280	268	281	266	1190	298	321	296	275
J10_PNEUMOPNEUMO	nominal	0.05	1196	334	309	274	279	1274	282	289	367	336
Q17_ECTOPIC_TESTIS	nominal	0.05	1038	241	252	270	275	1039	256	259	255	269
M13_MYALGIA	nominal	0.05	1296	390	375	255	276	1333	339	372	319	303
AB1_MYCOSES_WIDE	nominal	0.05	1185	311	331	252	291	1231	316	295	304	316
CHIRHEP_NAS	nominal	0.05	1161	305	294	289	273	1260	327	326	293	314
Q17_ECTOPIC_TESTIS	fdr	0.05	106	30	23	24	29	121	32	26	30	33
J10_PNEUMOPNEUMO	fdr	0.05	166	47	41	41	37	189	39	41	55	54
G6_MONOPLE	fdr	0.05	134	35	30	37	32	136	29	33	40	34
CHIRHEP_NAS	fdr	0.05	121	41	30	28	22	135	42	33	30	30
M13_MYALGIA	fdr	0.05	221	93	78	29	21	206	55	48	57	46
AB1_MYCOSES_WIDE	fdr	0.05	134	35	44	23	32	156	41	34	33	48
Q17_ECTOPIC_TESTIS	fdr	0.1	179	48	38	47	46	214	56	49	54	55
J10_PNEUMOPNEUMO	fdr	0.1	281	77	67	71	66	306	61	72	94	79
G6_MONOPLE	fdr	0.1	219	51	50	58	60	247	45	71	70	61
CHIRHEP_NAS	fdr	0.1	217	67	61	49	40	248	80	62	57	49
AB1_MYCOSES_WIDE	fdr	0.1	236	69	70	40	57	297	74	78	66	79
M13_MYALGIA	fdr	0.1	349	129	119	56	45	338	80	97	89	72
J10_PNEUMOPNEUMO	fdr	0.2	550	150	140	126	134	580	129	124	174	153
Q17_ECTOPIC_TESTIS	fdr	0.2	396	97	97	104	98	444	100	115	113	116
M13_MYALGIA	fdr	0.2	655	212	204	120	119	679	165	195	170	149
G6_MONOPLE	fdr	0.2	451	114	95	116	126	530	119	142	135	134
CHIRHEP_NAS	fdr	0.2	481	139	126	112	104	573	159	142	127	145
AB1_MYCOSES_WIDE	fdr	0.2	534	146	165	92	131	592	158	145	141	148
CHONDRO_OTH	nominal	0.05	1075	277	235	287	276	1163	269	275	315	304
J10_PNEUMOTHORAX	nominal	0.05	1163	291	317	286	269	1185	256	321	310	298
Q17_EHLER_SYNDR	nominal	0.05	1106	302	325	234	245	1137	284	301	274	278
AB1_MYSOSIS_NOS	nominal	0.05	1060	284	305	227	244	1016	220	260	259	277
M13_MYOSITIS	nominal	0.05	1093	291	306	248	248	1172	274	339	280	279
G6_MS	nominal	0.05	1255	276	312	313	354	1246	323	323	301	299
M13_MYOSITIS	fdr	0.05	85	29	24	14	18	119	33	32	22	32
J10_PNEUMOTHORAX	fdr	0.05	132	30	30	38	34	150	35	37	44	34
Q17_EHLER_SYNDR	fdr	0.05	129	36	41	24	28	131	23	30	44	34
CHONDRO_OTH	fdr	0.05	107	27	28	26	26	140	24	24	47	45
G6_MS	fdr	0.05	189	40	43	47	59	193	47	56	47	43
AB1_MYSOSIS_NOS	fdr	0.05	109	38	31	20	20	92	12	15	28	37
M13_MYOSITIS	fdr	0.1	167	49	52	30	36	218	56	58	49	55
Q17_EHLER_SYNDR	fdr	0.1	250	65	71	57	57	254	52	60	79	63
AB1_MYSOSIS_NOS	fdr	0.1	186	54	52	40	40	173	36	36	46	55
J10_PNEUMOTHORAX	fdr	0.1	241	62	58	66	55	282	60	67	87	68
G6_MS	fdr	0.1	328	69	77	80	102	327	79	90	82	76
CHONDRO_OTH	fdr	0.1	207	59	49	48	51	257	53	48	82	74
J10_PNEUMOTHORAX	fdr	0.2	514	128	143	132	111	552	115	126	164	147
Q17_EHLER_SYNDR	fdr	0.2	493	130	146	116	101	515	114	136	143	122
AB1_MYSOSIS_NOS	fdr	0.2	414	116	118	90	90	400	77	95	113	115
M13_MYOSITIS	fdr	0.2	424	122	130	82	90	512	125	150	121	116
G6_MS	fdr	0.2	616	121	146	156	193	644	167	165	156	156
CHONDRO_OTH	fdr	0.2	436	119	101	107	109	530	111	126	156	137
G6_MULTIPLE_SYSTEM_ATROPHY	nominal	0.05	1036	253	274	255	254	1127	253	298	287	289
J10_PULMEOS	nominal	0.05	1103	279	294	280	250	1149	302	259	305	283
Q17_EHLER_SYNDR_WIDE	nominal	0.05	1176	329	345	251	251	1131	295	287	279	270
AB1_MYSOSIS_NOS_WIDE	nominal	0.05	1035	262	279	255	239	1090	265	275	270	280
CHRONHEP_NAS	nominal	0.05	1123	261	265	296	301	1183	263	302	294	324
M13_MYOSITISOSSIF	nominal	0.05	1055	288	293	242	232	1005	270	256	259	220
CHRONHEP_NAS	fdr	0.05	164	36	29	46	53	160	35	43	36	46
AB1_MYSOSIS_NOS_WIDE	fdr	0.05	119	41	42	19	17	124	35	25	31	33
J10_PULMEOS	fdr	0.05	92	27	20	21	24	125	40	25	34	26
M13_MYOSITISOSSIF	fdr	0.05	91	29	28	19	15	85	26	18	23	18
Q17_EHLER_SYNDR_WIDE	fdr	0.05	118	38	39	16	25	124	21	24	43	36
G6_MULTIPLE_SYSTEM_ATROPHY	fdr	0.05	89	17	24	29	19	122	34	32	25	31
J10_PULMEOS	fdr	0.1	188	50	44	47	47	233	67	50	66	50
CHRONHEP_NAS	fdr	0.1	253	52	51	74	76	260	56	71	60	73
M13_MYOSITISOSSIF	fdr	0.1	172	50	57	38	27	169	43	41	53	32
AB1_MYSOSIS_NOS_WIDE	fdr	0.1	188	57	51	46	34	200	56	43	53	48
Q17_EHLER_SYNDR_WIDE	fdr	0.1	224	64	68	42	50	224	48	52	66	58
G6_MULTIPLE_SYSTEM_ATROPHY	fdr	0.1	164	37	48	46	33	210	51	62	46	51
G6_MULTIPLE_SYSTEM_ATROPHY	fdr	0.2	365	88	93	93	91	459	105	126	125	103
J10_PULMEOS	fdr	0.2	455	107	115	128	105	513	132	120	140	121
Q17_EHLER_SYNDR_WIDE	fdr	0.2	504	151	143	108	102	521	126	133	142	120
CHRONHEP_NAS	fdr	0.2	478	102	115	127	134	521	108	146	125	142
M13_MYOSITISOSSIF	fdr	0.2	399	117	122	83	77	396	105	104	100	87
AB1_MYSOSIS_NOS_WIDE	fdr	0.2	415	98	124	99	94	459	114	121	108	116
AB1_OTHER_BACTERIAL	nominal	0.05	1330	364	362	302	302	1316	300	343	351	322
CHRONIC_DRUGADVERS_INTERSTITIAL_LUNG_DISORD	nominal	0.05	1088	285	314	235	254	1101	247	282	273	299
G6_MUSCOTHUNS	nominal	0.05	1105	288	293	257	267	1107	259	300	291	257
J10_PULMOEDEMA	nominal	0.05	1139	277	300	279	283	1124	285	322	259	258
Q17_EPIDERMOL_BULLOSA	nominal	0.05	1112	278	282	283	269	1100	259	275	277	289
M13_NECROFASC	nominal	0.05	1117	298	308	241	270	1183	291	297	299	296
J10_PULMOEDEMA	fdr	0.05	118	33	24	32	29	128	38	31	27	32
Q17_EPIDERMOL_BULLOSA	fdr	0.05	121	20	30	41	30	116	25	30	29	32
AB1_OTHER_BACTERIAL	fdr	0.05	245	75	82	41	47	229	46	44	67	72
M13_NECROFASC	fdr	0.05	93	32	23	11	27	118	33	38	20	27
G6_MUSCOTHUNS	fdr	0.05	131	37	34	33	27	114	22	31	28	33
CHRONIC_DRUGADVERS_INTERSTITIAL_LUNG_DISORD	fdr	0.05	149	41	41	39	28	136	27	41	33	35
J10_PULMOEDEMA	fdr	0.1	226	63	55	57	51	224	55	65	51	53
Q17_EPIDERMOL_BULLOSA	fdr	0.1	209	43	59	57	50	221	42	64	58	57
AB1_OTHER_BACTERIAL	fdr	0.1	372	110	106	70	86	377	73	86	108	110
G6_MUSCOTHUNS	fdr	0.1	231	65	60	60	46	213	46	55	58	54
M13_NECROFASC	fdr	0.1	186	58	52	29	47	225	53	60	55	57
CHRONIC_DRUGADVERS_INTERSTITIAL_LUNG_DISORD	fdr	0.1	244	67	72	55	50	241	41	65	67	68
AB1_OTHER_BACTERIAL	fdr	0.2	697	208	177	155	157	711	144	182	202	183
CHRONIC_DRUGADVERS_INTERSTITIAL_LUNG_DISORD	fdr	0.2	461	138	129	91	103	501	101	127	133	140
J10_PULMOEDEMA	fdr	0.2	464	120	114	114	116	479	113	142	119	105
Q17_EPIDERMOL_BULLOSA	fdr	0.2	454	98	125	124	107	523	101	140	141	141
G6_MUSCOTHUNS	fdr	0.2	473	126	123	111	113	456	103	136	116	101
M13_NECROFASC	fdr	0.2	442	124	129	99	90	510	117	137	133	123
CHRONLARGE	nominal	0.05	1193	266	291	314	322	1272	307	356	296	313
Q17_ESOPHAGEAL_DIVERTICULUM	nominal	0.05	1199	326	295	298	280	1192	306	276	311	299
AB1_OTHER_BACTERIAL_WIDE	nominal	0.05	1349	353	385	312	299	1352	308	328	353	363
G6_MUSDYST	nominal	0.05	1102	257	277	263	305	1111	283	301	275	252
M13_NECROVASCNAS	nominal	0.05	1005	251	246	227	281	1103	247	285	286	285
J10_PYOTHORAX	nominal	0.05	959	229	256	237	237	1065	242	266	279	278
CHRONLARGE	fdr	0.05	169	35	36	46	52	192	36	51	45	60
G6_MUSDYST	fdr	0.05	119	24	32	29	34	103	36	27	18	22
Q17_ESOPHAGEAL_DIVERTICULUM	fdr	0.05	137	37	44	24	32	146	33	31	40	42
AB1_OTHER_BACTERIAL_WIDE	fdr	0.05	246	76	76	44	50	232	44	41	72	75
M13_NECROVASCNAS	fdr	0.05	91	28	19	19	25	113	20	26	30	37
J10_PYOTHORAX	fdr	0.05	71	14	20	19	18	90	21	22	22	25
CHRONLARGE	fdr	0.1	264	56	59	75	74	319	63	97	75	84
AB1_OTHER_BACTERIAL_WIDE	fdr	0.1	367	105	109	69	84	379	76	82	108	113
G6_MUSDYST	fdr	0.1	210	45	47	55	63	207	56	57	50	44
Q17_ESOPHAGEAL_DIVERTICULUM	fdr	0.1	248	63	71	51	63	248	55	65	70	58
M13_NECROVASCNAS	fdr	0.1	169	47	41	36	45	202	35	55	57	55
J10_PYOTHORAX	fdr	0.1	132	34	36	29	33	168	38	39	49	42
CHRONLARGE	fdr	0.2	569	128	139	154	148	618	142	185	138	153
AB1_OTHER_BACTERIAL_WIDE	fdr	0.2	663	199	178	144	142	716	148	172	203	193
G6_MUSDYST	fdr	0.2	444	108	105	114	117	463	117	130	114	102
M13_NECROVASCNAS	fdr	0.2	380	97	105	77	101	438	84	116	116	122
Q17_ESOPHAGEAL_DIVERTICULUM	fdr	0.2	554	137	143	136	138	547	136	129	150	132
J10_PYOTHORAX	fdr	0.2	319	77	91	73	78	413	96	103	109	105
CHRONMYELOPRO	nominal	0.05	1116	267	310	247	292	1126	285	293	285	263
J10_RESPCONDEXT	nominal	0.05	1113	314	300	235	264	1119	269	331	271	248
G6_MYASTHENIA	nominal	0.05	1083	288	252	279	264	1134	308	302	284	240
M13_NEURALGIA	nominal	0.05	1266	342	381	253	290	1240	334	337	287	282
Q17_ESOPHAGEAL_DIVERTICULUM_WIDE	nominal	0.05	1200	302	300	297	301	1173	300	277	300	296
AB1_OTHER_BACT_INOTHER	nominal	0.05	1141	276	268	277	320	1030	279	279	227	245
G6_MYASTHENIA	fdr	0.05	99	38	17	16	28	128	41	30	27	30
M13_NEURALGIA	fdr	0.05	165	60	54	22	29	136	34	32	35	35
AB1_OTHER_BACT_INOTHER	fdr	0.05	167	33	43	41	50	102	29	28	21	24
Q17_ESOPHAGEAL_DIVERTICULUM_WIDE	fdr	0.05	124	25	42	27	30	121	22	31	36	32
CHRONMYELOPRO	fdr	0.05	123	29	31	32	31	140	21	30	47	42
J10_RESPCONDEXT	fdr	0.05	145	40	39	35	31	112	30	26	32	24
G6_MYASTHENIA	fdr	0.1	179	57	40	39	43	216	63	63	49	41
M13_NEURALGIA	fdr	0.1	285	92	95	41	57	252	60	62	67	63
CHRONMYELOPRO	fdr	0.1	222	49	59	58	56	226	39	59	69	59
J10_RESPCONDEXT	fdr	0.1	237	65	62	59	51	209	51	57	55	46
AB1_OTHER_BACT_INOTHER	fdr	0.1	281	61	61	75	84	186	53	57	36	40
Q17_ESOPHAGEAL_DIVERTICULUM_WIDE	fdr	0.1	242	54	73	54	61	226	47	59	65	55
CHRONMYELOPRO	fdr	0.2	466	108	124	112	122	507	117	140	133	117
J10_RESPCONDEXT	fdr	0.2	482	141	122	110	109	452	112	124	113	103
Q17_ESOPHAGEAL_DIVERTICULUM_WIDE	fdr	0.2	504	113	140	124	127	514	125	120	144	125
G6_MYASTHENIA	fdr	0.2	432	125	102	101	104	495	134	145	118	98
M13_NEURALGIA	fdr	0.2	595	158	197	111	129	563	150	160	135	118
AB1_OTHER_BACT_INOTHER	fdr	0.2	512	121	112	126	153	440	121	124	93	102
CHRONNAS	nominal	0.05	1363	337	315	345	366	1337	337	361	327	312
G6_MYASTHENIA_ADVERSE	nominal	0.05	997	268	257	235	237	1081	272	265	288	256
M13_OLECRANONBURSITIS	nominal	0.05	1139	273	329	249	288	1122	243	286	282	311
Q17_FAMILIAL_BENIGN_PEMPHIGUS	nominal	0.05	1122	279	304	275	264	1152	274	283	301	294
AB1_OTHER_BACT_INOTHER_WIDE	nominal	0.05	1080	284	271	244	281	986	282	264	203	237
J10_RESPOTHER	nominal	0.05	1099	274	317	260	248	1185	278	316	287	304
CHRONNAS	fdr	0.05	206	51	46	47	62	245	51	68	55	71
M13_OLECRANONBURSITIS	fdr	0.05	125	29	34	25	37	125	24	32	32	37
G6_MYASTHENIA_ADVERSE	fdr	0.05	80	30	23	13	14	110	33	21	29	27
AB1_OTHER_BACT_INOTHER_WIDE	fdr	0.05	114	30	34	23	27	93	27	24	21	21
Q17_FAMILIAL_BENIGN_PEMPHIGUS	fdr	0.05	143	46	43	30	24	127	33	23	39	32
J10_RESPOTHER	fdr	0.05	121	32	36	27	26	173	36	45	47	45
CHRONNAS	fdr	0.1	355	84	77	92	102	393	86	110	93	104
M13_OLECRANONBURSITIS	fdr	0.1	217	48	64	44	61	237	44	63	64	66
G6_MYASTHENIA_ADVERSE	fdr	0.1	150	50	44	31	25	195	52	43	62	38
Q17_FAMILIAL_BENIGN_PEMPHIGUS	fdr	0.1	243	82	69	49	43	231	59	45	71	56
AB1_OTHER_BACT_INOTHER_WIDE	fdr	0.1	198	52	54	46	46	154	41	47	31	35
J10_RESPOTHER	fdr	0.1	222	66	72	47	37	275	59	82	72	62
CHRONNAS	fdr	0.2	698	177	153	182	186	717	165	196	171	185
G6_MYASTHENIA_ADVERSE	fdr	0.2	364	98	89	84	93	447	113	103	134	97
M13_OLECRANONBURSITIS	fdr	0.2	478	109	126	115	128	505	106	125	134	140
J10_RESPOTHER	fdr	0.2	462	126	140	108	88	545	120	142	137	146
Q17_FAMILIAL_BENIGN_PEMPHIGUS	fdr	0.2	507	145	142	110	110	529	133	110	144	142
AB1_OTHER_BACT_INOTHER_WIDE	fdr	0.2	425	111	105	94	115	393	107	115	80	91
CHRONOTH	nominal	0.05	1366	306	304	364	392	1385	345	357	345	338
G6_MYOMUSCINOTH	nominal	0.05	1118	293	274	262	289	1139	250	258	348	283
J10_SEPTDEV	nominal	0.05	1405	365	370	329	341	1447	328	343	391	385
Q17_HEREDITARY_LYMPHEDEMA	nominal	0.05	1133	311	283	272	267	1150	297	294	275	284
M13_OSTEOCHONDRO	nominal	0.05	1295	319	343	305	328	1311	327	339	320	325
AB1_OTHER_CESTODE	nominal	0.05	1109	288	277	243	301	1073	258	264	276	275
CHRONOTH	fdr	0.05	219	45	43	58	73	224	40	68	54	62
G6_MYOMUSCINOTH	fdr	0.05	123	45	28	25	25	146	28	33	46	39
M13_OSTEOCHONDRO	fdr	0.05	163	37	54	31	41	172	41	43	36	52
Q17_HEREDITARY_LYMPHEDEMA	fdr	0.05	110	38	36	20	16	115	33	28	28	26
AB1_OTHER_CESTODE	fdr	0.05	101	29	24	23	25	94	23	19	25	27
J10_SEPTDEV	fdr	0.05	194	41	54	44	55	219	58	49	59	53
CHRONOTH	fdr	0.1	372	79	81	94	118	379	75	118	87	99
G6_MYOMUSCINOTH	fdr	0.1	236	76	56	50	54	262	56	62	78	66
M13_OSTEOCHONDRO	fdr	0.1	289	71	83	63	72	302	68	76	71	87
Q17_HEREDITARY_LYMPHEDEMA	fdr	0.1	206	69	63	37	37	200	54	52	53	41
J10_SEPTDEV	fdr	0.1	364	81	105	72	106	372	92	88	103	89
AB1_OTHER_CESTODE	fdr	0.1	195	56	42	43	54	183	42	42	49	50
CHRONOTH	fdr	0.2	699	162	147	173	217	766	186	211	182	187
G6_MYOMUSCINOTH	fdr	0.2	487	138	119	114	116	523	103	120	160	140
J10_SEPTDEV	fdr	0.2	759	178	215	168	198	800	186	199	210	205
Q17_HEREDITARY_LYMPHEDEMA	fdr	0.2	500	141	137	124	98	511	136	130	124	121
M13_OSTEOCHONDRO	fdr	0.2	622	150	168	148	156	652	148	186	156	162
AB1_OTHER_CESTODE	fdr	0.2	450	126	108	105	111	427	101	98	116	112
AB1_OTHER_CHLAMYDIAE	nominal	0.05	1012	245	264	255	248	1089	252	289	289	259
CHRONSMALL	nominal	0.05	1320	316	302	356	346	1342	330	362	320	330
M13_OSTEOCHONDROPATHY	nominal	0.05	1093	290	284	249	270	1095	257	271	283	284
G6_MYONEU	nominal	0.05	1194	304	289	311	290	1157	264	291	314	288
Q17_HEREDITARY_LYMPHEDEMA_WIDE	nominal	0.05	1135	295	286	276	278	1141	274	295	280	292
J10_SILICAPNEUMOC	nominal	0.05	1030	267	294	210	259	1116	282	323	251	260
CHRONSMALL	fdr	0.05	218	51	38	62	67	240	50	69	56	65
M13_OSTEOCHONDROPATHY	fdr	0.05	97	21	26	22	28	117	18	39	28	32
AB1_OTHER_CHLAMYDIAE	fdr	0.05	125	34	40	25	26	133	24	23	47	39
J10_SILICAPNEUMOC	fdr	0.05	102	27	30	23	22	136	28	50	28	30
Q17_HEREDITARY_LYMPHEDEMA_WIDE	fdr	0.05	124	36	44	22	22	123	39	33	26	25
G6_MYONEU	fdr	0.05	154	52	33	40	29	132	24	21	49	38
G6_MYONEU	fdr	0.1	224	67	52	58	47	223	45	47	76	55
CHRONSMALL	fdr	0.1	363	84	77	95	107	382	82	115	80	105
M13_OSTEOCHONDROPATHY	fdr	0.1	190	48	44	42	56	205	37	63	49	56
AB1_OTHER_CHLAMYDIAE	fdr	0.1	207	51	61	49	46	241	52	57	80	52
Q17_HEREDITARY_LYMPHEDEMA_WIDE	fdr	0.1	220	68	65	43	44	228	54	66	60	48
J10_SILICAPNEUMOC	fdr	0.1	195	52	53	41	49	251	56	83	52	60
AB1_OTHER_CHLAMYDIAE	fdr	0.2	419	105	117	107	90	485	113	126	143	103
CHRONSMALL	fdr	0.2	685	159	150	194	182	727	174	202	166	185
M13_OSTEOCHONDROPATHY	fdr	0.2	428	114	103	97	114	448	97	114	119	118
G6_MYONEU	fdr	0.2	510	131	131	131	117	517	119	130	137	131
Q17_HEREDITARY_LYMPHEDEMA_WIDE	fdr	0.2	497	141	131	121	104	537	131	147	138	121
J10_SILICAPNEUMOC	fdr	0.2	423	111	122	85	105	497	115	169	105	108
CHRYSTAL_NOS	nominal	0.05	987	226	216	269	276	1048	242	276	271	259
G6_MYONEUOTHUNS	nominal	0.05	1050	256	233	279	282	1093	259	278	290	266
M13_OSTEOCHONDROSIS_OF_ANKLE_JUVENILE	nominal	0.05	1030	278	261	240	251	1069	288	284	249	248
Q17_HYPOSPADIAS	nominal	0.05	1145	289	313	253	290	1108	234	272	293	309
J10_SIMPLBRONCH	nominal	0.05	1113	297	277	289	250	1177	311	305	301	260
AB1_OTHER_CHLAMYDIAE_WIDE	nominal	0.05	1023	243	289	239	252	1094	254	312	279	249
Q17_HYPOSPADIAS	fdr	0.05	137	37	42	25	33	146	27	24	45	50
AB1_OTHER_CHLAMYDIAE_WIDE	fdr	0.05	119	32	46	18	23	131	26	31	39	35
G6_MYONEUOTHUNS	fdr	0.05	77	24	21	11	21	111	19	24	32	36
M13_OSTEOCHONDROSIS_OF_ANKLE_JUVENILE	fdr	0.05	101	26	21	24	30	104	37	26	17	24
J10_SIMPLBRONCH	fdr	0.05	105	22	24	31	28	130	39	41	31	19
CHRYSTAL_NOS	fdr	0.05	72	13	12	22	25	108	15	27	36	30
Q17_HYPOSPADIAS	fdr	0.1	220	54	63	51	52	252	53	52	67	80
M13_OSTEOCHONDROSIS_OF_ANKLE_JUVENILE	fdr	0.1	180	48	41	43	48	199	62	51	43	43
G6_MYONEUOTHUNS	fdr	0.1	147	34	41	32	40	200	38	50	53	59
CHRYSTAL_NOS	fdr	0.1	136	24	26	42	44	172	28	38	57	49
AB1_OTHER_CHLAMYDIAE_WIDE	fdr	0.1	208	48	79	39	42	216	40	62	68	46
J10_SIMPLBRONCH	fdr	0.1	194	48	47	51	48	234	69	66	56	43
Q17_HYPOSPADIAS	fdr	0.2	479	124	137	105	113	512	102	116	141	153
M13_OSTEOCHONDROSIS_OF_ANKLE_JUVENILE	fdr	0.2	387	97	90	97	103	451	124	121	103	103
G6_MYONEUOTHUNS	fdr	0.2	380	79	88	106	107	471	104	111	130	126
CHRYSTAL_NOS	fdr	0.2	342	72	61	101	108	389	86	98	107	98
J10_SIMPLBRONCH	fdr	0.2	433	112	107	107	107	522	137	152	124	109
AB1_OTHER_CHLAMYDIAE_WIDE	fdr	0.2	414	105	127	95	87	438	95	123	132	88
AB1_OTHER_CONDITIONS	nominal	0.05	1084	292	329	218	245	1135	301	334	245	255
J10_SINUSITIS	nominal	0.05	1333	348	379	292	314	1439	363	395	326	355
CIRRHOSIS_BROAD	nominal	0.05	1143	318	307	259	259	1184	277	310	284	313
M13_OSTEOMALACIA	nominal	0.05	1064	274	257	270	263	1173	304	310	288	271
G6_MYOPOTHUNS	nominal	0.05	1102	279	255	290	278	1148	282	305	292	269
Q17_HYPOSPADIAS_WITH_AN_INCOMPLETE_GLANS_PENIS	nominal	0.05	1012	259	299	212	242	1020	212	254	272	282
AB1_OTHER_CONDITIONS	fdr	0.05	106	31	42	12	21	110	35	35	17	23
CIRRHOSIS_BROAD	fdr	0.05	175	46	46	43	40	155	44	36	34	41
G6_MYOPOTHUNS	fdr	0.05	124	41	26	32	25	109	34	16	33	26
J10_SINUSITIS	fdr	0.05	179	45	55	34	45	218	58	55	45	60
M13_OSTEOMALACIA	fdr	0.05	106	31	28	22	25	131	36	35	31	29
Q17_HYPOSPADIAS_WITH_AN_INCOMPLETE_GLANS_PENIS	fdr	0.05	106	23	38	19	26	119	21	30	30	38
AB1_OTHER_CONDITIONS	fdr	0.1	206	58	72	30	46	226	62	69	44	51
CIRRHOSIS_BROAD	fdr	0.1	274	74	77	65	58	258	69	69	60	60
G6_MYOPOTHUNS	fdr	0.1	198	63	41	53	41	191	50	45	57	39
J10_SINUSITIS	fdr	0.1	306	75	95	59	77	391	96	104	87	104
M13_OSTEOMALACIA	fdr	0.1	199	58	57	41	43	230	55	63	57	55
Q17_HYPOSPADIAS_WITH_AN_INCOMPLETE_GLANS_PENIS	fdr	0.1	169	43	51	37	38	193	37	45	56	55
AB1_OTHER_CONDITIONS	fdr	0.2	469	132	155	84	98	493	131	153	97	112
CIRRHOSIS_BROAD	fdr	0.2	516	141	145	118	112	576	145	159	132	140
J10_SINUSITIS	fdr	0.2	653	163	189	142	159	782	201	213	182	186
M13_OSTEOMALACIA	fdr	0.2	435	123	108	106	98	480	119	137	119	105
G6_MYOPOTHUNS	fdr	0.2	448	111	103	129	105	464	101	127	121	115
Q17_HYPOSPADIAS_WITH_AN_INCOMPLETE_GLANS_PENIS	fdr	0.2	389	98	126	80	85	396	75	96	109	116
CML	nominal	0.05	1038	284	250	271	233	1048	284	253	277	234
J10_TONSILLECTOMY	nominal	0.05	1528	430	393	354	351	1543	388	407	381	367
M13_OSTEOMYELITIS	nominal	0.05	1076	267	278	270	261	1132	276	273	307	276
Q17_IMPERFORATE_HYMEN	nominal	0.05	1065	297	285	218	265	1106	278	245	290	293
G6_MYOTDIS	nominal	0.05	1089	256	247	319	267	1150	285	326	281	258
AB1_OTHER_INFECTIONS	nominal	0.05	1050	250	262	276	262	1072	272	272	270	258
CML	fdr	0.05	74	16	18	20	20	86	23	23	11	29
J10_TONSILLECTOMY	fdr	0.05	301	100	83	56	62	305	80	72	76	77
Q17_IMPERFORATE_HYMEN	fdr	0.05	110	31	33	18	28	110	27	22	28	33
G6_MYOTDIS	fdr	0.05	121	20	22	42	37	119	36	32	18	33
M13_OSTEOMYELITIS	fdr	0.05	123	28	28	28	39	147	34	31	36	46
AB1_OTHER_INFECTIONS	fdr	0.05	107	24	21	32	30	105	26	24	28	27
CML	fdr	0.1	164	44	41	46	33	176	44	42	34	56
J10_TONSILLECTOMY	fdr	0.1	478	160	125	99	94	495	120	116	136	123
Q17_IMPERFORATE_HYMEN	fdr	0.1	199	54	55	42	48	209	49	45	55	60
M13_OSTEOMYELITIS	fdr	0.1	215	50	53	47	65	232	49	55	58	70
AB1_OTHER_INFECTIONS	fdr	0.1	189	42	41	54	52	184	39	47	51	47
G6_MYOTDIS	fdr	0.1	204	39	33	70	62	207	62	60	39	46
CML	fdr	0.2	371	105	94	91	81	398	112	96	91	99
J10_TONSILLECTOMY	fdr	0.2	880	272	221	182	205	922	228	242	230	222
M13_OSTEOMYELITIS	fdr	0.2	428	90	116	109	113	468	96	101	138	133
Q17_IMPERFORATE_HYMEN	fdr	0.2	453	133	133	92	95	476	109	107	125	135
G6_MYOTDIS	fdr	0.2	436	88	85	142	121	464	122	138	102	102
AB1_OTHER_INFECTIONS	fdr	0.2	413	94	102	108	109	422	91	112	116	103
J10_TONSILLITIS	nominal	0.05	1320	368	336	305	311	1331	385	371	267	308
M13_OSTEOMYELVERTEB	nominal	0.05	1086	277	250	272	287	1190	285	295	325	285
CMV_HEPATITIS	nominal	0.05	1091	278	272	275	266	1136	267	291	307	271
Q17_LVOTO_BROAD	nominal	0.05	1205	311	327	283	284	1237	293	319	327	298
G6_MYOTONIC_DYSTROPHY	nominal	0.05	1141	264	258	336	283	1135	292	344	248	251
AB1_OTHER_INFECTIONS_WIDE	nominal	0.05	1009	234	232	273	270	1046	259	249	272	266
J10_TONSILLITIS	fdr	0.05	170	54	34	39	43	157	55	45	27	30
CMV_HEPATITIS	fdr	0.05	91	26	27	21	17	131	36	27	38	30
G6_MYOTONIC_DYSTROPHY	fdr	0.05	107	30	21	27	29	122	43	43	15	21
Q17_LVOTO_BROAD	fdr	0.05	158	53	42	31	32	159	39	46	39	35
M13_OSTEOMYELVERTEB	fdr	0.05	110	25	31	22	32	136	30	27	45	34
AB1_OTHER_INFECTIONS_WIDE	fdr	0.05	100	25	20	29	26	92	18	17	28	29
J10_TONSILLITIS	fdr	0.1	302	92	68	69	73	314	85	102	62	65
M13_OSTEOMYELVERTEB	fdr	0.1	204	48	40	52	64	249	59	59	73	58
CMV_HEPATITIS	fdr	0.1	171	46	49	36	40	239	51	66	65	57
G6_MYOTONIC_DYSTROPHY	fdr	0.1	199	53	39	50	57	226	65	81	40	40
Q17_LVOTO_BROAD	fdr	0.1	281	88	83	50	60	282	63	82	81	56
AB1_OTHER_INFECTIONS_WIDE	fdr	0.1	167	42	35	44	46	169	33	40	56	40
J10_TONSILLITIS	fdr	0.2	655	184	154	154	163	686	198	200	140	148
M13_OSTEOMYELVERTEB	fdr	0.2	468	111	99	113	145	507	107	129	144	127
CMV_HEPATITIS	fdr	0.2	421	111	112	112	86	511	110	142	140	119
G6_MYOTONIC_DYSTROPHY	fdr	0.2	446	105	87	133	121	483	136	156	99	92
Q17_LVOTO_BROAD	fdr	0.2	563	158	166	109	130	588	132	154	165	137
AB1_OTHER_INFECTIONS_WIDE	fdr	0.2	365	90	77	95	103	417	96	105	114	102
CMV_NOS	nominal	0.05	1095	275	268	275	277	1116	268	304	276	268
J10_UPPERDIS	nominal	0.05	1589	436	443	343	367	1613	396	419	393	405
Q17_LVOTO_NARROW	nominal	0.05	1190	283	285	304	318	1167	289	291	311	276
AB1_OTHER_INFESTATIONS	nominal	0.05	1016	254	249	261	252	1075	266	291	256	262
M13_OSTEONECROSIS	nominal	0.05	1123	258	288	282	295	1185	272	303	311	299
G6_NARCOCATA	nominal	0.05	1132	295	293	275	269	1067	267	271	270	259
J10_UPPERDIS	fdr	0.05	292	98	85	54	55	329	95	72	82	80
Q17_LVOTO_NARROW	fdr	0.05	116	32	21	30	33	142	36	31	37	38
CMV_NOS	fdr	0.05	125	35	32	34	24	120	37	36	23	24
M13_OSTEONECROSIS	fdr	0.05	138	32	42	27	37	150	29	38	42	41
AB1_OTHER_INFESTATIONS	fdr	0.05	107	33	24	26	24	104	29	21	27	27
G6_NARCOCATA	fdr	0.05	140	48	43	23	26	128	29	41	24	34
J10_UPPERDIS	fdr	0.1	487	145	135	101	106	530	138	126	144	122
CMV_NOS	fdr	0.1	211	59	55	55	42	221	60	63	53	45
Q17_LVOTO_NARROW	fdr	0.1	240	60	60	61	59	250	62	66	63	59
M13_OSTEONECROSIS	fdr	0.1	240	53	62	59	66	260	55	62	75	68
AB1_OTHER_INFESTATIONS	fdr	0.1	181	53	41	46	41	193	48	54	52	39
G6_NARCOCATA	fdr	0.1	228	70	67	42	49	206	48	64	47	47
CMV_NOS	fdr	0.2	443	114	119	112	98	470	116	131	116	107
J10_UPPERDIS	fdr	0.2	926	252	261	197	216	972	245	254	239	234
Q17_LVOTO_NARROW	fdr	0.2	538	125	125	145	143	550	138	133	156	123
M13_OSTEONECROSIS	fdr	0.2	508	120	130	126	132	545	113	146	147	139
AB1_OTHER_INFESTATIONS	fdr	0.2	398	95	94	116	93	475	119	132	126	98
G6_NARCOCATA	fdr	0.2	477	130	142	97	108	462	121	114	117	110
AB1_OTHER_INFESTATIONS_WIDE	nominal	0.05	1129	290	305	288	246	1067	279	258	271	259
G6_NERPLEX	nominal	0.05	1528	465	471	303	289	1643	435	482	355	371
Q17_MARFAN	nominal	0.05	1115	262	278	293	282	1215	303	308	323	281
CMV_PNEUMONIA	nominal	0.05	1022	267	269	249	237	1017	240	267	265	245
M13_OSTEOPATHYINOTH	nominal	0.05	1099	260	277	276	286	1115	285	293	273	264
J10_UPPERINFEC	nominal	0.05	1378	375	384	305	314	1393	374	428	289	302
Q17_MARFAN	fdr	0.05	137	31	26	36	44	155	55	31	33	36
G6_NERPLEX	fdr	0.05	285	97	106	44	38	299	83	86	63	67
J10_UPPERINFEC	fdr	0.05	229	69	62	47	51	245	71	67	47	60
M13_OSTEOPATHYINOTH	fdr	0.05	118	31	26	30	31	121	28	27	34	32
CMV_PNEUMONIA	fdr	0.05	117	33	32	30	22	97	24	33	23	17
AB1_OTHER_INFESTATIONS_WIDE	fdr	0.05	140	55	43	20	22	120	33	32	27	28
Q17_MARFAN	fdr	0.1	225	46	49	58	72	257	74	55	67	61
G6_NERPLEX	fdr	0.1	454	147	166	73	68	515	129	163	110	113
M13_OSTEOPATHYINOTH	fdr	0.1	205	45	46	53	61	220	49	51	60	60
J10_UPPERINFEC	fdr	0.1	364	101	101	80	82	404	110	116	93	85
CMV_PNEUMONIA	fdr	0.1	194	56	52	50	36	173	39	49	49	36
AB1_OTHER_INFESTATIONS_WIDE	fdr	0.1	261	80	72	59	50	228	59	60	62	47
AB1_OTHER_INFESTATIONS_WIDE	fdr	0.2	520	149	144	130	97	493	123	128	122	120
G6_NERPLEX	fdr	0.2	894	285	301	160	148	986	248	303	211	224
Q17_MARFAN	fdr	0.2	466	99	100	124	143	555	131	142	145	137
CMV_PNEUMONIA	fdr	0.2	386	100	96	98	92	408	85	120	114	89
M13_OSTEOPATHYINOTH	fdr	0.2	466	103	108	127	128	459	113	120	113	113
J10_UPPERINFEC	fdr	0.2	693	176	195	156	166	761	206	239	154	162
AB1_OTHER_MOSQUITO_FEVER	nominal	0.05	1117	323	307	240	247	1096	299	255	276	266
J10_VIRALPNEUMO	nominal	0.05	1052	258	234	290	270	1112	298	279	263	272
Q17_MASTOCYTOSIS	nominal	0.05	1049	243	273	248	285	1016	259	263	236	258
M13_OSTEOPOROSIS	nominal	0.05	1267	289	301	336	341	1341	308	355	368	310
COLONPSEUDOP	nominal	0.05	1103	239	270	266	328	1086	251	287	282	266
G6_NEUATR	nominal	0.05	1091	286	289	248	268	1095	257	295	274	269
AB1_OTHER_MOSQUITO_FEVER	fdr	0.05	142	47	53	19	23	134	27	20	46	41
M13_OSTEOPOROSIS	fdr	0.05	189	39	40	53	57	235	48	56	63	68
COLONPSEUDOP	fdr	0.05	113	24	33	26	30	117	23	28	32	34
G6_NEUATR	fdr	0.05	130	35	36	29	30	124	29	25	33	37
Q17_MASTOCYTOSIS	fdr	0.05	110	22	31	25	32	99	34	20	25	20
J10_VIRALPNEUMO	fdr	0.05	129	31	28	38	32	131	44	32	26	29
J10_VIRALPNEUMO	fdr	0.1	220	50	53	59	58	209	64	61	38	46
AB1_OTHER_MOSQUITO_FEVER	fdr	0.1	238	72	88	36	42	226	60	45	65	56
M13_OSTEOPOROSIS	fdr	0.1	341	77	75	98	91	387	72	99	112	104
COLONPSEUDOP	fdr	0.1	190	38	49	48	55	205	41	46	60	58
G6_NEUATR	fdr	0.1	214	54	68	39	53	234	48	66	53	67
Q17_MASTOCYTOSIS	fdr	0.1	183	38	49	40	56	165	48	42	41	34
J10_VIRALPNEUMO	fdr	0.2	449	111	110	110	118	472	134	127	99	112
AB1_OTHER_MOSQUITO_FEVER	fdr	0.2	462	151	146	75	90	466	116	107	136	107
M13_OSTEOPOROSIS	fdr	0.2	658	149	155	179	175	763	163	218	207	175
COLONPSEUDOP	fdr	0.2	418	91	103	107	117	446	98	107	124	117
Q17_MASTOCYTOSIS	fdr	0.2	414	81	120	92	121	391	101	97	86	107
G6_NEUATR	fdr	0.2	431	115	115	97	104	484	110	136	115	123
AB1_OTHER_MOSQUITO_FEVER_WIDE	nominal	0.05	1135	258	311	266	300	1082	249	274	293	266
J10_VOCALLARYNX	nominal	0.05	1393	393	404	288	308	1388	350	362	335	341
M13_OTERSPECARTHR	nominal	0.05	1067	226	246	294	301	1110	289	287	274	260
Q17_MECKELS_DIVERTICULUM	nominal	0.05	1069	272	294	257	246	1095	279	306	253	257
CONGEN_HEART_ARTER	nominal	0.05	1074	248	288	268	270	1073	264	249	279	281
G6_NEUINFL	nominal	0.05	1107	283	285	252	287	1180	330	329	261	260
CONGEN_HEART_ARTER	fdr	0.05	93	12	27	24	30	98	22	25	21	30
G6_NEUINFL	fdr	0.05	132	35	29	34	34	157	53	48	27	29
M13_OTERSPECARTHR	fdr	0.05	125	27	22	36	40	125	47	29	25	24
AB1_OTHER_MOSQUITO_FEVER_WIDE	fdr	0.05	169	40	43	29	57	146	35	30	42	39
J10_VOCALLARYNX	fdr	0.05	214	71	71	30	42	225	57	54	63	51
Q17_MECKELS_DIVERTICULUM	fdr	0.05	79	32	21	11	15	89	27	19	20	23
CONGEN_HEART_ARTER	fdr	0.1	174	33	49	48	44	188	42	46	46	54
G6_NEUINFL	fdr	0.1	235	55	58	58	64	260	84	83	46	47
M13_OTERSPECARTHR	fdr	0.1	212	54	41	58	59	222	71	58	52	41
AB1_OTHER_MOSQUITO_FEVER_WIDE	fdr	0.1	277	64	71	54	88	251	56	54	74	67
J10_VOCALLARYNX	fdr	0.1	370	117	115	56	82	366	95	95	97	79
Q17_MECKELS_DIVERTICULUM	fdr	0.1	183	56	53	36	38	185	57	46	39	43
J10_VOCALLARYNX	fdr	0.2	720	203	222	133	162	720	182	191	180	167
Q17_MECKELS_DIVERTICULUM	fdr	0.2	420	112	132	89	87	448	127	124	101	96
AB1_OTHER_MOSQUITO_FEVER_WIDE	fdr	0.2	526	127	133	115	151	510	120	121	145	124
CONGEN_HEART_ARTER	fdr	0.2	420	90	115	109	106	433	106	95	101	131
G6_NEUINFL	fdr	0.2	469	118	111	104	136	533	153	156	111	113
M13_OTERSPECARTHR	fdr	0.2	435	104	84	120	127	461	125	118	114	104
G6_NEURAMYO	nominal	0.05	1084	280	267	266	271	1092	272	259	295	266
Q17_MEDULLARY_CYSTIC_KIDNEY_DISEASE_NEPHRONOPHTHISIS	nominal	0.05	1135	301	272	285	277	1128	280	294	301	253
COPD_EARLY	nominal	0.05	1494	408	424	329	333	1463	367	429	331	336
AB1_OTHER_MYCOBAC	nominal	0.05	1115	249	275	297	294	1113	257	296	266	294
M13_OTHERBONE	nominal	0.05	1161	328	318	249	266	1263	298	334	311	320
JOINTPAIN	nominal	0.05	1511	453	454	291	313	1558	432	446	338	342
Q17_MEDULLARY_CYSTIC_KIDNEY_DISEASE_NEPHRONOPHTHISIS	fdr	0.05	147	43	39	32	33	126	23	27	34	42
COPD_EARLY	fdr	0.05	315	93	88	59	75	328	90	103	56	79
G6_NEURAMYO	fdr	0.05	119	37	37	25	20	141	41	32	39	29
JOINTPAIN	fdr	0.05	293	106	95	41	51	305	99	84	55	67
M13_OTHERBONE	fdr	0.05	152	54	41	26	31	165	47	40	29	49
AB1_OTHER_MYCOBAC	fdr	0.05	124	23	28	33	40	127	24	38	25	40
Q17_MEDULLARY_CYSTIC_KIDNEY_DISEASE_NEPHRONOPHTHISIS	fdr	0.1	262	77	68	60	57	229	50	52	65	62
COPD_EARLY	fdr	0.1	480	136	136	95	113	502	129	159	96	118
G6_NEURAMYO	fdr	0.1	227	63	62	48	54	234	50	63	67	54
JOINTPAIN	fdr	0.1	470	157	156	78	79	493	148	144	95	106
M13_OTHERBONE	fdr	0.1	253	77	72	46	58	304	78	78	71	77
AB1_OTHER_MYCOBAC	fdr	0.1	236	49	54	59	74	217	46	62	41	68
Q17_MEDULLARY_CYSTIC_KIDNEY_DISEASE_NEPHRONOPHTHISIS	fdr	0.2	499	144	125	120	110	496	121	119	142	114
COPD_EARLY	fdr	0.2	868	233	254	177	204	880	216	269	189	206
AB1_OTHER_MYCOBAC	fdr	0.2	458	94	111	119	134	484	102	133	114	135
G6_NEURAMYO	fdr	0.2	465	126	126	101	112	496	108	126	138	124
JOINTPAIN	fdr	0.2	866	283	281	143	159	914	254	264	205	191
M13_OTHERBONE	fdr	0.2	514	140	150	105	119	612	147	159	150	156
M13_OTHERJOINT	nominal	0.05	1681	474	504	340	363	1682	415	496	379	392
JUVEN_ARTHR	nominal	0.05	1193	262	257	340	334	1190	293	289	309	299
Q17_MICROTIA	nominal	0.05	1164	280	301	316	267	1091	256	262	297	276
COPD_INSUFFICIENCY	nominal	0.05	1315	388	382	270	275	1320	309	383	327	301
AB1_OTHER_PROTOZOAL	nominal	0.05	1143	268	311	289	275	1124	292	305	269	258
G6_NEURODEGENERATIVE	nominal	0.05	1530	374	403	356	397	1633	459	451	373	350
AB1_OTHER_PROTOZOAL	fdr	0.05	130	22	34	33	41	108	22	31	27	28
G6_NEURODEGENERATIVE	fdr	0.05	304	71	80	68	85	329	108	100	60	61
M13_OTHERJOINT	fdr	0.05	319	113	102	49	55	334	94	105	59	76
JUVEN_ARTHR	fdr	0.05	139	17	23	46	53	138	31	36	32	39
COPD_INSUFFICIENCY	fdr	0.05	213	73	67	39	34	207	55	66	48	38
Q17_MICROTIA	fdr	0.05	110	28	30	30	22	129	32	34	33	30
M13_OTHERJOINT	fdr	0.1	522	172	163	84	103	556	142	177	116	121
AB1_OTHER_PROTOZOAL	fdr	0.1	224	41	70	55	58	214	48	74	46	46
JUVEN_ARTHR	fdr	0.1	238	40	44	72	82	241	53	66	60	62
G6_NEURODEGENERATIVE	fdr	0.1	491	115	124	109	143	561	165	185	111	100
COPD_INSUFFICIENCY	fdr	0.1	352	107	112	72	61	333	80	113	79	61
Q17_MICROTIA	fdr	0.1	200	50	54	52	44	229	52	57	64	56
M13_OTHERJOINT	fdr	0.2	1009	303	317	189	200	1090	263	326	250	251
Q17_MICROTIA	fdr	0.2	473	112	129	134	98	499	109	129	136	125
COPD_INSUFFICIENCY	fdr	0.2	672	209	209	126	128	699	162	217	163	157
AB1_OTHER_PROTOZOAL	fdr	0.2	496	103	145	129	119	503	115	161	117	110
JUVEN_ARTHR	fdr	0.2	555	118	111	168	158	553	140	142	144	127
G6_NEURODEGENERATIVE	fdr	0.2	900	213	231	206	250	994	292	286	208	208
COPD_LATER	nominal	0.05	1382	367	395	305	315	1334	345	385	292	312
Q17_MONOSOMI_DELET_AUTOSOMES_NOT_ELSEW_CLASSIFIED	nominal	0.05	1093	271	257	267	298	1086	262	294	275	255
M13_OVERLAP	nominal	0.05	1162	297	279	306	280	1169	249	256	332	332
K11_ABRASION	nominal	0.05	1188	277	273	332	306	1198	261	308	314	315
AB1_OTHER_PROTOZOAL_WIDE	nominal	0.05	1090	227	292	268	303	1072	251	311	266	244
G6_NEUROINFSEQ	nominal	0.05	1072	271	249	274	278	1088	287	290	272	239
M13_OVERLAP	fdr	0.05	155	50	38	33	34	145	32	19	44	50
COPD_LATER	fdr	0.05	231	65	72	33	61	209	51	53	45	60
Q17_MONOSOMI_DELET_AUTOSOMES_NOT_ELSEW_CLASSIFIED	fdr	0.05	136	32	32	25	47	130	39	33	34	24
K11_ABRASION	fdr	0.05	96	19	12	33	32	124	28	24	33	39
G6_NEUROINFSEQ	fdr	0.05	124	29	34	35	26	120	33	33	19	35
AB1_OTHER_PROTOZOAL_WIDE	fdr	0.05	101	19	21	27	34	107	25	29	27	26
K11_ABRASION	fdr	0.1	208	43	34	71	60	245	48	57	71	69
M13_OVERLAP	fdr	0.1	267	80	69	61	57	265	55	51	81	78
AB1_OTHER_PROTOZOAL_WIDE	fdr	0.1	200	30	55	49	66	201	40	61	51	49
COPD_LATER	fdr	0.1	383	108	119	64	92	375	86	103	86	100
Q17_MONOSOMI_DELET_AUTOSOMES_NOT_ELSEW_CLASSIFIED	fdr	0.1	225	49	62	47	67	209	55	61	52	41
G6_NEUROINFSEQ	fdr	0.1	203	49	54	49	51	212	47	61	47	57
K11_ABRASION	fdr	0.2	498	106	106	149	137	529	107	138	147	137
M13_OVERLAP	fdr	0.2	530	145	127	134	124	536	118	110	161	147
AB1_OTHER_PROTOZOAL_WIDE	fdr	0.2	450	82	124	111	133	441	82	139	109	111
COPD_LATER	fdr	0.2	702	192	193	148	169	744	178	205	181	180
Q17_MONOSOMI_DELET_AUTOSOMES_NOT_ELSEW_CLASSIFIED	fdr	0.2	435	101	109	101	124	432	111	121	105	95
G6_NEUROINFSEQ	fdr	0.2	411	100	105	101	105	456	113	125	115	103
G6_NEUROOTH	nominal	0.05	1162	293	298	280	291	1194	277	321	296	300
K11_ABSCANAL	nominal	0.05	1196	321	284	298	293	1264	286	323	315	340
M13_OVERUSENAS	nominal	0.05	1198	360	330	250	258	1157	317	284	282	274
Q17_MULTIPLE_CONGENITAL_EXOSTOSES	nominal	0.05	1089	251	264	293	281	1066	251	310	254	251
AB1_OTHER_SEPSIS	nominal	0.05	1274	349	341	268	316	1211	300	303	281	327
COPD_OPPORTUNIST_INFECTIONS	nominal	0.05	1110	322	286	259	243	1139	323	316	254	246
K11_ABSCANAL	fdr	0.05	167	51	39	42	35	174	33	32	38	71
AB1_OTHER_SEPSIS	fdr	0.05	185	62	57	23	43	133	29	29	31	44
G6_NEUROOTH	fdr	0.05	140	30	43	33	34	176	46	53	41	36
Q17_MULTIPLE_CONGENITAL_EXOSTOSES	fdr	0.05	108	20	17	35	36	113	29	37	19	28
COPD_OPPORTUNIST_INFECTIONS	fdr	0.05	106	34	27	18	27	123	44	42	18	19
M13_OVERUSENAS	fdr	0.05	161	53	51	25	32	124	31	24	32	37
K11_ABSCANAL	fdr	0.1	278	75	65	72	66	292	55	61	77	99
AB1_OTHER_SEPSIS	fdr	0.1	295	86	93	44	72	242	53	57	58	74
G6_NEUROOTH	fdr	0.1	260	56	73	65	66	289	77	84	62	66
Q17_MULTIPLE_CONGENITAL_EXOSTOSES	fdr	0.1	201	45	36	57	63	194	49	63	42	40
COPD_OPPORTUNIST_INFECTIONS	fdr	0.1	204	61	58	35	50	223	77	67	41	38
M13_OVERUSENAS	fdr	0.1	260	82	90	43	45	219	48	47	61	63
K11_ABSCANAL	fdr	0.2	571	170	123	135	143	614	122	149	166	177
Q17_MULTIPLE_CONGENITAL_EXOSTOSES	fdr	0.2	429	94	93	122	120	438	101	134	110	93
AB1_OTHER_SEPSIS	fdr	0.2	551	166	160	100	125	521	117	142	122	140
G6_NEUROOTH	fdr	0.2	553	140	153	130	130	568	138	164	140	126
COPD_OPPORTUNIST_INFECTIONS	fdr	0.2	457	130	126	97	104	505	158	142	103	102
M13_OVERUSENAS	fdr	0.2	508	159	155	102	92	497	134	107	137	119
K11_ACHAL	nominal	0.05	1080	263	279	277	261	1089	265	309	261	254
G6_NMO	nominal	0.05	1093	305	269	243	276	1113	244	278	317	274
AB1_OTHER_SPIROCHAETAL	nominal	0.05	1124	273	283	283	285	1093	255	280	288	270
Q17_MULTIPLE_CONGENITAL_EXOSTOSES_WIDE	nominal	0.05	1143	277	281	297	288	1101	265	313	268	255
CPAP	nominal	0.05	1425	419	382	308	316	1329	337	356	311	325
M13_PAGET	nominal	0.05	1077	275	264	265	273	1168	282	319	290	277
Q17_MULTIPLE_CONGENITAL_EXOSTOSES_WIDE	fdr	0.05	167	33	32	46	56	129	33	38	25	33
AB1_OTHER_SPIROCHAETAL	fdr	0.05	97	25	24	28	20	97	20	18	29	30
CPAP	fdr	0.05	234	91	61	43	39	160	50	38	31	41
K11_ACHAL	fdr	0.05	97	31	24	17	25	120	34	28	35	23
G6_NMO	fdr	0.05	130	43	31	25	31	123	21	23	45	34
M13_PAGET	fdr	0.05	136	40	27	31	38	130	30	33	35	32
Q17_MULTIPLE_CONGENITAL_EXOSTOSES_WIDE	fdr	0.1	257	54	51	70	82	216	54	63	46	53
M13_PAGET	fdr	0.1	243	66	53	64	60	238	53	65	65	55
AB1_OTHER_SPIROCHAETAL	fdr	0.1	212	54	53	56	49	187	43	44	50	50
CPAP	fdr	0.1	389	141	99	82	67	290	81	81	64	64
G6_NMO	fdr	0.1	230	74	49	50	57	218	44	40	79	55
K11_ACHAL	fdr	0.1	195	52	47	48	48	223	53	65	61	44
K11_ACHAL	fdr	0.2	457	114	110	117	116	486	113	139	122	112
G6_NMO	fdr	0.2	446	139	102	105	100	454	98	112	138	106
AB1_OTHER_SPIROCHAETAL	fdr	0.2	463	106	124	125	108	468	106	111	132	119
Q17_MULTIPLE_CONGENITAL_EXOSTOSES_WIDE	fdr	0.2	506	113	117	137	139	462	111	131	110	110
CPAP	fdr	0.2	740	244	196	153	147	671	189	196	138	148
M13_PAGET	fdr	0.2	478	120	112	126	120	520	123	148	135	114
AB1_OTHER_SPIROCHAETAL_WIDE	nominal	0.05	1110	281	288	270	271	1098	251	283	281	283
G6_OTHDEMYEL	nominal	0.05	1235	289	322	281	343	1211	287	319	308	297
Q17_NEUROFIBROMATOSIS_1	nominal	0.05	1083	235	266	288	294	1120	259	326	270	265
CREST	nominal	0.05	1038	266	265	267	240	1097	249	308	278	262
K11_ACUTGASTR	nominal	0.05	1164	328	288	293	255	1188	282	318	290	298
M13_PALINDROMIC	nominal	0.05	1120	271	273	292	284	1168	241	311	306	310
CREST	fdr	0.05	137	41	38	34	24	121	32	28	33	28
G6_OTHDEMYEL	fdr	0.05	157	33	33	39	52	181	49	46	43	43
K11_ACUTGASTR	fdr	0.05	129	41	34	25	29	137	38	32	27	40
AB1_OTHER_SPIROCHAETAL_WIDE	fdr	0.05	104	27	24	30	23	101	22	17	30	32
M13_PALINDROMIC	fdr	0.05	133	30	20	44	39	147	32	38	38	39
Q17_NEUROFIBROMATOSIS_1	fdr	0.05	156	30	34	48	44	122	33	34	22	33
AB1_OTHER_SPIROCHAETAL_WIDE	fdr	0.1	205	52	51	54	48	174	39	39	46	50
CREST	fdr	0.1	221	65	57	59	40	234	62	57	57	58
G6_OTHDEMYEL	fdr	0.1	278	53	62	75	88	305	77	75	87	66
K11_ACUTGASTR	fdr	0.1	225	74	53	49	49	240	67	61	49	63
Q17_NEUROFIBROMATOSIS_1	fdr	0.1	232	43	47	70	72	221	50	67	49	55
M13_PALINDROMIC	fdr	0.1	219	42	40	74	63	235	47	60	67	61
G6_OTHDEMYEL	fdr	0.2	583	111	148	145	179	592	143	144	161	144
CREST	fdr	0.2	416	111	113	113	79	473	124	128	111	110
AB1_OTHER_SPIROCHAETAL_WIDE	fdr	0.2	474	119	124	122	109	470	108	112	131	119
K11_ACUTGASTR	fdr	0.2	485	147	122	115	101	530	138	131	123	138
Q17_NEUROFIBROMATOSIS_1	fdr	0.2	470	98	98	127	147	478	100	137	115	126
M13_PALINDROMIC	fdr	0.2	421	91	93	122	115	482	97	120	137	128
G6_OTHINMUSC	nominal	0.05	1113	266	262	293	292	1150	253	283	313	301
K11_ACUTPANC	nominal	0.05	1273	306	291	337	339	1243	322	379	255	287
CROHN_ARTHR	nominal	0.05	1150	275	320	252	303	1175	295	319	285	276
AB1_OTHER_SUPERF_MYCOSIS	nominal	0.05	1188	325	316	267	280	1225	291	314	325	295
Q17_NEUROFIBROMATOSIS_2	nominal	0.05	1030	272	292	244	222	1127	282	281	304	260
M13_PANNICULITIS	nominal	0.05	1160	275	312	269	304	1039	269	287	243	240
CROHN_ARTHR	fdr	0.05	144	37	37	29	41	163	35	50	39	39
K11_ACUTPANC	fdr	0.05	176	41	29	54	52	166	46	47	33	40
AB1_OTHER_SUPERF_MYCOSIS	fdr	0.05	148	45	37	27	39	134	26	35	27	46
G6_OTHINMUSC	fdr	0.05	119	16	25	37	41	125	26	28	39	32
M13_PANNICULITIS	fdr	0.05	138	31	39	29	39	119	21	37	28	33
Q17_NEUROFIBROMATOSIS_2	fdr	0.05	124	32	34	27	31	135	37	32	30	36
CROHN_ARTHR	fdr	0.1	221	54	60	49	58	261	57	84	69	51
K11_ACUTPANC	fdr	0.1	316	72	66	96	82	302	78	86	67	71
AB1_OTHER_SUPERF_MYCOSIS	fdr	0.1	259	76	69	52	62	258	51	67	69	71
G6_OTHINMUSC	fdr	0.1	210	37	44	65	64	232	55	53	67	57
M13_PANNICULITIS	fdr	0.1	253	54	73	59	67	207	30	60	59	58
Q17_NEUROFIBROMATOSIS_2	fdr	0.1	225	57	76	45	47	242	61	59	61	61
G6_OTHINMUSC	fdr	0.2	460	93	108	133	126	506	109	121	141	135
CROHN_ARTHR	fdr	0.2	472	118	124	99	131	533	129	164	138	102
K11_ACUTPANC	fdr	0.2	657	152	143	184	178	638	160	199	129	150
AB1_OTHER_SUPERF_MYCOSIS	fdr	0.2	504	137	137	99	131	574	130	162	140	142
Q17_NEUROFIBROMATOSIS_2	fdr	0.2	424	113	126	92	93	487	127	123	121	116
M13_PANNICULITIS	fdr	0.2	495	116	144	107	128	425	93	125	100	107
M13_PANNICULITISNAS	nominal	0.05	1090	293	308	225	264	1014	223	250	264	277
CURRENT_SMOKER	nominal	0.05	1693	483	517	338	355	1714	458	516	366	374
K11_ADHE	nominal	0.05	1111	298	307	244	262	1150	265	293	296	296
AB1_OTHER_SUPERF_MYCOSIS_WIDE	nominal	0.05	1313	348	354	305	306	1329	340	361	318	310
G6_OTHNEU	nominal	0.05	1307	375	364	286	282	1239	299	328	311	301
Q17_OSTEOCHONDROD_W_DEFECTS_GROWTH_TUBULAR_BONES_SPINE	nominal	0.05	1032	267	258	239	268	1130	290	299	268	273
M13_PANNICULITISNAS	fdr	0.05	121	40	37	23	21	117	18	24	28	47
CURRENT_SMOKER	fdr	0.05	378	115	135	57	71	361	113	111	63	74
AB1_OTHER_SUPERF_MYCOSIS_WIDE	fdr	0.05	160	43	38	42	37	199	49	48	48	54
G6_OTHNEU	fdr	0.05	208	74	67	28	39	172	41	40	42	49
Q17_OSTEOCHONDROD_W_DEFECTS_GROWTH_TUBULAR_BONES_SPINE	fdr	0.05	119	26	31	28	34	143	35	32	40	36
K11_ADHE	fdr	0.05	135	33	49	28	25	152	20	35	43	54
M13_PANNICULITISNAS	fdr	0.1	224	73	62	45	44	217	39	53	56	69
CURRENT_SMOKER	fdr	0.1	583	176	200	98	109	582	162	187	105	128
AB1_OTHER_SUPERF_MYCOSIS_WIDE	fdr	0.1	295	84	73	68	70	332	82	89	78	83
G6_OTHNEU	fdr	0.1	330	110	101	55	64	299	65	84	76	74
Q17_OSTEOCHONDROD_W_DEFECTS_GROWTH_TUBULAR_BONES_SPINE	fdr	0.1	215	50	54	56	55	247	67	64	60	56
K11_ADHE	fdr	0.1	212	55	74	48	35	238	40	57	69	72
M13_PANNICULITISNAS	fdr	0.2	457	130	123	100	104	426	80	99	112	135
CURRENT_SMOKER	fdr	0.2	1052	312	340	191	209	1113	295	353	232	233
AB1_OTHER_SUPERF_MYCOSIS_WIDE	fdr	0.2	647	179	177	146	145	665	167	192	151	155
G6_OTHNEU	fdr	0.2	653	202	193	124	134	626	144	166	165	151
K11_ADHE	fdr	0.2	459	132	135	105	87	497	105	120	141	131
Q17_OSTEOCHONDROD_W_DEFECTS_GROWTH_TUBULAR_BONES_SPINE	fdr	0.2	425	100	107	115	103	493	140	120	117	116
AB1_OTHER_VIRAL	nominal	0.05	1188	284	296	288	320	1198	289	322	302	285
G6_PARALOTHUNS	nominal	0.05	980	247	254	235	244	1016	240	237	263	276
K11_ALCGASTR	nominal	0.05	1066	280	273	252	261	1170	281	327	286	276
M13_PATELLADISLOCATIO	nominal	0.05	1254	341	345	270	298	1272	316	317	319	320
Q17_OSTEOGEN_IMPERFECTA	nominal	0.05	1054	227	249	274	304	1080	232	274	310	264
C_DIFFICILE_ENTEROCOLITIS	nominal	0.05	1152	298	261	306	287	1167	277	306	302	282
M13_PATELLADISLOCATIO	fdr	0.05	199	58	61	41	39	186	45	57	47	37
G6_PARALOTHUNS	fdr	0.05	96	28	26	23	19	121	26	20	30	45
Q17_OSTEOGEN_IMPERFECTA	fdr	0.05	96	13	17	28	38	113	18	34	22	39
AB1_OTHER_VIRAL	fdr	0.05	152	33	30	38	51	174	31	41	51	51
K11_ALCGASTR	fdr	0.05	107	33	29	23	22	112	29	38	26	19
C_DIFFICILE_ENTEROCOLITIS	fdr	0.05	148	38	41	28	41	150	36	42	40	32
M13_PATELLADISLOCATIO	fdr	0.1	295	87	93	57	58	322	79	94	86	63
AB1_OTHER_VIRAL	fdr	0.1	264	61	56	68	79	303	58	80	81	84
C_DIFFICILE_ENTEROCOLITIS	fdr	0.1	264	72	69	55	68	260	64	66	69	61
G6_PARALOTHUNS	fdr	0.1	162	41	49	36	36	193	42	40	53	58
Q17_OSTEOGEN_IMPERFECTA	fdr	0.1	184	35	41	50	58	210	39	57	50	64
K11_ALCGASTR	fdr	0.1	181	51	49	38	43	220	51	75	48	46
AB1_OTHER_VIRAL	fdr	0.2	538	124	128	130	156	589	129	163	143	154
M13_PATELLADISLOCATIO	fdr	0.2	632	186	185	123	138	667	170	173	168	156
K11_ALCGASTR	fdr	0.2	405	115	106	91	93	464	105	143	118	98
C_DIFFICILE_ENTEROCOLITIS	fdr	0.2	546	152	130	130	134	545	129	147	142	127
G6_PARALOTHUNS	fdr	0.2	363	89	93	94	87	402	88	89	118	107
Q17_OSTEOGEN_IMPERFECTA	fdr	0.2	406	77	92	116	121	466	91	122	140	113
AB1_OTHER_VIRAL_WIDE	nominal	0.05	1114	251	280	263	320	1160	281	296	289	294
C_STROKE	nominal	0.05	1458	431	405	310	312	1416	372	383	328	333
G6_PARDIPLE	nominal	0.05	1091	256	291	248	296	1145	252	302	283	308
K11_ALCOLIV	nominal	0.05	1192	336	319	287	250	1233	320	338	280	295
M13_PATELLAOTH	nominal	0.05	1406	406	372	314	314	1361	330	355	363	313
Q17_OTHER_CHROMOSOME_ABNORMALITI_NOT_ELSEW_CLASSIFIED	nominal	0.05	1081	243	252	290	296	1033	243	259	264	267
C_STROKE	fdr	0.05	256	90	85	36	45	231	64	49	46	72
K11_ALCOLIV	fdr	0.05	177	55	43	45	34	172	52	42	35	43
AB1_OTHER_VIRAL_WIDE	fdr	0.05	127	30	25	32	40	165	28	46	45	46
M13_PATELLAOTH	fdr	0.05	197	63	63	31	40	213	57	57	57	42
Q17_OTHER_CHROMOSOME_ABNORMALITI_NOT_ELSEW_CLASSIFIED	fdr	0.05	100	19	23	23	35	76	22	17	15	22
G6_PARDIPLE	fdr	0.05	113	32	27	23	31	138	33	31	34	40
AB1_OTHER_VIRAL_WIDE	fdr	0.1	217	53	47	52	65	269	47	72	75	75
C_STROKE	fdr	0.1	430	134	141	75	80	406	105	109	94	98
K11_ALCOLIV	fdr	0.1	274	91	75	63	45	285	83	74	68	60
M13_PATELLAOTH	fdr	0.1	350	104	109	58	79	374	98	97	103	76
Q17_OTHER_CHROMOSOME_ABNORMALITI_NOT_ELSEW_CLASSIFIED	fdr	0.1	185	39	43	45	58	159	38	37	40	44
G6_PARDIPLE	fdr	0.1	201	48	49	47	57	231	44	52	67	68
AB1_OTHER_VIRAL_WIDE	fdr	0.2	470	104	120	115	131	549	126	142	140	141
C_STROKE	fdr	0.2	806	250	230	169	157	804	204	226	187	187
K11_ALCOLIV	fdr	0.2	551	159	147	133	112	578	154	164	130	130
M13_PATELLAOTH	fdr	0.2	737	216	210	156	155	747	180	195	205	167
G6_PARDIPLE	fdr	0.2	436	105	116	101	114	501	111	125	124	141
Q17_OTHER_CHROMOSOME_ABNORMALITI_NOT_ELSEW_CLASSIFIED	fdr	0.2	402	92	90	94	126	364	84	95	91	94
AB1_OTHER_ZOONOTIC_WIDE	nominal	0.05	1119	320	312	243	244	1118	266	290	275	287
D3_ACQCOAFACDEF	nominal	0.05	1094	279	267	280	268	1115	291	303	259	262
K11_ANOMALI_DENTAL_ARCH_RELATIONS1	nominal	0.05	1122	292	292	281	257	1128	239	283	319	287
G6_PARKINSON	nominal	0.05	1309	303	334	352	320	1282	310	362	310	300
Q17_OTHER_CONGEN_MALFO	nominal	0.05	1089	270	291	262	266	1117	286	307	271	253
M13_PATELLARTEND	nominal	0.05	1119	287	289	281	262	1195	284	312	287	312
AB1_OTHER_ZOONOTIC_WIDE	fdr	0.05	134	48	42	23	21	117	27	20	37	33
Q17_OTHER_CONGEN_MALFO	fdr	0.05	98	24	22	26	26	137	39	43	22	33
G6_PARKINSON	fdr	0.05	183	32	34	57	60	183	41	58	40	44
K11_ANOMALI_DENTAL_ARCH_RELATIONS1	fdr	0.05	109	29	35	22	23	113	19	21	34	39
D3_ACQCOAFACDEF	fdr	0.05	94	29	11	31	23	113	36	31	20	26
M13_PATELLARTEND	fdr	0.05	152	44	43	31	34	166	48	44	30	44
AB1_OTHER_ZOONOTIC_WIDE	fdr	0.1	221	75	66	41	39	202	46	39	55	62
Q17_OTHER_CONGEN_MALFO	fdr	0.1	204	49	50	55	50	232	65	66	59	42
G6_PARKINSON	fdr	0.1	310	59	67	97	87	308	64	99	74	71
K11_ANOMALI_DENTAL_ARCH_RELATIONS1	fdr	0.1	212	56	61	52	43	191	32	40	64	55
D3_ACQCOAFACDEF	fdr	0.1	184	49	33	53	49	197	57	55	38	47
M13_PATELLARTEND	fdr	0.1	250	69	66	62	53	282	71	81	62	68
AB1_OTHER_ZOONOTIC_WIDE	fdr	0.2	457	139	143	94	81	441	111	97	116	117
D3_ACQCOAFACDEF	fdr	0.2	454	110	117	115	112	462	125	126	93	118
K11_ANOMALI_DENTAL_ARCH_RELATIONS1	fdr	0.2	460	117	120	131	92	457	84	111	141	121
Q17_OTHER_CONGEN_MALFO	fdr	0.2	458	108	121	115	114	510	135	136	128	111
G6_PARKINSON	fdr	0.2	653	136	164	180	173	677	156	200	167	154
M13_PATELLARTEND	fdr	0.2	515	135	142	119	119	578	143	167	130	138
AB1_PARASITIC_NOS	nominal	0.05	1000	278	268	212	242	1040	269	257	259	255
K11_APHTA_RECUR_INCLAVO	nominal	0.05	1119	263	286	282	288	1173	287	330	277	279
M13_PERONEALTEND	nominal	0.05	976	254	239	246	237	1032	252	288	251	241
Q17_OTHER_CONGEN_MALFO_BRAIN	nominal	0.05	1113	261	287	294	271	1160	261	285	324	290
G6_PERIPHOTH	nominal	0.05	1118	243	266	295	314	1141	281	317	283	260
D3_ACQHAEMOLYTICANAEMIA	nominal	0.05	1067	289	274	239	265	1060	244	254	280	282
AB1_PARASITIC_NOS	fdr	0.05	92	29	24	18	21	92	28	18	27	19
K11_APHTA_RECUR_INCLAVO	fdr	0.05	126	33	34	27	32	129	37	33	30	29
Q17_OTHER_CONGEN_MALFO_BRAIN	fdr	0.05	125	42	36	24	23	136	25	35	42	34
D3_ACQHAEMOLYTICANAEMIA	fdr	0.05	104	28	32	20	24	101	14	23	32	32
M13_PERONEALTEND	fdr	0.05	53	13	13	18	9	91	18	26	25	22
G6_PERIPHOTH	fdr	0.05	138	24	24	42	48	149	36	43	36	34
AB1_PARASITIC_NOS	fdr	0.1	165	52	48	31	34	152	47	32	43	30
Q17_OTHER_CONGEN_MALFO_BRAIN	fdr	0.1	208	59	63	44	42	240	46	58	81	55
K11_APHTA_RECUR_INCLAVO	fdr	0.1	226	52	65	54	55	243	64	61	62	56
G6_PERIPHOTH	fdr	0.1	250	43	59	72	76	261	57	74	70	60
D3_ACQHAEMOLYTICANAEMIA	fdr	0.1	187	50	56	35	46	196	39	36	66	55
M13_PERONEALTEND	fdr	0.1	137	33	41	34	29	184	40	59	46	39
AB1_PARASITIC_NOS	fdr	0.2	399	120	112	75	92	371	106	89	100	76
K11_APHTA_RECUR_INCLAVO	fdr	0.2	471	108	123	114	126	517	128	147	129	113
Q17_OTHER_CONGEN_MALFO_BRAIN	fdr	0.2	465	113	122	125	105	541	113	123	156	149
G6_PERIPHOTH	fdr	0.2	493	103	119	127	144	514	125	139	131	119
D3_ACQHAEMOLYTICANAEMIA	fdr	0.2	391	104	107	82	98	419	86	92	127	114
M13_PERONEALTEND	fdr	0.2	344	74	86	91	93	385	97	107	95	86
Q17_OTHER_CONGEN_MALFO_CIRCULATO_SYSTEM	nominal	0.05	1117	271	298	273	275	1166	264	309	303	290
AB1_PEDICULOSIS_ACARIASIS_OTHERINFEST	nominal	0.05	1067	300	288	231	248	1109	303	247	287	272
K11_APPENDACUT	nominal	0.05	1317	317	365	300	335	1378	330	362	332	354
M13_PLANTARFASC	nominal	0.05	1244	333	315	293	303	1227	296	323	306	302
G6_PHANTOM	nominal	0.05	1134	300	294	281	259	1186	294	310	293	289
D3_ACQHAEMOLYTICANAEMIANAS	nominal	0.05	1002	248	261	234	259	1058	228	261	283	286
K11_APPENDACUT	fdr	0.05	219	51	61	47	60	226	60	63	46	57
M13_PLANTARFASC	fdr	0.05	134	41	37	21	35	170	40	42	46	42
AB1_PEDICULOSIS_ACARIASIS_OTHERINFEST	fdr	0.05	109	42	35	15	17	126	36	31	28	31
D3_ACQHAEMOLYTICANAEMIANAS	fdr	0.05	88	23	27	16	22	114	20	23	31	40
G6_PHANTOM	fdr	0.05	138	43	37	35	23	135	37	31	32	35
Q17_OTHER_CONGEN_MALFO_CIRCULATO_SYSTEM	fdr	0.05	135	41	34	28	32	153	32	31	43	47
K11_APPENDACUT	fdr	0.1	382	94	105	93	90	377	95	112	84	86
M13_PLANTARFASC	fdr	0.1	248	77	67	47	57	292	70	74	78	70
Q17_OTHER_CONGEN_MALFO_CIRCULATO_SYSTEM	fdr	0.1	214	55	58	51	50	247	56	55	71	65
AB1_PEDICULOSIS_ACARIASIS_OTHERINFEST	fdr	0.1	214	77	65	33	39	228	65	55	59	49
D3_ACQHAEMOLYTICANAEMIANAS	fdr	0.1	168	40	54	28	46	192	35	42	54	61
G6_PHANTOM	fdr	0.1	242	72	64	62	44	237	63	61	57	56
AB1_PEDICULOSIS_ACARIASIS_OTHERINFEST	fdr	0.2	451	145	133	79	94	460	126	107	113	114
K11_APPENDACUT	fdr	0.2	702	175	202	153	172	730	171	208	185	166
M13_PLANTARFASC	fdr	0.2	538	154	142	122	120	622	144	175	155	148
G6_PHANTOM	fdr	0.2	515	146	146	121	102	559	144	140	133	142
Q17_OTHER_CONGEN_MALFO_CIRCULATO_SYSTEM	fdr	0.2	476	105	140	119	112	535	117	134	153	131
D3_ACQHAEMOLYTICANAEMIANAS	fdr	0.2	379	92	114	76	97	432	81	109	117	125
Q17_OTHER_CONGEN_MALFO_DIGES_SYSTEM1	nominal	0.05	1103	292	281	240	290	1096	268	268	287	273
G6_PLANTAR	nominal	0.05	1079	283	285	266	245	1096	274	298	272	252
M13_POLNODOSA	nominal	0.05	995	263	276	238	218	1078	249	280	302	247
AB1_PEDICULOSIS_ACARIASIS_OTHERINFEST_WIDE	nominal	0.05	1204	341	357	252	254	1084	313	297	239	235
K11_APPENDECTOMY	nominal	0.05	1247	302	355	260	330	1288	310	382	277	319
D3_ACQPUREREDCLLAPLASIA	nominal	0.05	1021	286	271	237	227	1078	258	276	275	269
K11_APPENDECTOMY	fdr	0.05	188	50	54	35	49	185	53	61	35	36
Q17_OTHER_CONGEN_MALFO_DIGES_SYSTEM1	fdr	0.05	112	36	34	18	24	137	37	24	42	34
M13_POLNODOSA	fdr	0.05	89	33	20	17	19	127	24	23	42	38
G6_PLANTAR	fdr	0.05	105	27	31	25	22	114	42	27	17	28
AB1_PEDICULOSIS_ACARIASIS_OTHERINFEST_WIDE	fdr	0.05	168	67	58	18	25	130	39	38	23	30
D3_ACQPUREREDCLLAPLASIA	fdr	0.05	99	27	23	26	23	110	26	23	26	35
K11_APPENDECTOMY	fdr	0.1	310	85	93	56	76	317	84	98	62	73
Q17_OTHER_CONGEN_MALFO_DIGES_SYSTEM1	fdr	0.1	202	61	56	37	48	242	56	54	72	60
M13_POLNODOSA	fdr	0.1	162	48	54	28	32	206	37	49	62	58
G6_PLANTAR	fdr	0.1	211	54	66	51	40	230	74	65	54	37
AB1_PEDICULOSIS_ACARIASIS_OTHERINFEST_WIDE	fdr	0.1	272	102	92	31	47	210	62	67	41	40
D3_ACQPUREREDCLLAPLASIA	fdr	0.1	176	45	41	50	40	213	51	42	58	62
AB1_PEDICULOSIS_ACARIASIS_OTHERINFEST_WIDE	fdr	0.2	558	190	174	90	104	494	146	154	96	98
M13_POLNODOSA	fdr	0.2	378	99	116	85	78	449	93	113	139	104
G6_PLANTAR	fdr	0.2	442	115	122	106	99	461	123	129	110	99
K11_APPENDECTOMY	fdr	0.2	603	149	187	114	153	629	143	200	122	164
Q17_OTHER_CONGEN_MALFO_DIGES_SYSTEM1	fdr	0.2	430	122	108	95	105	479	105	112	138	124
D3_ACQPUREREDCLLAPLASIA	fdr	0.2	375	95	92	105	83	457	107	108	119	123
Q17_OTHER_CONGEN_MALFO_DIGES_SYSTEM1_WIDE	nominal	0.05	1050	275	289	232	254	1145	270	269	313	293
D3_ACUTEPOSTBLEEDANAEMIA	nominal	0.05	1128	245	308	288	287	1142	282	323	250	287
G6_POLYOTHUNS	nominal	0.05	1228	309	333	268	318	1269	303	315	326	325
K11_APPENDOTH	nominal	0.05	1077	301	287	236	253	1107	289	287	260	271
M13_POLYARTERETAL	nominal	0.05	1099	279	302	259	259	1101	271	265	311	254
AB1_PEDICULOSIS_AND_PHTHIRIAASIS	nominal	0.05	1095	270	308	229	288	1071	270	254	292	255
M13_POLYARTERETAL	fdr	0.05	94	27	26	18	23	115	25	21	38	31
K11_APPENDOTH	fdr	0.05	106	27	31	24	24	108	25	25	26	32
Q17_OTHER_CONGEN_MALFO_DIGES_SYSTEM1_WIDE	fdr	0.05	114	36	37	20	21	152	34	27	50	41
D3_ACUTEPOSTBLEEDANAEMIA	fdr	0.05	104	21	16	30	37	105	27	33	17	28
AB1_PEDICULOSIS_AND_PHTHIRIAASIS	fdr	0.05	135	31	50	22	32	106	31	27	20	28
G6_POLYOTHUNS	fdr	0.05	186	41	42	55	48	176	36	43	51	46
K11_APPENDOTH	fdr	0.1	205	58	57	43	47	216	53	50	51	62
M13_POLYARTERETAL	fdr	0.1	187	43	57	40	47	206	45	45	68	48
Q17_OTHER_CONGEN_MALFO_DIGES_SYSTEM1_WIDE	fdr	0.1	206	59	55	43	49	244	52	47	80	65
D3_ACUTEPOSTBLEEDANAEMIA	fdr	0.1	208	50	44	51	63	222	58	69	44	51
AB1_PEDICULOSIS_AND_PHTHIRIAASIS	fdr	0.1	234	54	85	41	54	198	49	46	59	44
G6_POLYOTHUNS	fdr	0.1	304	72	67	84	81	305	67	74	87	77
Q17_OTHER_CONGEN_MALFO_DIGES_SYSTEM1_WIDE	fdr	0.2	455	128	118	111	98	505	116	114	144	131
K11_APPENDOTH	fdr	0.2	436	126	118	87	105	469	113	116	115	125
M13_POLYARTERETAL	fdr	0.2	443	112	120	102	109	470	111	110	141	108
D3_ACUTEPOSTBLEEDANAEMIA	fdr	0.2	450	109	118	102	121	479	125	142	100	112
G6_POLYOTHUNS	fdr	0.2	603	142	160	137	164	628	138	153	180	157
AB1_PEDICULOSIS_AND_PHTHIRIAASIS	fdr	0.2	452	104	134	89	125	458	111	108	126	113
AB1_PEDICULOSIS_AND_PHTHIRIAASIS_WIDE	nominal	0.05	1048	254	295	241	258	1077	264	268	283	262
D3_AGRANULOCYTOSIS	nominal	0.05	1090	266	291	247	286	1154	278	318	268	290
K11_ASYMMETRY_JAW	nominal	0.05	1034	284	294	217	239	1072	249	285	281	257
Q17_OTHER_CONGEN_MALFO_DIGES_SYSTEM2	nominal	0.05	1109	295	290	261	263	1087	239	268	282	298
M13_POLYARTHRITIS	nominal	0.05	1205	284	284	328	309	1210	261	314	311	324
G6_POSTOPNEURO	nominal	0.05	1133	287	293	273	280	1160	264	311	319	266
Q17_OTHER_CONGEN_MALFO_DIGES_SYSTEM2	fdr	0.05	115	25	28	33	29	97	16	24	23	34
M13_POLYARTHRITIS	fdr	0.05	159	40	32	46	41	140	25	45	37	33
G6_POSTOPNEURO	fdr	0.05	95	20	28	24	23	136	31	30	44	31
K11_ASYMMETRY_JAW	fdr	0.05	112	28	39	20	25	140	32	23	39	46
D3_AGRANULOCYTOSIS	fdr	0.05	110	33	37	14	26	115	31	16	30	38
AB1_PEDICULOSIS_AND_PHTHIRIAASIS_WIDE	fdr	0.05	111	25	41	19	26	136	35	41	21	39
D3_AGRANULOCYTOSIS	fdr	0.1	218	57	68	35	58	225	53	46	59	67
Q17_OTHER_CONGEN_MALFO_DIGES_SYSTEM2	fdr	0.1	213	51	49	63	50	193	35	47	49	62
M13_POLYARTHRITIS	fdr	0.1	272	65	52	83	72	252	51	71	80	50
G6_POSTOPNEURO	fdr	0.1	203	51	53	54	45	265	56	73	79	57
K11_ASYMMETRY_JAW	fdr	0.1	198	53	63	39	43	236	55	50	67	64
AB1_PEDICULOSIS_AND_PHTHIRIAASIS_WIDE	fdr	0.1	198	46	61	41	50	217	55	64	44	54
D3_AGRANULOCYTOSIS	fdr	0.2	483	128	139	90	126	519	132	132	127	128
Q17_OTHER_CONGEN_MALFO_DIGES_SYSTEM2	fdr	0.2	476	118	122	124	112	442	90	120	103	129
K11_ASYMMETRY_JAW	fdr	0.2	410	105	120	90	95	462	107	105	131	119
M13_POLYARTHRITIS	fdr	0.2	542	127	113	174	128	595	124	168	168	135
AB1_PEDICULOSIS_AND_PHTHIRIAASIS_WIDE	fdr	0.2	419	90	116	99	114	451	118	115	112	106
G6_POSTOPNEURO	fdr	0.2	479	120	139	119	101	518	109	142	156	111
AB1_PNEUMOCYSTOSIS	nominal	0.05	1066	233	270	294	269	1106	287	313	257	249
M13_POLYARTHROPATHIES	nominal	0.05	1525	393	389	363	380	1527	358	396	381	392
G6_POSTPOLIO	nominal	0.05	1006	254	249	255	248	1059	264	276	254	265
Q17_OTHER_CONGEN_MALFO_EAR	nominal	0.05	1116	259	286	271	300	1142	243	287	303	309
K11_ATTRITION	nominal	0.05	1277	294	327	311	345	1332	314	358	313	347
D3_AIHA_OTHER	nominal	0.05	1169	326	326	254	263	1146	258	285	309	294
Q17_OTHER_CONGEN_MALFO_EAR	fdr	0.05	132	40	33	34	25	126	35	29	29	33
AB1_PNEUMOCYSTOSIS	fdr	0.05	136	35	27	39	35	149	48	44	22	35
K11_ATTRITION	fdr	0.05	174	37	31	53	53	169	42	43	34	50
M13_POLYARTHROPATHIES	fdr	0.05	301	90	69	70	72	301	75	81	74	71
D3_AIHA_OTHER	fdr	0.05	146	48	47	24	27	128	28	22	40	38
G6_POSTPOLIO	fdr	0.05	92	23	17	25	27	76	20	11	24	21
M13_POLYARTHROPATHIES	fdr	0.1	495	131	134	114	116	490	114	124	124	128
Q17_OTHER_CONGEN_MALFO_EAR	fdr	0.1	232	61	55	56	60	229	63	55	54	57
K11_ATTRITION	fdr	0.1	294	69	59	74	92	316	76	92	72	76
AB1_PNEUMOCYSTOSIS	fdr	0.1	217	52	48	61	56	231	67	73	40	51
D3_AIHA_OTHER	fdr	0.1	246	82	70	45	49	244	57	49	80	58
G6_POSTPOLIO	fdr	0.1	173	45	32	48	48	152	37	34	41	40
M13_POLYARTHROPATHIES	fdr	0.2	893	233	226	205	229	940	226	235	237	242
Q17_OTHER_CONGEN_MALFO_EAR	fdr	0.2	453	101	113	118	121	479	109	115	121	134
K11_ATTRITION	fdr	0.2	619	127	142	162	188	698	160	190	162	186
AB1_PNEUMOCYSTOSIS	fdr	0.2	439	96	110	124	109	471	128	138	106	99
D3_AIHA_OTHER	fdr	0.2	493	155	142	96	100	514	115	114	148	137
G6_POSTPOLIO	fdr	0.2	406	99	93	101	113	403	97	105	98	103
AB1_POLIOMYELITIS	nominal	0.05	1050	253	245	277	275	1104	283	296	248	277
K11_BARRET	nominal	0.05	1204	323	343	265	273	1176	308	324	271	273
M13_POLYMYALGIA	nominal	0.05	1242	281	334	303	324	1278	260	326	342	350
D3_ALLERGPURPURA	nominal	0.05	1145	281	267	305	292	1205	351	341	260	253
Q17_OTHER_CONGEN_MALFO_FACE_NECK	nominal	0.05	1145	339	297	256	253	1152	287	306	292	267
G6_POSTVIRFAT	nominal	0.05	1093	255	258	288	292	1120	267	293	266	294
AB1_POLIOMYELITIS	fdr	0.05	120	25	37	26	32	126	35	38	22	31
D3_ALLERGPURPURA	fdr	0.05	120	30	24	27	39	161	58	50	28	25
G6_POSTVIRFAT	fdr	0.05	120	28	30	30	32	123	30	33	29	31
M13_POLYMYALGIA	fdr	0.05	170	31	37	48	54	185	24	36	56	69
Q17_OTHER_CONGEN_MALFO_FACE_NECK	fdr	0.05	127	34	35	27	31	134	39	34	24	37
K11_BARRET	fdr	0.05	162	53	42	29	38	143	35	43	33	32
AB1_POLIOMYELITIS	fdr	0.1	205	45	57	49	54	210	60	63	39	48
D3_ALLERGPURPURA	fdr	0.1	232	54	40	72	66	310	105	95	61	49
G6_POSTVIRFAT	fdr	0.1	217	50	58	57	52	207	53	55	46	53
M13_POLYMYALGIA	fdr	0.1	282	55	72	68	87	316	48	73	88	107
Q17_OTHER_CONGEN_MALFO_FACE_NECK	fdr	0.1	228	62	72	41	53	236	64	65	52	55
K11_BARRET	fdr	0.1	290	88	82	56	64	251	62	77	58	54
AB1_POLIOMYELITIS	fdr	0.2	404	102	96	97	109	447	124	126	97	100
M13_POLYMYALGIA	fdr	0.2	605	136	164	136	169	648	123	170	169	186
K11_BARRET	fdr	0.2	565	157	162	118	128	547	148	153	129	117
D3_ALLERGPURPURA	fdr	0.2	507	123	104	148	132	601	187	178	129	107
G6_POSTVIRFAT	fdr	0.2	461	125	110	113	113	487	125	119	104	139
Q17_OTHER_CONGEN_MALFO_FACE_NECK	fdr	0.2	482	133	146	102	101	484	123	128	127	106
D3_ANAEMIA	nominal	0.05	1344	351	336	345	312	1407	352	362	343	350
G6_POSTZOST	nominal	0.05	1033	282	286	239	226	1114	253	290	290	281
K11_BILIAOTH	nominal	0.05	1023	244	269	259	251	1124	269	288	298	269
Q17_OTHER_CONGEN_MALFO_FEMALE_GENITALIA	nominal	0.05	1016	249	278	239	250	1072	249	277	266	280
AB1_PROTOZOAL	nominal	0.05	1053	265	278	275	235	1072	286	282	259	245
M13_POLYMYO	nominal	0.05	1104	284	268	278	274	1095	269	270	264	292
AB1_PROTOZOAL	fdr	0.05	116	27	23	40	26	125	30	23	40	32
G6_POSTZOST	fdr	0.05	119	28	29	33	29	134	29	32	32	41
D3_ANAEMIA	fdr	0.05	252	89	74	45	44	238	65	47	54	72
Q17_OTHER_CONGEN_MALFO_FEMALE_GENITALIA	fdr	0.05	100	23	35	16	26	105	19	19	35	32
M13_POLYMYO	fdr	0.05	95	25	18	24	28	99	17	29	24	29
K11_BILIAOTH	fdr	0.05	85	18	23	21	23	132	21	39	30	42
G6_POSTZOST	fdr	0.1	212	54	54	56	48	240	45	61	63	71
AB1_PROTOZOAL	fdr	0.1	199	47	52	56	44	235	49	59	68	59
D3_ANAEMIA	fdr	0.1	373	113	100	80	80	380	97	81	101	101
Q17_OTHER_CONGEN_MALFO_FEMALE_GENITALIA	fdr	0.1	160	41	51	28	40	173	34	36	57	46
K11_BILIAOTH	fdr	0.1	153	30	48	34	41	222	37	69	53	63
M13_POLYMYO	fdr	0.1	204	51	50	50	53	195	41	53	47	54
G6_POSTZOST	fdr	0.2	420	104	115	104	97	494	102	123	140	129
M13_POLYMYO	fdr	0.2	444	116	110	114	104	441	101	110	109	121
AB1_PROTOZOAL	fdr	0.2	392	101	99	108	84	458	109	121	120	108
D3_ANAEMIA	fdr	0.2	699	190	189	169	151	782	185	196	201	200
Q17_OTHER_CONGEN_MALFO_FEMALE_GENITALIA	fdr	0.2	369	90	106	83	90	403	84	91	117	111
K11_BILIAOTH	fdr	0.2	385	76	113	97	99	490	104	140	117	129
K11_CARIES_3	nominal	0.05	1260	314	353	309	284	1315	373	424	258	260
AB1_RELAP_FEVER	nominal	0.05	1164	247	285	298	334	1129	222	249	325	333
M13_POSTOPMUSCULOSKE	nominal	0.05	1142	295	304	265	278	1186	273	288	315	310
Q17_OTHER_CONGEN_MALFO_HEART	nominal	0.05	1064	257	267	263	277	1150	250	276	335	289
D3_ANAEMIAINCHRONICDISEASE	nominal	0.05	1104	294	287	260	263	1082	293	272	265	252
G6_PROGRESSIVE_SUPRANUCLEAR_OPHTHALMOPLEGIA	nominal	0.05	1062	267	242	267	286	1096	270	268	299	259
AB1_RELAP_FEVER	fdr	0.05	174	34	36	46	58	172	30	27	62	53
D3_ANAEMIAINCHRONICDISEASE	fdr	0.05	93	33	26	18	16	104	22	22	30	30
K11_CARIES_3	fdr	0.05	161	48	50	36	27	175	61	62	27	25
M13_POSTOPMUSCULOSKE	fdr	0.05	122	29	27	25	41	150	39	38	40	33
Q17_OTHER_CONGEN_MALFO_HEART	fdr	0.05	131	31	29	40	31	140	28	26	48	38
G6_PROGRESSIVE_SUPRANUCLEAR_OPHTHALMOPLEGIA	fdr	0.05	96	23	17	28	28	102	26	26	29	21
AB1_RELAP_FEVER	fdr	0.1	278	49	61	81	87	267	46	45	96	80
D3_ANAEMIAINCHRONICDISEASE	fdr	0.1	173	57	45	39	32	197	40	44	60	53
K11_CARIES_3	fdr	0.1	291	79	92	65	55	297	88	105	56	48
M13_POSTOPMUSCULOSKE	fdr	0.1	254	65	69	52	68	256	57	75	64	60
G6_PROGRESSIVE_SUPRANUCLEAR_OPHTHALMOPLEGIA	fdr	0.1	186	47	38	52	49	192	50	46	57	39
Q17_OTHER_CONGEN_MALFO_HEART	fdr	0.1	212	55	47	65	45	238	46	54	82	56
AB1_RELAP_FEVER	fdr	0.2	562	113	130	152	167	539	94	109	176	160
D3_ANAEMIAINCHRONICDISEASE	fdr	0.2	418	103	118	100	97	430	102	100	116	112
K11_CARIES_3	fdr	0.2	611	139	200	140	132	645	174	230	118	123
Q17_OTHER_CONGEN_MALFO_HEART	fdr	0.2	440	102	104	134	100	494	103	120	150	121
M13_POSTOPMUSCULOSKE	fdr	0.2	532	136	154	118	124	559	124	149	142	144
G6_PROGRESSIVE_SUPRANUCLEAR_OPHTHALMOPLEGIA	fdr	0.2	435	106	98	111	120	451	108	105	132	106
D3_ANAEMIANAS	nominal	0.05	1297	343	344	306	304	1228	258	310	324	336
G6_RADLES	nominal	0.05	1146	307	319	260	260	1232	293	342	306	291
K11_CD_STRICT2	nominal	0.05	1303	304	308	337	354	1309	335	358	313	303
M13_POYARTOTH	nominal	0.05	1072	267	300	248	257	1083	298	275	262	248
AB1_RELAP_FEVER_WIDE	nominal	0.05	1159	268	284	295	312	1154	237	266	323	328
Q17_OTHER_CONGEN_MALFO_INTEG_WIDE	nominal	0.05	1178	319	305	284	270	1181	306	294	303	278
K11_CD_STRICT2	fdr	0.05	200	39	39	54	68	217	49	68	44	56
AB1_RELAP_FEVER_WIDE	fdr	0.05	186	32	34	56	64	169	27	32	55	55
G6_RADLES	fdr	0.05	142	39	40	30	33	155	33	38	41	43
D3_ANAEMIANAS	fdr	0.05	234	72	76	37	49	178	33	35	50	60
M13_POYARTOTH	fdr	0.05	106	28	39	11	28	100	24	19	24	33
Q17_OTHER_CONGEN_MALFO_INTEG_WIDE	fdr	0.05	122	45	31	30	16	118	32	31	29	26
K11_CD_STRICT2	fdr	0.1	339	73	73	88	105	378	81	118	82	97
AB1_RELAP_FEVER_WIDE	fdr	0.1	284	55	59	79	91	272	47	52	87	86
G6_RADLES	fdr	0.1	257	66	73	61	57	255	51	64	70	70
D3_ANAEMIANAS	fdr	0.1	356	101	111	64	80	306	57	63	90	96
M13_POYARTOTH	fdr	0.1	196	45	65	35	51	194	52	45	47	50
Q17_OTHER_CONGEN_MALFO_INTEG_WIDE	fdr	0.1	234	79	63	54	38	227	58	64	52	53
K11_CD_STRICT2	fdr	0.2	655	145	156	160	194	732	177	212	164	179
M13_POYARTOTH	fdr	0.2	419	106	121	95	97	436	125	106	102	103
AB1_RELAP_FEVER_WIDE	fdr	0.2	553	119	131	139	164	538	98	114	162	164
D3_ANAEMIANAS	fdr	0.2	618	160	184	131	143	612	118	142	175	177
G6_RADLES	fdr	0.2	513	136	140	111	126	563	116	158	147	142
Q17_OTHER_CONGEN_MALFO_INTEG_WIDE	fdr	0.2	493	134	132	116	111	497	134	132	129	102
AB1_RESP_TUBERCU_CONF	nominal	0.05	1067	261	266	280	260	1133	269	270	309	285
D3_ANAEMIA_B12_DEF	nominal	0.05	1230	305	343	280	302	1282	290	352	332	308
G6_RLS	nominal	0.05	1219	322	286	317	294	1167	265	283	304	315
M13_PREPATELLARBURSITIS	nominal	0.05	1155	300	259	313	283	1175	325	326	267	257
Q17_OTHER_CONGEN_MALFO_INTESTINE	nominal	0.05	1079	274	272	277	256	1106	251	268	304	283
K11_CD_STRICT_PSC	nominal	0.05	1159	277	280	296	306	1172	288	303	273	308
G6_RLS	fdr	0.05	204	80	54	40	30	144	33	36	38	37
K11_CD_STRICT_PSC	fdr	0.05	167	57	40	39	31	150	33	35	34	48
D3_ANAEMIA_B12_DEF	fdr	0.05	136	35	39	25	37	184	45	51	39	49
AB1_RESP_TUBERCU_CONF	fdr	0.05	119	21	20	45	33	99	32	27	20	20
Q17_OTHER_CONGEN_MALFO_INTESTINE	fdr	0.05	111	39	32	18	22	119	30	27	34	28
M13_PREPATELLARBURSITIS	fdr	0.05	103	30	22	25	26	138	39	46	24	29
G6_RLS	fdr	0.1	313	106	81	72	54	252	59	66	67	60
AB1_RESP_TUBERCU_CONF	fdr	0.1	214	43	44	72	55	205	53	49	52	51
K11_CD_STRICT_PSC	fdr	0.1	247	77	56	62	52	247	57	64	55	71
M13_PREPATELLARBURSITIS	fdr	0.1	194	48	48	47	51	223	63	73	41	46
Q17_OTHER_CONGEN_MALFO_INTESTINE	fdr	0.1	203	58	55	45	45	224	58	54	61	51
D3_ANAEMIA_B12_DEF	fdr	0.1	251	68	66	55	62	324	72	99	73	80
AB1_RESP_TUBERCU_CONF	fdr	0.2	451	105	107	128	111	450	99	107	134	110
D3_ANAEMIA_B12_DEF	fdr	0.2	551	150	152	126	123	640	139	192	165	144
G6_RLS	fdr	0.2	567	162	136	150	119	549	122	146	148	133
M13_PREPATELLARBURSITIS	fdr	0.2	464	125	100	122	117	486	131	155	101	99
K11_CD_STRICT_PSC	fdr	0.2	497	139	121	126	111	532	133	149	112	138
Q17_OTHER_CONGEN_MALFO_INTESTINE	fdr	0.2	453	111	119	123	100	481	106	114	139	122
AB1_RESP_TUBERCU_NONCONF	nominal	0.05	1162	289	302	286	285	1122	257	321	266	278
M13_PROGRESSIVE_OSSEOUS_MUSCLE_INFLAMMATION	nominal	0.05	1080	290	283	254	253	1043	283	269	260	231
G6_ROOTPLEXOTHUNS	nominal	0.05	1251	333	359	252	307	1341	346	378	294	323
D3_ANAEMIA_FOLATEDEF	nominal	0.05	1180	291	289	305	295	1188	275	306	301	306
K11_CHOLANGI	nominal	0.05	1222	306	302	315	299	1179	283	284	311	301
Q17_OTHER_CONGEN_MALFO_INTESTINE_WIDE	nominal	0.05	1079	287	283	256	253	1042	243	252	288	259
AB1_RESP_TUBERCU_NONCONF	fdr	0.05	130	38	28	35	29	120	33	36	28	23
K11_CHOLANGI	fdr	0.05	185	61	41	43	40	132	22	32	41	37
D3_ANAEMIA_FOLATEDEF	fdr	0.05	163	49	33	43	38	156	31	36	50	39
G6_ROOTPLEXOTHUNS	fdr	0.05	156	50	51	26	29	192	58	52	38	44
Q17_OTHER_CONGEN_MALFO_INTESTINE_WIDE	fdr	0.05	117	46	25	20	26	122	31	30	34	27
M13_PROGRESSIVE_OSSEOUS_MUSCLE_INFLAMMATION	fdr	0.05	148	53	42	24	29	109	38	28	19	24
AB1_RESP_TUBERCU_NONCONF	fdr	0.1	232	63	51	61	57	237	54	71	60	52
K11_CHOLANGI	fdr	0.1	301	87	71	75	68	248	43	60	77	68
M13_PROGRESSIVE_OSSEOUS_MUSCLE_INFLAMMATION	fdr	0.1	233	81	64	41	47	200	58	52	49	41
D3_ANAEMIA_FOLATEDEF	fdr	0.1	269	74	61	62	72	243	48	57	75	63
G6_ROOTPLEXOTHUNS	fdr	0.1	284	77	105	47	55	333	92	98	68	75
Q17_OTHER_CONGEN_MALFO_INTESTINE_WIDE	fdr	0.1	201	64	55	37	45	195	48	49	55	43
AB1_RESP_TUBERCU_NONCONF	fdr	0.2	508	132	120	138	118	515	120	164	116	115
M13_PROGRESSIVE_OSSEOUS_MUSCLE_INFLAMMATION	fdr	0.2	455	131	133	86	105	425	112	109	102	102
G6_ROOTPLEXOTHUNS	fdr	0.2	631	166	208	120	137	724	198	214	153	159
D3_ANAEMIA_FOLATEDEF	fdr	0.2	538	140	128	138	132	542	118	146	142	136
K11_CHOLANGI	fdr	0.2	581	141	137	160	143	542	110	129	162	141
Q17_OTHER_CONGEN_MALFO_INTESTINE_WIDE	fdr	0.2	440	134	110	102	94	426	95	100	125	106
M13_PROGRESSIVE_SYSTEMIC_SCLEROSIS	nominal	0.05	1134	311	281	283	259	1098	305	329	235	229
D3_ANAEMIA_IRONDEF	nominal	0.05	1261	334	299	319	309	1251	324	329	295	303
AB1_RICKETTSIOSES	nominal	0.05	985	259	237	235	254	1018	239	249	280	250
Q17_OTHER_CONGEN_MALFO_KIDNEY	nominal	0.05	1026	253	219	290	264	1024	251	242	279	252
G6_SCIALE	nominal	0.05	1030	260	293	224	253	1078	227	286	276	289
K11_CHOLANGI_STRICT	nominal	0.05	1187	301	294	309	283	1183	281	299	308	295
D3_ANAEMIA_IRONDEF	fdr	0.05	210	61	52	50	47	184	47	38	42	57
M13_PROGRESSIVE_SYSTEMIC_SCLEROSIS	fdr	0.05	191	60	43	48	40	149	48	48	23	30
Q17_OTHER_CONGEN_MALFO_KIDNEY	fdr	0.05	105	23	20	29	33	133	38	32	30	33
G6_SCIALE	fdr	0.05	106	24	37	20	25	120	21	23	36	40
AB1_RICKETTSIOSES	fdr	0.05	86	28	24	21	13	97	20	24	26	27
K11_CHOLANGI_STRICT	fdr	0.05	176	63	41	28	44	143	28	36	38	41
D3_ANAEMIA_IRONDEF	fdr	0.1	314	85	80	74	75	318	73	79	82	84
M13_PROGRESSIVE_SYSTEMIC_SCLEROSIS	fdr	0.1	289	85	64	76	64	247	80	76	46	45
Q17_OTHER_CONGEN_MALFO_KIDNEY	fdr	0.1	179	35	27	62	55	209	58	50	57	44
G6_SCIALE	fdr	0.1	196	56	60	38	42	215	39	49	66	61
AB1_RICKETTSIOSES	fdr	0.1	162	44	48	35	35	190	35	48	55	52
K11_CHOLANGI_STRICT	fdr	0.1	286	97	61	64	64	258	49	59	79	71
D3_ANAEMIA_IRONDEF	fdr	0.2	632	171	155	163	143	639	148	172	164	155
AB1_RICKETTSIOSES	fdr	0.2	361	96	101	77	87	407	75	105	111	116
Q17_OTHER_CONGEN_MALFO_KIDNEY	fdr	0.2	401	77	78	124	122	443	110	102	125	106
G6_SCIALE	fdr	0.2	426	110	114	95	107	462	93	116	130	123
M13_PROGRESSIVE_SYSTEMIC_SCLEROSIS	fdr	0.2	522	150	127	129	116	492	151	151	98	92
K11_CHOLANGI_STRICT	fdr	0.2	548	152	135	136	125	533	119	127	149	138
D3_ANAEMIA_IRONDEF_BLOODLOSS	nominal	0.05	1247	309	313	313	312	1188	302	298	276	312
G6_SLEEPAPNO	nominal	0.05	1740	458	505	370	407	1751	412	455	450	434
M13_PSOASTEND	nominal	0.05	1122	289	290	269	274	1110	250	308	273	279
AB1_RICKETTSIOSES_WIDE	nominal	0.05	983	261	249	239	234	1045	250	241	285	269
K11_CHOLECYST	nominal	0.05	1239	279	268	340	352	1172	281	336	261	294
Q17_OTHER_CONGEN_MALFO_LIMBS	nominal	0.05	1018	265	252	271	230	1023	262	286	234	241
D3_ANAEMIA_IRONDEF_BLOODLOSS	fdr	0.05	196	60	48	44	44	140	33	32	31	44
Q17_OTHER_CONGEN_MALFO_LIMBS	fdr	0.05	64	22	19	12	11	82	27	26	16	13
M13_PSOASTEND	fdr	0.05	107	28	33	25	21	99	25	27	21	26
K11_CHOLECYST	fdr	0.05	157	31	27	49	50	140	40	40	30	30
G6_SLEEPAPNO	fdr	0.05	359	110	114	67	68	333	79	86	88	80
AB1_RICKETTSIOSES_WIDE	fdr	0.05	105	38	24	26	17	117	22	25	39	31
D3_ANAEMIA_IRONDEF_BLOODLOSS	fdr	0.1	312	91	78	68	75	261	66	69	53	73
G6_SLEEPAPNO	fdr	0.1	580	170	183	109	118	590	133	156	159	142
Q17_OTHER_CONGEN_MALFO_LIMBS	fdr	0.1	144	40	42	34	28	149	51	45	30	23
M13_PSOASTEND	fdr	0.1	205	55	57	48	45	178	41	54	44	39
K11_CHOLECYST	fdr	0.1	285	57	55	80	93	247	62	82	58	45
AB1_RICKETTSIOSES_WIDE	fdr	0.1	182	59	40	45	38	193	39	41	61	52
D3_ANAEMIA_IRONDEF_BLOODLOSS	fdr	0.2	593	155	151	151	136	531	121	138	132	140
G6_SLEEPAPNO	fdr	0.2	1082	296	324	220	242	1144	266	301	302	275
Q17_OTHER_CONGEN_MALFO_LIMBS	fdr	0.2	356	95	93	86	82	396	110	118	88	80
AB1_RICKETTSIOSES_WIDE	fdr	0.2	360	112	82	87	79	406	91	105	104	106
M13_PSOASTEND	fdr	0.2	471	129	129	111	102	459	101	130	115	113
K11_CHOLECYST	fdr	0.2	564	112	125	156	171	546	138	169	110	129
AB1_RUBELLA	nominal	0.05	1001	224	243	268	266	1119	268	291	298	262
D3_ANAEMIA_IRONDEF_NAS	nominal	0.05	1283	328	315	317	323	1266	327	324	304	311
G6_SLEEPAPNO_INCLAVO	nominal	0.05	1751	471	498	376	406	1737	417	464	426	430
K11_CHOLECYSTECTOMY	nominal	0.05	1538	339	340	445	414	1554	409	425	368	352
M13_PSORIARTH	nominal	0.05	1368	395	363	299	311	1347	338	364	317	328
Q17_OTHER_CONGEN_MALFO_MALE_GENITAL_ORGANS	nominal	0.05	1100	277	263	283	277	1105	283	282	274	266
AB1_RUBELLA	fdr	0.05	113	25	29	28	31	112	23	23	40	26
M13_PSORIARTH	fdr	0.05	195	73	58	30	34	156	49	46	26	35
Q17_OTHER_CONGEN_MALFO_MALE_GENITAL_ORGANS	fdr	0.05	123	34	24	31	34	124	33	28	30	33
D3_ANAEMIA_IRONDEF_NAS	fdr	0.05	178	53	48	43	34	165	46	33	39	47
K11_CHOLECYSTECTOMY	fdr	0.05	289	57	48	96	88	282	88	84	60	50
G6_SLEEPAPNO_INCLAVO	fdr	0.05	368	110	119	68	71	355	86	90	91	88
AB1_RUBELLA	fdr	0.1	175	44	42	43	46	209	36	59	61	53
M13_PSORIARTH	fdr	0.1	351	124	105	60	62	318	97	94	64	63
Q17_OTHER_CONGEN_MALFO_MALE_GENITAL_ORGANS	fdr	0.1	220	62	51	54	53	213	60	51	53	49
D3_ANAEMIA_IRONDEF_NAS	fdr	0.1	297	85	80	72	60	283	74	72	70	67
K11_CHOLECYSTECTOMY	fdr	0.1	492	103	87	157	145	486	137	141	120	88
G6_SLEEPAPNO_INCLAVO	fdr	0.1	602	178	194	112	118	609	146	157	156	150
AB1_RUBELLA	fdr	0.2	393	98	90	109	96	471	106	116	133	116
D3_ANAEMIA_IRONDEF_NAS	fdr	0.2	609	178	152	138	141	626	159	162	148	157
G6_SLEEPAPNO_INCLAVO	fdr	0.2	1090	307	321	218	244	1137	271	307	277	282
M13_PSORIARTH	fdr	0.2	700	220	201	118	161	727	192	207	160	168
Q17_OTHER_CONGEN_MALFO_MALE_GENITAL_ORGANS	fdr	0.2	450	119	102	121	108	456	116	115	110	115
K11_CHOLECYSTECTOMY	fdr	0.2	912	196	178	280	258	942	261	254	225	202
Q17_OTHER_CONGEN_MALFO_MALE_GENITAL_ORGANS_WIDE	nominal	0.05	1097	294	282	242	279	1070	261	292	250	267
G6_SLEEPDISOTH	nominal	0.05	1272	324	347	310	291	1220	289	327	295	309
AB1_SALMONELLA_OTH	nominal	0.05	1067	273	278	274	242	1108	293	290	277	248
D3_BLOODNAS	nominal	0.05	1115	276	278	276	285	1174	298	301	280	295
K11_CHOLELITH	nominal	0.05	1647	363	410	437	437	1660	443	427	404	386
M13_PYOGARTH	nominal	0.05	1101	328	320	216	237	1139	292	324	272	251
G6_SLEEPDISOTH	fdr	0.05	193	66	52	44	31	147	30	34	37	46
D3_BLOODNAS	fdr	0.05	137	28	29	37	43	134	34	39	31	30
K11_CHOLELITH	fdr	0.05	331	70	55	101	105	316	90	90	68	68
M13_PYOGARTH	fdr	0.05	168	60	53	23	32	159	41	43	41	34
AB1_SALMONELLA_OTH	fdr	0.05	90	21	24	30	15	105	25	30	26	24
Q17_OTHER_CONGEN_MALFO_MALE_GENITAL_ORGANS_WIDE	fdr	0.05	113	29	22	30	32	128	33	31	29	35
G6_SLEEPDISOTH	fdr	0.1	317	97	91	74	55	262	59	71	62	70
Q17_OTHER_CONGEN_MALFO_MALE_GENITAL_ORGANS_WIDE	fdr	0.1	193	59	37	44	53	207	50	48	52	57
D3_BLOODNAS	fdr	0.1	216	48	50	60	58	234	56	66	56	56
K11_CHOLELITH	fdr	0.1	532	117	111	158	146	534	149	146	129	110
M13_PYOGARTH	fdr	0.1	254	81	85	42	46	247	64	67	65	51
AB1_SALMONELLA_OTH	fdr	0.1	195	49	53	52	41	204	48	60	54	42
G6_SLEEPDISOTH	fdr	0.2	586	161	164	142	119	565	132	156	127	150
Q17_OTHER_CONGEN_MALFO_MALE_GENITAL_ORGANS_WIDE	fdr	0.2	451	125	106	103	117	437	94	112	115	116
D3_BLOODNAS	fdr	0.2	477	113	117	130	117	517	130	135	129	123
K11_CHOLELITH	fdr	0.2	1007	215	235	285	272	1039	279	274	251	235
AB1_SALMONELLA_OTH	fdr	0.2	453	113	123	110	107	468	111	114	124	119
M13_PYOGARTH	fdr	0.2	470	144	150	81	95	487	129	138	125	95
D3_BLOODOTHER	nominal	0.05	1095	258	310	241	286	1180	286	331	259	304
G6_SPASMODIC_TORTICOLLIS	nominal	0.05	1238	338	323	284	293	1200	293	317	296	294
Q17_OTHER_CONGEN_MALFO_NERVOUS_SYSTEM	nominal	0.05	1157	295	286	296	280	1114	289	282	286	257
M13_RADICULOPATHY	nominal	0.05	1245	368	368	229	280	1186	309	305	295	277
AB1_SALMONELLA_OTH_WIDE	nominal	0.05	1122	301	295	274	252	1111	287	307	276	241
K11_CHRONGASTR	nominal	0.05	1154	280	314	267	293	1219	276	307	318	318
G6_SPASMODIC_TORTICOLLIS	fdr	0.05	161	56	40	27	38	155	36	33	42	44
M13_RADICULOPATHY	fdr	0.05	171	72	67	12	20	121	31	28	32	30
Q17_OTHER_CONGEN_MALFO_NERVOUS_SYSTEM	fdr	0.05	100	34	18	32	16	111	27	25	29	30
K11_CHRONGASTR	fdr	0.05	131	35	39	28	29	144	29	21	39	55
D3_BLOODOTHER	fdr	0.05	97	27	29	18	23	140	33	33	35	39
AB1_SALMONELLA_OTH_WIDE	fdr	0.05	116	31	37	26	22	115	26	39	26	24
G6_SPASMODIC_TORTICOLLIS	fdr	0.1	279	80	80	56	63	271	64	63	74	70
M13_RADICULOPATHY	fdr	0.1	284	97	111	31	45	203	47	50	57	49
Q17_OTHER_CONGEN_MALFO_NERVOUS_SYSTEM	fdr	0.1	210	70	44	54	42	208	50	51	57	50
K11_CHRONGASTR	fdr	0.1	245	62	71	50	62	262	54	46	75	87
D3_BLOODOTHER	fdr	0.1	199	47	63	39	50	246	57	62	66	61
AB1_SALMONELLA_OTH_WIDE	fdr	0.1	207	52	65	48	42	224	56	69	55	44
G6_SPASMODIC_TORTICOLLIS	fdr	0.2	591	160	170	123	138	588	134	152	153	149
M13_RADICULOPATHY	fdr	0.2	583	188	201	91	103	526	125	129	141	131
Q17_OTHER_CONGEN_MALFO_NERVOUS_SYSTEM	fdr	0.2	467	140	103	120	104	449	120	101	116	112
K11_CHRONGASTR	fdr	0.2	503	128	150	105	120	545	119	130	139	157
AB1_SALMONELLA_OTH_WIDE	fdr	0.2	456	122	133	106	95	477	120	132	120	105
D3_BLOODOTHER	fdr	0.2	437	94	144	90	109	524	127	149	120	128
D3_COAGDEF	nominal	0.05	1108	267	254	303	284	1147	297	303	295	252
K11_CHRONHEP	nominal	0.05	1188	275	293	307	313	1257	294	325	302	336
AB1_SCABIES	nominal	0.05	1097	308	288	251	250	1081	290	267	265	259
G6_SPINAMUSCOTH	nominal	0.05	1107	277	282	266	282	1152	269	286	308	289
M13_REACTARTH	nominal	0.05	1125	316	304	247	258	1093	251	251	310	281
Q17_OTHER_CONGEN_MALFO_NOT_ELSEW_CLASSIFIED	nominal	0.05	1115	289	290	268	268	1154	286	327	280	261
D3_COAGDEF	fdr	0.05	88	21	15	27	25	124	31	31	33	29
AB1_SCABIES	fdr	0.05	124	53	41	15	15	131	41	34	29	27
M13_REACTARTH	fdr	0.05	142	36	41	29	36	122	21	24	39	38
G6_SPINAMUSCOTH	fdr	0.05	132	34	27	33	38	146	37	24	40	45
Q17_OTHER_CONGEN_MALFO_NOT_ELSEW_CLASSIFIED	fdr	0.05	121	35	33	24	29	150	34	42	39	35
K11_CHRONHEP	fdr	0.05	183	44	39	49	51	182	43	49	40	50
D3_COAGDEF	fdr	0.1	212	46	51	60	55	240	62	60	65	53
AB1_SCABIES	fdr	0.1	220	81	68	35	36	224	65	64	51	44
G6_SPINAMUSCOTH	fdr	0.1	225	57	53	54	61	248	61	55	69	63
M13_REACTARTH	fdr	0.1	276	77	78	61	60	229	46	50	75	58
Q17_OTHER_CONGEN_MALFO_NOT_ELSEW_CLASSIFIED	fdr	0.1	207	53	58	48	48	248	56	82	56	54
K11_CHRONHEP	fdr	0.1	319	77	70	80	92	304	71	84	68	81
D3_COAGDEF	fdr	0.2	477	106	98	148	125	526	130	131	137	128
AB1_SCABIES	fdr	0.2	472	157	131	94	90	479	130	124	119	106
K11_CHRONHEP	fdr	0.2	615	145	151	144	175	631	144	172	142	173
G6_SPINAMUSCOTH	fdr	0.2	442	111	106	105	120	488	120	116	130	122
M13_REACTARTH	fdr	0.2	523	140	143	121	119	497	109	110	156	122
Q17_OTHER_CONGEN_MALFO_NOT_ELSEW_CLASSIFIED	fdr	0.2	483	119	139	115	110	528	123	155	131	119
D3_COAGDEFNAS	nominal	0.05	1186	271	325	275	315	1251	290	335	301	325
G6_SPINOTH	nominal	0.05	1177	295	304	280	298	1110	234	294	285	297
AB1_SCABIES_WIDE	nominal	0.05	1169	346	348	241	234	1121	311	320	241	249
K11_CHRONPANC	nominal	0.05	1238	287	304	324	323	1243	306	336	298	303
Q17_OTHER_CONGEN_MALFO_PERIP_VASCULAR_SYSTEM	nominal	0.05	1085	255	258	291	281	1140	283	282	307	268
M13_RECUDISLOCATIO	nominal	0.05	1191	330	327	263	271	1178	339	320	256	263
D3_COAGDEFNAS	fdr	0.05	126	34	27	32	33	134	29	36	27	42
K11_CHRONPANC	fdr	0.05	184	32	32	58	62	160	39	35	37	49
G6_SPINOTH	fdr	0.05	110	37	28	21	24	120	31	19	27	43
Q17_OTHER_CONGEN_MALFO_PERIP_VASCULAR_SYSTEM	fdr	0.05	131	27	18	43	43	144	44	39	33	28
M13_RECUDISLOCATIO	fdr	0.05	167	63	45	25	34	113	37	35	15	26
AB1_SCABIES_WIDE	fdr	0.05	148	56	54	12	26	123	40	42	19	22
D3_COAGDEFNAS	fdr	0.1	238	57	55	62	64	232	44	65	63	60
K11_CHRONPANC	fdr	0.1	305	63	58	87	97	299	67	76	73	83
Q17_OTHER_CONGEN_MALFO_PERIP_VASCULAR_SYSTEM	fdr	0.1	227	49	38	71	69	266	76	71	66	53
G6_SPINOTH	fdr	0.1	215	64	56	48	47	232	49	51	59	73
M13_RECUDISLOCATIO	fdr	0.1	267	97	73	43	54	216	66	67	37	46
AB1_SCABIES_WIDE	fdr	0.1	255	94	88	28	45	228	67	76	41	44
D3_COAGDEFNAS	fdr	0.2	533	128	138	129	138	541	115	135	143	148
AB1_SCABIES_WIDE	fdr	0.2	518	171	170	86	91	506	137	159	98	112
K11_CHRONPANC	fdr	0.2	610	140	132	171	167	629	144	165	164	156
Q17_OTHER_CONGEN_MALFO_PERIP_VASCULAR_SYSTEM	fdr	0.2	447	103	103	119	122	531	135	139	139	118
G6_SPINOTH	fdr	0.2	477	127	126	108	116	480	94	117	135	134
M13_RECUDISLOCATIO	fdr	0.2	536	168	147	106	115	552	157	157	117	121
AB1_SCARLET_FEVER	nominal	0.05	1179	306	323	268	282	1119	303	295	268	253
D3_COAGDEF_PURPUR_HAEMORRHAGIC	nominal	0.05	1143	286	275	281	301	1101	296	308	247	250
K11_COELIAC	nominal	0.05	1286	274	297	346	369	1296	288	330	331	347
Q17_OTHER_CONGEN_MALFO_RESPI_SYSTEM	nominal	0.05	1134	261	262	282	329	1134	278	291	290	275
M13_RELAPSPOLYCHONDR	nominal	0.05	1060	251	277	255	277	1140	268	302	287	283
G6_STATUSEPI	nominal	0.05	1213	317	333	278	285	1217	356	318	284	259
D3_COAGDEF_PURPUR_HAEMORRHAGIC	fdr	0.05	146	56	26	31	33	116	35	29	25	27
M13_RELAPSPOLYCHONDR	fdr	0.05	120	38	29	23	30	135	36	29	41	29
K11_COELIAC	fdr	0.05	220	37	32	67	84	192	35	39	55	63
G6_STATUSEPI	fdr	0.05	111	30	31	25	25	142	39	42	29	32
Q17_OTHER_CONGEN_MALFO_RESPI_SYSTEM	fdr	0.05	133	30	24	38	41	172	34	33	53	52
AB1_SCARLET_FEVER	fdr	0.05	137	43	37	31	26	130	36	33	33	28
D3_COAGDEF_PURPUR_HAEMORRHAGIC	fdr	0.1	263	84	58	54	67	210	61	56	46	47
Q17_OTHER_CONGEN_MALFO_RESPI_SYSTEM	fdr	0.1	219	50	41	60	68	264	52	62	75	75
AB1_SCARLET_FEVER	fdr	0.1	229	72	61	50	46	221	62	57	58	44
G6_STATUSEPI	fdr	0.1	225	51	69	53	52	238	60	79	45	54
M13_RELAPSPOLYCHONDR	fdr	0.1	209	56	61	43	49	243	61	64	70	48
K11_COELIAC	fdr	0.1	343	66	58	101	118	321	63	71	92	95
D3_COAGDEF_PURPUR_HAEMORRHAGIC	fdr	0.2	505	140	119	109	137	482	125	135	116	106
K11_COELIAC	fdr	0.2	697	134	149	205	209	696	149	173	187	187
Q17_OTHER_CONGEN_MALFO_RESPI_SYSTEM	fdr	0.2	514	108	109	139	158	535	117	143	142	133
M13_RELAPSPOLYCHONDR	fdr	0.2	431	109	123	102	97	515	129	142	139	105
AB1_SCARLET_FEVER	fdr	0.2	493	133	137	109	114	488	132	137	112	107
G6_STATUSEPI	fdr	0.2	519	129	134	138	118	564	162	157	120	125
AB1_SCARLET_FEVER_WIDE	nominal	0.05	1105	310	302	232	261	1120	294	293	276	257
D3_COAGOTHER	nominal	0.05	1069	256	271	249	293	1140	281	308	277	274
G6_TARSTUN	nominal	0.05	1046	240	269	261	276	1061	288	317	229	227
M13_RHEUMA	nominal	0.05	1482	388	398	340	356	1470	349	359	378	384
Q17_OTHER_CONGEN_MALFO_SKIN	nominal	0.05	1048	243	279	256	270	1050	258	278	257	257
K11_CONSTIPATION	nominal	0.05	1354	327	367	326	334	1372	359	351	344	318
D3_COAGOTHER	fdr	0.05	107	28	21	29	29	114	31	24	23	36
G6_TARSTUN	fdr	0.05	104	25	24	26	29	124	37	42	18	27
Q17_OTHER_CONGEN_MALFO_SKIN	fdr	0.05	107	25	29	20	33	90	22	25	25	18
K11_CONSTIPATION	fdr	0.05	200	56	54	43	47	200	43	49	54	54
M13_RHEUMA	fdr	0.05	279	81	62	68	68	290	75	70	70	75
AB1_SCARLET_FEVER_WIDE	fdr	0.05	120	35	35	26	24	125	28	32	30	35
D3_COAGOTHER	fdr	0.1	204	51	45	55	53	203	53	55	46	49
G6_TARSTUN	fdr	0.1	174	40	48	40	46	211	60	74	36	41
Q17_OTHER_CONGEN_MALFO_SKIN	fdr	0.1	201	46	60	44	51	167	41	43	47	36
K11_CONSTIPATION	fdr	0.1	338	92	88	81	77	329	68	83	95	83
M13_RHEUMA	fdr	0.1	451	130	115	103	103	461	110	113	119	119
AB1_SCARLET_FEVER_WIDE	fdr	0.1	210	59	62	42	47	219	55	61	54	49
AB1_SCARLET_FEVER_WIDE	fdr	0.2	459	126	132	95	106	462	117	128	114	103
D3_COAGOTHER	fdr	0.2	450	108	113	111	118	476	118	130	117	111
G6_TARSTUN	fdr	0.2	387	86	109	89	103	440	122	141	86	91
M13_RHEUMA	fdr	0.2	834	220	223	188	203	896	207	220	238	231
Q17_OTHER_CONGEN_MALFO_SKIN	fdr	0.2	418	98	118	98	104	416	102	116	105	93
K11_CONSTIPATION	fdr	0.2	685	181	188	162	154	726	176	191	178	181
D3_COMBIMMUDEF	nominal	0.05	1063	281	264	276	242	1090	281	268	279	262
G6_TETRAPLE	nominal	0.05	1058	286	256	266	250	1123	257	281	311	274
Q17_OTHER_CONGEN_MALFO_SKIN_WIDE	nominal	0.05	953	216	256	231	250	959	263	252	230	214
AB1_SCHISTOSOMIASIS_WIDE	nominal	0.05	1135	283	311	244	297	1134	290	323	272	249
K11_CROSSBITE	nominal	0.05	1148	295	275	296	282	1173	276	290	299	308
M13_RHEUMATISM	nominal	0.05	1299	376	381	249	293	1334	335	358	325	316
D3_COMBIMMUDEF	fdr	0.05	128	55	36	24	13	137	33	29	41	34
AB1_SCHISTOSOMIASIS_WIDE	fdr	0.05	121	42	22	28	29	122	36	24	27	35
K11_CROSSBITE	fdr	0.05	157	43	34	42	38	167	42	35	52	38
M13_RHEUMATISM	fdr	0.05	189	82	59	24	24	180	53	38	47	42
Q17_OTHER_CONGEN_MALFO_SKIN_WIDE	fdr	0.05	55	16	17	10	12	60	21	25	9	5
G6_TETRAPLE	fdr	0.05	111	29	36	21	25	140	26	37	41	36
D3_COMBIMMUDEF	fdr	0.1	219	83	63	43	30	239	56	54	69	60
Q17_OTHER_CONGEN_MALFO_SKIN_WIDE	fdr	0.1	116	32	36	20	28	130	41	45	25	19
AB1_SCHISTOSOMIASIS_WIDE	fdr	0.1	223	66	52	50	55	231	53	62	60	56
G6_TETRAPLE	fdr	0.1	201	47	61	42	51	243	43	65	80	55
K11_CROSSBITE	fdr	0.1	249	59	66	58	66	285	67	62	83	73
M13_RHEUMATISM	fdr	0.1	332	127	105	51	49	323	90	84	79	70
D3_COMBIMMUDEF	fdr	0.2	433	132	119	109	73	496	114	119	149	114
G6_TETRAPLE	fdr	0.2	424	109	119	99	97	504	103	125	151	125
Q17_OTHER_CONGEN_MALFO_SKIN_WIDE	fdr	0.2	320	75	95	67	83	366	108	103	77	78
AB1_SCHISTOSOMIASIS_WIDE	fdr	0.2	487	125	134	105	123	485	121	135	121	108
K11_CROSSBITE	fdr	0.2	501	124	128	121	128	545	126	134	153	132
M13_RHEUMATISM	fdr	0.2	642	206	205	112	119	698	184	177	175	162
AB1_SEPSIS_BACT_IMPL_WIDE	nominal	0.05	1223	351	352	258	262	1252	307	308	325	312
G6_THROOT	nominal	0.05	1101	290	316	235	260	1100	261	278	268	293
D3_COMPLEMENTDEF	nominal	0.05	1132	272	275	291	294	1159	301	326	282	250
K11_CROWDI_TEETH	nominal	0.05	1108	244	288	301	275	1157	283	313	286	275
Q17_OTHER_CONGEN_MALFO_SKULL_FACE_BONES	nominal	0.05	1011	251	235	261	264	1021	264	255	244	258
M13_ROTATORCUFF	nominal	0.05	1486	449	471	251	315	1500	406	410	357	327
G6_THROOT	fdr	0.05	109	35	30	17	27	94	24	17	21	32
M13_ROTATORCUFF	fdr	0.05	267	109	89	28	41	270	85	75	49	61
K11_CROWDI_TEETH	fdr	0.05	101	20	26	29	26	132	31	42	31	28
D3_COMPLEMENTDEF	fdr	0.05	110	32	23	22	33	115	34	31	22	28
AB1_SEPSIS_BACT_IMPL_WIDE	fdr	0.05	195	67	66	29	33	186	46	33	58	49
Q17_OTHER_CONGEN_MALFO_SKULL_FACE_BONES	fdr	0.05	106	25	20	28	33	97	28	29	21	19
AB1_SEPSIS_BACT_IMPL_WIDE	fdr	0.1	310	96	109	49	56	312	74	70	91	77
D3_COMPLEMENTDEF	fdr	0.1	208	59	44	52	53	233	63	65	54	51
G6_THROOT	fdr	0.1	202	56	65	30	51	184	46	38	47	53
M13_ROTATORCUFF	fdr	0.1	447	156	148	54	89	436	113	129	102	92
Q17_OTHER_CONGEN_MALFO_SKULL_FACE_BONES	fdr	0.1	173	41	30	55	47	180	50	51	47	32
K11_CROWDI_TEETH	fdr	0.1	190	37	49	56	48	238	52	75	62	49
AB1_SEPSIS_BACT_IMPL_WIDE	fdr	0.2	596	165	188	113	130	616	144	148	168	156
G6_THROOT	fdr	0.2	451	116	129	93	113	433	109	97	110	117
D3_COMPLEMENTDEF	fdr	0.2	476	116	111	121	128	540	134	148	140	118
M13_ROTATORCUFF	fdr	0.2	837	266	269	137	165	877	225	246	218	188
Q17_OTHER_CONGEN_MALFO_SKULL_FACE_BONES	fdr	0.2	371	83	70	117	101	405	97	111	97	100
K11_CROWDI_TEETH	fdr	0.2	452	100	118	122	112	515	127	152	122	114
AB1_SEPSIS_CONDITION_WIDE	nominal	0.05	1240	339	336	285	280	1218	321	323	296	278
G6_TRINEU	nominal	0.05	1131	284	334	248	265	1231	291	313	315	312
K11_DEEP_BITE	nominal	0.05	1240	303	340	314	283	1309	294	345	350	320
Q17_OTHER_CONGEN_MALFO_TONGUE_MOUTH_PHARYNX	nominal	0.05	1074	269	279	257	269	1114	255	298	288	273
M13_RUPTUREMUSC	nominal	0.05	1041	272	265	249	255	1103	303	283	265	252
D3_CRYOGLOBU	nominal	0.05	1088	281	275	266	266	1126	282	297	293	254
K11_DEEP_BITE	fdr	0.05	146	38	37	35	36	174	31	39	49	55
Q17_OTHER_CONGEN_MALFO_TONGUE_MOUTH_PHARYNX	fdr	0.05	151	42	33	34	42	151	26	38	40	47
G6_TRINEU	fdr	0.05	124	33	39	25	27	138	29	22	33	54
M13_RUPTUREMUSC	fdr	0.05	113	39	36	17	21	122	25	29	34	34
AB1_SEPSIS_CONDITION_WIDE	fdr	0.05	216	81	67	35	33	154	48	37	39	30
D3_CRYOGLOBU	fdr	0.05	120	34	23	33	30	121	40	28	33	20
K11_DEEP_BITE	fdr	0.1	269	67	68	69	65	303	60	78	85	80
Q17_OTHER_CONGEN_MALFO_TONGUE_MOUTH_PHARYNX	fdr	0.1	257	72	61	54	70	241	42	66	64	69
G6_TRINEU	fdr	0.1	224	57	67	50	50	270	64	56	63	87
M13_RUPTUREMUSC	fdr	0.1	193	64	53	36	40	210	48	49	57	56
AB1_SEPSIS_CONDITION_WIDE	fdr	0.1	339	111	104	64	60	280	84	78	66	52
D3_CRYOGLOBU	fdr	0.1	209	55	49	56	49	214	67	56	53	38
G6_TRINEU	fdr	0.2	518	130	158	113	117	589	133	135	160	161
K11_DEEP_BITE	fdr	0.2	590	142	157	157	134	658	146	182	163	167
AB1_SEPSIS_CONDITION_WIDE	fdr	0.2	617	175	187	117	138	589	160	164	140	125
M13_RUPTUREMUSC	fdr	0.2	425	126	115	93	91	445	103	107	122	113
Q17_OTHER_CONGEN_MALFO_TONGUE_MOUTH_PHARYNX	fdr	0.2	476	124	132	105	115	492	102	134	141	115
D3_CRYOGLOBU	fdr	0.2	447	115	107	125	100	477	128	128	129	92
G6_TRIOTHUNS	nominal	0.05	1096	270	296	265	265	1095	277	332	242	244
K11_DEEP_BITE_SURGERY	nominal	0.05	1110	307	276	280	247	1168	319	325	260	264
Q17_OTHER_CONGEN_MALFO_TONGUE_MOUTH_PHARYNX_WIDE	nominal	0.05	1058	261	278	256	263	1074	247	283	284	260
D3_CVID	nominal	0.05	1067	280	282	251	254	1084	259	284	292	249
M13_SACROCOGG	nominal	0.05	1103	315	315	232	241	1120	306	324	267	223
AB1_SEPSIS_FUNGAL_IMPL_WIDE	nominal	0.05	1123	306	318	244	255	1174	304	333	273	264
D3_CVID	fdr	0.05	128	46	34	24	24	118	30	22	33	33
G6_TRIOTHUNS	fdr	0.05	137	50	34	24	29	126	37	42	13	34
Q17_OTHER_CONGEN_MALFO_TONGUE_MOUTH_PHARYNX_WIDE	fdr	0.05	125	33	30	25	37	127	22	27	44	34
M13_SACROCOGG	fdr	0.05	121	37	33	26	25	119	27	48	20	24
K11_DEEP_BITE_SURGERY	fdr	0.05	120	35	27	26	32	123	23	31	32	37
AB1_SEPSIS_FUNGAL_IMPL_WIDE	fdr	0.05	122	36	42	16	28	120	30	38	22	30
Q17_OTHER_CONGEN_MALFO_TONGUE_MOUTH_PHARYNX_WIDE	fdr	0.1	217	59	53	53	52	225	42	55	69	59
D3_CVID	fdr	0.1	253	73	71	54	55	220	52	57	62	49
G6_TRIOTHUNS	fdr	0.1	235	80	65	47	43	217	55	67	36	59
K11_DEEP_BITE_SURGERY	fdr	0.1	230	70	53	59	48	224	48	71	49	56
M13_SACROCOGG	fdr	0.1	216	70	57	40	49	228	53	80	45	50
AB1_SEPSIS_FUNGAL_IMPL_WIDE	fdr	0.1	215	66	67	35	47	219	55	73	43	48
K11_DEEP_BITE_SURGERY	fdr	0.2	483	128	120	132	103	530	135	163	115	117
Q17_OTHER_CONGEN_MALFO_TONGUE_MOUTH_PHARYNX_WIDE	fdr	0.2	438	108	118	109	103	441	85	122	131	103
D3_CVID	fdr	0.2	463	128	120	105	110	461	115	118	122	106
G6_TRIOTHUNS	fdr	0.2	468	129	133	105	101	475	119	137	94	125
M13_SACROCOGG	fdr	0.2	447	131	134	88	94	457	113	157	95	92
AB1_SEPSIS_FUNGAL_IMPL_WIDE	fdr	0.2	461	125	141	90	105	478	126	150	93	109
AB1_SEPSIS_IMPLICIT_WIDE	nominal	0.05	1244	357	361	262	264	1280	313	328	329	310
K11_DENTOFACIAL_ANOMALIES	nominal	0.05	1212	316	306	300	290	1233	283	306	333	311
M13_SACROILIITIS	nominal	0.05	1153	340	339	235	239	1098	285	299	264	250
Q17_OTHER_CONGEN_MALFO_UPPER_ALIME_TRACT	nominal	0.05	1109	281	262	267	299	1048	257	257	273	261
G6_ULLNLE	nominal	0.05	1260	372	383	247	258	1301	329	374	285	313
D3_CVIDNAS	nominal	0.05	1098	310	309	252	227	1084	265	313	278	228
AB1_SEPSIS_IMPLICIT_WIDE	fdr	0.05	217	82	70	30	35	171	47	40	45	39
M13_SACROILIITIS	fdr	0.05	125	45	39	17	24	116	36	27	28	25
K11_DENTOFACIAL_ANOMALIES	fdr	0.05	131	38	37	25	31	152	42	29	41	40
G6_ULLNLE	fdr	0.05	202	69	68	32	33	215	55	71	44	45
Q17_OTHER_CONGEN_MALFO_UPPER_ALIME_TRACT	fdr	0.05	141	29	23	42	47	111	26	32	28	25
D3_CVIDNAS	fdr	0.05	126	36	43	26	21	119	30	30	33	26
AB1_SEPSIS_IMPLICIT_WIDE	fdr	0.1	339	113	111	60	55	309	73	79	83	74
M13_SACROILIITIS	fdr	0.1	238	82	71	36	49	226	65	60	55	46
K11_DENTOFACIAL_ANOMALIES	fdr	0.1	247	75	72	40	60	295	67	68	83	77
Q17_OTHER_CONGEN_MALFO_UPPER_ALIME_TRACT	fdr	0.1	224	54	41	59	70	206	45	51	62	48
D3_CVIDNAS	fdr	0.1	218	67	67	42	42	220	58	54	64	44
G6_ULLNLE	fdr	0.1	319	112	99	51	57	340	79	108	76	77
AB1_SEPSIS_IMPLICIT_WIDE	fdr	0.2	624	195	188	116	125	612	146	162	165	139
K11_DENTOFACIAL_ANOMALIES	fdr	0.2	537	151	148	118	120	604	127	150	172	155
M13_SACROILIITIS	fdr	0.2	502	149	155	93	105	498	148	135	107	108
Q17_OTHER_CONGEN_MALFO_UPPER_ALIME_TRACT	fdr	0.2	472	128	103	114	127	460	102	113	137	108
D3_CVIDNAS	fdr	0.2	447	133	131	102	81	449	114	118	126	91
G6_ULLNLE	fdr	0.2	601	193	198	102	108	685	166	216	154	149
K11_DIAHER	nominal	0.05	1442	384	359	350	349	1484	370	394	364	356
M13_SCIATICA	nominal	0.05	1536	439	482	270	345	1539	434	433	318	354
AB1_SEPSIS_PARAS_IMPL_WIDE	nominal	0.05	1153	237	282	300	334	1053	262	250	264	277
D3_CVID_BCELL	nominal	0.05	1023	235	257	268	263	1053	277	287	264	225
G6_XTRAPYR	nominal	0.05	1366	349	350	322	345	1282	302	329	319	332
Q17_OTHER_CONGEN_MALFO_URINARY_SYSTEM	nominal	0.05	1163	298	277	303	285	1138	282	265	305	286
K11_DIAHER	fdr	0.05	235	72	60	47	56	224	57	60	48	59
AB1_SEPSIS_PARAS_IMPL_WIDE	fdr	0.05	145	25	36	32	52	119	22	24	42	31
M13_SCIATICA	fdr	0.05	308	110	111	36	51	281	86	75	54	66
Q17_OTHER_CONGEN_MALFO_URINARY_SYSTEM	fdr	0.05	163	62	46	35	20	136	32	31	40	33
G6_XTRAPYR	fdr	0.05	218	65	55	53	45	183	45	55	41	42
D3_CVID_BCELL	fdr	0.05	101	38	20	24	19	123	41	27	34	21
M13_SCIATICA	fdr	0.1	478	153	170	61	94	472	132	149	97	94
G6_XTRAPYR	fdr	0.1	362	95	90	91	86	306	69	92	73	72
K11_DIAHER	fdr	0.1	416	117	106	87	106	424	97	122	99	106
AB1_SEPSIS_PARAS_IMPL_WIDE	fdr	0.1	255	50	66	58	81	206	35	51	65	55
Q17_OTHER_CONGEN_MALFO_URINARY_SYSTEM	fdr	0.1	273	92	62	71	48	233	58	49	72	54
D3_CVID_BCELL	fdr	0.1	194	55	49	52	38	211	66	53	53	39
K11_DIAHER	fdr	0.2	809	203	210	193	203	869	207	240	205	217
M13_SCIATICA	fdr	0.2	876	260	300	134	182	899	246	269	187	197
AB1_SEPSIS_PARAS_IMPL_WIDE	fdr	0.2	521	98	123	138	162	456	106	107	131	112
G6_XTRAPYR	fdr	0.2	710	167	191	173	179	669	156	187	166	160
Q17_OTHER_CONGEN_MALFO_URINARY_SYSTEM	fdr	0.2	546	163	124	151	108	537	132	138	141	126
D3_CVID_BCELL	fdr	0.2	402	100	103	106	93	431	116	118	111	86
M13_SCOLIOSIS	nominal	0.05	1201	295	287	296	323	1220	324	313	313	270
AB1_SEPSIS_VIRAL_IMPL_WIDE	nominal	0.05	1211	343	342	261	265	1174	322	297	277	278
D3_CYCLIC_NEUTROPENIA	nominal	0.05	1098	262	266	289	281	1124	279	321	239	285
Q17_OTHER_CONGEN_MALFO_WIDE	nominal	0.05	987	238	253	243	253	1049	283	275	262	229
G6_XTRAPYROTH	nominal	0.05	1283	340	329	298	316	1259	316	319	308	316
K11_DISLIVOTH	nominal	0.05	1316	342	349	307	318	1237	320	336	282	299
D3_CYCLIC_NEUTROPENIA	fdr	0.05	99	29	16	31	23	120	42	32	17	29
K11_DISLIVOTH	fdr	0.05	208	57	49	52	50	184	39	47	42	56
G6_XTRAPYROTH	fdr	0.05	209	66	47	51	45	164	48	46	30	40
M13_SCOLIOSIS	fdr	0.05	166	25	46	38	57	151	38	45	33	35
AB1_SEPSIS_VIRAL_IMPL_WIDE	fdr	0.05	175	66	53	24	32	152	35	30	46	41
Q17_OTHER_CONGEN_MALFO_WIDE	fdr	0.05	76	18	21	14	23	108	38	37	16	17
D3_CYCLIC_NEUTROPENIA	fdr	0.1	166	40	32	51	43	213	55	65	42	51
Q17_OTHER_CONGEN_MALFO_WIDE	fdr	0.1	156	39	37	34	46	183	64	53	31	35
M13_SCOLIOSIS	fdr	0.1	265	49	70	67	79	272	70	71	72	59
K11_DISLIVOTH	fdr	0.1	326	87	77	81	81	303	64	91	71	77
G6_XTRAPYROTH	fdr	0.1	351	108	82	85	76	306	80	91	59	76
AB1_SEPSIS_VIRAL_IMPL_WIDE	fdr	0.1	273	85	87	48	53	263	62	65	66	70
M13_SCOLIOSIS	fdr	0.2	567	131	138	137	161	611	151	162	161	137
D3_CYCLIC_NEUTROPENIA	fdr	0.2	454	114	111	116	113	482	116	141	105	120
Q17_OTHER_CONGEN_MALFO_WIDE	fdr	0.2	345	84	92	81	88	416	112	117	99	88
G6_XTRAPYROTH	fdr	0.2	642	174	157	151	160	643	167	172	152	152
K11_DISLIVOTH	fdr	0.2	605	159	158	144	144	621	142	180	151	148
AB1_SEPSIS_VIRAL_IMPL_WIDE	fdr	0.2	560	165	164	112	119	556	143	147	133	133
D3_CYSTSPLEEN	nominal	0.05	1118	269	287	265	297	1085	267	280	272	266
K11_DISOESINOTH	nominal	0.05	1040	274	249	258	259	1188	296	288	305	299
M13_SERONEGATIVE_JUVENILE_RHEUMATOID_ARTHRITIS	nominal	0.05	1162	276	279	314	293	1181	277	304	310	290
GASTRIC_ULCER_ACUTE_W_HAEMORRHAGE	nominal	0.05	1193	276	261	331	325	1179	306	316	289	268
AB1_SEQULAE_INF_NOS	nominal	0.05	1019	243	247	253	276	1151	281	320	274	276
Q17_OTHER_CONGEN_MUSCULOS_DEFORMITI	nominal	0.05	1130	287	282	276	285	1160	321	319	259	261
AB1_SEQULAE_INF_NOS	fdr	0.05	103	27	27	22	27	133	31	39	32	31
K11_DISOESINOTH	fdr	0.05	120	34	35	23	28	142	31	40	39	32
Q17_OTHER_CONGEN_MUSCULOS_DEFORMITI	fdr	0.05	122	39	33	24	26	131	35	43	28	25
M13_SERONEGATIVE_JUVENILE_RHEUMATOID_ARTHRITIS	fdr	0.05	147	27	36	46	38	149	36	44	31	38
D3_CYSTSPLEEN	fdr	0.05	137	26	38	36	37	139	43	33	30	33
GASTRIC_ULCER_ACUTE_W_HAEMORRHAGE	fdr	0.05	149	29	31	49	40	155	45	44	35	31
M13_SERONEGATIVE_JUVENILE_RHEUMATOID_ARTHRITIS	fdr	0.1	240	49	61	75	55	260	63	77	60	60
D3_CYSTSPLEEN	fdr	0.1	241	58	69	59	55	245	67	62	60	56
AB1_SEQULAE_INF_NOS	fdr	0.1	198	49	45	49	55	218	47	65	52	54
K11_DISOESINOTH	fdr	0.1	208	59	57	45	47	261	55	76	75	55
Q17_OTHER_CONGEN_MUSCULOS_DEFORMITI	fdr	0.1	243	74	62	56	51	263	80	78	57	48
GASTRIC_ULCER_ACUTE_W_HAEMORRHAGE	fdr	0.1	257	63	52	72	70	266	73	85	54	54
M13_SERONEGATIVE_JUVENILE_RHEUMATOID_ARTHRITIS	fdr	0.2	508	121	125	143	119	538	118	153	139	128
D3_CYSTSPLEEN	fdr	0.2	491	120	125	111	135	513	129	136	132	116
GASTRIC_ULCER_ACUTE_W_HAEMORRHAGE	fdr	0.2	521	122	116	126	157	575	145	172	136	122
AB1_SEQULAE_INF_NOS	fdr	0.2	428	100	97	114	117	493	113	144	120	116
K11_DISOESINOTH	fdr	0.2	436	124	103	105	104	534	127	135	150	122
Q17_OTHER_CONGEN_MUSCULOS_DEFORMITI	fdr	0.2	488	134	134	111	109	509	141	142	126	100
D3_DEF_IGG	nominal	0.05	1183	302	299	287	295	1148	265	297	285	301
K11_DISTAL_BITE	nominal	0.05	1160	271	283	296	310	1124	252	304	277	291
M13_SHORTACHILLES	nominal	0.05	1108	276	280	291	261	1193	288	293	326	286
GE	nominal	0.05	1253	333	359	286	275	1357	345	347	333	332
Q17_OTHER_CONGEN_MUSCULOS_DEFORMITI_WIDE	nominal	0.05	1085	254	258	272	301	1115	283	289	269	274
AB1_SEQULAE_POLIO	nominal	0.05	1049	255	275	252	267	1052	237	274	285	256
GE	fdr	0.05	144	40	40	35	29	159	33	42	40	44
AB1_SEQULAE_POLIO	fdr	0.05	87	29	23	17	18	105	21	25	29	30
D3_DEF_IGG	fdr	0.05	131	31	34	35	31	123	30	36	34	23
K11_DISTAL_BITE	fdr	0.05	141	25	17	42	57	109	26	24	24	35
M13_SHORTACHILLES	fdr	0.05	99	20	27	25	27	102	24	20	33	25
Q17_OTHER_CONGEN_MUSCULOS_DEFORMITI_WIDE	fdr	0.05	126	36	30	25	35	128	34	35	29	30
K11_DISTAL_BITE	fdr	0.1	244	46	46	66	86	233	49	56	55	73
M13_SHORTACHILLES	fdr	0.1	191	39	46	52	54	204	44	46	66	48
Q17_OTHER_CONGEN_MUSCULOS_DEFORMITI_WIDE	fdr	0.1	226	58	52	51	65	234	62	67	55	50
GE	fdr	0.1	275	83	69	69	54	294	67	79	76	72
AB1_SEQULAE_POLIO	fdr	0.1	183	53	48	36	46	207	43	55	53	56
D3_DEF_IGG	fdr	0.1	222	47	54	59	62	207	46	61	54	46
K11_DISTAL_BITE	fdr	0.2	513	113	115	138	147	524	124	144	120	136
GE	fdr	0.2	602	165	185	122	130	677	159	179	176	163
M13_SHORTACHILLES	fdr	0.2	427	104	112	110	101	505	105	131	151	118
Q17_OTHER_CONGEN_MUSCULOS_DEFORMITI_WIDE	fdr	0.2	469	113	118	115	123	492	119	136	124	113
AB1_SEQULAE_POLIO	fdr	0.2	398	101	117	90	90	455	108	113	126	108
D3_DEF_IGG	fdr	0.2	507	116	129	126	136	492	103	131	131	127
AB1_SEQULAE_POLIO_WIDE	nominal	0.05	1041	250	285	245	261	1035	211	274	297	253
D3_DEF_IIGA	nominal	0.05	1082	252	270	262	298	1114	243	277	300	294
Q17_OTHER_OSTEOCHONDROD	nominal	0.05	1092	255	258	271	308	1036	260	267	265	244
K11_DIVERTIC	nominal	0.05	1668	436	463	376	393	1747	437	474	416	420
M13_SHOULDER	nominal	0.05	1491	455	467	265	304	1568	453	451	338	326
GENERALI_SKIN_ERUPT_DRUGS_MEDICAM	nominal	0.05	1175	291	300	315	269	1206	292	309	307	298
K11_DIVERTIC	fdr	0.05	307	88	92	61	66	350	90	88	93	79
Q17_OTHER_OSTEOCHONDROD	fdr	0.05	125	25	20	34	46	81	17	15	21	28
M13_SHOULDER	fdr	0.05	300	125	96	35	44	300	93	83	63	61
AB1_SEQULAE_POLIO_WIDE	fdr	0.05	84	25	24	15	20	109	19	29	30	31
D3_DEF_IIGA	fdr	0.05	110	26	28	22	34	120	16	28	42	34
GENERALI_SKIN_ERUPT_DRUGS_MEDICAM	fdr	0.05	116	31	30	29	26	122	30	22	36	34
Q17_OTHER_OSTEOCHONDROD	fdr	0.1	219	43	37	63	76	176	38	38	49	51
K11_DIVERTIC	fdr	0.1	531	139	153	116	123	583	130	159	158	136
M13_SHOULDER	fdr	0.1	453	170	141	63	79	484	137	139	104	104
AB1_SEQULAE_POLIO_WIDE	fdr	0.1	176	51	50	40	35	185	35	53	47	50
D3_DEF_IIGA	fdr	0.1	196	37	54	45	60	225	30	68	68	59
GENERALI_SKIN_ERUPT_DRUGS_MEDICAM	fdr	0.1	227	58	59	59	51	217	50	46	59	62
Q17_OTHER_OSTEOCHONDROD	fdr	0.2	448	97	89	125	137	414	102	98	114	100
K11_DIVERTIC	fdr	0.2	1014	271	278	231	234	1117	264	305	279	269
M13_SHOULDER	fdr	0.2	828	281	275	124	148	924	261	270	206	187
D3_DEF_IIGA	fdr	0.2	458	97	107	110	144	507	97	137	144	129
AB1_SEQULAE_POLIO_WIDE	fdr	0.2	388	101	111	96	80	420	92	103	123	102
GENERALI_SKIN_ERUPT_DRUGS_MEDICAM	fdr	0.2	486	118	122	127	119	519	123	140	135	121
AB1_SEQULAE_TUBERCU	nominal	0.05	1116	271	272	284	289	1097	268	279	268	282
GEST_DIABETES	nominal	0.05	1299	348	342	313	296	1347	370	367	308	302
Q17_OTHER_OSTEOCHONDROD_WIDE	nominal	0.05	1137	267	279	276	315	1106	270	279	280	277
D3_DISSEINTRAVASCCOAG	nominal	0.05	1069	259	301	259	250	1092	241	277	284	290
K11_DULC	nominal	0.05	1187	289	324	292	282	1175	307	334	258	276
M13_SHOULDERBURSITIS	nominal	0.05	1174	324	310	274	266	1136	307	297	281	251
AB1_SEQULAE_TUBERCU	fdr	0.05	125	33	28	32	32	143	35	38	30	40
GEST_DIABETES	fdr	0.05	188	55	45	45	43	213	64	53	55	41
M13_SHOULDERBURSITIS	fdr	0.05	144	40	46	30	28	130	39	18	36	37
K11_DULC	fdr	0.05	164	35	49	44	36	185	48	61	35	41
Q17_OTHER_OSTEOCHONDROD_WIDE	fdr	0.05	139	25	26	40	48	112	23	28	28	33
D3_DISSEINTRAVASCCOAG	fdr	0.05	104	28	35	16	25	127	14	33	39	41
AB1_SEQULAE_TUBERCU	fdr	0.1	228	54	52	58	64	253	62	65	59	67
Q17_OTHER_OSTEOCHONDROD_WIDE	fdr	0.1	230	48	43	69	70	192	44	43	57	48
GEST_DIABETES	fdr	0.1	354	95	86	81	92	357	107	90	90	70
M13_SHOULDERBURSITIS	fdr	0.1	267	79	78	56	54	249	70	53	67	59
K11_DULC	fdr	0.1	271	67	81	66	57	296	77	94	60	65
D3_DISSEINTRAVASCCOAG	fdr	0.1	177	50	55	38	34	202	33	53	63	53
GEST_DIABETES	fdr	0.2	709	185	190	164	170	724	196	194	182	152
Q17_OTHER_OSTEOCHONDROD_WIDE	fdr	0.2	481	106	100	137	138	466	103	109	133	121
AB1_SEQULAE_TUBERCU	fdr	0.2	494	124	113	133	124	519	121	134	138	126
M13_SHOULDERBURSITIS	fdr	0.2	544	150	158	125	111	518	134	131	140	113
D3_DISSEINTRAVASCCOAG	fdr	0.2	420	107	129	97	87	478	93	126	123	136
K11_DULC	fdr	0.2	530	133	157	123	117	562	147	162	128	125
GE_MODE	nominal	0.05	1216	315	337	291	273	1257	310	341	305	301
K11_EMBED_TEETH	nominal	0.05	1205	278	286	308	333	1192	303	309	295	285
D3_FAMIERYTHROCYTOCIS	nominal	0.05	1228	345	332	270	281	1213	337	311	291	274
M13_SHOULDERNAS	nominal	0.05	1199	337	398	244	220	1135	279	311	288	257
AB1_SEQULEAE_OF_INFECTIONS_AND_PARASITES	nominal	0.05	1134	265	279	278	312	1189	295	313	279	302
Q17_OTHER_SEX_CHROMOSOME_ABNORMALITI_MALE_PHENOT_NOT_ELSEW_CLASSIFIED	nominal	0.05	1232	340	285	302	305	1168	256	263	334	315
AB1_SEQULEAE_OF_INFECTIONS_AND_PARASITES	fdr	0.05	109	32	23	23	31	133	37	30	30	36
GE_MODE	fdr	0.05	157	40	47	35	35	168	37	48	39	44
K11_EMBED_TEETH	fdr	0.05	163	22	29	48	64	138	37	34	31	36
Q17_OTHER_SEX_CHROMOSOME_ABNORMALITI_MALE_PHENOT_NOT_ELSEW_CLASSIFIED	fdr	0.05	175	50	34	46	45	141	28	25	43	45
D3_FAMIERYTHROCYTOCIS	fdr	0.05	146	54	40	28	24	109	35	22	27	25
M13_SHOULDERNAS	fdr	0.05	165	51	61	22	31	154	45	33	41	35
AB1_SEQULEAE_OF_INFECTIONS_AND_PARASITES	fdr	0.1	194	56	40	45	53	230	54	64	52	60
D3_FAMIERYTHROCYTOCIS	fdr	0.1	245	89	70	44	42	233	59	63	57	54
M13_SHOULDERNAS	fdr	0.1	278	84	101	42	51	263	68	65	70	60
GE_MODE	fdr	0.1	288	75	81	66	66	291	64	88	75	64
K11_EMBED_TEETH	fdr	0.1	274	43	53	76	102	254	71	65	59	59
Q17_OTHER_SEX_CHROMOSOME_ABNORMALITI_MALE_PHENOT_NOT_ELSEW_CLASSIFIED	fdr	0.1	279	85	60	68	66	251	47	42	87	75
K11_EMBED_TEETH	fdr	0.2	528	101	113	144	170	546	137	140	138	131
D3_FAMIERYTHROCYTOCIS	fdr	0.2	547	166	169	113	99	562	151	153	126	132
GE_MODE	fdr	0.2	580	142	172	136	130	603	140	170	150	143
M13_SHOULDERNAS	fdr	0.2	554	161	185	108	100	541	129	151	137	124
Q17_OTHER_SEX_CHROMOSOME_ABNORMALITI_MALE_PHENOT_NOT_ELSEW_CLASSIFIED	fdr	0.2	578	155	129	144	150	551	117	106	168	160
AB1_SEQULEAE_OF_INFECTIONS_AND_PARASITES	fdr	0.2	468	120	101	114	133	504	117	139	116	132
D3_HAEMOLYTICANAEMIA	nominal	0.05	1081	280	288	244	269	1112	264	285	273	290
K11_EMBIMPACT_TEETH	nominal	0.05	1215	289	303	288	335	1176	297	321	294	264
M13_SJOGREN	nominal	0.05	1246	297	331	296	322	1224	279	320	304	321
GE_STRICT	nominal	0.05	1124	282	308	258	276	1168	291	318	281	278
Q17_OTHER_SPECIFE_CONGEN_MALFO_SYNDR_AFFECTING_MULTIPLE_SYSTEMS	nominal	0.05	1078	264	275	269	270	1129	277	312	290	250
AB1_SEXUAL_TRANSMISSION	nominal	0.05	1150	255	280	295	320	1205	324	350	268	263
GE_STRICT	fdr	0.05	117	31	34	22	30	123	30	33	30	30
K11_EMBIMPACT_TEETH	fdr	0.05	169	25	41	38	65	135	34	42	28	31
AB1_SEXUAL_TRANSMISSION	fdr	0.05	131	31	17	43	40	166	52	41	36	37
D3_HAEMOLYTICANAEMIA	fdr	0.05	110	36	29	21	24	118	27	21	39	31
M13_SJOGREN	fdr	0.05	189	60	46	44	39	165	43	35	38	49
Q17_OTHER_SPECIFE_CONGEN_MALFO_SYNDR_AFFECTING_MULTIPLE_SYSTEMS	fdr	0.05	108	21	19	30	38	140	38	38	33	31
K11_EMBIMPACT_TEETH	fdr	0.1	285	40	67	75	103	250	63	79	59	49
GE_STRICT	fdr	0.1	207	53	57	44	53	225	49	68	59	49
AB1_SEXUAL_TRANSMISSION	fdr	0.1	227	44	40	78	65	280	78	86	60	56
D3_HAEMOLYTICANAEMIA	fdr	0.1	187	55	55	35	42	213	44	51	65	53
M13_SJOGREN	fdr	0.1	291	85	78	64	64	274	66	70	64	74
Q17_OTHER_SPECIFE_CONGEN_MALFO_SYNDR_AFFECTING_MULTIPLE_SYSTEMS	fdr	0.1	189	38	41	56	54	225	64	60	53	48
K11_EMBIMPACT_TEETH	fdr	0.2	547	106	134	139	168	530	141	160	124	105
Q17_OTHER_SPECIFE_CONGEN_MALFO_SYNDR_AFFECTING_MULTIPLE_SYSTEMS	fdr	0.2	432	90	113	109	120	490	119	137	124	110
GE_STRICT	fdr	0.2	475	115	129	103	128	501	122	134	133	112
AB1_SEXUAL_TRANSMISSION	fdr	0.2	513	101	119	150	143	592	147	186	125	134
M13_SJOGREN	fdr	0.2	589	143	158	135	153	581	136	154	139	152
D3_HAEMOLYTICANAEMIA	fdr	0.2	403	104	111	91	97	468	97	118	133	120
K11_ENERCOLNONINF	nominal	0.05	1473	343	386	371	373	1553	373	412	388	380
M13_SOFTOVERUSE	nominal	0.05	1247	352	342	284	269	1275	336	350	292	297
Q17_PATENT_FORAMEN_OVALE	nominal	0.05	1170	310	329	276	255	1214	307	324	301	282
GOUT_IDIO	nominal	0.05	1230	308	268	332	322	1278	305	336	309	328
D3_HAEMORRHAGCIRGUANTICO	nominal	0.05	1115	262	259	276	318	1162	314	321	259	268
AB1_SEXUAL_TRANSMISSION_NOS	nominal	0.05	1059	251	257	261	290	1142	303	317	255	267
K11_ENERCOLNONINF	fdr	0.05	249	51	57	64	77	273	54	74	62	83
M13_SOFTOVERUSE	fdr	0.05	192	75	62	32	23	167	45	48	28	46
D3_HAEMORRHAGCIRGUANTICO	fdr	0.05	124	43	24	29	28	149	52	40	28	29
Q17_PATENT_FORAMEN_OVALE	fdr	0.05	148	44	48	30	26	163	48	41	37	37
AB1_SEXUAL_TRANSMISSION_NOS	fdr	0.05	106	19	16	30	41	128	33	30	28	37
GOUT_IDIO	fdr	0.05	178	38	23	64	53	227	64	50	50	63
K11_ENERCOLNONINF	fdr	0.1	405	96	101	104	104	460	90	126	115	129
M13_SOFTOVERUSE	fdr	0.1	316	101	107	58	50	304	70	92	68	74
GOUT_IDIO	fdr	0.1	307	72	52	99	84	355	93	79	86	97
D3_HAEMORRHAGCIRGUANTICO	fdr	0.1	226	63	50	56	57	248	76	74	51	47
Q17_PATENT_FORAMEN_OVALE	fdr	0.1	263	70	83	56	54	289	79	75	68	67
AB1_SEXUAL_TRANSMISSION_NOS	fdr	0.1	189	34	36	57	62	212	55	53	49	55
K11_ENERCOLNONINF	fdr	0.2	824	197	211	207	209	897	215	238	222	222
M13_SOFTOVERUSE	fdr	0.2	604	181	183	127	113	621	162	182	141	136
Q17_PATENT_FORAMEN_OVALE	fdr	0.2	503	127	157	105	114	565	135	155	135	140
D3_HAEMORRHAGCIRGUANTICO	fdr	0.2	477	117	115	116	129	517	135	145	122	115
GOUT_IDIO	fdr	0.2	588	143	110	174	161	677	172	171	162	172
AB1_SEXUAL_TRANSMISSION_NOS	fdr	0.2	432	89	97	109	137	516	137	144	118	117
Q17_PDA	nominal	0.05	1018	265	240	267	246	1092	291	275	260	266
M13_SOFTTISSUE	nominal	0.05	1583	483	507	272	321	1623	432	441	376	374
K11_EROSION_INCLAVO	nominal	0.05	1240	281	310	322	327	1383	357	387	336	303
AB1_SEXUAL_TRANSMISSION_NOS_WIDE	nominal	0.05	1071	242	251	283	295	1112	282	303	244	283
D3_HAEMORRHAGICNAS	nominal	0.05	1057	240	266	286	265	1068	293	269	270	236
GOUT_KIDNEY	nominal	0.05	974	274	228	239	233	1014	262	271	238	243
M13_SOFTTISSUE	fdr	0.05	298	120	108	35	35	303	88	90	56	69
K11_EROSION_INCLAVO	fdr	0.05	161	30	32	50	49	213	59	59	42	53
AB1_SEXUAL_TRANSMISSION_NOS_WIDE	fdr	0.05	96	20	14	28	34	126	34	25	27	40
GOUT_KIDNEY	fdr	0.05	100	18	24	31	27	84	24	24	13	23
Q17_PDA	fdr	0.05	70	13	14	21	22	99	24	34	20	21
D3_HAEMORRHAGICNAS	fdr	0.05	101	28	17	26	30	118	29	32	33	24
M13_SOFTTISSUE	fdr	0.1	485	169	174	66	76	517	134	148	121	114
K11_EROSION_INCLAVO	fdr	0.1	283	54	60	91	78	364	91	103	82	88
AB1_SEXUAL_TRANSMISSION_NOS_WIDE	fdr	0.1	193	39	35	62	57	229	55	54	58	62
Q17_PDA	fdr	0.1	170	40	37	49	44	197	45	64	44	44
D3_HAEMORRHAGICNAS	fdr	0.1	184	44	34	52	54	202	50	55	57	40
GOUT_KIDNEY	fdr	0.1	169	40	36	51	42	164	43	50	31	40
M13_SOFTTISSUE	fdr	0.2	912	296	319	137	160	980	262	276	232	210
K11_EROSION_INCLAVO	fdr	0.2	618	123	156	175	164	728	177	209	180	162
Q17_PDA	fdr	0.2	377	106	82	106	83	449	108	131	104	106
AB1_SEXUAL_TRANSMISSION_NOS_WIDE	fdr	0.2	427	92	93	121	121	515	124	139	122	130
D3_HAEMORRHAGICNAS	fdr	0.2	407	95	91	110	111	441	116	114	117	94
GOUT_KIDNEY	fdr	0.2	361	90	79	93	99	362	92	112	75	83
D3_HEREDFVIIIDEF	nominal	0.05	1154	252	266	312	324	1097	308	283	260	246
K11_ERUPTION	nominal	0.05	1168	256	295	291	326	1176	318	300	277	281
Q17_PECTUS_CARINATUM_WIDE	nominal	0.05	1218	272	292	321	333	1178	288	307	307	276
M13_SOFTTISSUENAS	nominal	0.05	1153	301	327	272	253	1123	285	327	264	247
GOUT_NOS	nominal	0.05	1343	352	295	376	320	1431	393	355	358	325
AB1_SEXUAL_TRANSMISSION_WIDE	nominal	0.05	1175	291	315	283	286	1211	312	344	280	275
D3_HEREDFVIIIDEF	fdr	0.05	138	25	23	39	51	117	36	30	32	19
K11_ERUPTION	fdr	0.05	181	28	27	52	74	151	45	42	27	37
Q17_PECTUS_CARINATUM_WIDE	fdr	0.05	184	30	40	45	69	129	25	43	28	33
GOUT_NOS	fdr	0.05	223	48	38	72	65	232	66	52	65	49
AB1_SEXUAL_TRANSMISSION_WIDE	fdr	0.05	151	48	28	36	39	159	50	42	27	40
M13_SOFTTISSUENAS	fdr	0.05	156	53	37	36	30	144	32	48	28	36
D3_HEREDFVIIIDEF	fdr	0.1	253	44	51	73	85	229	62	55	63	49
Q17_PECTUS_CARINATUM_WIDE	fdr	0.1	298	55	66	74	103	247	52	77	63	55
K11_ERUPTION	fdr	0.1	289	48	53	76	112	258	69	69	55	65
AB1_SEXUAL_TRANSMISSION_WIDE	fdr	0.1	253	70	56	65	62	274	76	79	56	63
GOUT_NOS	fdr	0.1	371	84	65	115	107	390	104	92	103	91
M13_SOFTTISSUENAS	fdr	0.1	266	86	59	60	61	248	51	82	50	65
D3_HEREDFVIIIDEF	fdr	0.2	515	96	115	135	169	497	130	124	134	109
Q17_PECTUS_CARINATUM_WIDE	fdr	0.2	562	114	127	147	174	511	116	142	134	119
M13_SOFTTISSUENAS	fdr	0.2	531	147	144	119	121	522	123	151	123	125
AB1_SEXUAL_TRANSMISSION_WIDE	fdr	0.2	535	138	132	138	127	564	146	170	125	123
GOUT_NOS	fdr	0.2	729	182	155	204	188	812	227	192	211	182
K11_ERUPTION	fdr	0.2	533	103	118	135	177	531	140	144	118	129
K11_FEMHER	nominal	0.05	1173	265	310	287	311	1170	298	328	283	261
Q17_PECTUS_EXCAVATUM	nominal	0.05	1059	261	273	256	269	1056	248	281	265	262
AB1_SHIGELLOSIS	nominal	0.05	1056	235	288	258	275	1142	270	276	306	290
D3_HEREDHAEMOLYTICANAEMIAOTHER	nominal	0.05	1085	268	260	272	285	1099	259	280	287	273
M13_SOFTTISSUEOTH	nominal	0.05	1547	470	499	270	308	1595	446	418	364	367
GOUT_SCND	nominal	0.05	1042	255	254	264	269	1175	293	302	284	296
AB1_SHIGELLOSIS	fdr	0.05	117	26	22	34	35	143	30	37	32	44
K11_FEMHER	fdr	0.05	146	30	38	43	35	132	34	33	30	35
M13_SOFTTISSUEOTH	fdr	0.05	291	124	98	36	33	294	89	66	68	71
GOUT_SCND	fdr	0.05	90	19	17	26	28	116	29	33	23	31
Q17_PECTUS_EXCAVATUM	fdr	0.05	95	23	24	25	23	104	41	34	16	13
D3_HEREDHAEMOLYTICANAEMIAOTHER	fdr	0.05	116	27	15	37	37	112	35	27	29	21
AB1_SHIGELLOSIS	fdr	0.1	207	40	49	61	57	242	51	58	68	65
K11_FEMHER	fdr	0.1	248	54	66	73	55	232	61	68	55	48
M13_SOFTTISSUEOTH	fdr	0.1	467	175	156	67	69	494	131	129	117	117
GOUT_SCND	fdr	0.1	186	41	38	50	57	219	65	58	45	51
D3_HEREDHAEMOLYTICANAEMIAOTHER	fdr	0.1	208	49	38	59	62	211	56	52	58	45
Q17_PECTUS_EXCAVATUM	fdr	0.1	164	36	47	43	38	174	56	56	31	31
K11_FEMHER	fdr	0.2	493	103	129	141	120	476	124	136	120	96
AB1_SHIGELLOSIS	fdr	0.2	444	90	119	117	118	538	113	137	151	137
D3_HEREDHAEMOLYTICANAEMIAOTHER	fdr	0.2	447	108	95	122	122	459	102	126	116	115
M13_SOFTTISSUEOTH	fdr	0.2	864	290	289	139	146	942	257	248	226	211
GOUT_SCND	fdr	0.2	389	85	87	100	117	470	127	117	106	120
Q17_PECTUS_EXCAVATUM	fdr	0.2	381	94	103	92	92	409	102	118	90	99
K11_FIBROCHIRLIV	nominal	0.05	1107	274	286	284	263	1190	284	316	283	307
M13_SPINALOSTEOCHON	nominal	0.05	1195	321	343	281	250	1151	268	331	277	275
GOUT_STRICT	nominal	0.05	1354	341	325	364	324	1396	354	373	340	329
D3_HEREDHYPOGAMMA	nominal	0.05	1128	265	288	287	288	1148	317	311	254	266
AB1_SHIGELLOSIS_WIDE	nominal	0.05	1075	272	302	256	245	1161	288	308	303	262
Q17_PECTUS_EXCAVATUM_WIDE	nominal	0.05	1036	253	277	251	255	1055	249	296	246	264
M13_SPINALOSTEOCHON	fdr	0.05	178	64	58	35	21	145	47	51	23	24
AB1_SHIGELLOSIS_WIDE	fdr	0.05	74	18	20	17	19	120	26	31	29	34
D3_HEREDHYPOGAMMA	fdr	0.05	109	29	23	24	33	104	31	37	16	20
K11_FIBROCHIRLIV	fdr	0.05	113	31	25	34	23	130	44	36	21	29
GOUT_STRICT	fdr	0.05	234	65	35	71	63	246	72	64	53	57
Q17_PECTUS_EXCAVATUM_WIDE	fdr	0.05	107	25	29	28	25	105	37	32	22	14
K11_FIBROCHIRLIV	fdr	0.1	200	55	50	56	39	219	66	62	41	50
M13_SPINALOSTEOCHON	fdr	0.1	277	87	89	53	48	231	63	80	41	47
AB1_SHIGELLOSIS_WIDE	fdr	0.1	154	41	36	40	37	211	48	60	55	48
D3_HEREDHYPOGAMMA	fdr	0.1	214	45	47	53	69	198	54	67	35	42
GOUT_STRICT	fdr	0.1	415	106	75	119	115	403	105	112	94	92
Q17_PECTUS_EXCAVATUM_WIDE	fdr	0.1	174	34	53	47	40	175	55	52	35	33
K11_FIBROCHIRLIV	fdr	0.2	457	125	127	108	97	533	133	134	117	149
M13_SPINALOSTEOCHON	fdr	0.2	520	163	149	107	101	499	127	149	111	112
GOUT_STRICT	fdr	0.2	770	195	165	210	200	792	202	212	185	193
AB1_SHIGELLOSIS_WIDE	fdr	0.2	403	107	108	93	95	507	112	144	134	117
D3_HEREDHYPOGAMMA	fdr	0.2	458	102	110	120	126	467	133	138	103	93
Q17_PECTUS_EXCAVATUM_WIDE	fdr	0.2	386	84	103	102	97	409	98	121	97	93
AB1_SPIROCHE_OTHER_WIDE	nominal	0.05	1110	275	281	281	273	1096	253	290	286	267
D3_HEREDOTHCLOFACTORS	nominal	0.05	1035	271	255	242	267	1014	258	286	237	233
GRAVES_OPHT	nominal	0.05	1274	332	342	315	285	1268	324	308	326	310
Q17_PHAKOMATOSES_NOT_ELSEW_CLASSIFIED	nominal	0.05	1047	268	273	264	242	1064	255	287	279	243
K11_FISTULA	nominal	0.05	1357	335	357	317	348	1454	354	380	360	360
M13_SPINEFUSION	nominal	0.05	1113	253	260	296	304	1149	270	292	300	287
D3_HEREDOTHCLOFACTORS	fdr	0.05	92	28	18	26	20	110	34	22	32	22
GRAVES_OPHT	fdr	0.05	195	59	55	43	38	203	56	50	44	53
K11_FISTULA	fdr	0.05	205	56	59	44	46	243	59	62	52	70
AB1_SPIROCHE_OTHER_WIDE	fdr	0.05	98	25	24	32	17	100	20	20	30	30
M13_SPINEFUSION	fdr	0.05	151	40	26	39	46	153	30	35	40	48
Q17_PHAKOMATOSES_NOT_ELSEW_CLASSIFIED	fdr	0.05	116	37	25	25	29	100	23	24	18	35
D3_HEREDOTHCLOFACTORS	fdr	0.1	195	47	51	48	49	204	55	47	58	44
Q17_PHAKOMATOSES_NOT_ELSEW_CLASSIFIED	fdr	0.1	198	59	45	47	47	193	41	52	41	59
K11_FISTULA	fdr	0.1	354	93	106	78	77	403	87	124	88	104
GRAVES_OPHT	fdr	0.1	326	97	92	73	64	307	77	75	79	76
AB1_SPIROCHE_OTHER_WIDE	fdr	0.1	194	52	46	54	42	172	40	37	47	48
M13_SPINEFUSION	fdr	0.1	246	63	48	63	72	248	50	65	70	63
D3_HEREDOTHCLOFACTORS	fdr	0.2	427	111	109	102	105	415	103	104	114	94
GRAVES_OPHT	fdr	0.2	620	174	172	143	131	636	157	155	172	152
Q17_PHAKOMATOSES_NOT_ELSEW_CLASSIFIED	fdr	0.2	398	102	97	104	95	412	89	110	103	110
K11_FISTULA	fdr	0.2	718	171	203	168	176	846	188	244	205	209
AB1_SPIROCHE_OTHER_WIDE	fdr	0.2	452	109	123	119	101	461	103	112	128	118
M13_SPINEFUSION	fdr	0.2	488	121	107	127	133	495	116	126	127	126
AB1_STREPTO_SEPSIS	nominal	0.05	1139	308	294	273	264	1148	278	263	310	297
D3_HERESPHERO	nominal	0.05	1204	337	293	290	284	1208	306	283	331	288
H7_ADHESIOIRIS	nominal	0.05	1075	242	296	264	273	1068	274	304	233	257
K11_FUNCDYSP	nominal	0.05	1316	337	340	302	337	1271	287	306	349	329
Q17_POLYCYSTIC_KIDNEY_DISEASE	nominal	0.05	1074	256	256	273	289	1172	289	304	296	283
M13_SPINENTHES	nominal	0.05	1194	306	322	265	301	1227	340	356	276	255
K11_FUNCDYSP	fdr	0.05	178	54	54	40	30	190	37	39	56	58
M13_SPINENTHES	fdr	0.05	133	40	31	27	35	144	38	41	32	33
H7_ADHESIOIRIS	fdr	0.05	117	33	42	16	26	97	28	33	18	18
Q17_POLYCYSTIC_KIDNEY_DISEASE	fdr	0.05	79	19	14	22	24	93	25	18	26	24
D3_HERESPHERO	fdr	0.05	155	43	38	28	46	144	35	26	41	42
AB1_STREPTO_SEPSIS	fdr	0.05	146	60	43	18	25	122	21	26	44	31
D3_HERESPHERO	fdr	0.1	269	74	66	54	75	256	61	54	73	68
K11_FUNCDYSP	fdr	0.1	336	100	98	74	64	330	69	77	92	92
M13_SPINENTHES	fdr	0.1	216	59	52	44	61	256	67	69	60	60
H7_ADHESIOIRIS	fdr	0.1	203	59	62	37	45	170	45	56	32	37
Q17_POLYCYSTIC_KIDNEY_DISEASE	fdr	0.1	168	38	32	44	54	185	36	49	55	45
AB1_STREPTO_SEPSIS	fdr	0.1	271	94	70	53	54	234	43	58	72	61
D3_HERESPHERO	fdr	0.2	555	166	131	122	136	598	144	142	166	146
K11_FUNCDYSP	fdr	0.2	662	173	178	161	150	637	146	147	190	154
H7_ADHESIOIRIS	fdr	0.2	426	105	121	97	103	431	118	130	85	98
Q17_POLYCYSTIC_KIDNEY_DISEASE	fdr	0.2	410	92	85	107	126	480	108	135	123	114
M13_SPINENTHES	fdr	0.2	502	124	136	112	130	566	147	162	143	114
AB1_STREPTO_SEPSIS	fdr	0.2	509	168	132	99	110	514	111	128	138	137
D3_HYPERSPLENISM	nominal	0.05	1064	253	252	282	277	1121	259	322	257	283
H7_ALLERGICCONJUNCTIVITIS	nominal	0.05	1565	390	450	347	378	1562	359	400	396	407
M13_SPININSTAB	nominal	0.05	1216	317	339	266	294	1209	339	328	278	264
AB1_STREPTSTAPHYCOCC_INOTHER	nominal	0.05	1188	266	306	281	335	1063	261	299	240	263
Q17_PROMINENT_EARS	nominal	0.05	1115	282	289	251	293	1095	250	271	287	287
K11_GALLBLAOTH	nominal	0.05	1086	222	308	282	274	1141	285	301	280	275
Q17_PROMINENT_EARS	fdr	0.05	155	47	39	33	36	125	37	26	28	34
D3_HYPERSPLENISM	fdr	0.05	125	22	27	43	33	116	30	34	26	26
AB1_STREPTSTAPHYCOCC_INOTHER	fdr	0.05	159	21	32	44	62	116	38	29	20	29
M13_SPININSTAB	fdr	0.05	181	55	43	40	43	165	48	47	32	38
H7_ALLERGICCONJUNCTIVITIS	fdr	0.05	299	105	84	54	56	311	78	77	85	71
K11_GALLBLAOTH	fdr	0.05	97	23	22	33	19	105	25	38	16	26
AB1_STREPTSTAPHYCOCC_INOTHER	fdr	0.1	262	46	51	68	97	207	63	57	38	49
M13_SPININSTAB	fdr	0.1	290	78	72	70	70	300	85	83	66	66
Q17_PROMINENT_EARS	fdr	0.1	261	68	74	54	65	230	58	57	54	61
K11_GALLBLAOTH	fdr	0.1	182	40	49	52	41	191	45	58	34	54
D3_HYPERSPLENISM	fdr	0.1	234	49	54	70	61	215	58	62	50	45
H7_ALLERGICCONJUNCTIVITIS	fdr	0.1	488	139	147	97	105	498	111	139	128	120
AB1_STREPTSTAPHYCOCC_INOTHER	fdr	0.2	493	92	114	122	165	423	115	119	88	101
M13_SPININSTAB	fdr	0.2	543	156	148	120	119	577	169	158	135	115
Q17_PROMINENT_EARS	fdr	0.2	488	124	131	108	125	473	116	117	113	127
K11_GALLBLAOTH	fdr	0.2	421	88	119	115	99	448	121	123	102	102
D3_HYPERSPLENISM	fdr	0.2	442	99	107	119	117	483	118	127	116	122
H7_ALLERGICCONJUNCTIVITIS	fdr	0.2	921	235	257	210	219	953	206	247	255	245
H7_AMBLYANOPSIA	nominal	0.05	1120	291	294	251	284	1151	273	339	269	270
K11_GASTRODUOULC	nominal	0.05	1269	350	363	292	264	1224	297	359	289	279
Q17_REDUCT_DEFECTS_LOWER_LIMB	nominal	0.05	1087	250	262	282	293	1152	297	284	307	264
AB1_STREPTSTAPHYCOCC_INOTHER_WIDE	nominal	0.05	1139	267	289	269	314	1100	288	308	242	262
D3_IMMUDEF	nominal	0.05	1092	268	242	318	264	1060	254	278	270	258
M13_SPINSTENOSIS	nominal	0.05	1655	476	489	317	373	1641	420	455	387	379
D3_IMMUDEF	fdr	0.05	115	31	32	26	26	130	32	27	40	31
M13_SPINSTENOSIS	fdr	0.05	331	115	113	39	64	304	88	78	66	72
Q17_REDUCT_DEFECTS_LOWER_LIMB	fdr	0.05	133	29	38	30	36	139	41	27	32	39
K11_GASTRODUOULC	fdr	0.05	216	75	76	34	31	181	40	53	33	55
H7_AMBLYANOPSIA	fdr	0.05	151	51	47	25	28	140	38	46	29	27
AB1_STREPTSTAPHYCOCC_INOTHER_WIDE	fdr	0.05	185	30	34	49	72	127	34	47	19	27
AB1_STREPTSTAPHYCOCC_INOTHER_WIDE	fdr	0.1	292	58	59	75	100	208	58	67	37	46
D3_IMMUDEF	fdr	0.1	213	55	49	61	48	229	52	51	72	54
K11_GASTRODUOULC	fdr	0.1	315	101	109	57	48	297	61	88	61	87
H7_AMBLYANOPSIA	fdr	0.1	256	77	76	47	56	251	62	75	57	57
M13_SPINSTENOSIS	fdr	0.1	513	162	179	72	100	525	137	145	122	121
Q17_REDUCT_DEFECTS_LOWER_LIMB	fdr	0.1	223	50	60	56	57	230	58	50	64	58
K11_GASTRODUOULC	fdr	0.2	618	173	189	138	118	594	143	173	135	143
Q17_REDUCT_DEFECTS_LOWER_LIMB	fdr	0.2	437	99	104	108	126	462	115	105	128	114
AB1_STREPTSTAPHYCOCC_INOTHER_WIDE	fdr	0.2	550	109	132	133	176	483	138	130	101	114
D3_IMMUDEF	fdr	0.2	436	100	100	135	101	461	99	112	132	118
M13_SPINSTENOSIS	fdr	0.2	954	288	300	163	203	1022	264	287	235	236
H7_AMBLYANOPSIA	fdr	0.2	504	133	152	102	117	512	121	154	121	116
AB1_SYPHILIS	nominal	0.05	1048	232	282	257	277	1135	267	301	289	278
H7_AMD	nominal	0.05	1425	368	398	328	331	1465	337	363	372	393
M13_SPONDYLINFLAMNAS	nominal	0.05	1259	331	316	305	307	1222	278	307	327	310
Q17_REDUCT_DEFECTS_LOWER_LIMB_WIDE	nominal	0.05	1092	243	268	276	305	1161	324	265	316	256
D3_IMMUDEFANTIBODY	nominal	0.05	1129	253	271	303	302	1078	261	279	276	262
K11_GINGIVITIS_PERIODONTAL	nominal	0.05	1156	315	331	253	257	1213	358	343	257	255
M13_SPONDYLINFLAMNAS	fdr	0.05	214	60	57	46	51	176	40	33	49	54
D3_IMMUDEFANTIBODY	fdr	0.05	137	28	21	35	53	123	27	26	41	29
H7_AMD	fdr	0.05	231	69	67	47	48	260	55	53	77	75
AB1_SYPHILIS	fdr	0.05	121	24	32	33	32	106	24	26	30	26
K11_GINGIVITIS_PERIODONTAL	fdr	0.05	134	36	45	28	25	138	44	40	25	29
Q17_REDUCT_DEFECTS_LOWER_LIMB_WIDE	fdr	0.05	106	24	23	33	26	115	34	21	27	33
M13_SPONDYLINFLAMNAS	fdr	0.1	359	98	97	78	86	299	60	65	91	83
D3_IMMUDEFANTIBODY	fdr	0.1	234	47	45	61	81	209	48	43	66	52
H7_AMD	fdr	0.1	400	115	130	78	77	454	97	108	130	119
AB1_SYPHILIS	fdr	0.1	189	37	55	46	51	203	46	52	54	51
Q17_REDUCT_DEFECTS_LOWER_LIMB_WIDE	fdr	0.1	202	50	54	46	52	192	49	44	48	51
K11_GINGIVITIS_PERIODONTAL	fdr	0.1	221	60	72	49	40	244	68	76	51	49
AB1_SYPHILIS	fdr	0.2	410	80	117	102	111	474	106	132	123	113
M13_SPONDYLINFLAMNAS	fdr	0.2	642	169	159	155	159	586	127	139	171	149
Q17_REDUCT_DEFECTS_LOWER_LIMB_WIDE	fdr	0.2	458	96	118	117	127	484	132	119	127	106
D3_IMMUDEFANTIBODY	fdr	0.2	503	113	111	127	152	507	117	133	136	121
H7_AMD	fdr	0.2	764	207	231	162	164	866	194	223	212	237
K11_GINGIVITIS_PERIODONTAL	fdr	0.2	494	134	155	102	103	548	158	163	119	108
K11_GINGIV_HYPERPLAS	nominal	0.05	1148	262	278	308	300	1136	293	338	246	259
Q17_REDUCT_DEFECTS_UPPER_LIMB	nominal	0.05	1065	293	261	278	233	1071	249	285	286	251
AB1_SYPHILIS_NOS	nominal	0.05	1033	257	255	243	278	1075	260	284	263	268
M13_SPONDYLOINFECTION	nominal	0.05	1117	314	313	253	237	1091	261	271	284	275
D3_IMMUDEFANTIBODYNAS	nominal	0.05	1137	277	241	314	305	1117	295	293	273	256
H7_ANISOMETROPIA	nominal	0.05	1045	261	269	250	265	1099	238	260	299	302
M13_SPONDYLOINFECTION	fdr	0.05	144	54	47	23	20	137	37	29	31	40
H7_ANISOMETROPIA	fdr	0.05	104	23	19	30	32	103	14	21	35	33
K11_GINGIV_HYPERPLAS	fdr	0.05	157	29	27	60	41	131	43	39	23	26
Q17_REDUCT_DEFECTS_UPPER_LIMB	fdr	0.05	97	38	22	23	14	94	21	18	31	24
AB1_SYPHILIS_NOS	fdr	0.05	87	23	22	12	30	107	21	32	23	31
D3_IMMUDEFANTIBODYNAS	fdr	0.05	151	29	16	44	62	106	25	30	30	21
K11_GINGIV_HYPERPLAS	fdr	0.1	260	55	49	88	68	224	65	71	51	37
AB1_SYPHILIS_NOS	fdr	0.1	162	39	50	27	46	186	41	55	36	54
M13_SPONDYLOINFECTION	fdr	0.1	241	78	78	46	39	228	52	53	59	64
D3_IMMUDEFANTIBODYNAS	fdr	0.1	248	50	37	75	86	202	50	57	55	40
Q17_REDUCT_DEFECTS_UPPER_LIMB	fdr	0.1	185	67	49	39	30	180	39	35	60	46
H7_ANISOMETROPIA	fdr	0.1	174	42	39	50	43	191	36	40	58	57
K11_GINGIV_HYPERPLAS	fdr	0.2	491	100	112	145	134	498	137	158	115	88
Q17_REDUCT_DEFECTS_UPPER_LIMB	fdr	0.2	434	132	114	99	89	412	93	104	118	97
AB1_SYPHILIS_NOS	fdr	0.2	389	94	107	83	105	439	102	131	99	107
M13_SPONDYLOINFECTION	fdr	0.2	506	146	152	113	95	476	112	119	122	123
D3_IMMUDEFANTIBODYNAS	fdr	0.2	502	103	106	144	149	460	119	128	118	95
H7_ANISOMETROPIA	fdr	0.2	412	93	103	115	101	450	94	111	125	120
H7_ANOMAPUPFUNC	nominal	0.05	1132	272	284	259	317	1090	279	270	258	283
Q17_REDUCT_DEFECTS_UPPER_LIMB_WIDE	nominal	0.05	1123	300	301	264	258	1145	266	310	290	279
K11_GJULC	nominal	0.05	1173	301	283	285	304	1107	275	342	231	259
M13_SPONDYLOLISTHESIS	nominal	0.05	1456	420	419	289	328	1378	359	388	321	310
D3_IMMUDEFNAS	nominal	0.05	1038	231	231	298	278	1102	259	283	298	262
AB1_SYPHILIS_NOS_WIDE	nominal	0.05	1042	245	250	251	296	1113	266	298	269	280
D3_IMMUDEFNAS	fdr	0.05	96	18	12	35	31	110	31	23	31	25
M13_SPONDYLOLISTHESIS	fdr	0.05	242	81	65	48	48	218	63	56	45	54
Q17_REDUCT_DEFECTS_UPPER_LIMB_WIDE	fdr	0.05	143	60	41	20	22	120	27	25	33	35
H7_ANOMAPUPFUNC	fdr	0.05	127	26	34	30	37	129	29	24	39	37
AB1_SYPHILIS_NOS_WIDE	fdr	0.05	125	28	28	25	44	112	23	29	30	30
K11_GJULC	fdr	0.05	109	26	24	31	28	107	32	36	23	16
Q17_REDUCT_DEFECTS_UPPER_LIMB_WIDE	fdr	0.1	232	87	64	40	41	221	47	51	64	59
D3_IMMUDEFNAS	fdr	0.1	193	33	40	62	58	207	47	58	57	45
M13_SPONDYLOLISTHESIS	fdr	0.1	402	119	118	83	82	377	94	104	87	92
AB1_SYPHILIS_NOS_WIDE	fdr	0.1	218	44	53	44	77	209	48	56	51	54
H7_ANOMAPUPFUNC	fdr	0.1	221	47	59	57	58	217	45	44	65	63
K11_GJULC	fdr	0.1	207	48	63	49	47	195	53	71	34	37
Q17_REDUCT_DEFECTS_UPPER_LIMB_WIDE	fdr	0.2	495	158	134	100	103	485	117	123	135	110
K11_GJULC	fdr	0.2	504	123	134	118	129	472	127	147	94	104
M13_SPONDYLOLISTHESIS	fdr	0.2	773	219	234	146	174	748	192	215	175	166
D3_IMMUDEFNAS	fdr	0.2	398	78	77	129	114	453	109	122	124	98
AB1_SYPHILIS_NOS_WIDE	fdr	0.2	434	97	109	102	126	467	112	136	107	112
H7_ANOMAPUPFUNC	fdr	0.2	475	110	120	114	131	461	113	103	124	121
AB1_SYPHILIS_WIDE	nominal	0.05	1048	232	282	257	277	1135	267	301	289	278
M13_SPONDYLOPATHINOTH	nominal	0.05	1101	313	295	258	235	1101	260	271	294	276
Q17_RENAL_AGENE_OTHER_REDUCT_DEFECTS_KIDNEY	nominal	0.05	1093	261	239	291	302	1082	243	278	281	280
D3_IMMUDEFOTHER	nominal	0.05	1093	242	243	303	305	1065	280	304	242	239
K11_GULC	nominal	0.05	1214	357	351	250	256	1189	291	329	281	288
H7_APHAKIA	nominal	0.05	1026	249	282	232	263	1049	231	283	241	294
K11_GULC	fdr	0.05	201	73	72	28	28	146	33	39	35	39
AB1_SYPHILIS_WIDE	fdr	0.05	121	24	32	33	32	106	24	26	30	26
M13_SPONDYLOPATHINOTH	fdr	0.05	136	52	30	26	28	111	27	20	33	31
H7_APHAKIA	fdr	0.05	108	21	33	21	33	113	27	31	32	23
D3_IMMUDEFOTHER	fdr	0.05	143	33	25	43	42	128	34	35	33	26
Q17_RENAL_AGENE_OTHER_REDUCT_DEFECTS_KIDNEY	fdr	0.05	90	28	15	26	21	97	21	26	27	23
K11_GULC	fdr	0.1	325	110	113	49	53	263	53	70	68	72
D3_IMMUDEFOTHER	fdr	0.1	246	56	49	70	71	238	63	66	58	51
AB1_SYPHILIS_WIDE	fdr	0.1	189	37	55	46	51	203	46	52	54	51
M13_SPONDYLOPATHINOTH	fdr	0.1	232	81	61	47	43	214	46	46	72	50
H7_APHAKIA	fdr	0.1	205	43	60	47	55	195	45	56	52	42
Q17_RENAL_AGENE_OTHER_REDUCT_DEFECTS_KIDNEY	fdr	0.1	166	54	37	36	39	178	40	52	41	45
AB1_SYPHILIS_WIDE	fdr	0.2	411	81	117	102	111	475	106	132	124	113
D3_IMMUDEFOTHER	fdr	0.2	477	103	95	134	145	479	126	126	126	101
K11_GULC	fdr	0.2	594	184	188	117	105	562	128	156	134	144
M13_SPONDYLOPATHINOTH	fdr	0.2	468	155	120	104	89	458	93	112	137	116
Q17_RENAL_AGENE_OTHER_REDUCT_DEFECTS_KIDNEY	fdr	0.2	418	110	95	104	109	441	97	112	109	123
H7_APHAKIA	fdr	0.2	409	92	113	98	106	423	90	127	98	108
D3_IMMUDEFWITHMAJORDEF	nominal	0.05	1054	248	260	258	288	1076	298	253	258	267
Q17_RENAL_AGENE_OTHER_REDUCT_DEFECTS_KIDNEY_WIDE	nominal	0.05	1108	265	262	287	294	1062	239	282	269	272
AB1_TICK_BORNE_ENCEPHALITIS	nominal	0.05	1091	239	273	302	277	1094	274	318	237	265
K11_HAEMORR	nominal	0.05	1468	385	421	300	362	1480	357	384	371	368
H7_ASTIGMATISM	nominal	0.05	1032	247	244	284	257	1095	260	256	295	284
M13_SPONDYLOPATHY	nominal	0.05	1699	485	531	307	376	1673	417	474	387	395
D3_IMMUDEFWITHMAJORDEF	fdr	0.05	108	17	24	33	34	116	38	28	22	28
AB1_TICK_BORNE_ENCEPHALITIS	fdr	0.05	112	20	25	39	28	117	36	33	25	23
K11_HAEMORR	fdr	0.05	284	92	89	44	59	219	48	61	53	57
H7_ASTIGMATISM	fdr	0.05	102	27	28	29	18	110	22	24	35	29
M13_SPONDYLOPATHY	fdr	0.05	349	122	122	36	69	315	90	81	63	81
Q17_RENAL_AGENE_OTHER_REDUCT_DEFECTS_KIDNEY_WIDE	fdr	0.05	122	48	21	27	26	95	19	26	27	23
D3_IMMUDEFWITHMAJORDEF	fdr	0.1	194	39	46	52	57	195	62	50	43	40
AB1_TICK_BORNE_ENCEPHALITIS	fdr	0.1	200	39	53	51	57	190	54	54	38	44
K11_HAEMORR	fdr	0.1	464	139	144	80	101	410	95	116	109	90
H7_ASTIGMATISM	fdr	0.1	180	41	44	52	43	197	38	41	62	56
M13_SPONDYLOPATHY	fdr	0.1	561	177	190	75	119	531	132	156	119	124
Q17_RENAL_AGENE_OTHER_REDUCT_DEFECTS_KIDNEY_WIDE	fdr	0.1	210	79	44	46	41	173	40	48	44	41
D3_IMMUDEFWITHMAJORDEF	fdr	0.2	411	79	105	108	119	425	122	104	105	94
AB1_TICK_BORNE_ENCEPHALITIS	fdr	0.2	427	86	109	111	121	425	107	133	89	96
K11_HAEMORR	fdr	0.2	842	238	255	158	191	865	202	235	214	214
H7_ASTIGMATISM	fdr	0.2	398	97	94	112	95	437	96	96	121	124
M13_SPONDYLOPATHY	fdr	0.2	1008	298	331	163	216	1035	260	294	241	240
Q17_RENAL_AGENE_OTHER_REDUCT_DEFECTS_KIDNEY_WIDE	fdr	0.2	452	124	106	112	110	441	98	121	116	106
D3_IMMUNEMECHANISM	nominal	0.05	1382	316	322	370	374	1384	350	399	315	320
H7_BCKRNDRETINOPAT	nominal	0.05	1157	307	296	300	254	1119	261	252	319	287
K11_HEPFAIL	nominal	0.05	1208	319	323	278	288	1169	258	264	324	323
M13_SPONDYLOPATHYNAS	nominal	0.05	1241	344	354	272	271	1140	288	289	277	286
AB1_TICK_BORNE_ENCEPHALITIS_WIDE	nominal	0.05	1072	223	280	297	272	1068	271	307	255	235
Q17_RVOTO	nominal	0.05	1034	274	242	253	265	1083	269	266	310	238
D3_IMMUNEMECHANISM	fdr	0.05	246	53	49	72	72	232	65	75	43	49
H7_BCKRNDRETINOPAT	fdr	0.05	135	40	34	39	22	123	22	17	39	45
AB1_TICK_BORNE_ENCEPHALITIS_WIDE	fdr	0.05	105	19	26	31	29	120	35	38	21	26
K11_HEPFAIL	fdr	0.05	167	53	33	46	35	156	37	28	51	40
Q17_RVOTO	fdr	0.05	103	24	23	26	30	121	22	31	35	33
M13_SPONDYLOPATHYNAS	fdr	0.05	135	48	42	21	24	123	30	30	28	35
D3_IMMUNEMECHANISM	fdr	0.1	401	85	91	117	108	385	108	115	83	79
H7_BCKRNDRETINOPAT	fdr	0.1	227	60	62	65	40	221	45	40	77	59
AB1_TICK_BORNE_ENCEPHALITIS_WIDE	fdr	0.1	184	32	47	53	52	189	52	62	38	37
M13_SPONDYLOPATHYNAS	fdr	0.1	255	82	79	42	52	236	62	54	58	62
K11_HEPFAIL	fdr	0.1	285	84	71	62	68	261	54	54	82	71
Q17_RVOTO	fdr	0.1	192	45	40	53	54	207	45	52	62	48
D3_IMMUNEMECHANISM	fdr	0.2	758	174	174	200	210	748	193	224	165	166
H7_BCKRNDRETINOPAT	fdr	0.2	494	129	149	128	88	515	111	117	153	134
K11_HEPFAIL	fdr	0.2	560	152	141	132	135	553	107	136	155	155
AB1_TICK_BORNE_ENCEPHALITIS_WIDE	fdr	0.2	400	77	107	110	106	422	114	133	84	91
M13_SPONDYLOPATHYNAS	fdr	0.2	542	160	163	106	113	497	119	112	131	135
Q17_RVOTO	fdr	0.2	384	92	82	110	100	435	106	108	129	92
AB1_TOXOPLASMOSIS	nominal	0.05	1062	260	298	246	258	1172	207	279	370	316
H7_BINOCUMOVNAS	nominal	0.05	1123	289	308	254	272	1164	289	308	298	269
K11_HERING	nominal	0.05	1660	375	414	429	442	1673	405	447	413	408
Q17_SEPTA_DEFEC	nominal	0.05	1176	292	324	277	283	1139	283	263	307	286
D3_INFARCTSPLEEN	nominal	0.05	1137	281	299	304	253	1099	264	253	306	276
M13_SPONDYLOSIS	nominal	0.05	1609	464	498	303	344	1585	421	464	354	346
K11_HERING	fdr	0.05	300	58	70	79	93	343	89	94	83	77
AB1_TOXOPLASMOSIS	fdr	0.05	90	17	31	25	17	116	16	20	41	39
D3_INFARCTSPLEEN	fdr	0.05	140	35	39	38	28	129	33	18	46	32
M13_SPONDYLOSIS	fdr	0.05	318	117	110	41	50	312	94	90	61	67
Q17_SEPTA_DEFEC	fdr	0.05	132	26	39	24	43	119	30	26	25	38
H7_BINOCUMOVNAS	fdr	0.05	93	22	26	24	21	112	28	25	33	26
H7_BINOCUMOVNAS	fdr	0.1	193	46	54	45	48	244	53	61	69	61
K11_HERING	fdr	0.1	529	106	132	139	152	541	125	159	137	120
AB1_TOXOPLASMOSIS	fdr	0.1	167	35	54	43	35	202	28	40	80	54
D3_INFARCTSPLEEN	fdr	0.1	245	61	68	62	54	225	53	45	79	48
M13_SPONDYLOSIS	fdr	0.1	510	167	182	77	84	487	131	161	95	100
Q17_SEPTA_DEFEC	fdr	0.1	234	52	72	46	64	199	48	46	46	59
AB1_TOXOPLASMOSIS	fdr	0.2	435	100	129	104	102	488	74	110	174	130
H7_BINOCUMOVNAS	fdr	0.2	460	130	126	99	105	561	133	154	142	132
K11_HERING	fdr	0.2	1037	236	244	278	279	1042	252	290	259	241
D3_INFARCTSPLEEN	fdr	0.2	500	134	126	124	116	473	109	108	133	123
M13_SPONDYLOSIS	fdr	0.2	936	277	316	161	182	953	256	296	203	198
Q17_SEPTA_DEFEC	fdr	0.2	514	111	146	124	133	462	112	110	118	122
H7_BINOCUMOVOTH	nominal	0.05	1101	290	285	252	274	1143	254	285	321	283
D3_ITP	nominal	0.05	1133	271	283	284	295	1167	287	316	270	294
K11_HERNIA	nominal	0.05	1576	392	426	363	395	1668	403	483	382	400
AB1_TRICHOMONIASIS	nominal	0.05	1203	297	322	279	305	1200	268	321	312	299
Q17_SINGLE_VENTRICLE_HEART	nominal	0.05	1023	256	257	245	265	1000	244	251	252	253
M13_SPONDYLOTRAUM	nominal	0.05	1170	288	294	309	279	1124	264	278	313	269
K11_HERNIA	fdr	0.05	258	65	70	61	62	314	90	100	60	64
H7_BINOCUMOVOTH	fdr	0.05	112	34	26	23	29	140	29	26	48	37
M13_SPONDYLOTRAUM	fdr	0.05	126	31	37	32	26	131	29	24	44	34
Q17_SINGLE_VENTRICLE_HEART	fdr	0.05	83	18	23	20	22	86	13	26	22	25
D3_ITP	fdr	0.05	105	20	20	30	35	144	35	42	36	31
AB1_TRICHOMONIASIS	fdr	0.05	196	61	48	41	46	186	45	47	47	47
K11_HERNIA	fdr	0.1	461	111	135	112	103	503	132	160	115	96
H7_BINOCUMOVOTH	fdr	0.1	208	64	47	43	54	239	49	57	80	53
Q17_SINGLE_VENTRICLE_HEART	fdr	0.1	157	41	40	35	41	150	31	44	35	40
M13_SPONDYLOTRAUM	fdr	0.1	226	53	54	69	50	224	54	48	70	52
D3_ITP	fdr	0.1	202	42	38	53	69	233	54	67	60	52
AB1_TRICHOMONIASIS	fdr	0.1	291	86	75	60	70	288	64	76	81	67
D3_ITP	fdr	0.2	461	105	118	114	124	516	120	126	141	129
K11_HERNIA	fdr	0.2	941	226	257	230	228	1020	258	309	221	232
AB1_TRICHOMONIASIS	fdr	0.2	576	150	162	125	139	550	116	163	143	128
H7_BINOCUMOVOTH	fdr	0.2	435	126	111	94	104	499	95	132	153	119
Q17_SINGLE_VENTRICLE_HEART	fdr	0.2	357	93	89	80	95	346	87	93	85	81
M13_SPONDYLOTRAUM	fdr	0.2	490	105	123	150	112	514	122	118	151	123
M13_SPONTRUPTSYNOTEND	nominal	0.05	1111	280	294	277	260	1121	262	296	281	282
Q17_SPINA_BIFIDA	nominal	0.05	1075	258	287	264	266	1069	239	251	293	286
H7_BINODISTOTH	nominal	0.05	1153	295	344	248	266	1211	319	328	286	278
D3_KELA_IMMUDEF	nominal	0.05	1128	243	278	297	310	1070	256	285	260	269
K11_HYPERTROPHY_TONGUE_PAPILLAE	nominal	0.05	1064	242	249	279	294	1100	264	303	279	254
AB1_TRICHOMONIASIS_WIDE	nominal	0.05	1149	269	307	278	295	1158	266	309	298	285
M13_SPONTRUPTSYNOTEND	fdr	0.05	83	22	19	23	19	102	21	24	33	24
D3_KELA_IMMUDEF	fdr	0.05	135	30	30	38	37	120	36	28	27	29
K11_HYPERTROPHY_TONGUE_PAPILLAE	fdr	0.05	103	28	28	22	25	135	35	26	38	36
H7_BINODISTOTH	fdr	0.05	154	47	51	27	29	181	55	48	35	43
AB1_TRICHOMONIASIS_WIDE	fdr	0.05	153	42	32	42	37	159	44	48	34	33
Q17_SPINA_BIFIDA	fdr	0.05	94	28	30	19	17	89	17	22	26	24
M13_SPONTRUPTSYNOTEND	fdr	0.1	168	37	44	47	40	204	33	51	76	44
D3_KELA_IMMUDEF	fdr	0.1	238	44	62	67	65	217	56	52	58	51
K11_HYPERTROPHY_TONGUE_PAPILLAE	fdr	0.1	203	48	55	44	56	223	57	55	66	45
H7_BINODISTOTH	fdr	0.1	256	74	78	45	59	295	85	75	65	70
AB1_TRICHOMONIASIS_WIDE	fdr	0.1	249	64	65	57	63	252	64	70	62	56
Q17_SPINA_BIFIDA	fdr	0.1	178	48	53	38	39	183	35	42	51	55
M13_SPONTRUPTSYNOTEND	fdr	0.2	413	95	111	116	91	441	87	122	128	104
H7_BINODISTOTH	fdr	0.2	513	139	146	110	118	574	155	158	133	128
D3_KELA_IMMUDEF	fdr	0.2	487	90	127	136	134	440	105	123	113	99
K11_HYPERTROPHY_TONGUE_PAPILLAE	fdr	0.2	431	94	107	108	122	476	108	138	127	103
AB1_TRICHOMONIASIS_WIDE	fdr	0.2	517	120	142	122	133	534	123	153	129	129
Q17_SPINA_BIFIDA	fdr	0.2	420	104	119	100	97	445	88	115	122	120
AB1_TUBERCULOSIS	nominal	0.05	1096	268	300	272	256	1038	231	268	266	273
H7_BLEPHAROCHALASIS	nominal	0.05	1426	386	407	328	305	1454	362	386	367	339
M13_SYNOHYPERTROPH	nominal	0.05	1040	267	246	264	263	1110	250	283	305	272
Q17_SUPERNUMERARY_URETER	nominal	0.05	1062	263	263	262	274	1101	275	254	273	299
K11_HYPOPLASIA_ENAMEL	nominal	0.05	1057	264	290	269	234	1080	263	297	272	248
D3_NEFELOF	nominal	0.05	1053	290	270	244	249	1093	277	277	272	267
H7_BLEPHAROCHALASIS	fdr	0.05	246	87	71	39	49	239	60	55	62	62
AB1_TUBERCULOSIS	fdr	0.05	97	24	18	30	25	111	21	28	26	36
D3_NEFELOF	fdr	0.05	122	49	31	22	20	121	36	27	39	19
K11_HYPOPLASIA_ENAMEL	fdr	0.05	103	27	18	30	28	111	24	30	30	27
M13_SYNOHYPERTROPH	fdr	0.05	90	34	17	23	16	107	27	22	35	23
Q17_SUPERNUMERARY_URETER	fdr	0.05	75	25	15	11	24	116	24	31	28	33
AB1_TUBERCULOSIS	fdr	0.1	198	48	48	57	45	208	41	62	56	49
H7_BLEPHAROCHALASIS	fdr	0.1	434	140	136	78	80	444	102	119	112	111
M13_SYNOHYPERTROPH	fdr	0.1	165	52	33	41	39	205	48	55	64	38
Q17_SUPERNUMERARY_URETER	fdr	0.1	154	47	28	26	53	189	42	51	44	52
K11_HYPOPLASIA_ENAMEL	fdr	0.1	197	48	51	53	45	203	41	58	49	55
D3_NEFELOF	fdr	0.1	224	78	57	44	45	215	55	62	59	39
AB1_TUBERCULOSIS	fdr	0.2	443	103	128	114	98	460	92	132	113	123
H7_BLEPHAROCHALASIS	fdr	0.2	800	244	245	161	150	847	199	235	223	190
M13_SYNOHYPERTROPH	fdr	0.2	386	105	96	95	90	473	106	117	144	106
Q17_SUPERNUMERARY_URETER	fdr	0.2	400	108	87	95	110	434	98	106	99	131
K11_HYPOPLASIA_ENAMEL	fdr	0.2	469	111	118	129	111	477	112	133	126	106
D3_NEFELOF	fdr	0.2	442	132	117	100	93	475	121	124	131	99
AB1_TUBERCU_MILIARY	nominal	0.05	1084	267	276	266	275	1050	225	288	264	273
Q17_SYNDACTYLY	nominal	0.05	1124	244	285	284	311	1139	258	271	303	307
M13_SYNOTEND	nominal	0.05	1431	421	428	285	297	1446	369	367	346	364
H7_BLINDANDVISIMPAIRMENT	nominal	0.05	1084	284	286	280	234	1207	271	281	357	298
K11_HYPOPLASIA_ENAMEL_INCLAVO	nominal	0.05	1090	273	269	281	267	1163	302	310	293	258
D3_NOCT_HAEMOGLOBINURIA	nominal	0.05	1069	249	286	262	272	1078	254	320	256	248
H7_BLINDANDVISIMPAIRMENT	fdr	0.05	102	28	32	22	20	124	19	23	45	37
Q17_SYNDACTYLY	fdr	0.05	119	27	30	31	31	126	32	22	37	35
K11_HYPOPLASIA_ENAMEL_INCLAVO	fdr	0.05	128	26	21	40	41	161	44	47	34	36
M13_SYNOTEND	fdr	0.05	265	105	78	39	43	260	73	70	54	63
AB1_TUBERCU_MILIARY	fdr	0.05	136	39	31	33	33	111	30	32	22	27
D3_NOCT_HAEMOGLOBINURIA	fdr	0.05	142	30	29	32	51	127	36	36	23	32
AB1_TUBERCU_MILIARY	fdr	0.1	232	58	60	50	64	214	53	58	50	53
H7_BLINDANDVISIMPAIRMENT	fdr	0.1	196	47	61	44	44	232	33	50	86	63
M13_SYNOTEND	fdr	0.1	438	146	130	79	83	427	114	114	98	101
K11_HYPOPLASIA_ENAMEL_INCLAVO	fdr	0.1	213	52	38	61	62	247	61	78	54	54
Q17_SYNDACTYLY	fdr	0.1	212	51	52	56	53	217	50	39	69	59
D3_NOCT_HAEMOGLOBINURIA	fdr	0.1	227	54	47	56	70	228	61	66	48	53
AB1_TUBERCU_MILIARY	fdr	0.2	466	116	121	108	121	456	107	117	114	118
Q17_SYNDACTYLY	fdr	0.2	468	94	114	123	137	500	113	109	139	139
M13_SYNOTEND	fdr	0.2	813	242	253	151	167	841	213	219	205	204
H7_BLINDANDVISIMPAIRMENT	fdr	0.2	449	111	134	108	96	536	108	121	172	135
K11_HYPOPLASIA_ENAMEL_INCLAVO	fdr	0.2	455	112	101	123	119	483	126	132	128	97
D3_NOCT_HAEMOGLOBINURIA	fdr	0.2	464	116	117	103	128	461	121	136	98	106
M13_SYNOTENDINOTH	nominal	0.05	1126	259	287	291	289	1086	294	280	258	254
AB1_TUBERCU_OTH_ORG	nominal	0.05	1123	288	320	259	256	1126	262	261	291	312
D3_NONAIHA_OTHER	nominal	0.05	1083	251	258	293	281	1113	256	256	315	286
K11_HYPOPLASIA_ENAMEL_PRENATAL	nominal	0.05	1006	235	225	266	280	987	259	242	253	233
Q17_SYNDACTYLY_WIDE	nominal	0.05	1020	238	275	244	263	1061	234	244	290	293
H7_BLINDMONOCULAR	nominal	0.05	1085	297	290	233	265	1133	264	270	322	277
AB1_TUBERCU_OTH_ORG	fdr	0.05	127	44	35	24	24	134	22	34	36	42
K11_HYPOPLASIA_ENAMEL_PRENATAL	fdr	0.05	110	23	20	36	31	109	19	25	32	33
D3_NONAIHA_OTHER	fdr	0.05	90	24	14	23	29	104	23	24	30	27
H7_BLINDMONOCULAR	fdr	0.05	123	28	37	22	36	101	23	24	24	30
Q17_SYNDACTYLY_WIDE	fdr	0.05	84	26	24	16	18	99	20	23	28	28
M13_SYNOTENDINOTH	fdr	0.05	133	24	25	41	43	142	45	34	30	33
M13_SYNOTENDINOTH	fdr	0.1	202	35	42	53	72	217	69	47	49	52
AB1_TUBERCU_OTH_ORG	fdr	0.1	230	66	73	45	46	237	41	61	66	69
K11_HYPOPLASIA_ENAMEL_PRENATAL	fdr	0.1	176	35	35	54	52	168	30	34	60	44
D3_NONAIHA_OTHER	fdr	0.1	203	51	30	62	60	205	44	47	60	54
Q17_SYNDACTYLY_WIDE	fdr	0.1	158	43	46	33	36	185	37	39	59	50
H7_BLINDMONOCULAR	fdr	0.1	223	61	61	43	58	207	45	52	58	52
M13_SYNOTENDINOTH	fdr	0.2	437	94	92	115	136	488	139	127	118	104
AB1_TUBERCU_OTH_ORG	fdr	0.2	475	127	142	99	107	488	92	125	127	144
H7_BLINDMONOCULAR	fdr	0.2	456	125	116	101	114	485	115	116	140	114
D3_NONAIHA_OTHER	fdr	0.2	457	103	88	138	128	465	98	106	126	135
K11_HYPOPLASIA_ENAMEL_PRENATAL	fdr	0.2	364	65	78	108	113	360	89	80	108	83
Q17_SYNDACTYLY_WIDE	fdr	0.2	388	94	102	105	87	424	92	82	131	119
H7_BULLKERATOPATHY	nominal	0.05	1057	282	256	233	286	1073	247	263	276	287
Q17_TETRALOGY_OF_FALLOT	nominal	0.05	1144	265	279	286	314	1155	275	278	290	312
D3_NONHEREDHYPOGAMMA	nominal	0.05	1089	259	244	300	286	1090	296	272	274	248
M13_SYSTCONINOTH	nominal	0.05	1241	331	292	305	313	1197	320	313	297	267
AB1_TULARAEMIA	nominal	0.05	1075	250	232	297	296	1129	260	293	312	264
K11_HYPOPLASIA_ENAMEL_PRENATAL_INCLAVO	nominal	0.05	1110	268	258	277	307	1103	276	290	283	254
AB1_TULARAEMIA	fdr	0.05	137	35	32	33	37	152	35	34	40	43
M13_SYSTCONINOTH	fdr	0.05	164	50	28	37	49	165	46	43	39	37
K11_HYPOPLASIA_ENAMEL_PRENATAL_INCLAVO	fdr	0.05	153	32	19	46	56	120	27	27	34	32
H7_BULLKERATOPATHY	fdr	0.05	111	24	25	33	29	93	16	23	23	31
Q17_TETRALOGY_OF_FALLOT	fdr	0.05	139	28	27	40	44	159	41	31	39	48
D3_NONHEREDHYPOGAMMA	fdr	0.05	87	22	23	22	20	115	34	19	35	27
Q17_TETRALOGY_OF_FALLOT	fdr	0.1	233	48	48	60	77	248	61	56	60	71
M13_SYSTCONINOTH	fdr	0.1	296	92	59	60	85	284	79	78	69	58
AB1_TULARAEMIA	fdr	0.1	219	53	43	56	67	238	54	56	68	60
K11_HYPOPLASIA_ENAMEL_PRENATAL_INCLAVO	fdr	0.1	251	54	44	71	82	215	50	57	58	50
H7_BULLKERATOPATHY	fdr	0.1	198	52	47	51	48	190	37	43	55	55
D3_NONHEREDHYPOGAMMA	fdr	0.1	196	47	43	55	51	216	63	41	59	53
H7_BULLKERATOPATHY	fdr	0.2	426	121	95	102	108	433	92	101	119	121
Q17_TETRALOGY_OF_FALLOT	fdr	0.2	482	102	112	126	142	490	117	120	114	139
D3_NONHEREDHYPOGAMMA	fdr	0.2	434	104	97	125	108	474	134	106	124	110
M13_SYSTCONINOTH	fdr	0.2	568	160	137	126	145	556	153	153	138	112
AB1_TULARAEMIA	fdr	0.2	450	106	91	118	135	483	113	119	134	117
K11_HYPOPLASIA_ENAMEL_PRENATAL_INCLAVO	fdr	0.2	489	105	109	128	147	473	114	127	120	112
AB1_TULARAEMIA_WIDE	nominal	0.05	1089	246	251	290	302	1168	285	270	314	299
H7_CATARACTOTHER	nominal	0.05	1408	365	358	335	350	1435	323	335	380	397
Q17_TRISOMY_21_DUE_TO_MEIOTIC_NONDISJUNCTION	nominal	0.05	1016	257	259	250	250	1043	265	305	238	235
D3_NUTRIANAEMIAOTHER	nominal	0.05	1123	275	271	277	300	1124	254	307	280	283
K11_HYPO_ONLY	nominal	0.05	1139	295	334	244	266	1180	284	321	279	296
M13_SYSTCONNECT	nominal	0.05	1311	325	359	314	313	1280	292	325	334	329
H7_CATARACTOTHER	fdr	0.05	237	76	57	61	43	237	50	42	73	72
K11_HYPO_ONLY	fdr	0.05	106	31	31	22	22	135	37	31	29	38
AB1_TULARAEMIA_WIDE	fdr	0.05	146	44	35	32	35	150	42	36	37	35
M13_SYSTCONNECT	fdr	0.05	234	78	60	46	50	176	34	35	51	56
Q17_TRISOMY_21_DUE_TO_MEIOTIC_NONDISJUNCTION	fdr	0.05	93	24	30	21	18	91	28	27	16	20
D3_NUTRIANAEMIAOTHER	fdr	0.05	155	25	40	42	48	149	35	43	27	44
H7_CATARACTOTHER	fdr	0.1	394	104	98	100	92	391	81	83	121	106
K11_HYPO_ONLY	fdr	0.1	179	48	53	35	43	236	62	57	52	65
AB1_TULARAEMIA_WIDE	fdr	0.1	237	63	53	58	63	258	64	51	71	72
M13_SYSTCONNECT	fdr	0.1	376	109	99	83	85	314	62	73	88	91
D3_NUTRIANAEMIAOTHER	fdr	0.1	249	54	64	60	71	241	56	71	51	63
Q17_TRISOMY_21_DUE_TO_MEIOTIC_NONDISJUNCTION	fdr	0.1	175	41	54	39	41	192	49	57	45	41
H7_CATARACTOTHER	fdr	0.2	770	191	200	192	187	826	184	194	228	220
Q17_TRISOMY_21_DUE_TO_MEIOTIC_NONDISJUNCTION	fdr	0.2	404	101	108	101	94	438	125	121	103	89
D3_NUTRIANAEMIAOTHER	fdr	0.2	497	108	131	121	137	496	111	139	117	129
K11_HYPO_ONLY	fdr	0.2	467	126	142	94	105	494	122	131	117	124
AB1_TULARAEMIA_WIDE	fdr	0.2	466	116	108	114	128	513	120	121	145	127
M13_SYSTCONNECT	fdr	0.2	695	190	193	153	159	650	136	165	173	176
H7_CATARACTSENILE	nominal	0.05	1488	369	387	358	374	1544	375	391	398	380
K11_IBD_STRICT	nominal	0.05	1528	331	346	415	436	1628	382	419	413	414
Q17_TUBEROUS_SCLEROSIS	nominal	0.05	1080	276	299	263	242	1126	247	285	300	294
AB1_TYPHOIDPARATHYPHOID	nominal	0.05	1079	288	286	238	267	1118	290	324	254	250
M13_SYSTSLCE	nominal	0.05	1093	300	274	263	256	1089	252	295	267	275
D3_OTHDISLYMPHORETANDRETICULOHIST	nominal	0.05	1112	267	268	289	288	1028	261	277	245	245
H7_CATARACTSENILE	fdr	0.05	281	98	59	66	58	283	70	68	70	75
K11_IBD_STRICT	fdr	0.05	303	59	69	91	84	343	66	92	79	106
Q17_TUBEROUS_SCLEROSIS	fdr	0.05	111	24	38	24	25	127	25	28	31	43
D3_OTHDISLYMPHORETANDRETICULOHIST	fdr	0.05	106	23	19	26	38	105	26	21	30	28
M13_SYSTSLCE	fdr	0.05	121	40	31	25	25	109	30	25	22	32
AB1_TYPHOIDPARATHYPHOID	fdr	0.05	69	19	24	14	12	104	33	32	17	22
H7_CATARACTSENILE	fdr	0.1	451	136	104	104	107	473	119	121	112	121
K11_IBD_STRICT	fdr	0.1	499	114	109	143	133	560	117	145	145	153
Q17_TUBEROUS_SCLEROSIS	fdr	0.1	203	43	64	47	49	205	44	43	51	67
D3_OTHDISLYMPHORETANDRETICULOHIST	fdr	0.1	176	37	38	43	58	179	42	44	50	43
M13_SYSTSLCE	fdr	0.1	207	60	56	45	46	201	57	54	40	50
AB1_TYPHOIDPARATHYPHOID	fdr	0.1	142	32	44	35	31	191	51	59	37	44
H7_CATARACTSENILE	fdr	0.2	823	214	204	209	196	921	215	245	233	228
K11_IBD_STRICT	fdr	0.2	909	195	206	252	256	1018	231	262	271	254
Q17_TUBEROUS_SCLEROSIS	fdr	0.2	442	111	127	106	98	468	96	112	133	127
AB1_TYPHOIDPARATHYPHOID	fdr	0.2	363	94	114	76	79	423	116	129	85	93
D3_OTHDISLYMPHORETANDRETICULOHIST	fdr	0.2	404	91	102	106	105	399	96	114	101	88
M13_SYSTSLCE	fdr	0.2	441	114	121	104	102	447	113	128	97	109
Q17_UNDESCENDED_TESTIS_UNILATERAL	nominal	0.05	1085	286	304	251	244	1104	257	283	290	274
D3_OTHERAPLASTICANAEMIA	nominal	0.05	1146	246	291	286	323	1075	229	306	263	277
H7_CENTRRETARTOCC	nominal	0.05	1108	281	277	271	279	1077	234	267	286	290
AB1_TYPHOIDPARATHYPHOID_WIDE	nominal	0.05	1072	284	265	258	265	1093	257	288	278	270
M13_TAKAYASU	nominal	0.05	1006	260	263	230	253	1181	272	265	331	313
K11_IBD_STRICT_PSC	nominal	0.05	1205	315	310	290	290	1216	276	300	315	325
M13_TAKAYASU	fdr	0.05	99	24	23	20	32	142	30	21	42	49
D3_OTHERAPLASTICANAEMIA	fdr	0.05	118	27	39	21	31	103	25	29	23	26
K11_IBD_STRICT_PSC	fdr	0.05	179	68	52	28	31	167	30	37	45	55
H7_CENTRRETARTOCC	fdr	0.05	115	35	34	20	26	118	24	30	32	32
Q17_UNDESCENDED_TESTIS_UNILATERAL	fdr	0.05	107	42	40	14	11	118	31	27	29	31
AB1_TYPHOIDPARATHYPHOID_WIDE	fdr	0.05	100	34	29	14	23	94	30	21	18	25
Q17_UNDESCENDED_TESTIS_UNILATERAL	fdr	0.1	210	69	73	32	36	205	55	46	56	48
D3_OTHERAPLASTICANAEMIA	fdr	0.1	213	49	60	45	59	183	42	56	45	40
H7_CENTRRETARTOCC	fdr	0.1	227	54	67	49	57	208	41	54	58	55
M13_TAKAYASU	fdr	0.1	180	47	47	40	46	240	48	46	73	73
K11_IBD_STRICT_PSC	fdr	0.1	299	98	83	55	63	291	51	69	88	83
AB1_TYPHOIDPARATHYPHOID_WIDE	fdr	0.1	173	55	49	30	39	184	49	49	42	44
Q17_UNDESCENDED_TESTIS_UNILATERAL	fdr	0.2	443	131	128	92	92	465	105	120	126	114
D3_OTHERAPLASTICANAEMIA	fdr	0.2	459	99	130	103	127	421	88	128	106	99
H7_CENTRRETARTOCC	fdr	0.2	494	120	135	107	132	461	106	113	121	121
M13_TAKAYASU	fdr	0.2	419	101	110	101	107	528	116	121	142	149
K11_IBD_STRICT_PSC	fdr	0.2	559	164	155	129	111	576	124	136	162	154
AB1_TYPHOIDPARATHYPHOID_WIDE	fdr	0.2	385	112	99	89	85	418	110	109	106	93
K11_IBS	nominal	0.05	1264	336	348	294	286	1324	353	351	326	294
M13_TEMPARTERIT	nominal	0.05	1204	263	292	313	336	1125	242	275	293	315
Q17_UNDES_TESTICLE	nominal	0.05	1103	278	296	271	258	1130	283	275	292	280
AB1_VARICELLA	nominal	0.05	1053	228	245	279	301	1072	238	240	300	294
D3_OTHERBLOOD	nominal	0.05	1172	295	317	269	291	1174	279	313	307	275
H7_CHALAZION	nominal	0.05	1167	321	334	257	255	1218	331	334	284	269
Q17_UNDES_TESTICLE	fdr	0.05	124	46	34	29	15	126	32	25	37	32
AB1_VARICELLA	fdr	0.05	148	31	31	44	42	122	34	28	30	30
H7_CHALAZION	fdr	0.05	131	37	46	22	26	177	48	50	41	38
K11_IBS	fdr	0.05	188	56	57	38	37	213	58	57	53	45
M13_TEMPARTERIT	fdr	0.05	149	24	29	43	53	145	28	20	42	55
D3_OTHERBLOOD	fdr	0.05	140	41	47	20	32	135	30	29	38	38
Q17_UNDES_TESTICLE	fdr	0.1	226	81	58	48	39	237	64	57	63	53
AB1_VARICELLA	fdr	0.1	230	53	44	66	67	217	50	51	61	55
H7_CHALAZION	fdr	0.1	240	66	74	53	47	299	83	85	69	62
K11_IBS	fdr	0.1	315	82	91	73	69	366	97	105	88	76
M13_TEMPARTERIT	fdr	0.1	249	42	57	65	85	251	42	50	72	87
D3_OTHERBLOOD	fdr	0.1	242	64	74	42	62	255	56	66	66	67
Q17_UNDES_TESTICLE	fdr	0.2	464	137	135	98	94	491	116	113	141	121
AB1_VARICELLA	fdr	0.2	409	93	86	117	113	429	96	99	119	115
H7_CHALAZION	fdr	0.2	512	144	158	109	101	586	168	162	138	118
K11_IBS	fdr	0.2	611	157	180	133	141	695	185	200	166	144
M13_TEMPARTERIT	fdr	0.2	508	106	113	130	159	488	87	116	134	151
D3_OTHERBLOOD	fdr	0.2	525	126	158	108	133	557	124	155	141	137
K11_ILEUS	nominal	0.05	1141	295	304	264	278	1206	294	326	299	287
M13_TENDONCONTRACT	nominal	0.05	1155	340	306	258	251	1063	283	263	258	259
D3_OTHERWHITECELL	nominal	0.05	1147	267	258	303	319	1205	278	336	307	284
H7_CHORDETACH	nominal	0.05	1105	315	274	261	255	1108	267	271	283	287
AB1_VARICELLA_WIDE	nominal	0.05	1080	253	247	270	310	1102	247	265	291	299
Q17_UNICORNUATE_UTERUS	nominal	0.05	1045	267	272	246	260	1046	239	301	256	250
K11_ILEUS	fdr	0.05	123	31	44	24	24	163	33	32	42	56
AB1_VARICELLA_WIDE	fdr	0.05	148	29	30	45	44	122	29	30	34	29
Q17_UNICORNUATE_UTERUS	fdr	0.05	116	27	25	30	34	137	43	42	24	28
M13_TENDONCONTRACT	fdr	0.05	161	62	47	26	26	118	29	25	32	32
H7_CHORDETACH	fdr	0.05	128	36	23	34	35	134	33	26	36	39
D3_OTHERWHITECELL	fdr	0.05	131	39	15	35	42	167	38	56	41	32
K11_ILEUS	fdr	0.1	232	70	71	51	40	297	60	83	69	85
D3_OTHERWHITECELL	fdr	0.1	225	57	38	57	73	264	61	88	63	52
H7_CHORDETACH	fdr	0.1	230	68	52	61	49	237	58	57	64	58
AB1_VARICELLA_WIDE	fdr	0.1	223	51	45	61	66	214	49	57	57	51
M13_TENDONCONTRACT	fdr	0.1	251	89	71	50	41	198	52	50	52	44
Q17_UNICORNUATE_UTERUS	fdr	0.1	198	46	48	46	58	223	63	71	45	44
K11_ILEUS	fdr	0.2	463	128	124	106	105	553	120	158	135	140
D3_OTHERWHITECELL	fdr	0.2	477	107	102	131	137	553	130	175	127	121
H7_CHORDETACH	fdr	0.2	474	132	109	123	110	498	116	122	134	126
M13_TENDONCONTRACT	fdr	0.2	509	159	142	107	101	431	119	110	111	91
AB1_VARICELLA_WIDE	fdr	0.2	425	99	94	119	113	463	103	116	118	126
Q17_UNICORNUATE_UTERUS	fdr	0.2	424	97	104	108	115	468	119	140	108	101
M13_TENDOSYNOVITISNAS	nominal	0.05	1163	299	316	267	281	1240	284	313	323	320
Q17_VACTREL	nominal	0.05	1081	247	269	291	274	1121	292	266	291	272
AB1_VIRAAL_CONJUNCT	nominal	0.05	1098	291	288	267	252	1053	230	259	290	274
D3_OTHHAEMOGLOPAT	nominal	0.05	1057	284	258	252	263	1140	293	310	284	253
K11_IMPACT	nominal	0.05	1123	275	263	286	299	1087	246	250	304	287
H7_CHORHAEMORRHAGE	nominal	0.05	1084	245	253	286	300	1084	255	292	268	269
D3_OTHHAEMOGLOPAT	fdr	0.05	106	27	19	23	37	119	31	32	24	32
H7_CHORHAEMORRHAGE	fdr	0.05	123	15	28	38	42	142	32	36	32	42
K11_IMPACT	fdr	0.05	121	25	27	33	36	110	27	15	32	36
AB1_VIRAAL_CONJUNCT	fdr	0.05	109	43	32	14	20	94	23	14	32	25
M13_TENDOSYNOVITISNAS	fdr	0.05	155	42	46	31	36	151	32	31	39	49
Q17_VACTREL	fdr	0.05	116	21	20	47	28	119	39	22	29	29
D3_OTHHAEMOGLOPAT	fdr	0.1	191	45	39	51	56	226	52	62	56	56
K11_IMPACT	fdr	0.1	221	49	60	50	62	208	46	36	63	63
H7_CHORHAEMORRHAGE	fdr	0.1	210	39	45	59	67	243	54	67	61	61
M13_TENDOSYNOVITISNAS	fdr	0.1	261	66	79	44	72	283	55	66	79	83
AB1_VIRAAL_CONJUNCT	fdr	0.1	207	66	63	29	49	190	45	39	66	40
Q17_VACTREL	fdr	0.1	203	42	35	72	54	210	57	44	56	53
M13_TENDOSYNOVITISNAS	fdr	0.2	506	139	138	103	126	604	129	146	167	162
D3_OTHHAEMOGLOPAT	fdr	0.2	408	108	86	103	111	495	123	144	114	114
K11_IMPACT	fdr	0.2	484	118	120	116	130	462	108	90	141	123
H7_CHORHAEMORRHAGE	fdr	0.2	455	103	100	120	132	486	117	131	121	117
Q17_VACTREL	fdr	0.2	447	94	99	131	123	483	128	106	129	120
AB1_VIRAAL_CONJUNCT	fdr	0.2	461	136	135	97	93	410	85	97	130	98
AB1_VIRAAL_CONJUNCT_WIDE	nominal	0.05	1148	312	297	269	270	1171	273	273	317	308
M13_THORACISPINEPAIN	nominal	0.05	1171	312	359	233	267	1179	276	331	285	287
H7_CHORIORETINFLAM	nominal	0.05	1150	319	287	269	275	1175	273	254	332	316
D3_OTHNONTHROMBOCYTOPENPURPURA	nominal	0.05	1138	281	302	278	277	1131	281	305	263	282
K11_IMPACTED_TEETH	nominal	0.05	1221	286	293	300	342	1191	320	320	279	272
Q17_VACTREL_WIDE	nominal	0.05	1062	248	261	281	272	1117	284	259	290	284
M13_THORACISPINEPAIN	fdr	0.05	158	58	47	33	20	175	42	51	39	43
H7_CHORIORETINFLAM	fdr	0.05	123	40	41	25	17	138	23	26	44	45
D3_OTHNONTHROMBOCYTOPENPURPURA	fdr	0.05	128	32	30	32	34	144	50	35	30	29
K11_IMPACTED_TEETH	fdr	0.05	159	26	39	31	63	136	39	48	31	18
AB1_VIRAAL_CONJUNCT_WIDE	fdr	0.05	132	51	38	18	25	133	30	22	36	45
Q17_VACTREL_WIDE	fdr	0.05	114	16	18	46	34	106	31	21	22	32
M13_THORACISPINEPAIN	fdr	0.1	283	93	86	53	51	285	62	92	64	67
D3_OTHNONTHROMBOCYTOPENPURPURA	fdr	0.1	232	57	57	58	60	235	69	61	51	54
H7_CHORIORETINFLAM	fdr	0.1	232	71	69	44	48	262	50	56	84	72
K11_IMPACTED_TEETH	fdr	0.1	282	53	72	54	103	255	68	82	59	46
AB1_VIRAAL_CONJUNCT_WIDE	fdr	0.1	240	87	64	37	52	236	47	50	75	64
Q17_VACTREL_WIDE	fdr	0.1	201	38	34	75	54	204	52	46	52	54
AB1_VIRAAL_CONJUNCT_WIDE	fdr	0.2	482	143	132	101	106	458	105	95	140	118
M13_THORACISPINEPAIN	fdr	0.2	550	160	173	107	110	569	116	179	144	130
D3_OTHNONTHROMBOCYTOPENPURPURA	fdr	0.2	494	129	125	116	124	506	127	129	124	126
H7_CHORIORETINFLAM	fdr	0.2	483	137	124	113	109	562	115	123	169	155
K11_IMPACTED_TEETH	fdr	0.2	538	113	127	136	162	520	135	157	120	108
Q17_VACTREL_WIDE	fdr	0.2	442	91	97	128	126	475	119	108	128	120
K11_INTESTOTH	nominal	0.05	1423	381	408	314	320	1522	394	436	343	349
M13_TIBIALCOLLATERAL	nominal	0.05	1148	298	294	304	252	1120	286	281	283	270
Q17_VENTRICULAR_SEPTAL_DEFECT	nominal	0.05	1116	279	298	261	278	1119	306	292	293	228
AB1_VIRAL_CNS	nominal	0.05	1037	255	241	270	271	1046	244	277	273	252
H7_CHORNAS	nominal	0.05	1031	250	284	254	243	1064	253	261	289	261
D3_OTHPRIMTHROMBOCYTOPENIA	nominal	0.05	1103	244	289	270	300	1175	289	324	284	278
K11_INTESTOTH	fdr	0.05	212	56	78	40	38	241	61	72	57	51
AB1_VIRAL_CNS	fdr	0.05	144	26	31	37	50	124	33	31	34	26
Q17_VENTRICULAR_SEPTAL_DEFECT	fdr	0.05	106	23	24	24	35	131	34	35	30	32
M13_TIBIALCOLLATERAL	fdr	0.05	128	32	35	42	19	138	39	33	35	31
D3_OTHPRIMTHROMBOCYTOPENIA	fdr	0.05	126	34	24	35	33	137	34	36	34	33
H7_CHORNAS	fdr	0.05	100	31	39	17	13	97	29	18	27	23
H7_CHORNAS	fdr	0.1	194	52	66	42	34	188	44	44	55	45
K11_INTESTOTH	fdr	0.1	384	110	133	73	68	439	100	142	95	102
AB1_VIRAL_CNS	fdr	0.1	222	49	50	58	65	218	50	62	62	44
M13_TIBIALCOLLATERAL	fdr	0.1	227	57	62	67	41	252	63	62	75	52
Q17_VENTRICULAR_SEPTAL_DEFECT	fdr	0.1	196	47	40	47	62	222	60	63	51	48
D3_OTHPRIMTHROMBOCYTOPENIA	fdr	0.1	222	54	46	57	65	252	56	71	68	57
K11_INTESTOTH	fdr	0.2	768	212	232	156	168	879	214	268	194	203
Q17_VENTRICULAR_SEPTAL_DEFECT	fdr	0.2	500	114	132	108	146	542	135	151	139	117
H7_CHORNAS	fdr	0.2	428	104	129	104	91	428	106	104	122	96
D3_OTHPRIMTHROMBOCYTOPENIA	fdr	0.2	486	113	108	137	128	533	119	141	144	129
AB1_VIRAL_CNS	fdr	0.2	425	103	100	111	111	443	104	113	117	109
M13_TIBIALCOLLATERAL	fdr	0.2	467	127	123	131	86	499	118	121	137	123
K11_INTUSS	nominal	0.05	1052	246	275	261	270	1118	274	313	266	265
R18_ANOREXIA	nominal	0.05	1051	243	257	280	271	1078	282	290	262	244
M13_TIETZE	nominal	0.05	1055	260	282	256	257	1082	286	296	228	272
H7_CHOROIDOTH	nominal	0.05	1021	244	264	253	260	1093	258	283	271	281
AB1_VIRAL_CNS_WIDE	nominal	0.05	1035	254	235	276	270	1013	242	270	267	234
D3_PURPURA_AND3_OTHER_HAEMORRHAGIC	nominal	0.05	1138	313	266	279	280	1147	316	309	267	255
K11_INTUSS	fdr	0.05	92	16	15	28	33	123	37	36	19	31
R18_ANOREXIA	fdr	0.05	112	25	30	29	28	126	40	29	24	33
M13_TIETZE	fdr	0.05	133	50	34	26	23	137	38	36	19	44
AB1_VIRAL_CNS_WIDE	fdr	0.05	142	27	28	36	51	116	29	31	31	25
D3_PURPURA_AND3_OTHER_HAEMORRHAGIC	fdr	0.05	152	54	35	29	34	129	40	23	34	32
H7_CHOROIDOTH	fdr	0.05	93	22	24	23	24	107	23	20	32	32
K11_INTUSS	fdr	0.1	176	37	38	51	50	224	66	66	36	56
R18_ANOREXIA	fdr	0.1	210	48	51	59	52	240	72	57	48	63
M13_TIETZE	fdr	0.1	211	69	49	52	41	223	62	57	42	62
H7_CHOROIDOTH	fdr	0.1	178	40	49	44	45	193	41	48	51	53
AB1_VIRAL_CNS_WIDE	fdr	0.1	213	39	47	61	66	201	46	53	56	46
D3_PURPURA_AND3_OTHER_HAEMORRHAGIC	fdr	0.1	268	83	57	67	61	246	73	53	66	54
K11_INTUSS	fdr	0.2	437	100	101	123	113	494	126	144	106	118
R18_ANOREXIA	fdr	0.2	433	102	91	132	108	463	130	122	103	108
M13_TIETZE	fdr	0.2	410	117	116	93	84	440	113	122	93	112
H7_CHOROIDOTH	fdr	0.2	375	79	100	93	103	426	91	109	120	106
AB1_VIRAL_CNS_WIDE	fdr	0.2	456	101	103	124	128	443	111	115	118	99
D3_PURPURA_AND3_OTHER_HAEMORRHAGIC	fdr	0.2	523	139	116	136	132	517	142	130	146	99
H7_CHOROIDRETINA	nominal	0.05	1258	314	317	339	288	1372	318	313	375	366
R18_MALAI_FATIG	nominal	0.05	1290	332	368	286	304	1261	314	318	323	306
AB1_VIRAL_ENCEPHALITIS_NOS	nominal	0.05	1085	255	260	284	286	1011	245	251	250	265
K11_LICHEN_PLANUS_WIDE	nominal	0.05	1319	326	349	319	325	1410	347	386	352	325
D3_QUALIPATELETDEF	nominal	0.05	1087	266	257	283	281	1164	330	322	265	247
M13_TOEDEFORMOTH	nominal	0.05	1182	292	300	275	315	1214	296	349	302	267
H7_CHOROIDRETINA	fdr	0.05	167	47	40	41	39	232	64	41	70	57
AB1_VIRAL_ENCEPHALITIS_NOS	fdr	0.05	138	37	38	28	35	126	31	35	29	31
M13_TOEDEFORMOTH	fdr	0.05	147	35	29	38	45	166	50	55	29	32
R18_MALAI_FATIG	fdr	0.05	222	77	73	35	37	178	34	42	52	50
D3_QUALIPATELETDEF	fdr	0.05	119	16	21	42	40	137	45	41	25	26
K11_LICHEN_PLANUS_WIDE	fdr	0.05	188	46	55	44	43	237	61	79	50	47
H7_CHOROIDRETINA	fdr	0.1	304	68	83	82	71	390	99	80	115	96
AB1_VIRAL_ENCEPHALITIS_NOS	fdr	0.1	229	61	63	49	56	211	45	59	46	61
M13_TOEDEFORMOTH	fdr	0.1	261	56	70	64	71	259	59	85	61	54
R18_MALAI_FATIG	fdr	0.1	348	105	113	63	67	325	68	91	86	80
K11_LICHEN_PLANUS_WIDE	fdr	0.1	319	83	89	68	79	388	98	120	93	77
D3_QUALIPATELETDEF	fdr	0.1	218	39	41	71	67	231	79	68	41	43
H7_CHOROIDRETINA	fdr	0.2	606	148	153	159	146	733	172	154	216	191
R18_MALAI_FATIG	fdr	0.2	656	180	194	142	140	640	151	172	176	141
AB1_VIRAL_ENCEPHALITIS_NOS	fdr	0.2	461	123	109	114	115	443	113	113	100	117
D3_QUALIPATELETDEF	fdr	0.2	455	94	100	134	127	525	158	148	117	102
M13_TOEDEFORMOTH	fdr	0.2	535	126	133	135	141	561	128	172	136	125
K11_LICHEN_PLANUS_WIDE	fdr	0.2	674	170	171	165	168	782	195	221	192	174
D3_SARCOIDOSIS	nominal	0.05	1389	314	336	367	372	1416	354	385	337	340
K11_LIP_ORAL_MUCOSA	nominal	0.05	1162	319	336	246	261	1265	312	318	332	303
R18_RETEN_URINE	nominal	0.05	1141	303	287	281	270	1228	302	335	305	286
M13_TORTICOLLIS	nominal	0.05	1174	309	318	256	291	1191	280	351	288	272
AB1_VIRAL_HEMOR_FEVER_NOS	nominal	0.05	1192	345	318	259	270	1211	292	306	322	291
H7_CHORSCAR	nominal	0.05	1060	226	236	281	317	1102	251	281	283	287
D3_SARCOIDOSIS	fdr	0.05	236	54	52	63	67	246	63	83	42	58
M13_TORTICOLLIS	fdr	0.05	131	33	28	37	33	114	30	43	19	22
K11_LIP_ORAL_MUCOSA	fdr	0.05	138	39	55	16	28	153	39	33	39	42
AB1_VIRAL_HEMOR_FEVER_NOS	fdr	0.05	150	56	44	24	26	163	43	32	43	45
R18_RETEN_URINE	fdr	0.05	153	42	33	45	33	170	48	43	40	39
H7_CHORSCAR	fdr	0.05	104	23	22	27	32	129	20	34	34	41
D3_SARCOIDOSIS	fdr	0.1	404	93	94	106	111	424	100	128	97	99
M13_TORTICOLLIS	fdr	0.1	234	74	53	60	47	216	51	75	47	43
H7_CHORSCAR	fdr	0.1	193	38	43	59	53	213	33	57	62	61
K11_LIP_ORAL_MUCOSA	fdr	0.1	244	71	79	38	56	291	72	71	78	70
R18_RETEN_URINE	fdr	0.1	258	68	58	71	61	304	79	93	69	63
AB1_VIRAL_HEMOR_FEVER_NOS	fdr	0.1	260	87	77	46	50	272	58	65	72	77
D3_SARCOIDOSIS	fdr	0.2	759	173	191	189	206	806	191	226	195	194
K11_LIP_ORAL_MUCOSA	fdr	0.2	504	144	160	95	105	606	152	150	166	138
M13_TORTICOLLIS	fdr	0.2	496	149	125	111	111	527	122	168	120	117
AB1_VIRAL_HEMOR_FEVER_NOS	fdr	0.2	553	162	166	110	115	567	115	139	169	144
H7_CHORSCAR	fdr	0.2	417	86	88	128	115	466	93	123	130	120
R18_RETEN_URINE	fdr	0.2	539	130	136	147	126	619	150	178	146	145
H7_CONJUHAEMOR	nominal	0.05	1111	277	303	262	269	1129	255	272	291	311
REITER	nominal	0.05	1072	278	269	263	262	1102	268	284	272	278
K11_LIVDISINOTH	nominal	0.05	1116	274	277	280	285	1097	282	285	277	253
D3_SCIDA	nominal	0.05	1030	277	270	249	234	1171	281	300	316	274
M13_TRANSSYNOVITIS	nominal	0.05	1102	293	313	235	261	1113	301	304	259	249
AB1_VIRAL_HEMOR_FEVER_NOS_WIDE	nominal	0.05	1141	326	313	255	247	1145	271	294	312	268
H7_CONJUHAEMOR	fdr	0.05	96	23	29	20	24	111	27	17	34	33
REITER	fdr	0.05	109	33	33	18	25	107	25	30	19	33
M13_TRANSSYNOVITIS	fdr	0.05	118	37	41	18	22	110	38	25	26	21
D3_SCIDA	fdr	0.05	126	37	43	24	22	125	33	31	32	29
K11_LIVDISINOTH	fdr	0.05	109	26	16	27	40	118	36	27	26	29
AB1_VIRAL_HEMOR_FEVER_NOS_WIDE	fdr	0.05	165	63	46	34	22	145	32	17	49	47
H7_CONJUHAEMOR	fdr	0.1	185	48	59	38	40	221	48	53	63	57
REITER	fdr	0.1	197	63	57	35	42	189	53	51	37	48
M13_TRANSSYNOVITIS	fdr	0.1	221	73	69	33	46	197	58	52	46	41
D3_SCIDA	fdr	0.1	213	65	64	44	40	231	56	57	62	56
K11_LIVDISINOTH	fdr	0.1	193	46	39	46	62	210	58	55	45	52
AB1_VIRAL_HEMOR_FEVER_NOS_WIDE	fdr	0.1	279	95	74	60	50	245	49	45	78	73
H7_CONJUHAEMOR	fdr	0.2	421	108	124	88	101	482	104	108	135	135
REITER	fdr	0.2	436	119	120	100	97	462	118	121	106	117
D3_SCIDA	fdr	0.2	428	125	122	96	85	505	119	120	141	125
M13_TRANSSYNOVITIS	fdr	0.2	466	132	134	96	104	451	123	124	108	96
K11_LIVDISINOTH	fdr	0.2	452	101	105	120	126	460	121	127	106	106
AB1_VIRAL_HEMOR_FEVER_NOS_WIDE	fdr	0.2	533	163	148	126	96	513	98	124	157	134
M13_TRIGGERFINGER	nominal	0.05	1357	337	393	317	310	1417	334	395	341	347
AB1_VIRAL_HEPATITIS	nominal	0.05	1171	333	307	258	273	1233	355	340	267	271
H7_CONJUNAS	nominal	0.05	1059	235	283	261	280	1103	221	281	313	288
K11_LIVER	nominal	0.05	1271	325	352	317	277	1234	306	320	301	307
RESP_ILL_DIS_CLASS_ELSEWHERE	nominal	0.05	1050	274	270	250	256	1072	257	268	268	279
D3_SCNDPOLYCYTHAEMIA	nominal	0.05	1126	320	309	228	269	1149	300	321	275	253
M13_TRIGGERFINGER	fdr	0.05	207	50	61	43	53	244	47	74	65	58
K11_LIVER	fdr	0.05	214	71	56	50	37	176	49	50	39	38
AB1_VIRAL_HEPATITIS	fdr	0.05	127	40	39	23	25	152	52	34	38	28
D3_SCNDPOLYCYTHAEMIA	fdr	0.05	145	59	42	18	26	132	39	33	28	32
RESP_ILL_DIS_CLASS_ELSEWHERE	fdr	0.05	124	29	26	32	37	130	32	29	25	44
H7_CONJUNAS	fdr	0.05	94	20	23	22	29	119	21	32	28	38
M13_TRIGGERFINGER	fdr	0.1	338	83	103	68	84	403	83	117	104	99
K11_LIVER	fdr	0.1	309	87	85	78	59	314	75	100	67	72
AB1_VIRAL_HEPATITIS	fdr	0.1	233	75	69	47	42	291	94	78	65	54
H7_CONJUNAS	fdr	0.1	178	42	45	42	49	210	41	57	52	60
D3_SCNDPOLYCYTHAEMIA	fdr	0.1	233	88	69	35	41	229	68	60	51	50
RESP_ILL_DIS_CLASS_ELSEWHERE	fdr	0.1	216	52	51	56	57	211	53	51	42	65
M13_TRIGGERFINGER	fdr	0.2	695	174	214	147	160	787	176	228	197	186
AB1_VIRAL_HEPATITIS	fdr	0.2	531	165	142	123	101	603	171	174	132	126
K11_LIVER	fdr	0.2	603	168	170	148	117	616	139	176	145	156
RESP_ILL_DIS_CLASS_ELSEWHERE	fdr	0.2	460	127	111	107	115	462	115	122	100	125
H7_CONJUNAS	fdr	0.2	416	100	112	94	110	466	102	123	122	119
D3_SCNDPOLYCYTHAEMIA	fdr	0.2	470	149	135	93	93	505	139	149	110	107
H7_CONJUNCTDEGDEPOT	nominal	0.05	1115	264	275	286	290	1144	291	286	308	259
K11_MAJOR_ANOMALI_JAW_SIZE	nominal	0.05	1136	294	330	228	284	1196	303	329	274	290
M13_TROCHANTERICBURSITIS	nominal	0.05	1096	314	307	234	241	1149	324	300	274	251
AB1_VIRAL_INOTHER	nominal	0.05	1055	280	284	242	249	1073	227	271	303	272
D3_SCNDTHROMBOCYTOPENIA	nominal	0.05	1027	211	233	296	287	1092	266	310	267	249
RHEUMAT_LUNG	nominal	0.05	1130	295	329	254	252	1130	263	278	277	312
D3_SCNDTHROMBOCYTOPENIA	fdr	0.05	97	19	23	31	24	119	29	29	32	29
AB1_VIRAL_INOTHER	fdr	0.05	113	33	31	26	23	120	22	22	39	37
H7_CONJUNCTDEGDEPOT	fdr	0.05	113	24	23	26	40	119	25	31	28	35
K11_MAJOR_ANOMALI_JAW_SIZE	fdr	0.05	117	33	29	25	30	147	38	48	26	35
M13_TROCHANTERICBURSITIS	fdr	0.05	143	56	42	23	22	134	35	35	36	28
RHEUMAT_LUNG	fdr	0.05	153	57	43	27	26	116	27	22	34	33
AB1_VIRAL_INOTHER	fdr	0.1	208	61	63	38	46	231	40	51	74	66
D3_SCNDTHROMBOCYTOPENIA	fdr	0.1	173	29	41	58	45	210	45	60	56	49
K11_MAJOR_ANOMALI_JAW_SIZE	fdr	0.1	215	58	59	45	53	257	65	76	61	55
H7_CONJUNCTDEGDEPOT	fdr	0.1	211	45	50	52	64	240	51	62	66	61
M13_TROCHANTERICBURSITIS	fdr	0.1	252	91	71	45	45	238	63	63	62	50
RHEUMAT_LUNG	fdr	0.1	251	80	84	47	40	214	40	49	64	61
AB1_VIRAL_INOTHER	fdr	0.2	419	120	120	79	100	460	100	121	125	114
D3_SCNDTHROMBOCYTOPENIA	fdr	0.2	396	71	90	128	107	464	105	131	124	104
M13_TROCHANTERICBURSITIS	fdr	0.2	529	167	152	104	106	538	157	151	117	113
RHEUMAT_LUNG	fdr	0.2	503	147	155	107	94	516	124	121	135	136
K11_MAJOR_ANOMALI_JAW_SIZE	fdr	0.2	473	122	142	100	109	536	140	148	126	122
H7_CONJUNCTDEGDEPOT	fdr	0.2	461	98	112	124	127	497	122	122	136	117
RHEUMA_ARHTROPAT_REACTIVE	nominal	0.05	1090	299	274	255	262	1090	260	272	291	267
M13_VALGUS	nominal	0.05	1155	300	292	298	265	1143	275	266	309	293
AB1_VIRAL_INOTHER_WIDE	nominal	0.05	1078	268	291	264	255	1122	241	305	288	288
H7_CONJUNCTIVITIS	nominal	0.05	1520	376	447	327	370	1549	372	398	385	394
D3_SICKLECELLDIS	nominal	0.05	1054	298	269	255	232	1120	314	307	267	232
K11_MALABSORB	nominal	0.05	1141	267	298	263	313	1113	269	298	279	267
AB1_VIRAL_INOTHER_WIDE	fdr	0.05	122	39	35	22	26	135	29	28	36	42
H7_CONJUNCTIVITIS	fdr	0.05	279	89	86	45	59	304	73	77	81	73
D3_SICKLECELLDIS	fdr	0.05	138	33	28	43	34	130	43	45	21	21
M13_VALGUS	fdr	0.05	145	47	41	31	26	131	36	32	32	31
K11_MALABSORB	fdr	0.05	134	30	32	32	40	134	28	39	31	36
RHEUMA_ARHTROPAT_REACTIVE	fdr	0.05	83	21	27	16	19	107	20	26	34	27
AB1_VIRAL_INOTHER_WIDE	fdr	0.1	216	60	62	42	52	237	42	53	74	68
H7_CONJUNCTIVITIS	fdr	0.1	454	126	139	87	102	491	112	130	133	116
M13_VALGUS	fdr	0.1	250	69	76	57	48	250	60	61	67	62
D3_SICKLECELLDIS	fdr	0.1	224	57	46	63	58	227	77	78	36	36
K11_MALABSORB	fdr	0.1	244	53	67	54	70	232	46	73	59	54
RHEUMA_ARHTROPAT_REACTIVE	fdr	0.1	177	49	45	41	42	196	40	52	63	41
AB1_VIRAL_INOTHER_WIDE	fdr	0.2	434	124	120	86	104	473	106	118	119	130
H7_CONJUNCTIVITIS	fdr	0.2	861	208	247	186	220	933	214	237	253	229
M13_VALGUS	fdr	0.2	521	138	140	125	118	516	119	117	142	138
RHEUMA_ARHTROPAT_REACTIVE	fdr	0.2	446	124	113	104	105	450	108	115	123	104
D3_SICKLECELLDIS	fdr	0.2	446	117	106	111	112	500	151	162	100	87
K11_MALABSORB	fdr	0.2	486	109	134	116	127	488	116	140	121	111
AB1_VIRAL_MENINGITIS	nominal	0.05	1105	281	252	273	299	1098	286	320	248	244
RHEUMA_NOS	nominal	0.05	1200	318	295	289	298	1233	294	309	301	329
H7_CONJUNCTIVITISACUNONATOPIC	nominal	0.05	1221	297	346	288	290	1212	287	330	298	297
M13_VARUS	nominal	0.05	1019	244	249	253	273	1021	285	282	227	227
D3_SIDEROANAEMIAHERED	nominal	0.05	1124	296	298	268	262	1114	265	298	276	275
K11_MANDIBULAR_HYPOPL	nominal	0.05	1156	302	295	268	291	1152	316	303	270	263
AB1_VIRAL_MENINGITIS	fdr	0.05	158	25	31	39	63	127	42	30	23	32
RHEUMA_NOS	fdr	0.05	140	39	30	27	44	166	44	45	34	43
H7_CONJUNCTIVITISACUNONATOPIC	fdr	0.05	152	39	44	33	36	165	37	27	53	48
D3_SIDEROANAEMIAHERED	fdr	0.05	124	32	50	17	25	110	28	31	23	28
M13_VARUS	fdr	0.05	100	21	22	28	29	99	40	24	17	18
K11_MANDIBULAR_HYPOPL	fdr	0.05	127	32	35	29	31	146	37	44	27	38
AB1_VIRAL_MENINGITIS	fdr	0.1	262	54	56	70	82	227	71	57	49	50
RHEUMA_NOS	fdr	0.1	262	79	60	56	67	287	72	73	69	73
H7_CONJUNCTIVITISACUNONATOPIC	fdr	0.1	277	74	78	58	67	286	61	66	77	82
D3_SIDEROANAEMIAHERED	fdr	0.1	204	50	71	40	43	186	45	55	41	45
K11_MANDIBULAR_HYPOPL	fdr	0.1	238	59	66	53	60	250	63	83	47	57
M13_VARUS	fdr	0.1	169	35	39	44	51	182	59	48	36	39
RHEUMA_NOS	fdr	0.2	552	150	130	128	144	620	141	145	164	170
AB1_VIRAL_MENINGITIS	fdr	0.2	490	114	98	132	146	484	137	133	112	102
H7_CONJUNCTIVITISACUNONATOPIC	fdr	0.2	561	143	166	119	133	592	131	150	156	155
D3_SIDEROANAEMIAHERED	fdr	0.2	465	116	145	107	97	434	103	125	99	107
M13_VARUS	fdr	0.2	381	87	91	96	107	404	117	109	87	91
K11_MANDIBULAR_HYPOPL	fdr	0.2	538	134	144	126	134	520	131	138	123	128
K11_MAXIL_CANINE_FAILED_ERUPT_OBSTRUCTION_TOOTH	nominal	0.05	1068	254	258	276	280	1046	244	283	248	271
RHEUMA_OTHER_WIDE	nominal	0.05	1270	357	333	267	313	1241	273	285	328	355
D3_SIDEROANAMIEAOTHER	nominal	0.05	1080	268	253	283	276	1119	268	285	303	263
H7_CONJUNCTIVITISATOPIC	nominal	0.05	1200	323	337	267	273	1183	282	313	288	300
M13_VERTEBCOLLAPSE	nominal	0.05	1111	261	264	287	299	1067	253	267	291	256
AB1_VIRAL_NOS	nominal	0.05	1098	245	283	267	303	1129	274	337	266	252
K11_MAXIL_CANINE_FAILED_ERUPT_OBSTRUCTION_TOOTH	fdr	0.05	99	23	24	27	25	87	34	27	10	16
AB1_VIRAL_NOS	fdr	0.05	129	37	27	29	36	154	30	51	29	44
RHEUMA_OTHER_WIDE	fdr	0.05	196	60	48	41	47	221	45	44	59	73
D3_SIDEROANAMIEAOTHER	fdr	0.05	151	57	41	28	25	131	27	36	36	32
H7_CONJUNCTIVITISATOPIC	fdr	0.05	152	55	40	23	34	150	34	35	39	42
M13_VERTEBCOLLAPSE	fdr	0.05	134	32	28	32	42	139	31	23	48	37
K11_MAXIL_CANINE_FAILED_ERUPT_OBSTRUCTION_TOOTH	fdr	0.1	190	43	46	47	54	152	52	45	19	36
RHEUMA_OTHER_WIDE	fdr	0.1	318	104	78	64	72	333	66	68	98	101
H7_CONJUNCTIVITISATOPIC	fdr	0.1	252	79	77	48	48	268	64	65	71	68
AB1_VIRAL_NOS	fdr	0.1	220	55	47	62	56	256	58	76	60	62
M13_VERTEBCOLLAPSE	fdr	0.1	223	55	43	64	61	224	46	43	83	52
D3_SIDEROANAMIEAOTHER	fdr	0.1	239	86	62	46	45	227	51	64	59	53
RHEUMA_OTHER_WIDE	fdr	0.2	631	190	158	128	155	637	133	134	185	185
K11_MAXIL_CANINE_FAILED_ERUPT_OBSTRUCTION_TOOTH	fdr	0.2	419	100	91	116	112	391	97	106	86	102
D3_SIDEROANAMIEAOTHER	fdr	0.2	449	127	113	112	97	485	108	126	143	108
AB1_VIRAL_NOS	fdr	0.2	429	102	101	110	116	501	118	161	115	107
H7_CONJUNCTIVITISATOPIC	fdr	0.2	566	155	166	123	122	564	128	149	151	136
M13_VERTEBCOLLAPSE	fdr	0.2	479	112	112	127	128	458	114	96	147	101
D3_SIDEROANASCND	nominal	0.05	1064	285	266	285	228	1067	242	288	277	260
RHEUMA_SERONEG	nominal	0.05	1304	330	341	302	331	1198	277	296	300	325
K11_MAXIL_CANINE_PALAT	nominal	0.05	999	249	229	254	267	1020	271	275	239	235
H7_CONJUNCTIVITISCHRON	nominal	0.05	1113	280	284	286	263	1109	249	244	310	306
AB1_VIRAL_NOS_WIDE	nominal	0.05	1104	274	300	238	292	1101	276	322	258	245
M13_VILLONODULAR	nominal	0.05	1185	298	306	290	291	1146	272	282	295	297
D3_SIDEROANASCND	fdr	0.05	106	30	31	26	19	90	18	21	25	26
K11_MAXIL_CANINE_PALAT	fdr	0.05	78	18	12	18	30	89	32	30	11	16
RHEUMA_SERONEG	fdr	0.05	199	64	48	42	45	204	46	50	52	56
AB1_VIRAL_NOS_WIDE	fdr	0.05	132	36	39	29	28	140	29	47	29	35
H7_CONJUNCTIVITISCHRON	fdr	0.05	140	43	35	30	32	137	33	19	44	41
M13_VILLONODULAR	fdr	0.05	129	29	35	23	42	112	21	22	29	40
D3_SIDEROANASCND	fdr	0.1	195	54	57	46	38	187	39	50	46	52
RHEUMA_SERONEG	fdr	0.1	334	104	84	67	79	335	73	79	91	92
K11_MAXIL_CANINE_PALAT	fdr	0.1	147	44	23	32	48	160	51	54	22	33
AB1_VIRAL_NOS_WIDE	fdr	0.1	228	60	67	49	52	244	55	80	51	58
M13_VILLONODULAR	fdr	0.1	247	50	75	54	68	204	35	47	54	68
H7_CONJUNCTIVITISCHRON	fdr	0.1	247	70	57	64	56	233	50	47	70	66
D3_SIDEROANASCND	fdr	0.2	419	119	104	114	82	430	88	125	108	109
RHEUMA_SERONEG	fdr	0.2	632	170	166	140	156	628	138	153	169	168
K11_MAXIL_CANINE_PALAT	fdr	0.2	382	102	84	90	106	414	112	126	79	97
AB1_VIRAL_NOS_WIDE	fdr	0.2	460	117	126	106	111	477	106	152	112	107
H7_CONJUNCTIVITISCHRON	fdr	0.2	489	131	118	128	112	482	98	103	145	136
M13_VILLONODULAR	fdr	0.2	507	123	136	124	124	475	105	113	130	127
AB1_VIRAL_OTHER_INTEST_INFECTIONS	nominal	0.05	1175	279	299	281	316	1198	260	334	296	308
H7_CONJUNCTSCAR	nominal	0.05	1117	261	287	309	260	1120	241	259	331	289
D3_SPLEENDISEASE	nominal	0.05	1092	250	243	290	309	1094	257	262	292	283
K11_MAXIL_HYPOPL	nominal	0.05	1137	293	277	275	292	1187	294	325	302	266
M13_WEGENER	nominal	0.05	1047	272	236	292	247	1043	286	288	239	230
RHEUMA_SEROPOS_STRICT	nominal	0.05	1413	353	382	322	356	1428	322	332	377	397
H7_CONJUNCTSCAR	fdr	0.05	144	31	41	38	34	134	29	19	44	42
D3_SPLEENDISEASE	fdr	0.05	139	26	24	34	55	106	33	23	25	25
RHEUMA_SEROPOS_STRICT	fdr	0.05	252	55	56	63	78	248	52	59	69	68
K11_MAXIL_HYPOPL	fdr	0.05	122	30	26	29	37	135	36	38	30	31
AB1_VIRAL_OTHER_INTEST_INFECTIONS	fdr	0.05	140	30	33	38	39	155	31	40	38	46
M13_WEGENER	fdr	0.05	86	17	18	22	29	111	33	32	23	23
H7_CONJUNCTSCAR	fdr	0.1	250	58	67	62	63	233	46	41	81	65
AB1_VIRAL_OTHER_INTEST_INFECTIONS	fdr	0.1	222	58	50	52	62	252	49	71	63	69
D3_SPLEENDISEASE	fdr	0.1	251	55	49	59	88	181	48	43	47	43
RHEUMA_SEROPOS_STRICT	fdr	0.1	396	88	99	96	113	414	87	100	113	114
K11_MAXIL_HYPOPL	fdr	0.1	228	56	53	59	60	252	70	64	64	54
M13_WEGENER	fdr	0.1	161	41	33	38	49	201	61	61	42	37
H7_CONJUNCTSCAR	fdr	0.2	478	113	123	130	112	487	99	103	153	132
AB1_VIRAL_OTHER_INTEST_INFECTIONS	fdr	0.2	467	115	116	110	126	515	108	142	134	131
D3_SPLEENDISEASE	fdr	0.2	513	106	113	131	163	467	116	110	112	129
RHEUMA_SEROPOS_STRICT	fdr	0.2	783	186	205	184	208	819	179	190	218	232
K11_MAXIL_HYPOPL	fdr	0.2	475	122	110	121	122	499	132	140	124	103
M13_WEGENER	fdr	0.2	380	94	92	96	98	426	115	132	101	78
MACULAR_CYST	nominal	0.05	1077	238	240	286	313	1070	285	287	259	239
AB1_VIRAL_OTHER_INTEST_INFECTIONS_WIDE	nominal	0.05	1171	266	287	288	330	1218	289	365	265	299
H7_CONJUVASC	nominal	0.05	1110	276	301	254	279	1129	263	301	274	291
D3_SPLEENNAS	nominal	0.05	1093	242	257	296	298	1052	239	253	275	285
K11_MAXIL_MOLAR_FAILED_ERUPT_OBSTRUCTION_TOOTH	nominal	0.05	1132	275	308	244	305	1141	305	312	253	271
RHEUMA_SEROPOS_WIDE	nominal	0.05	1420	365	377	320	358	1445	336	351	367	391
AB1_VIRAL_OTHER_INTEST_INFECTIONS_WIDE	fdr	0.05	149	39	26	42	42	157	43	35	38	41
H7_CONJUVASC	fdr	0.05	132	38	31	26	37	139	40	28	32	39
D3_SPLEENNAS	fdr	0.05	140	28	19	37	56	97	23	23	24	27
K11_MAXIL_MOLAR_FAILED_ERUPT_OBSTRUCTION_TOOTH	fdr	0.05	111	18	27	25	41	121	31	39	28	23
RHEUMA_SEROPOS_WIDE	fdr	0.05	273	79	59	63	72	281	73	59	71	78
MACULAR_CYST	fdr	0.05	124	22	25	35	42	112	27	39	17	29
AB1_VIRAL_OTHER_INTEST_INFECTIONS_WIDE	fdr	0.1	254	64	59	65	66	257	60	64	69	64
H7_CONJUVASC	fdr	0.1	225	59	57	48	61	235	61	56	56	62
MACULAR_CYST	fdr	0.1	220	37	49	62	72	202	46	66	42	48
D3_SPLEENNAS	fdr	0.1	222	48	40	57	77	177	44	38	54	41
K11_MAXIL_MOLAR_FAILED_ERUPT_OBSTRUCTION_TOOTH	fdr	0.1	221	35	59	49	78	221	57	73	49	42
RHEUMA_SEROPOS_WIDE	fdr	0.1	432	118	103	101	110	448	104	97	120	127
AB1_VIRAL_OTHER_INTEST_INFECTIONS_WIDE	fdr	0.2	501	121	119	125	136	557	134	159	132	132
H7_CONJUVASC	fdr	0.2	468	121	127	99	121	486	108	125	122	131
MACULAR_CYST	fdr	0.2	445	83	100	117	145	442	117	130	101	94
D3_SPLEENNAS	fdr	0.2	436	85	99	115	137	399	95	85	115	104
K11_MAXIL_MOLAR_FAILED_ERUPT_OBSTRUCTION_TOOTH	fdr	0.2	460	93	129	98	140	501	139	133	117	112
RHEUMA_SEROPOS_WIDE	fdr	0.2	792	202	198	184	208	849	192	211	219	227
K11_MAXIL_PROGN	nominal	0.05	1145	259	291	295	300	1054	237	244	295	278
H7_CONVERGINSUFF	nominal	0.05	1119	301	297	262	259	1202	303	321	291	287
AB1_VIRAL_SKIN_MUCOUS_MEMBRANE	nominal	0.05	1025	253	248	245	279	1109	285	293	252	279
D3_THALASSAEMIA	nominal	0.05	1168	293	292	292	291	1141	302	279	301	259
MACULAR_HOLE	nominal	0.05	1192	299	286	289	318	1204	265	280	331	328
RHEU_ARTHRITIS_OTH	nominal	0.05	1282	320	306	339	317	1289	316	323	348	302
D3_THALASSAEMIA	fdr	0.05	173	48	39	41	45	157	42	46	39	30
H7_CONVERGINSUFF	fdr	0.05	101	33	30	18	20	139	30	32	37	40
RHEU_ARTHRITIS_OTH	fdr	0.05	215	69	40	57	49	192	59	48	38	47
MACULAR_HOLE	fdr	0.05	181	47	29	44	61	152	34	27	51	40
K11_MAXIL_PROGN	fdr	0.05	163	31	30	40	62	106	20	23	32	31
AB1_VIRAL_SKIN_MUCOUS_MEMBRANE	fdr	0.05	101	21	28	20	32	140	25	36	35	44
D3_THALASSAEMIA	fdr	0.1	275	77	74	61	63	253	63	69	72	49
H7_CONVERGINSUFF	fdr	0.1	204	65	58	35	46	252	58	63	68	63
RHEU_ARTHRITIS_OTH	fdr	0.1	355	104	72	99	80	336	98	83	78	77
MACULAR_HOLE	fdr	0.1	298	73	61	76	88	274	58	63	83	70
K11_MAXIL_PROGN	fdr	0.1	251	53	54	67	77	195	47	39	57	52
AB1_VIRAL_SKIN_MUCOUS_MEMBRANE	fdr	0.1	188	38	46	46	58	236	49	63	58	66
AB1_VIRAL_SKIN_MUCOUS_MEMBRANE	fdr	0.2	395	85	95	97	118	490	118	130	118	124
D3_THALASSAEMIA	fdr	0.2	525	146	132	119	128	529	133	149	141	106
H7_CONVERGINSUFF	fdr	0.2	454	126	127	100	101	537	117	158	137	125
K11_MAXIL_PROGN	fdr	0.2	507	113	120	129	145	442	94	101	133	114
MACULAR_HOLE	fdr	0.2	564	144	133	131	156	595	128	140	168	159
RHEU_ARTHRITIS_OTH	fdr	0.2	679	173	151	188	167	672	177	173	172	150
AB1_VIRAL_SKIN_MUCOUS_MEMBRANE_WIDE	nominal	0.05	1121	296	311	255	259	1139	272	289	295	283
D3_THROMBOCYTOPENIANAS	nominal	0.05	1084	279	279	255	271	1051	257	284	262	248
H7_CONVERSTRAB	nominal	0.05	1198	303	324	294	277	1255	316	350	297	292
K11_MESIAL_BITE	nominal	0.05	1075	274	274	252	275	1141	258	312	266	305
MACULAR_PUCKER	nominal	0.05	1275	313	293	335	334	1350	355	349	332	314
RHINITIS_VASOMOTOR	nominal	0.05	1031	268	240	258	265	1113	264	283	293	273
H7_CONVERSTRAB	fdr	0.05	183	40	42	51	50	180	53	58	38	31
MACULAR_PUCKER	fdr	0.05	208	38	51	59	60	228	62	70	52	44
RHINITIS_VASOMOTOR	fdr	0.05	84	12	18	27	27	99	21	29	27	22
K11_MESIAL_BITE	fdr	0.05	90	30	16	19	25	115	26	39	21	29
D3_THROMBOCYTOPENIANAS	fdr	0.05	164	53	45	24	42	119	17	23	40	39
AB1_VIRAL_SKIN_MUCOUS_MEMBRANE_WIDE	fdr	0.05	153	35	55	31	32	135	26	26	41	42
H7_CONVERSTRAB	fdr	0.1	304	77	79	75	73	310	86	95	74	55
K11_MESIAL_BITE	fdr	0.1	162	52	34	30	46	206	42	71	38	55
MACULAR_PUCKER	fdr	0.1	368	82	78	104	104	384	104	110	94	76
RHINITIS_VASOMOTOR	fdr	0.1	167	32	36	52	47	203	49	55	53	46
AB1_VIRAL_SKIN_MUCOUS_MEMBRANE_WIDE	fdr	0.1	244	58	86	50	50	242	45	55	75	67
D3_THROMBOCYTOPENIANAS	fdr	0.1	265	81	72	54	58	207	37	47	63	60
AB1_VIRAL_SKIN_MUCOUS_MEMBRANE_WIDE	fdr	0.2	454	114	145	101	94	487	106	123	136	122
H7_CONVERSTRAB	fdr	0.2	567	143	153	134	137	611	160	189	137	125
K11_MESIAL_BITE	fdr	0.2	396	102	106	90	98	463	93	141	108	121
MACULAR_PUCKER	fdr	0.2	658	146	150	180	182	722	195	214	162	151
RHINITIS_VASOMOTOR	fdr	0.2	384	85	88	106	105	458	100	125	124	109
D3_THROMBOCYTOPENIANAS	fdr	0.2	495	128	135	113	119	453	100	119	124	110
AB1_VIRAL_SKIN_NOS	nominal	0.05	1114	264	279	282	289	1198	321	359	249	269
H7_CORNEALDEFORM	nominal	0.05	1179	272	299	303	305	1216	278	287	344	307
K11_MIH	nominal	0.05	1088	269	268	276	275	1156	301	322	286	247
RX_ANTIHYP	nominal	0.05	1948	504	511	459	474	1940	461	501	491	487
D3_VITAMIN_B12_DEFICIENCY_ANEMIA_DUE_TO_INTRINSIC_FACTOR_DEFICIENCY	nominal	0.05	1101	272	270	291	268	1173	268	302	306	297
MACULA_NAS	nominal	0.05	1250	326	340	295	289	1255	290	358	297	310
RX_ANTIHYP	fdr	0.05	420	120	118	81	101	441	121	102	114	104
H7_CORNEALDEFORM	fdr	0.05	131	33	31	33	34	162	44	35	47	36
MACULA_NAS	fdr	0.05	220	66	68	48	38	218	58	64	51	45
K11_MIH	fdr	0.05	120	27	20	38	35	159	48	47	32	32
D3_VITAMIN_B12_DEFICIENCY_ANEMIA_DUE_TO_INTRINSIC_FACTOR_DEFICIENCY	fdr	0.05	110	28	28	28	26	115	28	30	30	27
AB1_VIRAL_SKIN_NOS	fdr	0.05	109	22	20	29	38	140	38	36	27	39
RX_ANTIHYP	fdr	0.1	690	180	198	139	173	722	178	184	185	175
H7_CORNEALDEFORM	fdr	0.1	268	67	68	62	71	278	72	67	79	60
MACULA_NAS	fdr	0.1	332	96	101	71	64	358	89	100	96	73
AB1_VIRAL_SKIN_NOS	fdr	0.1	214	45	51	58	60	254	63	74	51	66
K11_MIH	fdr	0.1	224	56	42	64	62	262	72	85	52	53
D3_VITAMIN_B12_DEFICIENCY_ANEMIA_DUE_TO_INTRINSIC_FACTOR_DEFICIENCY	fdr	0.1	198	50	51	56	41	213	50	53	60	50
AB1_VIRAL_SKIN_NOS	fdr	0.2	466	113	119	118	116	561	157	177	103	124
H7_CORNEALDEFORM	fdr	0.2	527	126	125	141	135	585	132	140	176	137
RX_ANTIHYP	fdr	0.2	1242	320	340	281	301	1321	312	341	342	326
MACULA_NAS	fdr	0.2	636	173	182	137	144	674	161	203	160	150
K11_MIH	fdr	0.2	445	112	92	117	124	497	142	141	122	92
D3_VITAMIN_B12_DEFICIENCY_ANEMIA_DUE_TO_INTRINSIC_FACTOR_DEFICIENCY	fdr	0.2	464	121	126	115	102	522	117	129	146	130
AB1_VIRAL_SKIN_NOS_WIDE	nominal	0.05	1080	273	272	260	275	1082	252	281	289	260
K11_MIH_CARIES	nominal	0.05	1065	277	270	279	239	1097	279	297	292	229
MACULA_NAS_ADVERSE	nominal	0.05	1099	263	297	271	268	1153	290	319	269	275
RX_ASTMA_BIOL	nominal	0.05	1126	283	326	240	277	1098	281	283	273	261
D3_VONVILLEBRAND	nominal	0.05	1061	274	266	265	256	1170	307	308	286	269
H7_CORNEALDYSTROPHY	nominal	0.05	1148	292	305	293	258	1114	252	268	294	300
D3_VONVILLEBRAND	fdr	0.05	73	25	18	14	16	104	35	29	24	16
MACULA_NAS_ADVERSE	fdr	0.05	127	32	32	35	28	145	42	49	28	26
RX_ASTMA_BIOL	fdr	0.05	144	44	45	21	34	115	20	40	24	31
K11_MIH_CARIES	fdr	0.05	108	25	25	30	28	96	19	29	27	21
H7_CORNEALDYSTROPHY	fdr	0.05	140	39	23	43	35	152	40	30	47	35
AB1_VIRAL_SKIN_NOS_WIDE	fdr	0.05	84	18	24	17	25	129	23	32	32	42
AB1_VIRAL_SKIN_NOS_WIDE	fdr	0.1	160	31	47	35	47	207	43	54	54	56
RX_ASTMA_BIOL	fdr	0.1	248	70	74	46	58	224	50	76	55	43
D3_VONVILLEBRAND	fdr	0.1	160	43	42	36	39	208	68	56	50	34
MACULA_NAS_ADVERSE	fdr	0.1	228	62	54	62	50	246	65	83	47	51
K11_MIH_CARIES	fdr	0.1	204	51	49	56	48	207	42	60	58	47
H7_CORNEALDYSTROPHY	fdr	0.1	256	60	60	70	66	249	60	55	72	62
AB1_VIRAL_SKIN_NOS_WIDE	fdr	0.2	422	99	112	100	111	444	105	123	111	105
RX_ASTMA_BIOL	fdr	0.2	480	128	149	90	113	488	119	143	117	109
D3_VONVILLEBRAND	fdr	0.2	390	92	102	94	102	498	143	133	127	95
MACULA_NAS_ADVERSE	fdr	0.2	443	101	115	119	108	502	118	155	119	110
K11_MIH_CARIES	fdr	0.2	446	107	114	121	104	479	126	138	126	89
H7_CORNEALDYSTROPHY	fdr	0.2	516	128	131	131	126	497	109	116	132	140
K11_MISS_TEETH_ACCID_EXTR_PAROD	nominal	0.05	1164	314	349	267	234	1245	296	346	305	298
MATERNCAREFETUSALCO	nominal	0.05	1096	264	265	271	296	1119	278	294	258	289
AB1_VIRAL_WARTS	nominal	0.05	1097	259	264	291	283	1110	262	302	271	275
H7_CORNEALMEMBRANE	nominal	0.05	1192	303	301	269	319	1097	269	257	282	289
D3_WHITEBLOODCELLNAS	nominal	0.05	1112	278	278	277	279	1185	270	330	310	275
RX_CODEINE_TRAMADOL	nominal	0.05	1578	480	465	310	323	1571	413	430	358	370
H7_CORNEALMEMBRANE	fdr	0.05	143	34	21	40	48	137	37	32	32	36
MATERNCAREFETUSALCO	fdr	0.05	99	21	19	28	31	145	39	43	35	28
AB1_VIRAL_WARTS	fdr	0.05	102	19	23	34	26	122	27	21	34	40
RX_CODEINE_TRAMADOL	fdr	0.05	293	116	95	41	41	278	82	78	55	63
D3_WHITEBLOODCELLNAS	fdr	0.05	108	32	20	28	28	148	31	48	38	31
K11_MISS_TEETH_ACCID_EXTR_PAROD	fdr	0.05	154	45	48	36	25	194	54	52	49	39
MATERNCAREFETUSALCO	fdr	0.1	187	33	41	56	57	232	57	71	58	46
H7_CORNEALMEMBRANE	fdr	0.1	248	56	46	68	78	229	60	53	56	60
K11_MISS_TEETH_ACCID_EXTR_PAROD	fdr	0.1	236	71	79	48	38	297	74	87	71	65
AB1_VIRAL_WARTS	fdr	0.1	184	43	42	53	46	220	52	50	62	56
RX_CODEINE_TRAMADOL	fdr	0.1	471	160	155	70	86	512	130	153	114	115
D3_WHITEBLOODCELLNAS	fdr	0.1	205	54	45	50	56	236	47	77	60	52
MATERNCAREFETUSALCO	fdr	0.2	400	82	98	116	104	466	112	138	110	106
AB1_VIRAL_WARTS	fdr	0.2	444	98	106	124	116	487	118	127	122	120
H7_CORNEALMEMBRANE	fdr	0.2	528	126	124	120	158	481	130	99	117	135
K11_MISS_TEETH_ACCID_EXTR_PAROD	fdr	0.2	518	158	158	112	90	596	149	173	141	133
RX_CODEINE_TRAMADOL	fdr	0.2	888	294	274	156	164	934	242	272	206	214
D3_WHITEBLOODCELLNAS	fdr	0.2	453	108	110	110	125	518	120	150	120	128
AB1_VIRAL_WARTS_WIDE	nominal	0.05	1013	250	265	247	251	1074	263	283	278	250
DERMATOPOLY_FG	nominal	0.05	1064	243	241	291	289	1113	253	282	285	293
H7_CORNEALNAS	nominal	0.05	1168	288	319	284	277	1206	302	317	307	280
K11_MN_PROGN	nominal	0.05	1134	307	288	265	274	1171	271	286	332	282
RX_CROHN_1STLINE	nominal	0.05	1551	400	435	353	363	1593	348	427	383	435
MEMLOSS	nominal	0.05	1204	318	316	284	286	1144	286	303	282	273
RX_CROHN_1STLINE	fdr	0.05	277	80	73	63	61	289	63	71	69	86
H7_CORNEALNAS	fdr	0.05	125	27	23	39	36	142	42	27	38	35
AB1_VIRAL_WARTS_WIDE	fdr	0.05	66	14	19	18	15	108	32	26	28	22
MEMLOSS	fdr	0.05	189	56	43	45	45	157	45	50	26	36
DERMATOPOLY_FG	fdr	0.05	83	19	14	23	27	96	15	22	33	26
K11_MN_PROGN	fdr	0.05	135	40	48	22	25	159	35	29	49	46
K11_MN_PROGN	fdr	0.1	215	70	72	34	39	252	58	52	79	63
RX_CROHN_1STLINE	fdr	0.1	478	125	134	111	108	499	105	129	128	137
MEMLOSS	fdr	0.1	307	85	76	73	73	264	73	81	53	57
DERMATOPOLY_FG	fdr	0.1	175	34	37	45	59	203	31	49	59	64
H7_CORNEALNAS	fdr	0.1	235	57	57	59	62	259	69	63	74	53
AB1_VIRAL_WARTS_WIDE	fdr	0.1	158	41	40	38	39	201	53	54	51	43
AB1_VIRAL_WARTS_WIDE	fdr	0.2	399	93	100	107	99	449	115	120	115	99
K11_MN_PROGN	fdr	0.2	492	145	139	92	116	551	127	127	152	145
RX_CROHN_1STLINE	fdr	0.2	922	233	265	213	211	965	207	263	237	258
H7_CORNEALNAS	fdr	0.2	531	131	141	129	130	564	141	142	151	130
MEMLOSS	fdr	0.2	558	143	142	129	144	530	137	148	123	122
DERMATOPOLY_FG	fdr	0.2	386	74	84	111	117	431	85	113	121	112
H7_CORNEALOEDEMA	nominal	0.05	1097	253	269	283	292	1120	310	311	245	254
RX_CROHN_2NDLINE	nominal	0.05	1480	362	367	366	385	1414	343	355	352	364
MENINGITIS	nominal	0.05	1096	265	295	267	269	1128	295	291	287	255
AB1_VIRAN_CNS_INFECTIONS_NOS	nominal	0.05	1088	269	283	268	268	1133	248	304	294	287
DM_MACULOPATHY	nominal	0.05	1205	281	303	290	331	1269	291	333	300	345
K11_MN_PROGN_AND_SURGRT	nominal	0.05	1056	276	277	225	278	1037	262	244	281	250
RX_CROHN_2NDLINE	fdr	0.05	264	69	63	54	78	279	66	73	61	79
H7_CORNEALOEDEMA	fdr	0.05	111	22	19	32	38	125	39	45	19	22
DM_MACULOPATHY	fdr	0.05	126	27	39	27	33	145	35	36	37	37
MENINGITIS	fdr	0.05	149	39	29	40	41	153	46	50	23	34
AB1_VIRAN_CNS_INFECTIONS_NOS	fdr	0.05	101	26	24	19	32	118	19	32	27	40
K11_MN_PROGN_AND_SURGRT	fdr	0.05	99	29	29	15	26	100	27	29	26	18
RX_CROHN_2NDLINE	fdr	0.1	449	120	112	98	119	452	108	123	105	116
H7_CORNEALOEDEMA	fdr	0.1	221	46	48	62	65	232	68	72	47	45
AB1_VIRAN_CNS_INFECTIONS_NOS	fdr	0.1	177	44	41	43	49	218	34	60	60	64
DM_MACULOPATHY	fdr	0.1	257	59	79	51	68	265	62	66	75	62
MENINGITIS	fdr	0.1	243	59	59	60	65	257	69	76	52	60
K11_MN_PROGN_AND_SURGRT	fdr	0.1	180	53	56	30	41	182	41	51	51	39
RX_CROHN_2NDLINE	fdr	0.2	800	195	204	182	219	830	199	216	207	208
H7_CORNEALOEDEMA	fdr	0.2	471	106	109	123	133	477	129	142	104	102
MENINGITIS	fdr	0.2	468	114	118	116	120	534	139	152	122	121
DM_MACULOPATHY	fdr	0.2	520	123	149	120	128	567	133	154	140	140
AB1_VIRAN_CNS_INFECTIONS_NOS	fdr	0.2	398	94	103	99	102	475	97	123	127	128
K11_MN_PROGN_AND_SURGRT	fdr	0.2	389	103	118	81	87	405	86	103	120	96
DM_NEOVASCULAR_GLAUCOMA	nominal	0.05	1170	299	281	309	281	1120	277	293	284	266
H7_CORNEALOTH	nominal	0.05	1100	275	253	283	289	1078	267	237	290	284
K11_MN_RETRGN	nominal	0.05	1232	285	299	309	339	1303	295	381	316	311
RX_GLUCOSAMINE	nominal	0.05	1301	292	323	322	364	1249	312	323	308	306
AB1_VIRAN_CNS_INFECTIONS_NOS_WIDE	nominal	0.05	1124	302	267	301	254	1181	290	296	311	284
MIGRAINE_TRIPTAN	nominal	0.05	1630	451	464	332	383	1675	409	445	420	401
H7_CORNEALOTH	fdr	0.05	116	27	17	36	36	100	29	20	22	29
K11_MN_RETRGN	fdr	0.05	151	24	29	45	53	156	41	37	31	47
MIGRAINE_TRIPTAN	fdr	0.05	334	107	100	55	72	337	87	83	80	87
AB1_VIRAN_CNS_INFECTIONS_NOS_WIDE	fdr	0.05	100	26	27	21	26	115	28	28	26	33
RX_GLUCOSAMINE	fdr	0.05	170	39	32	49	50	168	46	36	39	47
DM_NEOVASCULAR_GLAUCOMA	fdr	0.05	166	48	46	33	39	133	30	34	37	32
DM_NEOVASCULAR_GLAUCOMA	fdr	0.1	272	73	74	62	63	246	62	56	72	56
H7_CORNEALOTH	fdr	0.1	213	55	40	56	62	202	56	40	57	49
K11_MN_RETRGN	fdr	0.1	284	60	63	71	90	271	64	77	57	73
MIGRAINE_TRIPTAN	fdr	0.1	541	159	175	92	115	542	137	136	140	129
AB1_VIRAN_CNS_INFECTIONS_NOS_WIDE	fdr	0.1	191	50	49	44	48	237	54	66	62	55
RX_GLUCOSAMINE	fdr	0.1	298	66	62	85	85	298	76	72	73	77
DM_NEOVASCULAR_GLAUCOMA	fdr	0.2	510	132	128	131	119	496	120	131	137	108
H7_CORNEALOTH	fdr	0.2	441	99	99	127	116	434	100	93	132	109
RX_GLUCOSAMINE	fdr	0.2	648	151	152	178	167	640	167	158	156	159
AB1_VIRAN_CNS_INFECTIONS_NOS_WIDE	fdr	0.2	441	112	104	127	98	526	128	141	142	115
MIGRAINE_TRIPTAN	fdr	0.2	997	275	297	193	232	1057	263	277	276	241
K11_MN_RETRGN	fdr	0.2	609	142	150	156	161	657	139	189	164	165
DM_NEPHROPATHY	nominal	0.05	1207	292	287	320	308	1166	301	309	286	270
K11_MN_RETRGN_AND_SURG	nominal	0.05	1191	333	300	287	271	1165	280	305	283	297
MIGRAINE_UNSPE	nominal	0.05	1097	268	277	281	271	1201	308	338	287	268
RX_INFERTILITY	nominal	0.05	1050	268	251	264	267	1134	268	266	295	305
AB1_WHOOPCOUGH	nominal	0.05	1055	290	296	240	229	1057	272	277	268	240
H7_CORNEALSCAR	nominal	0.05	1131	269	268	308	286	1077	294	277	267	239
RX_INFERTILITY	fdr	0.05	108	28	33	25	22	113	30	20	28	35
DM_NEPHROPATHY	fdr	0.05	211	48	37	58	68	167	47	35	43	42
AB1_WHOOPCOUGH	fdr	0.05	98	35	30	17	16	95	28	27	23	17
MIGRAINE_UNSPE	fdr	0.05	108	18	38	27	25	111	31	39	21	20
K11_MN_RETRGN_AND_SURG	fdr	0.05	176	57	45	33	41	158	37	39	33	49
H7_CORNEALSCAR	fdr	0.05	125	29	32	28	36	105	24	24	32	25
MIGRAINE_UNSPE	fdr	0.1	195	42	59	46	48	208	57	64	44	43
RX_INFERTILITY	fdr	0.1	189	44	47	52	46	217	51	42	64	60
DM_NEPHROPATHY	fdr	0.1	324	74	60	90	100	275	82	65	69	59
K11_MN_RETRGN_AND_SURG	fdr	0.1	304	97	79	62	66	265	62	74	51	78
AB1_WHOOPCOUGH	fdr	0.1	194	59	59	38	38	197	55	52	48	42
H7_CORNEALSCAR	fdr	0.1	225	54	58	47	66	190	50	46	53	41
DM_NEPHROPATHY	fdr	0.2	595	148	125	161	161	544	150	141	135	118
K11_MN_RETRGN_AND_SURG	fdr	0.2	557	156	144	132	125	530	118	147	127	138
MIGRAINE_UNSPE	fdr	0.2	451	102	122	105	122	524	140	147	130	107
RX_INFERTILITY	fdr	0.2	438	102	113	120	103	510	121	116	135	138
AB1_WHOOPCOUGH	fdr	0.2	412	114	121	87	90	444	123	117	114	90
H7_CORNEALSCAR	fdr	0.2	457	120	104	110	123	439	126	112	111	90
K11_OESITIS	nominal	0.05	1162	310	305	283	264	1196	306	320	303	267
MUCOPROCT	nominal	0.05	1396	307	322	382	385	1466	353	369	373	371
DM_NEPHROPATHY_EXMORE	nominal	0.05	1250	301	317	317	315	1199	320	323	285	271
RX_N05C	nominal	0.05	1589	406	409	388	386	1631	419	428	411	373
AB1_WHOOPCOUGH_WIDE	nominal	0.05	1163	275	317	291	280	1173	326	319	267	261
H7_CORNEAPIGMENT	nominal	0.05	1088	271	261	269	287	1045	208	248	301	288
MUCOPROCT	fdr	0.05	258	48	46	83	81	288	59	77	67	85
DM_NEPHROPATHY_EXMORE	fdr	0.05	214	48	37	60	69	170	47	37	42	44
RX_N05C	fdr	0.05	295	99	72	73	51	318	78	82	94	64
AB1_WHOOPCOUGH_WIDE	fdr	0.05	161	42	47	31	41	169	44	54	32	39
H7_CORNEAPIGMENT	fdr	0.05	134	36	32	34	32	142	24	16	56	46
K11_OESITIS	fdr	0.05	183	67	46	31	39	157	35	31	40	51
MUCOPROCT	fdr	0.1	421	89	88	128	116	480	102	127	122	129
K11_OESITIS	fdr	0.1	279	86	75	59	59	280	61	72	72	75
DM_NEPHROPATHY_EXMORE	fdr	0.1	326	74	67	89	96	280	81	68	70	61
H7_CORNEAPIGMENT	fdr	0.1	231	64	56	56	55	243	39	44	87	73
RX_N05C	fdr	0.1	492	152	123	120	97	537	133	143	145	116
AB1_WHOOPCOUGH_WIDE	fdr	0.1	254	67	71	50	66	290	78	87	70	55
K11_OESITIS	fdr	0.2	538	150	149	120	119	589	143	162	141	143
MUCOPROCT	fdr	0.2	794	172	180	229	213	866	197	216	230	223
RX_N05C	fdr	0.2	930	247	239	241	203	1025	256	275	265	229
DM_NEPHROPATHY_EXMORE	fdr	0.2	597	145	143	154	155	581	151	158	142	130
H7_CORNEAPIGMENT	fdr	0.2	459	123	113	107	116	463	86	98	135	144
AB1_WHOOPCOUGH_WIDE	fdr	0.2	520	128	138	127	127	546	154	154	122	116
H7_CORNULCER	nominal	0.05	1317	317	359	305	336	1283	289	319	333	342
K11_OESITIS_ADVERSE	nominal	0.05	1088	283	297	246	262	1114	229	280	307	298
AB1_YAWNS_WIDE	nominal	0.05	1139	311	275	262	291	1054	255	282	271	246
MYCOBLUNGATYPICA	nominal	0.05	1099	273	274	277	275	1078	254	298	263	263
RX_PARACETAMOL_NSAID	nominal	0.05	1536	454	476	285	321	1552	417	483	325	327
DM_NEUROPATHY	nominal	0.05	1142	269	275	267	331	1070	243	280	264	283
AB1_YAWNS_WIDE	fdr	0.05	161	67	45	20	29	114	25	36	25	28
H7_CORNULCER	fdr	0.05	213	54	69	44	46	211	41	41	65	64
MYCOBLUNGATYPICA	fdr	0.05	116	26	26	32	32	134	31	38	32	33
DM_NEUROPATHY	fdr	0.05	144	24	19	36	65	144	30	40	36	38
RX_PARACETAMOL_NSAID	fdr	0.05	286	102	100	39	45	283	81	88	53	61
K11_OESITIS_ADVERSE	fdr	0.05	130	37	41	24	28	137	29	34	36	38
AB1_YAWNS_WIDE	fdr	0.1	263	91	73	43	56	203	47	58	49	49
H7_CORNULCER	fdr	0.1	358	95	104	77	82	341	70	75	100	96
MYCOBLUNGATYPICA	fdr	0.1	229	60	49	64	56	222	56	65	50	51
RX_PARACETAMOL_NSAID	fdr	0.1	485	150	177	71	87	479	134	150	98	97
DM_NEUROPATHY	fdr	0.1	242	41	47	58	96	233	42	64	59	68
K11_OESITIS_ADVERSE	fdr	0.1	212	59	67	44	42	228	46	61	58	63
H7_CORNULCER	fdr	0.2	693	173	199	153	168	666	141	153	187	185
K11_OESITIS_ADVERSE	fdr	0.2	437	119	132	95	91	466	85	128	135	118
AB1_YAWNS_WIDE	fdr	0.2	501	148	143	103	107	442	107	124	106	105
MYCOBLUNGATYPICA	fdr	0.2	452	112	108	121	111	476	122	130	111	113
RX_PARACETAMOL_NSAID	fdr	0.2	898	274	311	144	169	939	257	303	190	189
DM_NEUROPATHY	fdr	0.2	479	98	113	111	157	480	106	132	108	134
DM_RETINOPATHY	nominal	0.05	1254	292	325	318	319	1235	277	303	328	327
H7_COULOURVISDEF	nominal	0.05	1063	294	306	252	211	1012	250	267	262	233
RX_RHEUMA_BIOLOGICAL	nominal	0.05	1290	351	345	293	301	1318	320	310	349	339
AB1_ZOONOTIC_BACTERIAL	nominal	0.05	1019	250	237	268	264	1121	267	272	304	278
K11_OESOBST	nominal	0.05	1083	295	294	269	225	1126	300	331	246	249
MYELOPROF_NONCML	nominal	0.05	1250	269	316	318	347	1258	275	324	347	312
DM_RETINOPATHY	fdr	0.05	197	38	45	49	65	179	44	36	51	48
MYELOPROF_NONCML	fdr	0.05	176	37	47	43	49	181	28	33	69	51
RX_RHEUMA_BIOLOGICAL	fdr	0.05	244	81	64	40	59	238	45	50	65	78
K11_OESOBST	fdr	0.05	113	27	35	26	25	130	44	40	24	22
AB1_ZOONOTIC_BACTERIAL	fdr	0.05	132	39	32	29	32	141	33	28	41	39
H7_COULOURVISDEF	fdr	0.05	101	40	35	15	11	98	26	20	26	26
DM_RETINOPATHY	fdr	0.1	310	60	78	79	93	282	67	65	83	67
H7_COULOURVISDEF	fdr	0.1	172	57	65	26	24	172	41	38	53	40
RX_RHEUMA_BIOLOGICAL	fdr	0.1	370	121	98	69	82	386	71	89	114	112
MYELOPROF_NONCML	fdr	0.1	316	70	85	75	86	313	57	63	109	84
K11_OESOBST	fdr	0.1	185	39	56	44	46	221	68	72	39	42
AB1_ZOONOTIC_BACTERIAL	fdr	0.1	218	59	55	50	54	237	45	51	66	75
DM_RETINOPATHY	fdr	0.2	607	124	171	157	155	587	129	141	164	153
AB1_ZOONOTIC_BACTERIAL	fdr	0.2	414	102	109	100	103	446	99	107	128	112
H7_COULOURVISDEF	fdr	0.2	371	101	124	80	66	393	93	91	115	94
K11_OESOBST	fdr	0.2	421	114	121	101	85	448	126	136	98	88
RX_RHEUMA_BIOLOGICAL	fdr	0.2	689	197	185	151	156	735	163	171	211	190
MYELOPROF_NONCML	fdr	0.2	623	134	158	160	171	614	127	153	184	150
DM_RETINOPATHY_EXMORE	nominal	0.05	1205	295	301	306	303	1180	276	298	303	303
K11_OESSTODUO	nominal	0.05	1329	340	392	282	315	1360	319	387	316	338
AB1_ZOONOTIC_BACTERIAL_WIDE	nominal	0.05	1080	274	267	271	268	1153	291	293	296	273
H7_CYSTIRIS	nominal	0.05	1086	277	282	267	260	1119	287	268	275	289
RX_STATIN	nominal	0.05	1754	421	469	435	429	1797	451	501	422	423
N14_ABNORMALBLEED	nominal	0.05	1217	356	327	254	280	1228	325	358	274	271
DM_RETINOPATHY_EXMORE	fdr	0.05	185	34	45	44	62	165	39	34	42	50
H7_CYSTIRIS	fdr	0.05	97	24	26	17	30	106	21	32	29	24
N14_ABNORMALBLEED	fdr	0.05	174	62	43	34	35	167	44	49	37	37
RX_STATIN	fdr	0.05	300	82	84	71	63	356	101	97	87	71
K11_OESSTODUO	fdr	0.05	227	84	75	36	32	206	51	55	48	52
AB1_ZOONOTIC_BACTERIAL_WIDE	fdr	0.05	136	41	35	32	28	135	35	36	35	29
DM_RETINOPATHY_EXMORE	fdr	0.1	292	52	80	74	86	272	66	60	76	70
H7_CYSTIRIS	fdr	0.1	191	49	53	38	51	210	51	60	52	47
K11_OESSTODUO	fdr	0.1	349	112	120	59	58	355	85	101	77	92
N14_ABNORMALBLEED	fdr	0.1	285	94	79	53	59	287	72	94	69	52
RX_STATIN	fdr	0.1	540	136	156	130	118	609	164	167	151	127
AB1_ZOONOTIC_BACTERIAL_WIDE	fdr	0.1	232	62	59	63	48	240	61	56	69	54
AB1_ZOONOTIC_BACTERIAL_WIDE	fdr	0.2	458	115	116	117	110	505	131	125	136	113
RX_STATIN	fdr	0.2	1060	264	288	271	237	1167	294	336	281	256
DM_RETINOPATHY_EXMORE	fdr	0.2	580	120	156	142	162	555	128	136	143	148
H7_CYSTIRIS	fdr	0.2	433	107	111	115	100	481	124	122	122	113
N14_ABNORMALBLEED	fdr	0.2	571	164	160	123	124	621	157	190	148	126
K11_OESSTODUO	fdr	0.2	695	194	222	133	146	716	158	208	172	178
H7_DACRYOADENITIS	nominal	0.05	1143	265	289	305	284	1062	264	284	255	259
SCND_OTH_COXARTHROSIS	nominal	0.05	1119	261	326	270	262	1061	241	263	287	270
N14_ACUTENEPHRITIC	nominal	0.05	1020	244	269	248	259	1072	247	268	257	300
K11_OESULC	nominal	0.05	1186	283	321	278	304	1281	336	368	284	293
AB1_ZOSTER	nominal	0.05	1114	285	331	241	257	1134	275	301	286	272
DM_RETINOPATHY_STRICT	nominal	0.05	1198	265	317	298	318	1212	300	277	314	321
H7_DACRYOADENITIS	fdr	0.05	111	28	22	28	33	102	24	18	26	34
K11_OESULC	fdr	0.05	167	44	49	36	38	145	34	42	31	38
AB1_ZOSTER	fdr	0.05	123	31	44	20	28	133	30	26	37	40
N14_ACUTENEPHRITIC	fdr	0.05	84	17	21	26	20	107	13	18	34	42
DM_RETINOPATHY_STRICT	fdr	0.05	146	29	40	36	41	147	34	30	39	44
SCND_OTH_COXARTHROSIS	fdr	0.05	122	25	48	16	33	118	25	23	36	34
SCND_OTH_COXARTHROSIS	fdr	0.1	218	50	70	43	55	221	43	45	72	61
H7_DACRYOADENITIS	fdr	0.1	205	52	47	53	53	187	40	46	47	54
K11_OESULC	fdr	0.1	282	80	82	62	58	293	69	97	60	67
N14_ACUTENEPHRITIC	fdr	0.1	158	35	42	48	33	191	34	34	59	64
AB1_ZOSTER	fdr	0.1	220	53	70	37	60	246	50	61	64	71
DM_RETINOPATHY_STRICT	fdr	0.1	259	54	69	59	77	251	57	55	66	73
SCND_OTH_COXARTHROSIS	fdr	0.2	488	110	163	102	113	444	96	100	135	113
K11_OESULC	fdr	0.2	588	150	157	146	135	647	163	205	138	141
H7_DACRYOADENITIS	fdr	0.2	441	104	109	117	111	428	93	115	110	110
N14_ACUTENEPHRITIC	fdr	0.2	390	89	97	110	94	465	92	111	118	144
AB1_ZOSTER	fdr	0.2	456	116	149	85	106	495	108	131	129	127
DM_RETINOPATHY_STRICT	fdr	0.2	558	114	161	135	148	586	127	142	154	163
AB1_ZOSTER_WIDE	nominal	0.05	1248	319	362	270	297	1195	275	285	320	315
SCND_OTH_KNEEARTHROSIS	nominal	0.05	1156	288	310	261	297	1215	300	295	301	319
DRUGADVERS_ACUTE_PANCREATIT	nominal	0.05	1086	262	277	278	269	1145	264	309	285	287
H7_DEGENMYOPIA	nominal	0.05	1065	239	248	256	322	1149	254	299	308	288
N14_ACUTERENFAIL	nominal	0.05	1177	321	301	278	277	1126	273	292	296	265
K11_OESULC_ADVERSE	nominal	0.05	1075	292	262	271	250	1047	287	286	240	234
SCND_OTH_KNEEARTHROSIS	fdr	0.05	152	46	46	26	34	141	44	26	25	46
DRUGADVERS_ACUTE_PANCREATIT	fdr	0.05	88	13	14	30	31	86	25	21	22	18
H7_DEGENMYOPIA	fdr	0.05	126	34	29	24	39	142	39	29	34	40
AB1_ZOSTER_WIDE	fdr	0.05	190	51	69	33	37	172	32	39	48	53
N14_ACUTERENFAIL	fdr	0.05	148	58	41	26	23	116	32	20	40	24
K11_OESULC_ADVERSE	fdr	0.05	140	50	33	30	27	105	30	25	23	27
SCND_OTH_KNEEARTHROSIS	fdr	0.1	263	73	84	44	62	276	75	59	63	79
N14_ACUTERENFAIL	fdr	0.1	236	87	61	43	45	200	45	46	57	52
DRUGADVERS_ACUTE_PANCREATIT	fdr	0.1	173	33	41	51	48	179	44	49	47	39
H7_DEGENMYOPIA	fdr	0.1	222	52	52	49	69	226	57	50	60	59
K11_OESULC_ADVERSE	fdr	0.1	234	78	52	52	52	196	46	53	46	51
AB1_ZOSTER_WIDE	fdr	0.1	292	71	98	58	65	285	63	67	76	79
SCND_OTH_KNEEARTHROSIS	fdr	0.2	546	143	153	114	136	588	161	137	136	154
N14_ACUTERENFAIL	fdr	0.2	489	146	120	108	115	476	104	128	130	114
AB1_ZOSTER_WIDE	fdr	0.2	566	142	179	112	133	564	134	131	152	147
H7_DEGENMYOPIA	fdr	0.2	458	94	117	99	148	489	107	122	138	122
DRUGADVERS_ACUTE_PANCREATIT	fdr	0.2	412	103	102	108	99	489	122	132	123	112
K11_OESULC_ADVERSE	fdr	0.2	465	135	117	114	99	443	120	128	92	103
N14_AMENORRHEAPRIM	nominal	0.05	1065	267	274	247	277	1128	283	298	276	271
ABDOM_HERNIA	nominal	0.05	1452	376	386	342	348	1525	396	441	348	340
SFN	nominal	0.05	1132	268	320	256	288	1149	268	291	294	296
K11_OPEN_BITE	nominal	0.05	1142	250	272	315	305	1119	226	266	310	317
DRUGADVERS_ADRENOCORTICAL_INSUFFICIENCY	nominal	0.05	1005	234	288	230	253	1068	237	301	272	258
H7_DIPLOPIA	nominal	0.05	1120	274	299	269	278	1197	299	314	306	278
ABDOM_HERNIA	fdr	0.05	227	57	62	54	54	290	84	77	71	58
K11_OPEN_BITE	fdr	0.05	159	38	34	36	51	155	30	31	50	44
DRUGADVERS_ADRENOCORTICAL_INSUFFICIENCY	fdr	0.05	111	28	39	19	25	104	24	18	32	30
H7_DIPLOPIA	fdr	0.05	131	33	31	36	31	145	43	55	24	23
SFN	fdr	0.05	111	31	23	32	25	114	32	30	31	21
N14_AMENORRHEAPRIM	fdr	0.05	115	25	35	24	31	126	32	35	23	36
ABDOM_HERNIA	fdr	0.1	398	100	116	90	92	458	117	138	112	91
DRUGADVERS_ADRENOCORTICAL_INSUFFICIENCY	fdr	0.1	199	44	62	38	55	186	41	40	56	49
K11_OPEN_BITE	fdr	0.1	264	62	60	69	73	250	45	55	87	63
H7_DIPLOPIA	fdr	0.1	216	54	49	61	52	234	70	79	48	37
N14_AMENORRHEAPRIM	fdr	0.1	202	56	51	37	58	227	55	62	49	61
SFN	fdr	0.1	219	53	54	51	61	219	56	58	62	43
ABDOM_HERNIA	fdr	0.2	804	210	224	182	188	913	216	273	220	204
K11_OPEN_BITE	fdr	0.2	485	124	116	111	134	523	101	114	159	149
DRUGADVERS_ADRENOCORTICAL_INSUFFICIENCY	fdr	0.2	428	96	131	90	111	452	101	125	119	107
H7_DIPLOPIA	fdr	0.2	468	120	124	109	115	529	136	152	129	112
SFN	fdr	0.2	463	111	126	102	124	464	114	126	124	100
N14_AMENORRHEAPRIM	fdr	0.2	453	122	114	100	117	496	127	131	122	116
H7_DISORDERLENSNAS	nominal	0.05	1055	281	269	262	243	1150	279	278	326	267
K11_OPEN_BITE_SURGERY	nominal	0.05	1032	217	242	289	284	1053	231	246	294	282
N14_ATROPHOV	nominal	0.05	1053	270	261	249	273	1014	258	264	262	230
ABDOM_HERNIA_POSTOP	nominal	0.05	1337	338	362	316	321	1391	329	415	310	337
DRUGADVERS_APLAST_ANAEM	nominal	0.05	1120	285	288	263	284	1129	257	296	303	273
SLEEP	nominal	0.05	1512	390	410	344	368	1532	379	406	367	380
ABDOM_HERNIA_POSTOP	fdr	0.05	190	50	57	38	45	223	65	66	45	47
SLEEP	fdr	0.05	288	98	89	47	54	269	78	70	63	58
DRUGADVERS_APLAST_ANAEM	fdr	0.05	122	34	41	20	27	121	29	38	25	29
H7_DISORDERLENSNAS	fdr	0.05	106	32	31	25	18	130	34	38	29	29
N14_ATROPHOV	fdr	0.05	150	26	31	40	53	106	39	38	16	13
K11_OPEN_BITE_SURGERY	fdr	0.05	96	19	27	26	24	91	20	12	29	30
K11_OPEN_BITE_SURGERY	fdr	0.1	192	42	53	54	43	179	41	33	56	49
ABDOM_HERNIA_POSTOP	fdr	0.1	322	79	98	68	77	371	100	116	85	70
DRUGADVERS_APLAST_ANAEM	fdr	0.1	219	60	68	46	45	228	54	61	63	50
SLEEP	fdr	0.1	459	141	134	88	96	455	116	128	115	96
H7_DISORDERLENSNAS	fdr	0.1	196	52	59	48	37	233	55	57	66	55
N14_ATROPHOV	fdr	0.1	242	47	54	57	84	186	56	62	33	35
K11_OPEN_BITE_SURGERY	fdr	0.2	374	81	99	99	95	422	84	97	122	119
N14_ATROPHOV	fdr	0.2	425	98	102	97	128	391	97	113	94	87
ABDOM_HERNIA_POSTOP	fdr	0.2	679	156	185	159	179	769	192	233	175	169
DRUGADVERS_APLAST_ANAEM	fdr	0.2	455	121	122	108	104	482	114	131	125	112
SLEEP	fdr	0.2	871	235	243	188	205	895	222	248	210	215
H7_DISORDERLENSNAS	fdr	0.2	429	103	128	110	88	493	112	129	137	115
K11_ORAL	nominal	0.05	1270	333	352	266	319	1267	311	354	283	319
N14_BARTHOABSCESS	nominal	0.05	1234	318	367	271	278	1220	274	335	306	305
SLE_FG	nominal	0.05	1215	328	318	268	301	1317	321	349	318	329
DRUGADVERS_CATAR	nominal	0.05	1094	274	257	264	299	1147	275	314	268	290
ABPA	nominal	0.05	1167	254	295	298	320	1113	303	265	267	278
H7_DIVERGSTRAB	nominal	0.05	1151	301	266	270	314	1237	310	300	329	298
N14_BARTHOABSCESS	fdr	0.05	178	53	45	37	43	185	49	63	41	32
SLE_FG	fdr	0.05	203	77	54	35	37	178	47	36	45	50
DRUGADVERS_CATAR	fdr	0.05	105	24	20	37	24	122	37	36	27	22
H7_DIVERGSTRAB	fdr	0.05	121	29	24	34	34	162	45	39	41	37
K11_ORAL	fdr	0.05	192	66	60	27	39	163	43	31	41	48
ABPA	fdr	0.05	136	19	32	38	47	106	29	26	30	21
N14_BARTHOABSCESS	fdr	0.1	298	88	85	59	66	302	70	97	76	59
SLE_FG	fdr	0.1	312	109	85	58	60	311	78	74	75	84
DRUGADVERS_CATAR	fdr	0.1	181	44	35	53	49	200	52	60	47	41
H7_DIVERGSTRAB	fdr	0.1	217	57	44	60	56	265	72	63	71	59
K11_ORAL	fdr	0.1	303	100	87	50	66	311	78	80	70	83
ABPA	fdr	0.1	248	41	56	68	83	199	55	47	49	48
N14_BARTHOABSCESS	fdr	0.2	586	157	172	123	134	610	138	177	148	147
SLE_FG	fdr	0.2	610	180	160	130	140	660	158	184	155	163
DRUGADVERS_CATAR	fdr	0.2	467	120	103	122	122	494	117	134	127	116
H7_DIVERGSTRAB	fdr	0.2	485	120	110	125	130	558	144	136	149	129
K11_ORAL	fdr	0.2	623	173	179	125	146	598	153	165	133	147
ABPA	fdr	0.2	520	96	122	142	160	485	139	115	119	112
N14_BARTHOCYS	nominal	0.05	1274	357	326	302	289	1214	339	312	289	274
ACUTE_DRUGADVERS_INTERSTITIAL_LUNG_DISORD	nominal	0.05	1217	318	305	272	322	1195	290	351	274	280
H7_ECTROPION	nominal	0.05	1253	332	300	322	299	1212	282	322	316	292
SLE_OTH	nominal	0.05	1157	301	322	254	280	1219	302	335	277	305
DRUGADVERS_DYSTON	nominal	0.05	983	244	231	249	259	1073	267	281	268	257
K11_ORALCYST	nominal	0.05	1088	272	305	240	271	1159	263	322	281	293
N14_BARTHOCYS	fdr	0.05	189	60	50	45	34	137	43	33	32	29
H7_ECTROPION	fdr	0.05	168	53	46	39	30	154	29	29	48	48
SLE_OTH	fdr	0.05	167	67	33	31	36	154	41	34	30	49
DRUGADVERS_DYSTON	fdr	0.05	94	29	19	26	20	92	26	18	25	23
K11_ORALCYST	fdr	0.05	93	19	25	26	23	118	28	31	34	25
ACUTE_DRUGADVERS_INTERSTITIAL_LUNG_DISORD	fdr	0.05	184	50	47	44	43	160	44	36	39	41
N14_BARTHOCYS	fdr	0.1	315	95	77	83	60	278	74	80	67	57
H7_ECTROPION	fdr	0.1	279	83	65	70	61	250	50	64	72	64
SLE_OTH	fdr	0.1	284	104	66	54	60	267	68	72	50	77
ACUTE_DRUGADVERS_INTERSTITIAL_LUNG_DISORD	fdr	0.1	307	79	84	69	75	276	71	77	66	62
DRUGADVERS_DYSTON	fdr	0.1	174	45	42	52	35	188	51	44	48	45
K11_ORALCYST	fdr	0.1	180	43	50	46	41	216	53	53	58	52
ACUTE_DRUGADVERS_INTERSTITIAL_LUNG_DISORD	fdr	0.2	580	149	165	134	132	555	138	167	121	129
N14_BARTHOCYS	fdr	0.2	592	175	147	156	114	570	154	150	147	119
H7_ECTROPION	fdr	0.2	570	154	139	140	137	545	123	136	146	140
SLE_OTH	fdr	0.2	561	169	153	117	122	584	148	174	117	145
DRUGADVERS_DYSTON	fdr	0.2	375	103	82	101	89	433	113	104	120	96
K11_ORALCYST	fdr	0.2	422	91	128	101	102	473	111	125	128	109
N14_BARTHOOTHNAS	nominal	0.05	1183	324	297	272	290	1125	293	333	261	238
H7_ENTROPION	nominal	0.05	1292	315	395	281	301	1297	324	316	331	326
K11_ORAL_LEUCOPLACIA_INCLAVO	nominal	0.05	1123	275	305	266	277	1136	263	251	325	297
SMOKING_DEPEND	nominal	0.05	1190	319	359	250	262	1161	266	315	281	299
AD_AM_EXMORE	nominal	0.05	1294	381	333	290	290	1335	379	369	316	271
DRUGADVERS_GOUT	nominal	0.05	1137	282	290	269	296	1266	313	338	294	321
AD_AM_EXMORE	fdr	0.05	202	71	53	37	41	198	65	53	35	45
DRUGADVERS_GOUT	fdr	0.05	113	32	27	29	25	155	34	41	34	46
SMOKING_DEPEND	fdr	0.05	157	50	45	26	36	118	31	25	21	41
N14_BARTHOOTHNAS	fdr	0.05	157	56	41	30	30	137	34	34	31	38
H7_ENTROPION	fdr	0.05	203	74	60	34	35	179	43	37	48	51
K11_ORAL_LEUCOPLACIA_INCLAVO	fdr	0.05	140	30	33	30	47	130	19	26	36	49
N14_BARTHOOTHNAS	fdr	0.1	249	82	66	52	49	226	58	63	55	50
AD_AM_EXMORE	fdr	0.1	333	113	83	61	76	325	100	82	75	68
DRUGADVERS_GOUT	fdr	0.1	225	64	61	50	50	297	75	78	64	80
SMOKING_DEPEND	fdr	0.1	268	81	86	43	58	224	59	57	45	63
K11_ORAL_LEUCOPLACIA_INCLAVO	fdr	0.1	259	59	60	63	77	249	41	50	81	77
H7_ENTROPION	fdr	0.1	325	105	98	59	63	316	75	71	80	90
N14_BARTHOOTHNAS	fdr	0.2	532	157	139	119	117	468	118	137	123	90
H7_ENTROPION	fdr	0.2	646	173	208	130	135	653	159	159	165	170
K11_ORAL_LEUCOPLACIA_INCLAVO	fdr	0.2	529	119	146	122	142	524	107	119	160	138
AD_AM_EXMORE	fdr	0.2	687	212	176	148	151	725	207	196	174	148
DRUGADVERS_GOUT	fdr	0.2	518	124	135	129	130	617	152	159	141	165
SMOKING_DEPEND	fdr	0.2	581	166	185	108	122	526	130	142	121	133
AD_EO_EXMORE	nominal	0.05	1084	286	297	244	257	1152	309	298	292	253
DRUGADVERS_HEADA_NOT_ELSEW_CLASSIFIED	nominal	0.05	1057	289	283	225	260	1111	298	313	267	233
SPONDYLOARTHRITIS	nominal	0.05	1288	356	349	286	297	1254	322	331	286	315
H7_EPIPHORA	nominal	0.05	1060	245	282	262	271	1048	243	268	276	261
K11_ORAL_LEUCOPLAC_RELAT_INCLAVO	nominal	0.05	1093	290	336	229	238	1206	283	296	328	299
N14_BENIGNMAMDYSP	nominal	0.05	1115	271	282	267	295	1092	253	278	281	280
AD_EO_EXMORE	fdr	0.05	92	28	26	16	22	133	50	26	30	27
SPONDYLOARTHRITIS	fdr	0.05	230	66	64	42	58	199	43	49	52	55
K11_ORAL_LEUCOPLAC_RELAT_INCLAVO	fdr	0.05	132	36	57	16	23	148	22	29	43	54
DRUGADVERS_HEADA_NOT_ELSEW_CLASSIFIED	fdr	0.05	99	21	23	26	29	95	26	34	19	16
H7_EPIPHORA	fdr	0.05	98	15	14	40	29	115	38	35	19	23
N14_BENIGNMAMDYSP	fdr	0.05	163	38	26	43	56	137	28	24	46	39
AD_EO_EXMORE	fdr	0.1	180	49	62	32	37	245	76	61	59	49
SPONDYLOARTHRITIS	fdr	0.1	370	106	110	71	83	323	66	84	86	87
H7_EPIPHORA	fdr	0.1	181	33	36	65	47	185	52	55	33	45
K11_ORAL_LEUCOPLAC_RELAT_INCLAVO	fdr	0.1	227	58	96	30	43	259	48	62	73	76
DRUGADVERS_HEADA_NOT_ELSEW_CLASSIFIED	fdr	0.1	181	39	45	52	45	208	57	78	38	35
N14_BENIGNMAMDYSP	fdr	0.1	257	56	61	65	75	218	45	52	64	57
H7_EPIPHORA	fdr	0.2	415	77	113	121	104	400	96	108	89	107
AD_EO_EXMORE	fdr	0.2	429	107	133	82	107	486	138	126	111	111
K11_ORAL_LEUCOPLAC_RELAT_INCLAVO	fdr	0.2	484	125	174	84	101	571	121	137	165	148
SPONDYLOARTHRITIS	fdr	0.2	670	197	187	131	155	628	159	151	157	161
DRUGADVERS_HEADA_NOT_ELSEW_CLASSIFIED	fdr	0.2	416	115	109	96	96	445	122	143	95	85
N14_BENIGNMAMDYSP	fdr	0.2	511	124	131	110	146	495	109	117	142	127
K11_ORAL_LICHEN_PLANUS	nominal	0.05	1172	296	288	292	296	1218	285	305	299	329
N14_BREAST	nominal	0.05	1225	309	345	291	280	1295	341	347	306	301
AD_LO_EXMORE	nominal	0.05	1444	356	410	316	362	1459	377	398	341	343
H7_EPISCLERITIS	nominal	0.05	1091	264	310	248	269	1098	262	283	275	278
SPONDYLOPATHY_FG	nominal	0.05	1342	353	367	311	311	1264	305	313	320	326
DRUGADVERS_INTERSTITIAL_LUNG_DISORD_UNSPE	nominal	0.05	1111	280	282	286	263	1101	263	265	291	282
H7_EPISCLERITIS	fdr	0.05	105	23	25	26	31	127	25	20	42	40
AD_LO_EXMORE	fdr	0.05	285	75	79	60	71	275	81	81	64	49
SPONDYLOPATHY_FG	fdr	0.05	239	70	57	49	63	201	41	38	63	59
K11_ORAL_LICHEN_PLANUS	fdr	0.05	120	24	25	36	35	142	29	32	39	42
DRUGADVERS_INTERSTITIAL_LUNG_DISORD_UNSPE	fdr	0.05	155	43	52	30	30	154	31	26	48	49
N14_BREAST	fdr	0.05	137	46	39	30	22	191	54	46	47	44
AD_LO_EXMORE	fdr	0.1	453	114	128	102	109	484	130	140	118	96
H7_EPISCLERITIS	fdr	0.1	184	41	54	41	48	206	37	51	60	58
SPONDYLOPATHY_FG	fdr	0.1	385	112	107	81	85	341	66	81	106	88
K11_ORAL_LICHEN_PLANUS	fdr	0.1	220	51	51	58	60	245	50	69	64	62
DRUGADVERS_INTERSTITIAL_LUNG_DISORD_UNSPE	fdr	0.1	241	71	74	48	48	248	52	57	74	65
N14_BREAST	fdr	0.1	270	78	79	54	59	337	87	89	88	73
K11_ORAL_LICHEN_PLANUS	fdr	0.2	489	116	111	123	139	555	110	151	144	150
N14_BREAST	fdr	0.2	579	151	172	119	137	666	180	174	165	147
AD_LO_EXMORE	fdr	0.2	835	207	232	183	213	874	229	252	205	188
H7_EPISCLERITIS	fdr	0.2	433	103	124	101	105	456	92	122	122	120
SPONDYLOPATHY_FG	fdr	0.2	739	206	207	157	169	664	146	163	184	171
DRUGADVERS_INTERSTITIAL_LUNG_DISORD_UNSPE	fdr	0.2	474	121	139	115	99	509	115	128	144	122
AD_U_EXMORE	nominal	0.05	1131	311	296	271	253	1144	264	292	305	283
DRUGADVERS_NEUTROPENIA	nominal	0.05	1127	277	293	280	277	1102	256	310	273	263
ST19_FRACT_FEMUR	nominal	0.05	1357	333	351	339	334	1318	326	358	329	305
N14_BREASTDISOTH	nominal	0.05	1173	292	337	256	288	1117	265	288	296	268
H7_EXOPTHALMUS	nominal	0.05	1100	223	271	275	331	1110	260	304	275	271
K11_ORAL_LICHEN_PLANUS_INCLAVO	nominal	0.05	1202	293	305	301	303	1268	298	329	342	299
AD_U_EXMORE	fdr	0.05	137	44	45	24	24	144	30	29	44	41
K11_ORAL_LICHEN_PLANUS_INCLAVO	fdr	0.05	147	34	40	37	36	144	32	39	42	31
DRUGADVERS_NEUTROPENIA	fdr	0.05	116	31	32	25	28	123	35	26	34	28
ST19_FRACT_FEMUR	fdr	0.05	238	48	55	58	77	200	49	62	47	42
N14_BREASTDISOTH	fdr	0.05	145	33	42	32	38	158	46	25	47	40
H7_EXOPTHALMUS	fdr	0.05	127	21	17	40	49	112	23	22	28	39
AD_U_EXMORE	fdr	0.1	239	73	71	49	46	252	60	47	75	70
K11_ORAL_LICHEN_PLANUS_INCLAVO	fdr	0.1	263	56	74	70	63	280	64	81	77	58
DRUGADVERS_NEUTROPENIA	fdr	0.1	213	55	59	49	50	201	56	48	53	44
N14_BREASTDISOTH	fdr	0.1	238	56	68	50	64	257	65	46	82	64
ST19_FRACT_FEMUR	fdr	0.1	381	88	92	94	107	358	86	106	88	78
H7_EXOPTHALMUS	fdr	0.1	211	41	36	59	75	190	40	44	51	55
AD_U_EXMORE	fdr	0.2	461	135	119	110	97	501	118	125	133	125
DRUGADVERS_NEUTROPENIA	fdr	0.2	471	108	132	122	109	490	123	129	122	116
K11_ORAL_LICHEN_PLANUS_INCLAVO	fdr	0.2	552	126	134	153	139	624	146	177	159	142
N14_BREASTDISOTH	fdr	0.2	499	112	147	109	131	539	134	122	150	133
H7_EXOPTHALMUS	fdr	0.2	443	79	97	119	148	438	93	103	116	126
ST19_FRACT_FEMUR	fdr	0.2	714	167	177	189	181	721	182	199	180	160
K11_OTHABDHER	nominal	0.05	1068	254	253	306	255	1124	267	258	287	312
N14_CALCUKIDUR	nominal	0.05	1458	376	358	360	364	1501	366	393	382	360
ALCODELIRIUM	nominal	0.05	1205	326	324	275	280	1166	304	362	247	253
ST19_FRACT_FOOT_ANKLE	nominal	0.05	1199	278	289	306	326	1274	283	317	335	339
H7_EYEADNEXOTH	nominal	0.05	1183	293	312	295	283	1201	265	261	336	339
DRUGADVERS_OSTEOPO	nominal	0.05	1123	297	288	256	282	1083	264	278	261	280
ST19_FRACT_FOOT_ANKLE	fdr	0.05	170	31	37	49	53	171	34	31	54	52
K11_OTHABDHER	fdr	0.05	124	31	33	34	26	136	33	22	38	43
H7_EYEADNEXOTH	fdr	0.05	163	41	46	32	44	172	37	34	48	53
ALCODELIRIUM	fdr	0.05	136	42	38	30	26	138	44	46	23	25
N14_CALCUKIDUR	fdr	0.05	242	68	69	51	54	252	62	67	53	70
DRUGADVERS_OSTEOPO	fdr	0.05	157	54	46	29	28	127	31	29	29	38
ALCODELIRIUM	fdr	0.1	242	76	66	53	47	237	74	74	42	47
ST19_FRACT_FOOT_ANKLE	fdr	0.1	286	63	58	83	82	293	55	57	91	90
K11_OTHABDHER	fdr	0.1	204	54	45	62	43	222	52	44	61	65
H7_EYEADNEXOTH	fdr	0.1	265	63	72	63	67	279	53	57	85	84
N14_CALCUKIDUR	fdr	0.1	427	114	118	97	98	421	104	120	97	100
DRUGADVERS_OSTEOPO	fdr	0.1	244	72	81	44	47	206	46	55	50	55
K11_OTHABDHER	fdr	0.2	459	115	107	141	96	488	125	109	131	123
N14_CALCUKIDUR	fdr	0.2	794	209	207	197	181	859	201	232	225	201
ALCODELIRIUM	fdr	0.2	518	153	137	112	116	521	156	174	96	95
ST19_FRACT_FOOT_ANKLE	fdr	0.2	586	132	146	150	158	630	124	151	178	177
H7_EYEADNEXOTH	fdr	0.2	516	128	132	126	130	543	108	122	159	154
DRUGADVERS_OSTEOPO	fdr	0.2	474	128	138	100	108	462	105	123	115	119
K11_OTHANRECT	nominal	0.05	1252	330	360	269	293	1294	342	339	301	312
N14_CALCULOWER	nominal	0.05	1146	294	290	280	282	1185	283	297	318	287
H7_EYELIDDEGEN	nominal	0.05	1128	302	298	261	267	1154	284	281	312	277
DRUGADVERS_SYSTEMIC_LUPUS_ERYTHEMAT	nominal	0.05	1147	281	274	278	314	1116	283	288	273	272
ALCOHOLACUTE10	nominal	0.05	1282	356	341	304	281	1244	334	355	279	276
ST19_FRACT_FOREA	nominal	0.05	1415	285	311	374	445	1355	281	345	357	372
K11_OTHANRECT	fdr	0.05	182	66	59	22	35	181	35	49	45	52
N14_CALCULOWER	fdr	0.05	157	38	41	37	41	137	26	38	33	40
H7_EYELIDDEGEN	fdr	0.05	107	29	29	20	29	116	24	29	32	31
DRUGADVERS_SYSTEMIC_LUPUS_ERYTHEMAT	fdr	0.05	135	41	26	36	32	131	30	29	30	42
ALCOHOLACUTE10	fdr	0.05	217	83	59	42	33	171	57	40	38	36
ST19_FRACT_FOREA	fdr	0.05	245	40	41	75	89	210	45	54	59	52
K11_OTHANRECT	fdr	0.1	309	109	99	45	56	306	65	90	76	75
N14_CALCULOWER	fdr	0.1	256	66	73	58	59	249	62	62	67	58
H7_EYELIDDEGEN	fdr	0.1	206	51	53	48	54	228	47	55	59	67
DRUGADVERS_SYSTEMIC_LUPUS_ERYTHEMAT	fdr	0.1	233	69	55	57	52	217	48	50	54	65
ALCOHOLACUTE10	fdr	0.1	335	109	95	74	57	317	91	87	80	59
ST19_FRACT_FOREA	fdr	0.1	409	79	78	120	132	362	74	83	110	95
K11_OTHANRECT	fdr	0.2	637	186	188	126	137	646	155	187	149	155
N14_CALCULOWER	fdr	0.2	516	134	136	123	123	537	135	135	146	121
H7_EYELIDDEGEN	fdr	0.2	473	134	123	106	110	502	117	127	131	127
DRUGADVERS_SYSTEMIC_LUPUS_ERYTHEMAT	fdr	0.2	504	134	122	120	128	485	116	130	112	127
ALCOHOLACUTE10	fdr	0.2	641	190	181	148	122	643	179	191	138	135
ST19_FRACT_FOREA	fdr	0.2	763	143	161	208	251	753	148	193	208	204
ALCOPANCACU	nominal	0.05	1206	305	322	297	282	1232	335	331	280	286
H7_EYELIDDIS	nominal	0.05	1402	391	386	304	321	1395	320	368	377	330
N14_CERVICAL_DYSPLASIA_ALL	nominal	0.05	1316	363	366	285	302	1296	340	360	291	305
DRUGADVERS_TREMOR	nominal	0.05	1147	303	302	279	263	1171	286	287	316	282
ST19_FRACT_INVOLVI_MULTIPLE_BODY_REGIONS	nominal	0.05	1069	266	297	251	255	1076	286	264	267	259
K11_OTHAPPEND	nominal	0.05	1016	256	285	237	238	1057	242	269	268	278
H7_EYELIDDIS	fdr	0.05	233	82	77	37	37	240	59	56	67	58
ALCOPANCACU	fdr	0.05	153	43	35	35	40	180	54	47	44	35
N14_CERVICAL_DYSPLASIA_ALL	fdr	0.05	211	71	63	38	39	218	53	60	46	59
DRUGADVERS_TREMOR	fdr	0.05	148	46	52	26	24	153	43	22	45	43
K11_OTHAPPEND	fdr	0.05	94	29	30	15	20	101	29	19	21	32
ST19_FRACT_INVOLVI_MULTIPLE_BODY_REGIONS	fdr	0.05	112	36	28	21	27	111	27	33	21	30
H7_EYELIDDIS	fdr	0.1	412	133	135	75	69	399	93	94	106	106
ALCOPANCACU	fdr	0.1	281	68	72	71	70	296	79	84	71	62
N14_CERVICAL_DYSPLASIA_ALL	fdr	0.1	347	113	103	65	66	357	89	107	73	88
DRUGADVERS_TREMOR	fdr	0.1	248	71	75	52	50	281	69	59	83	70
K11_OTHAPPEND	fdr	0.1	176	56	50	29	41	193	51	46	43	53
ST19_FRACT_INVOLVI_MULTIPLE_BODY_REGIONS	fdr	0.1	213	65	51	47	50	201	56	57	36	52
H7_EYELIDDIS	fdr	0.2	755	236	225	142	152	793	179	214	215	185
N14_CERVICAL_DYSPLASIA_ALL	fdr	0.2	665	189	192	134	150	691	173	201	150	167
ALCOPANCACU	fdr	0.2	542	124	135	145	138	592	152	166	135	139
DRUGADVERS_TREMOR	fdr	0.2	529	146	148	120	115	556	126	138	153	139
ST19_FRACT_INVOLVI_MULTIPLE_BODY_REGIONS	fdr	0.2	424	114	111	96	103	441	111	118	102	110
K11_OTHAPPEND	fdr	0.2	392	105	122	80	85	415	94	116	92	113
K11_OTHDIG	nominal	0.05	1110	260	305	251	294	1229	289	329	301	310
N14_CERVICAL_DYSPLASIA_NOS	nominal	0.05	1067	285	272	272	238	1136	261	243	308	324
ALCOPANCCHRON	nominal	0.05	1245	308	316	315	306	1260	330	336	303	291
DRY_AMD	nominal	0.05	1331	318	378	327	308	1460	354	376	374	356
H7_EYELIDFUNC	nominal	0.05	1031	204	245	272	310	1019	220	258	250	291
ST19_FRACT_LOWER_LEG_INCLU_ANKLE	nominal	0.05	1252	321	351	278	302	1239	298	359	294	288
ALCOPANCCHRON	fdr	0.05	195	39	39	54	63	181	46	45	47	43
N14_CERVICAL_DYSPLASIA_NOS	fdr	0.05	96	30	31	17	18	99	25	17	26	31
DRY_AMD	fdr	0.05	187	51	48	41	47	235	44	50	60	81
K11_OTHDIG	fdr	0.05	120	29	27	30	34	159	31	45	44	39
ST19_FRACT_LOWER_LEG_INCLU_ANKLE	fdr	0.05	180	46	55	36	43	176	36	48	43	49
H7_EYELIDFUNC	fdr	0.05	81	16	18	24	23	99	22	24	30	23
ALCOPANCCHRON	fdr	0.1	306	63	75	83	85	310	82	78	78	72
N14_CERVICAL_DYSPLASIA_NOS	fdr	0.1	175	49	50	42	34	184	42	35	51	56
K11_OTHDIG	fdr	0.1	218	51	55	55	57	265	55	72	74	64
DRY_AMD	fdr	0.1	321	83	93	66	79	402	83	103	102	114
ST19_FRACT_LOWER_LEG_INCLU_ANKLE	fdr	0.1	296	72	88	63	73	306	66	85	80	75
H7_EYELIDFUNC	fdr	0.1	169	28	38	49	54	184	38	51	54	41
ALCOPANCCHRON	fdr	0.2	638	160	158	160	160	636	172	172	154	138
DRY_AMD	fdr	0.2	666	169	195	143	159	835	199	221	212	203
N14_CERVICAL_DYSPLASIA_NOS	fdr	0.2	408	113	103	99	93	465	108	89	133	135
K11_OTHDIG	fdr	0.2	504	117	129	130	128	579	126	161	153	139
H7_EYELIDFUNC	fdr	0.2	382	65	88	95	134	426	90	103	107	126
ST19_FRACT_LOWER_LEG_INCLU_ANKLE	fdr	0.2	596	159	165	134	138	642	145	195	155	147
N14_CERVICAL_HSIL	nominal	0.05	1281	370	357	284	270	1285	336	338	322	289
ST19_FRACT_LUMBAR_SPINE_PELVIS	nominal	0.05	1240	337	337	275	291	1288	290	343	326	329
K11_OTHDISDIG	nominal	0.05	1189	307	332	262	288	1229	298	329	296	306
ALCO_PRESCRIPTION	nominal	0.05	1168	285	314	246	323	1240	306	324	298	312
DUODENAL_ULCER_ACUTE_W_HAEMORRHAGE	nominal	0.05	1036	276	262	243	255	1118	296	279	274	269
H7_EYELIDINFLAMMATION	nominal	0.05	1199	309	312	291	287	1226	278	296	338	314
N14_CERVICAL_HSIL	fdr	0.05	187	67	58	32	30	187	45	44	48	50
ALCO_PRESCRIPTION	fdr	0.05	163	43	57	25	38	173	50	38	39	46
ST19_FRACT_LUMBAR_SPINE_PELVIS	fdr	0.05	163	50	52	28	33	211	49	49	54	59
H7_EYELIDINFLAMMATION	fdr	0.05	164	35	46	42	41	148	34	37	41	36
DUODENAL_ULCER_ACUTE_W_HAEMORRHAGE	fdr	0.05	93	24	16	26	27	115	43	42	15	15
K11_OTHDISDIG	fdr	0.05	156	55	46	27	28	136	34	45	30	27
N14_CERVICAL_HSIL	fdr	0.1	344	110	108	64	62	322	80	79	84	79
ALCO_PRESCRIPTION	fdr	0.1	260	65	76	51	68	294	76	69	77	72
K11_OTHDISDIG	fdr	0.1	262	80	74	51	57	235	54	73	56	52
ST19_FRACT_LUMBAR_SPINE_PELVIS	fdr	0.1	269	80	88	52	49	330	65	83	96	86
H7_EYELIDINFLAMMATION	fdr	0.1	281	63	69	77	72	263	54	70	75	64
DUODENAL_ULCER_ACUTE_W_HAEMORRHAGE	fdr	0.1	172	43	41	41	47	212	69	74	36	33
N14_CERVICAL_HSIL	fdr	0.2	642	190	187	135	130	637	162	167	152	156
ST19_FRACT_LUMBAR_SPINE_PELVIS	fdr	0.2	582	158	178	128	118	663	143	167	184	169
K11_OTHDISDIG	fdr	0.2	541	146	149	122	124	540	126	155	131	128
DUODENAL_ULCER_ACUTE_W_HAEMORRHAGE	fdr	0.2	377	99	90	89	99	443	120	124	116	83
ALCO_PRESCRIPTION	fdr	0.2	552	133	154	115	150	603	149	161	153	140
H7_EYELIDINFLAMMATION	fdr	0.2	548	129	148	136	135	559	119	153	152	135
H7_EYELIDINOTH	nominal	0.05	1125	256	282	297	290	1149	277	297	295	280
ALLERGIC_CONTACT_DERMA_DRUGS_CONTACT_W_SKIN	nominal	0.05	1151	305	321	261	264	1098	267	297	278	256
K11_OTHDISOES	nominal	0.05	1146	297	310	267	272	1119	256	306	274	283
N14_CERVICAL_LSIL	nominal	0.05	1104	279	291	241	293	1155	273	330	274	278
DUODENAL_ULCER_UNSPE_ACUTE_CHRONIC_WO_HAEMORRHAGE_PERFORATION	nominal	0.05	1073	277	288	254	254	1126	294	302	285	245
ST19_FRACT_NECK	nominal	0.05	1137	259	275	290	313	1131	274	282	285	290
N14_CERVICAL_LSIL	fdr	0.05	99	19	26	30	24	142	37	31	30	44
DUODENAL_ULCER_UNSPE_ACUTE_CHRONIC_WO_HAEMORRHAGE_PERFORATION	fdr	0.05	93	28	27	20	18	102	32	28	20	22
H7_EYELIDINOTH	fdr	0.05	113	21	30	37	25	159	48	40	37	34
K11_OTHDISOES	fdr	0.05	165	54	44	35	32	144	27	40	40	37
ST19_FRACT_NECK	fdr	0.05	131	24	29	38	40	118	27	28	31	32
ALLERGIC_CONTACT_DERMA_DRUGS_CONTACT_W_SKIN	fdr	0.05	134	48	43	19	24	121	43	30	27	21
K11_OTHDISOES	fdr	0.1	271	83	72	63	53	264	50	78	70	66
N14_CERVICAL_LSIL	fdr	0.1	195	46	51	47	51	257	65	72	55	65
DUODENAL_ULCER_UNSPE_ACUTE_CHRONIC_WO_HAEMORRHAGE_PERFORATION	fdr	0.1	183	49	59	35	40	188	49	55	39	45
H7_EYELIDINOTH	fdr	0.1	217	45	64	64	44	283	72	81	71	59
ST19_FRACT_NECK	fdr	0.1	224	42	49	66	67	228	59	59	59	51
ALLERGIC_CONTACT_DERMA_DRUGS_CONTACT_W_SKIN	fdr	0.1	256	83	73	48	52	208	68	55	45	40
ALLERGIC_CONTACT_DERMA_DRUGS_CONTACT_W_SKIN	fdr	0.2	520	142	151	113	114	461	128	125	121	87
K11_OTHDISOES	fdr	0.2	522	141	136	125	120	503	102	135	134	132
N14_CERVICAL_LSIL	fdr	0.2	440	113	119	97	111	518	131	135	122	130
ST19_FRACT_NECK	fdr	0.2	473	102	106	127	138	507	130	129	121	127
DUODENAL_ULCER_UNSPE_ACUTE_CHRONIC_WO_HAEMORRHAGE_PERFORATION	fdr	0.2	431	113	126	100	92	474	120	138	111	105
H7_EYELIDINOTH	fdr	0.2	467	102	123	129	113	554	139	151	140	124
ALLERG_ASTHMA	nominal	0.05	1521	395	459	327	340	1514	374	440	356	344
E4_ACIDOSIS	nominal	0.05	1182	299	302	298	283	1194	296	315	294	289
H7_EYELIDNAS	nominal	0.05	1151	280	306	262	303	1102	259	273	306	264
N14_CHRONEPHROPATH	nominal	0.05	1068	269	283	258	258	1121	286	289	277	269
ST19_FRACT_RIBS_STERNUM_THORACIC_SPINE	nominal	0.05	1333	332	350	303	348	1295	316	347	327	305
K11_OTHDISSTOMDUOD	nominal	0.05	1017	248	266	257	246	1095	270	308	250	267
N14_CHRONEPHROPATH	fdr	0.05	103	20	22	33	28	128	34	33	31	30
ALLERG_ASTHMA	fdr	0.05	310	93	86	66	65	309	89	89	64	67
H7_EYELIDNAS	fdr	0.05	164	49	42	26	47	136	32	32	33	39
ST19_FRACT_RIBS_STERNUM_THORACIC_SPINE	fdr	0.05	223	56	54	47	66	207	53	64	43	47
K11_OTHDISSTOMDUOD	fdr	0.05	110	33	25	29	23	112	27	26	31	28
E4_ACIDOSIS	fdr	0.05	149	42	35	38	34	174	51	47	43	33
E4_ACIDOSIS	fdr	0.1	243	70	62	63	48	275	75	82	64	54
N14_CHRONEPHROPATH	fdr	0.1	180	42	38	49	51	229	53	57	63	56
ALLERG_ASTHMA	fdr	0.1	488	140	137	101	110	500	135	143	116	106
ST19_FRACT_RIBS_STERNUM_THORACIC_SPINE	fdr	0.1	375	89	97	84	105	356	86	102	91	77
K11_OTHDISSTOMDUOD	fdr	0.1	182	53	46	43	40	193	43	56	45	49
H7_EYELIDNAS	fdr	0.1	269	78	71	45	75	214	51	50	58	55
ALLERG_ASTHMA	fdr	0.2	866	227	257	192	190	942	232	288	218	204
E4_ACIDOSIS	fdr	0.2	500	139	120	137	104	564	149	149	134	132
H7_EYELIDNAS	fdr	0.2	498	144	136	87	131	461	106	105	133	117
N14_CHRONEPHROPATH	fdr	0.2	422	93	104	106	119	504	127	129	134	114
ST19_FRACT_RIBS_STERNUM_THORACIC_SPINE	fdr	0.2	677	177	169	153	178	674	158	183	173	160
K11_OTHDISSTOMDUOD	fdr	0.2	373	97	95	92	89	429	106	133	89	101
K11_OTHENTERCOL	nominal	0.05	1282	331	363	276	312	1373	330	380	345	318
N14_CHRONKIDNEYDIS	nominal	0.05	1208	313	317	283	295	1348	324	371	324	329
ST19_FRACT_SHOUL_UPPER_ARM	nominal	0.05	1270	277	321	317	355	1290	296	306	329	359
H7_EYEOTH	nominal	0.05	1078	258	280	268	272	1149	238	273	313	325
E4_ACROMEG	nominal	0.05	1008	233	280	238	257	1054	239	271	267	277
ALLERG_RHINITIS	nominal	0.05	1457	383	392	318	364	1436	336	372	360	368
K11_OTHENTERCOL	fdr	0.05	197	50	58	50	39	219	44	55	60	60
ALLERG_RHINITIS	fdr	0.05	268	89	78	51	50	241	72	57	54	58
E4_ACROMEG	fdr	0.05	99	32	15	32	20	88	22	24	24	18
N14_CHRONKIDNEYDIS	fdr	0.05	173	36	38	46	53	203	45	45	55	58
ST19_FRACT_SHOUL_UPPER_ARM	fdr	0.05	203	46	45	46	66	191	43	38	47	63
H7_EYEOTH	fdr	0.05	100	19	28	24	29	127	20	22	42	43
K11_OTHENTERCOL	fdr	0.1	323	83	97	77	66	363	81	102	91	89
ALLERG_RHINITIS	fdr	0.1	417	127	118	81	91	434	118	114	111	91
N14_CHRONKIDNEYDIS	fdr	0.1	313	72	70	88	83	356	88	79	96	93
E4_ACROMEG	fdr	0.1	169	50	33	49	37	158	35	37	48	38
ST19_FRACT_SHOUL_UPPER_ARM	fdr	0.1	342	77	84	77	104	336	73	75	89	99
H7_EYEOTH	fdr	0.1	178	36	43	47	52	234	35	51	76	72
K11_OTHENTERCOL	fdr	0.2	651	163	200	139	149	719	175	206	176	162
ST19_FRACT_SHOUL_UPPER_ARM	fdr	0.2	643	148	163	153	179	704	152	167	180	205
H7_EYEOTH	fdr	0.2	441	97	123	106	115	497	77	122	146	152
N14_CHRONKIDNEYDIS	fdr	0.2	615	146	163	153	153	716	163	190	185	178
ALLERG_RHINITIS	fdr	0.2	783	216	213	156	198	836	211	213	207	205
E4_ACROMEG	fdr	0.2	358	91	93	91	83	363	75	90	96	102
E4_ADDISON	nominal	0.05	1070	235	304	240	291	1117	261	272	285	299
K11_OTHFUNC	nominal	0.05	1247	329	346	285	287	1323	339	365	314	305
ST19_FRACT_SKULL_FACIAL_BONES	nominal	0.05	1085	283	297	264	241	1150	288	285	290	287
AMN2	nominal	0.05	1277	294	292	314	377	1370	283	324	383	380
N14_CHRONKIDNEYDIS_WIDE	nominal	0.05	1223	289	312	324	298	1271	301	321	332	317
H7_EYEPOSTOP	nominal	0.05	1047	247	259	261	280	1077	244	243	309	281
K11_OTHFUNC	fdr	0.05	170	49	49	31	41	211	49	48	56	58
AMN2	fdr	0.05	191	45	25	56	65	211	40	41	66	64
E4_ADDISON	fdr	0.05	102	23	30	27	22	134	33	22	38	41
N14_CHRONKIDNEYDIS_WIDE	fdr	0.05	148	29	28	42	49	172	40	37	45	50
H7_EYEPOSTOP	fdr	0.05	89	22	26	15	26	96	18	15	31	32
ST19_FRACT_SKULL_FACIAL_BONES	fdr	0.05	124	33	41	20	30	136	33	29	38	36
E4_ADDISON	fdr	0.1	200	48	53	52	47	225	54	48	65	58
K11_OTHFUNC	fdr	0.1	294	82	81	61	70	359	80	93	87	99
AMN2	fdr	0.1	320	74	58	86	102	343	57	82	107	97
N14_CHRONKIDNEYDIS_WIDE	fdr	0.1	268	52	50	84	82	296	67	77	79	73
H7_EYEPOSTOP	fdr	0.1	181	41	54	36	50	197	34	36	66	61
ST19_FRACT_SKULL_FACIAL_BONES	fdr	0.1	203	55	62	37	49	254	63	64	69	58
E4_ADDISON	fdr	0.2	448	104	124	112	108	497	121	112	139	125
K11_OTHFUNC	fdr	0.2	591	158	161	129	143	699	162	193	166	178
ST19_FRACT_SKULL_FACIAL_BONES	fdr	0.2	414	112	122	89	91	525	130	147	128	120
AMN2	fdr	0.2	656	141	142	182	191	724	130	170	210	214
N14_CHRONKIDNEYDIS_WIDE	fdr	0.2	582	125	130	179	148	637	149	159	171	158
H7_EYEPOSTOP	fdr	0.2	392	95	104	87	106	431	75	95	132	129
H7_GLAUCCLOSEPRIM	nominal	0.05	1216	290	289	304	333	1320	330	309	339	342
N14_CHRONTUBULOINTNEPHRITIS	nominal	0.05	1040	263	276	241	260	1110	284	297	264	265
ST19_FRACT_SPINE_LEVEL_UNSPE	nominal	0.05	1136	265	290	289	292	1180	287	306	296	291
ANAPH_SHOCK_ADVER_EFFECT_CORRE_DRUG_MEDICAM_PROPE_ADMINISTE	nominal	0.05	1058	317	306	230	205	1132	271	289	287	285
E4_ADREACT	nominal	0.05	1214	307	296	289	322	1176	262	291	321	302
K11_OTHGASTR	nominal	0.05	1087	284	284	260	259	1120	253	296	287	284
ST19_FRACT_SPINE_LEVEL_UNSPE	fdr	0.05	97	14	27	16	40	124	19	36	35	34
E4_ADREACT	fdr	0.05	204	45	53	41	65	178	39	45	45	49
ANAPH_SHOCK_ADVER_EFFECT_CORRE_DRUG_MEDICAM_PROPE_ADMINISTE	fdr	0.05	111	47	31	20	13	140	31	32	39	38
N14_CHRONTUBULOINTNEPHRITIS	fdr	0.05	95	27	32	17	19	126	33	27	34	32
H7_GLAUCCLOSEPRIM	fdr	0.05	136	30	26	38	42	168	47	42	45	34
K11_OTHGASTR	fdr	0.05	73	21	21	16	15	111	23	28	28	32
H7_GLAUCCLOSEPRIM	fdr	0.1	268	64	56	68	80	294	69	80	82	63
N14_CHRONTUBULOINTNEPHRITIS	fdr	0.1	178	47	50	37	44	227	57	57	55	58
ST19_FRACT_SPINE_LEVEL_UNSPE	fdr	0.1	197	37	47	40	73	239	44	71	63	61
E4_ADREACT	fdr	0.1	312	72	79	68	93	280	59	70	79	72
ANAPH_SHOCK_ADVER_EFFECT_CORRE_DRUG_MEDICAM_PROPE_ADMINISTE	fdr	0.1	199	75	46	42	36	219	48	54	61	56
K11_OTHGASTR	fdr	0.1	168	45	52	39	32	205	41	57	52	55
H7_GLAUCCLOSEPRIM	fdr	0.2	556	123	124	150	159	641	155	167	164	155
ANAPH_SHOCK_ADVER_EFFECT_CORRE_DRUG_MEDICAM_PROPE_ADMINISTE	fdr	0.2	437	134	127	90	86	494	116	128	138	112
N14_CHRONTUBULOINTNEPHRITIS	fdr	0.2	396	104	114	82	96	473	119	127	111	116
E4_ADREACT	fdr	0.2	592	137	150	132	173	587	125	152	157	153
ST19_FRACT_SPINE_LEVEL_UNSPE	fdr	0.2	472	105	117	113	137	545	112	159	145	129
K11_OTHGASTR	fdr	0.2	404	109	118	96	81	493	104	137	121	131
K11_OTHILEUS	nominal	0.05	1200	303	319	296	282	1210	287	308	321	294
N14_CYSTITIS	nominal	0.05	1360	376	375	299	310	1363	396	372	330	265
ST19_FRACT_WRIST_HAND_LEVEL	nominal	0.05	1305	320	344	318	323	1253	274	345	314	320
H7_GLAUCNAS	nominal	0.05	1205	322	296	309	278	1312	319	352	347	294
E4_ADREMEDHYPER	nominal	0.05	1129	267	278	284	300	1106	235	281	297	293
ANOSMIA	nominal	0.05	1111	262	291	283	275	1144	291	294	295	264
K11_OTHILEUS	fdr	0.05	129	42	41	21	25	168	35	43	40	50
ST19_FRACT_WRIST_HAND_LEVEL	fdr	0.05	195	45	38	45	67	180	36	43	45	56
E4_ADREMEDHYPER	fdr	0.05	179	41	37	41	60	145	29	40	33	43
ANOSMIA	fdr	0.05	102	27	31	23	21	116	33	32	33	18
N14_CYSTITIS	fdr	0.05	166	44	46	40	36	179	56	50	35	38
H7_GLAUCNAS	fdr	0.05	163	41	49	38	35	196	45	41	58	52
K11_OTHILEUS	fdr	0.1	238	72	69	50	47	288	59	82	67	80
N14_CYSTITIS	fdr	0.1	316	89	93	67	67	338	94	101	75	68
ST19_FRACT_WRIST_HAND_LEVEL	fdr	0.1	326	77	76	85	88	306	64	68	79	95
E4_ADREMEDHYPER	fdr	0.1	285	67	61	74	83	228	46	65	57	60
ANOSMIA	fdr	0.1	201	57	54	47	43	204	55	47	66	36
H7_GLAUCNAS	fdr	0.1	278	76	72	71	59	327	74	75	98	80
K11_OTHILEUS	fdr	0.2	535	153	140	124	118	602	140	160	156	146
N14_CYSTITIS	fdr	0.2	654	185	192	144	133	730	213	206	176	135
ST19_FRACT_WRIST_HAND_LEVEL	fdr	0.2	656	149	170	171	166	650	134	177	164	175
E4_ADREMEDHYPER	fdr	0.2	523	116	130	136	141	477	95	131	129	122
ANOSMIA	fdr	0.2	453	116	116	115	106	485	121	121	136	107
H7_GLAUCNAS	fdr	0.2	547	145	136	134	132	637	155	169	166	147
N14_CYSTKID	nominal	0.05	1070	267	286	247	270	1099	276	316	252	255
ANTIDEPRESSANTS	nominal	0.05	1624	421	432	387	384	1706	431	452	428	395
E4_ADRENAS	nominal	0.05	1104	287	304	273	240	1093	284	271	285	253
H7_GLAUCOMA	nominal	0.05	1596	409	408	392	387	1654	399	412	435	408
K11_OTHINFLIV	nominal	0.05	1108	262	259	282	305	1208	276	308	301	323
ST19_TOXIC_EFFECT_ALCOHOL	nominal	0.05	1119	283	230	323	283	1066	311	277	261	217
ANTIDEPRESSANTS	fdr	0.05	338	116	96	62	64	337	89	79	90	79
N14_CYSTKID	fdr	0.05	110	32	29	21	28	122	37	44	23	18
H7_GLAUCOMA	fdr	0.05	335	116	94	60	65	315	75	73	84	83
K11_OTHINFLIV	fdr	0.05	119	26	21	41	31	132	35	31	25	41
ST19_TOXIC_EFFECT_ALCOHOL	fdr	0.05	135	31	31	43	30	114	44	21	25	24
E4_ADRENAS	fdr	0.05	143	38	42	34	29	140	34	29	35	42
ANTIDEPRESSANTS	fdr	0.1	551	162	153	118	118	588	146	154	161	127
N14_CYSTKID	fdr	0.1	191	49	47	46	49	193	56	58	38	41
H7_GLAUCOMA	fdr	0.1	541	157	149	110	125	526	113	134	150	129
E4_ADRENAS	fdr	0.1	248	74	68	57	49	243	62	58	66	57
K11_OTHINFLIV	fdr	0.1	215	46	48	60	61	234	58	57	53	66
ST19_TOXIC_EFFECT_ALCOHOL	fdr	0.1	239	61	47	69	62	216	72	48	52	44
N14_CYSTKID	fdr	0.2	438	107	119	103	109	481	128	147	102	104
ANTIDEPRESSANTS	fdr	0.2	1007	271	271	230	235	1080	271	289	281	239
E4_ADRENAS	fdr	0.2	492	142	134	121	95	478	121	114	126	117
H7_GLAUCOMA	fdr	0.2	974	276	251	224	223	1008	232	257	281	238
K11_OTHINFLIV	fdr	0.2	456	93	114	122	127	509	98	134	126	151
ST19_TOXIC_EFFECT_ALCOHOL	fdr	0.2	487	122	98	140	127	466	134	121	114	97
E4_ADRENOGEN	nominal	0.05	1123	273	284	303	263	1135	255	285	288	307
K11_OTHINT	nominal	0.05	1142	298	319	250	275	1204	311	323	279	291
N14_DIALYSIS	nominal	0.05	1217	288	325	306	298	1182	298	307	306	271
ST19_TOXIC_EFFECT_ETHAN	nominal	0.05	1186	333	331	265	257	1122	316	321	252	233
APPENDACUT_COMPLIC	nominal	0.05	1110	281	288	264	277	1181	264	290	293	334
H7_GLAUCOMAMEDICATION	nominal	0.05	1246	311	296	319	320	1252	282	297	347	326
E4_ADRENOGEN	fdr	0.05	114	24	27	33	30	122	27	21	31	43
N14_DIALYSIS	fdr	0.05	149	38	46	36	29	149	24	37	43	45
ST19_TOXIC_EFFECT_ETHAN	fdr	0.05	181	77	57	26	21	118	42	31	25	20
H7_GLAUCOMAMEDICATION	fdr	0.05	197	59	49	42	47	166	44	41	38	43
K11_OTHINT	fdr	0.05	127	26	41	27	33	143	35	44	32	32
APPENDACUT_COMPLIC	fdr	0.05	136	32	28	32	44	148	30	40	34	44
E4_ADRENOGEN	fdr	0.1	196	41	50	61	44	204	46	44	51	63
N14_DIALYSIS	fdr	0.1	243	59	67	62	55	253	57	60	71	65
ST19_TOXIC_EFFECT_ETHAN	fdr	0.1	283	98	87	50	48	205	64	65	41	35
APPENDACUT_COMPLIC	fdr	0.1	233	50	58	54	71	250	50	67	55	78
K11_OTHINT	fdr	0.1	226	57	67	48	54	250	63	81	55	51
H7_GLAUCOMAMEDICATION	fdr	0.1	318	96	81	67	74	289	67	70	73	79
E4_ADRENOGEN	fdr	0.2	428	100	108	122	98	472	114	109	121	128
N14_DIALYSIS	fdr	0.2	541	131	150	138	122	559	129	145	154	131
ST19_TOXIC_EFFECT_ETHAN	fdr	0.2	534	156	157	112	109	469	140	142	105	82
K11_OTHINT	fdr	0.2	475	126	124	107	118	548	134	170	111	133
APPENDACUT_COMPLIC	fdr	0.2	466	122	119	103	122	515	107	132	125	151
H7_GLAUCOMAMEDICATION	fdr	0.2	609	161	140	153	155	639	142	158	171	168
APPENDACUT_NOCOMPLIC	nominal	0.05	1305	304	374	280	347	1389	337	383	317	352
K11_OTHPERITON	nominal	0.05	1104	275	311	259	259	1191	294	333	273	291
N14_DISIMPAIRRENTUB	nominal	0.05	1109	282	277	267	283	1176	287	297	318	274
STILL_ADULT	nominal	0.05	1155	301	295	288	271	1191	280	273	327	311
H7_GLAUCOMA_JOAG	nominal	0.05	1115	284	319	270	242	1071	235	247	300	289
E4_ALKALOSIS	nominal	0.05	1118	298	289	271	260	1141	304	298	280	259
APPENDACUT_NOCOMPLIC	fdr	0.05	216	49	59	49	59	222	59	71	44	48
H7_GLAUCOMA_JOAG	fdr	0.05	116	44	22	25	25	122	19	19	37	47
K11_OTHPERITON	fdr	0.05	127	26	30	33	38	132	30	35	28	39
E4_ALKALOSIS	fdr	0.05	92	33	30	16	13	117	35	27	24	31
N14_DISIMPAIRRENTUB	fdr	0.05	132	29	42	29	32	127	29	33	32	33
STILL_ADULT	fdr	0.05	123	33	40	19	31	135	24	21	44	46
K11_OTHPERITON	fdr	0.1	219	51	57	55	56	233	53	71	47	62
APPENDACUT_NOCOMPLIC	fdr	0.1	365	89	106	77	93	366	100	103	81	82
STILL_ADULT	fdr	0.1	237	70	74	41	52	236	41	47	72	76
H7_GLAUCOMA_JOAG	fdr	0.1	211	70	48	45	48	203	29	40	62	72
E4_ALKALOSIS	fdr	0.1	179	50	62	34	33	205	52	52	43	58
N14_DISIMPAIRRENTUB	fdr	0.1	224	53	62	49	60	229	52	57	59	61
APPENDACUT_NOCOMPLIC	fdr	0.2	664	163	200	130	171	726	173	208	172	173
K11_OTHPERITON	fdr	0.2	469	113	123	107	126	490	116	143	111	120
N14_DISIMPAIRRENTUB	fdr	0.2	482	119	123	113	127	497	111	128	127	131
STILL_ADULT	fdr	0.2	516	129	149	116	122	502	105	113	148	136
E4_ALKALOSIS	fdr	0.2	461	138	124	99	100	499	131	140	119	109
H7_GLAUCOMA_JOAG	fdr	0.2	496	134	138	113	111	467	98	108	128	133
ARTHRO_SPEC	nominal	0.05	1072	252	280	257	283	1129	249	303	272	305
H7_GLAUCOMA_NTG	nominal	0.05	1276	327	329	322	298	1365	347	352	324	342
SYSTINOTH_FG	nominal	0.05	1236	289	310	307	330	1210	304	312	303	291
K11_OVERJET	nominal	0.05	1051	227	252	275	297	1107	245	279	263	320
E4_AMINO	nominal	0.05	1134	294	272	296	272	1186	261	290	313	322
N14_DRUGSANDHEAVYMETAL	nominal	0.05	1084	257	272	289	266	1109	297	274	267	271
H7_GLAUCOMA_NTG	fdr	0.05	162	35	41	50	36	190	50	56	40	44
SYSTINOTH_FG	fdr	0.05	125	37	19	39	30	150	48	35	38	29
E4_AMINO	fdr	0.05	138	42	35	37	24	147	34	30	39	44
K11_OVERJET	fdr	0.05	88	17	12	26	33	110	24	28	29	29
ARTHRO_SPEC	fdr	0.05	99	21	18	27	33	123	23	34	33	33
N14_DRUGSANDHEAVYMETAL	fdr	0.05	134	31	37	34	32	132	35	39	26	32
K11_OVERJET	fdr	0.1	170	36	23	53	58	199	41	58	50	50
E4_AMINO	fdr	0.1	250	71	68	63	48	266	64	63	71	68
H7_GLAUCOMA_NTG	fdr	0.1	299	67	76	89	67	334	83	98	75	78
SYSTINOTH_FG	fdr	0.1	233	63	51	65	54	256	68	62	72	54
ARTHRO_SPEC	fdr	0.1	187	38	32	56	61	229	44	64	55	66
N14_DRUGSANDHEAVYMETAL	fdr	0.1	224	50	60	56	58	222	61	64	49	48
H7_GLAUCOMA_NTG	fdr	0.2	655	163	170	181	141	726	186	180	186	174
K11_OVERJET	fdr	0.2	407	84	96	110	117	456	97	122	112	125
SYSTINOTH_FG	fdr	0.2	544	121	132	142	149	553	134	143	151	125
E4_AMINO	fdr	0.2	498	138	127	129	104	522	125	115	137	145
ARTHRO_SPEC	fdr	0.2	409	83	90	118	118	487	105	127	124	131
N14_DRUGSANDHEAVYMETAL	fdr	0.2	454	101	126	113	114	502	125	139	125	113
ARTRHO_POSTDYSENTERIC	nominal	0.05	1131	279	308	257	287	1089	225	263	319	282
H7_GLAUCOMA_POAG	nominal	0.05	1577	426	410	372	369	1570	369	386	427	388
N14_ENDOMETRIOSIS	nominal	0.05	1438	392	373	350	323	1517	379	391	379	368
K11_PANCOTH	nominal	0.05	1190	292	310	289	299	1183	288	322	292	281
SYSTSCLE_STRICT	nominal	0.05	1151	309	284	298	260	1165	263	296	303	303
E4_AMINOTRANSPORT	nominal	0.05	1137	267	251	308	311	1162	274	291	302	295
K11_PANCOTH	fdr	0.05	151	39	39	40	33	152	37	43	34	38
H7_GLAUCOMA_POAG	fdr	0.05	309	103	89	52	65	293	59	73	80	81
N14_ENDOMETRIOSIS	fdr	0.05	293	97	76	61	59	286	72	67	66	81
SYSTSCLE_STRICT	fdr	0.05	149	34	37	40	38	140	31	21	39	49
E4_AMINOTRANSPORT	fdr	0.05	120	35	28	23	34	133	40	47	19	27
ARTRHO_POSTDYSENTERIC	fdr	0.05	144	47	38	30	29	150	29	31	38	52
N14_ENDOMETRIOSIS	fdr	0.1	474	137	124	110	103	454	102	110	116	126
K11_PANCOTH	fdr	0.1	249	56	67	66	60	247	57	70	59	61
H7_GLAUCOMA_POAG	fdr	0.1	504	159	138	93	114	490	102	124	138	126
E4_AMINOTRANSPORT	fdr	0.1	228	61	52	52	63	240	67	68	53	52
SYSTSCLE_STRICT	fdr	0.1	250	61	59	66	64	240	49	46	73	72
ARTRHO_POSTDYSENTERIC	fdr	0.1	244	70	63	57	54	255	46	54	78	77
H7_GLAUCOMA_POAG	fdr	0.2	937	279	247	210	201	938	214	235	267	222
N14_ENDOMETRIOSIS	fdr	0.2	861	241	220	210	190	908	213	231	238	226
K11_PANCOTH	fdr	0.2	515	124	134	124	133	557	142	152	128	135
E4_AMINOTRANSPORT	fdr	0.2	485	120	104	129	132	520	134	137	130	119
SYSTSCLE_STRICT	fdr	0.2	507	116	129	138	124	518	110	128	134	146
ARTRHO_POSTDYSENTERIC	fdr	0.2	504	134	131	113	126	526	98	119	172	137
K11_PARALIL	nominal	0.05	1179	268	262	321	328	1141	265	283	309	284
N14_ENDOMETRIOSIS_ASRM_STAGE3_4	nominal	0.05	1378	341	327	358	352	1431	336	364	376	355
T1D_EARLY	nominal	0.05	1234	302	302	299	331	1250	269	282	343	356
E4_AMYLNAS	nominal	0.05	1073	241	260	294	278	1131	268	300	294	269
H7_GLAUCOMA_XFG	nominal	0.05	1327	313	307	353	354	1296	307	310	342	337
ASTHMA_ACUTE_RESPIRATORY_INFECTIONS	nominal	0.05	1525	394	422	334	375	1547	400	455	342	350
E4_AMYLNAS	fdr	0.05	96	23	19	31	23	112	24	27	29	32
ASTHMA_ACUTE_RESPIRATORY_INFECTIONS	fdr	0.05	295	85	82	59	69	261	76	78	51	56
N14_ENDOMETRIOSIS_ASRM_STAGE3_4	fdr	0.05	209	56	52	49	52	255	64	61	63	67
T1D_EARLY	fdr	0.05	148	42	37	27	42	169	42	31	40	56
H7_GLAUCOMA_XFG	fdr	0.05	204	43	55	46	60	208	44	51	57	56
K11_PARALIL	fdr	0.05	107	23	21	27	36	121	24	25	34	38
N14_ENDOMETRIOSIS_ASRM_STAGE3_4	fdr	0.1	389	94	101	101	93	430	95	103	125	107
E4_AMYLNAS	fdr	0.1	180	41	39	50	50	210	42	54	61	53
H7_GLAUCOMA_XFG	fdr	0.1	323	75	85	74	89	335	75	79	95	86
T1D_EARLY	fdr	0.1	281	69	73	62	77	299	71	59	81	88
ASTHMA_ACUTE_RESPIRATORY_INFECTIONS	fdr	0.1	460	134	119	89	118	463	127	139	103	94
K11_PARALIL	fdr	0.1	207	42	38	55	72	220	42	47	64	67
N14_ENDOMETRIOSIS_ASRM_STAGE3_4	fdr	0.2	755	184	180	191	200	834	191	210	228	205
K11_PARALIL	fdr	0.2	454	93	94	132	135	446	94	113	122	117
T1D_EARLY	fdr	0.2	612	153	147	150	162	631	143	138	173	177
E4_AMYLNAS	fdr	0.2	432	99	109	114	110	497	111	141	133	112
H7_GLAUCOMA_XFG	fdr	0.2	672	154	152	181	185	685	170	166	183	166
ASTHMA_ACUTE_RESPIRATORY_INFECTIONS	fdr	0.2	850	232	223	182	213	946	255	288	200	203
K11_PARODON_PERIAPIC_CHRONIC	nominal	0.05	1297	329	386	267	315	1270	286	377	283	324
T1D_STRICT2	nominal	0.05	1091	260	295	247	289	1096	262	287	269	278
H7_GLAUCSECDRUG	nominal	0.05	1140	260	265	331	284	1192	281	287	319	305
ASTHMA_ALLERG	nominal	0.05	1456	405	423	287	341	1466	351	406	347	362
E4_AMYL_ORGAN	nominal	0.05	1109	227	266	298	318	1084	214	276	287	307
N14_ENDOMETRIOSIS_DEEP	nominal	0.05	1241	301	330	293	317	1221	285	345	293	298
K11_PARODON_PERIAPIC_CHRONIC	fdr	0.05	215	67	73	35	40	179	40	61	31	47
H7_GLAUCSECDRUG	fdr	0.05	173	37	32	55	49	164	37	33	51	43
ASTHMA_ALLERG	fdr	0.05	291	104	77	50	60	282	86	70	63	63
E4_AMYL_ORGAN	fdr	0.05	140	19	26	45	50	121	22	34	30	35
N14_ENDOMETRIOSIS_DEEP	fdr	0.05	172	45	39	41	47	165	49	39	37	40
T1D_STRICT2	fdr	0.05	115	37	30	21	27	127	24	24	28	51
K11_PARODON_PERIAPIC_CHRONIC	fdr	0.1	341	103	115	58	65	322	68	111	63	80
H7_GLAUCSECDRUG	fdr	0.1	274	58	58	83	75	264	62	58	79	65
ASTHMA_ALLERG	fdr	0.1	461	143	127	85	106	459	119	121	111	108
E4_AMYL_ORGAN	fdr	0.1	239	42	45	76	76	205	35	57	58	55
N14_ENDOMETRIOSIS_DEEP	fdr	0.1	296	72	78	73	73	285	75	71	70	69
T1D_STRICT2	fdr	0.1	216	56	59	49	52	217	43	52	50	72
K11_PARODON_PERIAPIC_CHRONIC	fdr	0.2	655	184	201	132	138	667	144	217	147	159
H7_GLAUCSECDRUG	fdr	0.2	534	115	106	165	148	555	123	132	158	142
T1D_STRICT2	fdr	0.2	443	114	120	106	103	459	102	126	110	121
ASTHMA_ALLERG	fdr	0.2	842	253	238	165	186	862	214	246	198	204
E4_AMYL_ORGAN	fdr	0.2	464	85	91	147	141	459	83	107	130	139
N14_ENDOMETRIOSIS_DEEP	fdr	0.2	599	149	164	138	148	601	149	164	144	144
H7_GLAUCSECINFLAM	nominal	0.05	1097	217	261	317	302	1116	272	291	283	270
K11_PERFOES	nominal	0.05	979	252	275	224	228	1091	248	299	277	267
N14_ENDOMETRIOSIS_FALLOPIAN_TUBE	nominal	0.05	1037	283	270	265	219	1054	237	267	277	273
T1D_WIDE	nominal	0.05	1543	344	364	404	431	1484	354	364	369	397
E4_AMYL_SCNDSYST	nominal	0.05	1020	231	255	247	287	1045	278	298	237	232
ASTHMA_CHILD_EXMORE	nominal	0.05	1420	360	368	340	352	1510	403	411	352	344
K11_PERFOES	fdr	0.05	75	12	22	20	21	88	18	27	23	20
T1D_WIDE	fdr	0.05	281	69	58	77	77	248	71	58	60	59
ASTHMA_CHILD_EXMORE	fdr	0.05	253	62	68	64	59	279	74	76	70	59
H7_GLAUCSECINFLAM	fdr	0.05	126	20	21	47	38	137	37	38	30	32
E4_AMYL_SCNDSYST	fdr	0.05	84	21	18	16	29	112	19	32	27	34
N14_ENDOMETRIOSIS_FALLOPIAN_TUBE	fdr	0.05	104	30	34	24	16	119	20	25	33	41
H7_GLAUCSECINFLAM	fdr	0.1	217	30	43	85	59	223	59	61	54	49
K11_PERFOES	fdr	0.1	149	37	46	31	35	167	30	52	43	42
N14_ENDOMETRIOSIS_FALLOPIAN_TUBE	fdr	0.1	181	53	58	40	30	197	37	45	50	65
T1D_WIDE	fdr	0.1	466	102	106	125	133	453	114	112	118	109
ASTHMA_CHILD_EXMORE	fdr	0.1	412	94	111	106	101	470	120	120	131	99
E4_AMYL_SCNDSYST	fdr	0.1	171	38	42	36	55	209	44	61	53	51
H7_GLAUCSECINFLAM	fdr	0.2	466	85	94	163	124	501	127	134	123	117
K11_PERFOES	fdr	0.2	348	102	95	69	82	424	86	129	97	112
N14_ENDOMETRIOSIS_FALLOPIAN_TUBE	fdr	0.2	403	112	112	95	84	424	80	104	122	118
T1D_WIDE	fdr	0.2	896	208	207	239	242	896	210	223	238	225
E4_AMYL_SCNDSYST	fdr	0.2	382	84	94	87	117	425	104	126	102	93
ASTHMA_CHILD_EXMORE	fdr	0.2	803	205	212	189	197	892	228	251	223	190
ASTHMA_EOSINOPHIL_SUGG	nominal	0.05	1342	317	363	287	375	1405	325	368	357	355
K11_PERIAPICAL_ABSCESS	nominal	0.05	1213	342	353	264	254	1158	322	346	260	230
T2D	nominal	0.05	1909	516	514	460	419	1975	509	521	482	463
E4_ANTIDIU	nominal	0.05	1019	284	249	244	242	1014	265	244	274	231
N14_ENDOMETRIOSIS_INTESTINE	nominal	0.05	1081	252	268	276	285	1089	258	278	281	272
H7_GLAUCSECTRAUMA	nominal	0.05	1060	274	261	262	263	1074	263	263	272	276
ASTHMA_EOSINOPHIL_SUGG	fdr	0.05	197	40	52	51	54	261	72	61	69	59
T2D	fdr	0.05	417	137	108	88	84	469	128	125	106	110
H7_GLAUCSECTRAUMA	fdr	0.05	104	25	38	15	26	105	24	17	32	32
K11_PERIAPICAL_ABSCESS	fdr	0.05	174	67	46	34	27	137	54	35	23	25
E4_ANTIDIU	fdr	0.05	76	21	15	21	19	99	27	23	27	22
N14_ENDOMETRIOSIS_INTESTINE	fdr	0.05	104	27	15	33	29	99	30	21	23	25
ASTHMA_EOSINOPHIL_SUGG	fdr	0.1	348	73	86	83	106	418	113	100	110	95
T2D	fdr	0.1	691	197	181	160	153	744	186	210	181	167
K11_PERIAPICAL_ABSCESS	fdr	0.1	282	96	74	61	51	242	86	71	45	40
H7_GLAUCSECTRAUMA	fdr	0.1	211	48	63	45	55	199	43	43	62	51
E4_ANTIDIU	fdr	0.1	150	44	34	39	33	195	45	44	61	45
N14_ENDOMETRIOSIS_INTESTINE	fdr	0.1	202	52	38	61	51	198	54	44	57	43
T2D	fdr	0.2	1238	346	315	302	275	1347	335	365	338	309
ASTHMA_EOSINOPHIL_SUGG	fdr	0.2	709	152	181	171	205	825	201	216	209	199
K11_PERIAPICAL_ABSCESS	fdr	0.2	568	179	175	119	95	534	165	163	111	95
E4_ANTIDIU	fdr	0.2	372	96	99	91	86	392	95	100	107	90
H7_GLAUCSECTRAUMA	fdr	0.2	443	120	113	100	110	449	109	101	121	118
N14_ENDOMETRIOSIS_INTESTINE	fdr	0.2	455	107	108	120	120	445	106	112	128	99
T2D_WIDE	nominal	0.05	1861	510	506	424	421	1914	476	500	467	471
ASTHMA_INFECTIONS	nominal	0.05	1518	397	425	329	367	1561	398	462	346	355
N14_ENDOMETRIOSIS_NOS	nominal	0.05	1216	297	315	296	308	1302	324	349	306	323
H7_GLAUCSUSP	nominal	0.05	1485	403	432	332	318	1537	365	409	382	381
E4_AROMAMINO	nominal	0.05	1156	321	321	260	254	1164	268	296	300	300
K11_PERIODONTOSIS	nominal	0.05	1027	241	269	243	274	1164	276	311	284	293
T2D_WIDE	fdr	0.05	402	128	112	85	77	417	114	105	91	107
H7_GLAUCSUSP	fdr	0.05	261	95	82	39	45	255	65	69	59	62
ASTHMA_INFECTIONS	fdr	0.05	282	81	82	50	69	272	78	93	49	52
E4_AROMAMINO	fdr	0.05	159	61	48	20	30	154	35	38	38	43
N14_ENDOMETRIOSIS_NOS	fdr	0.05	144	38	42	34	30	183	56	53	30	44
K11_PERIODONTOSIS	fdr	0.05	95	23	16	29	27	134	38	34	32	30
T2D_WIDE	fdr	0.1	662	202	187	132	141	691	175	182	172	162
H7_GLAUCSUSP	fdr	0.1	436	147	129	75	85	446	98	126	108	114
E4_AROMAMINO	fdr	0.1	261	85	83	43	50	280	66	71	70	73
ASTHMA_INFECTIONS	fdr	0.1	467	126	122	96	123	503	150	152	103	98
N14_ENDOMETRIOSIS_NOS	fdr	0.1	279	66	76	67	70	321	88	98	62	73
K11_PERIODONTOSIS	fdr	0.1	174	47	42	45	40	227	58	62	53	54
T2D_WIDE	fdr	0.2	1213	343	337	267	266	1297	323	337	321	316
ASTHMA_INFECTIONS	fdr	0.2	831	233	220	170	208	981	260	305	216	200
H7_GLAUCSUSP	fdr	0.2	846	244	248	183	171	887	198	247	222	220
E4_AROMAMINO	fdr	0.2	521	154	165	100	102	560	127	156	147	130
K11_PERIODONTOSIS	fdr	0.2	390	96	92	89	113	484	110	134	117	123
N14_ENDOMETRIOSIS_NOS	fdr	0.2	574	137	156	138	143	663	165	187	153	158
H7_GLOBE	nominal	0.05	1072	264	263	286	259	1082	276	281	266	259
K11_PERIODON_CHRON_COMPL	nominal	0.05	1328	353	385	272	318	1316	322	358	313	323
N14_ENDOMETRIOSIS_OVARY	nominal	0.05	1434	357	343	356	378	1522	360	376	396	390
TBC_RESP	nominal	0.05	1119	283	272	290	274	1122	260	308	288	266
ASTHMA_MIXED_EXMORE	nominal	0.05	1143	256	342	262	283	1156	298	329	254	275
E4_ATROTHY	nominal	0.05	1090	255	247	286	302	1126	283	291	290	262
TBC_RESP	fdr	0.05	104	22	21	33	28	119	28	30	26	35
ASTHMA_MIXED_EXMORE	fdr	0.05	127	36	34	26	31	138	28	30	41	39
H7_GLOBE	fdr	0.05	97	29	21	27	20	118	40	23	35	20
E4_ATROTHY	fdr	0.05	134	27	23	47	37	104	32	22	28	22
N14_ENDOMETRIOSIS_OVARY	fdr	0.05	235	56	54	65	60	273	61	56	73	83
K11_PERIODON_CHRON_COMPL	fdr	0.05	206	76	69	28	33	184	41	47	42	54
H7_GLOBE	fdr	0.1	186	42	50	46	48	204	61	46	52	45
TBC_RESP	fdr	0.1	214	53	48	60	53	226	50	63	62	51
ASTHMA_MIXED_EXMORE	fdr	0.1	244	64	62	51	67	251	54	60	69	68
N14_ENDOMETRIOSIS_OVARY	fdr	0.1	411	104	99	106	102	456	93	107	128	128
E4_ATROTHY	fdr	0.1	243	52	55	76	60	213	57	45	52	59
K11_PERIODON_CHRON_COMPL	fdr	0.1	346	111	115	52	68	318	65	93	80	80
H7_GLOBE	fdr	0.2	419	90	116	107	106	442	119	112	108	103
N14_ENDOMETRIOSIS_OVARY	fdr	0.2	811	198	197	205	211	892	199	219	243	231
TBC_RESP	fdr	0.2	458	108	105	133	112	521	117	144	146	114
ASTHMA_MIXED_EXMORE	fdr	0.2	517	125	152	109	131	558	137	156	126	139
E4_ATROTHY	fdr	0.2	473	112	94	138	129	486	130	113	121	122
K11_PERIODON_CHRON_COMPL	fdr	0.2	678	196	197	135	150	685	160	207	158	160
H7_GLOBEDEGENERATED	nominal	0.05	1082	322	300	252	208	1092	294	299	266	233
N14_ENDOMETRIOSIS_PELVICPERITONEUM	nominal	0.05	1415	376	391	311	337	1388	363	399	322	304
E4_AUTOPOLYFAI	nominal	0.05	1077	237	259	271	310	1128	255	283	272	318
TEMPOROMANDIB_INCLAVO	nominal	0.05	1227	329	341	277	280	1224	304	302	308	310
ASTHMA_NAS	nominal	0.05	1536	402	419	342	373	1581	405	435	378	363
K11_PERIODON_CHRON_INCLAVO	nominal	0.05	1297	363	405	245	284	1330	337	379	308	306
TEMPOROMANDIB_INCLAVO	fdr	0.05	153	66	45	18	24	146	38	30	40	38
ASTHMA_NAS	fdr	0.05	256	78	66	53	59	280	69	74	66	71
N14_ENDOMETRIOSIS_PELVICPERITONEUM	fdr	0.05	266	81	70	62	53	244	68	66	63	47
K11_PERIODON_CHRON_INCLAVO	fdr	0.05	221	81	82	23	35	185	34	47	46	58
H7_GLOBEDEGENERATED	fdr	0.05	135	56	38	19	22	107	28	28	26	25
E4_AUTOPOLYFAI	fdr	0.05	116	28	26	27	35	118	27	21	30	40
TEMPOROMANDIB_INCLAVO	fdr	0.1	287	107	87	46	47	274	65	64	75	70
N14_ENDOMETRIOSIS_PELVICPERITONEUM	fdr	0.1	430	118	128	92	92	389	96	111	102	80
ASTHMA_NAS	fdr	0.1	443	133	122	90	98	485	128	129	116	112
K11_PERIODON_CHRON_INCLAVO	fdr	0.1	359	121	134	46	58	332	72	94	81	85
H7_GLOBEDEGENERATED	fdr	0.1	230	79	76	37	38	201	45	58	49	49
E4_AUTOPOLYFAI	fdr	0.1	210	44	46	51	69	212	49	50	49	64
H7_GLOBEDEGENERATED	fdr	0.2	458	139	146	85	88	457	127	121	119	90
N14_ENDOMETRIOSIS_PELVICPERITONEUM	fdr	0.2	797	213	231	166	187	772	197	219	182	174
E4_AUTOPOLYFAI	fdr	0.2	431	89	91	114	137	478	111	109	118	140
TEMPOROMANDIB_INCLAVO	fdr	0.2	590	184	164	119	123	583	144	134	157	148
ASTHMA_NAS	fdr	0.2	859	238	226	194	201	957	251	258	233	215
K11_PERIODON_CHRON_INCLAVO	fdr	0.2	650	202	216	115	117	687	167	198	163	159
E4_CARBO	nominal	0.05	1169	275	278	329	287	1189	247	285	329	328
K11_PERITON	nominal	0.05	1055	252	297	243	263	1053	247	294	243	269
N14_ENDOMETRIOSIS_RECTPVAGSEPT_VAGINA	nominal	0.05	1226	309	341	290	286	1195	286	341	286	282
H7_GLOBENAS	nominal	0.05	1110	261	262	280	307	1153	239	283	320	311
THROMBOCYTAEMIA	nominal	0.05	1269	287	297	326	359	1265	252	284	376	353
ASTHMA_OBESITY	nominal	0.05	1498	384	421	322	371	1533	363	459	340	371
H7_GLOBENAS	fdr	0.05	110	21	38	24	27	115	24	30	29	32
ASTHMA_OBESITY	fdr	0.05	274	74	77	51	72	269	72	85	55	57
E4_CARBO	fdr	0.05	171	67	42	36	26	152	22	25	54	51
THROMBOCYTAEMIA	fdr	0.05	193	41	39	48	65	172	36	34	55	47
K11_PERITON	fdr	0.05	114	25	38	26	25	94	16	20	28	30
N14_ENDOMETRIOSIS_RECTPVAGSEPT_VAGINA	fdr	0.05	152	43	35	36	38	148	48	34	30	36
K11_PERITON	fdr	0.1	211	51	60	42	58	193	40	44	55	54
H7_GLOBENAS	fdr	0.1	213	48	58	48	59	222	36	58	62	66
E4_CARBO	fdr	0.1	284	86	73	70	55	270	43	53	88	86
ASTHMA_OBESITY	fdr	0.1	440	117	121	87	115	442	111	134	99	98
THROMBOCYTAEMIA	fdr	0.1	340	65	82	91	102	289	54	57	100	78
N14_ENDOMETRIOSIS_RECTPVAGSEPT_VAGINA	fdr	0.1	265	72	74	56	63	255	72	67	58	58
E4_CARBO	fdr	0.2	539	148	126	154	111	562	105	132	174	151
K11_PERITON	fdr	0.2	438	103	126	90	119	432	101	118	101	112
H7_GLOBENAS	fdr	0.2	470	100	124	106	140	519	96	122	144	157
THROMBOCYTAEMIA	fdr	0.2	663	149	148	172	194	623	125	128	200	170
ASTHMA_OBESITY	fdr	0.2	844	221	243	172	208	896	223	275	200	198
N14_ENDOMETRIOSIS_RECTPVAGSEPT_VAGINA	fdr	0.2	591	146	165	137	143	593	150	161	147	135
ASTHMA_OPPORTUNIST_INFECTIONS	nominal	0.05	1134	294	298	259	283	1170	285	328	289	268
K11_PERITONITIS	nominal	0.05	1066	274	270	258	264	1064	275	268	274	247
N14_ENDOMETRIOSIS_SKIN_SCAR	nominal	0.05	1148	277	285	297	289	1137	293	323	267	254
H7_HEREDRETINADYST	nominal	0.05	1138	311	315	256	256	1128	269	298	296	265
THYROIDITIS	nominal	0.05	1189	232	233	362	362	1177	261	287	296	333
E4_CARBONAS	nominal	0.05	1191	313	271	305	302	1207	281	296	320	310
E4_CARBONAS	fdr	0.05	173	70	40	35	28	155	31	28	51	45
ASTHMA_OPPORTUNIST_INFECTIONS	fdr	0.05	128	27	29	36	36	141	42	40	32	27
H7_HEREDRETINADYST	fdr	0.05	143	46	44	30	23	153	25	35	54	39
K11_PERITONITIS	fdr	0.05	144	39	48	27	30	138	25	23	45	45
N14_ENDOMETRIOSIS_SKIN_SCAR	fdr	0.05	163	29	35	37	62	135	31	47	33	24
THYROIDITIS	fdr	0.05	220	34	33	78	75	165	27	32	46	60
ASTHMA_OPPORTUNIST_INFECTIONS	fdr	0.1	239	58	61	62	58	259	70	73	66	50
N14_ENDOMETRIOSIS_SKIN_SCAR	fdr	0.1	265	53	65	62	85	234	56	77	52	49
E4_CARBONAS	fdr	0.1	291	98	67	72	54	283	54	56	94	79
K11_PERITONITIS	fdr	0.1	242	66	80	43	53	233	45	50	73	65
H7_HEREDRETINADYST	fdr	0.1	251	82	67	56	46	244	37	72	79	56
THYROIDITIS	fdr	0.1	335	56	57	110	112	296	52	68	82	94
ASTHMA_OPPORTUNIST_INFECTIONS	fdr	0.2	488	129	119	119	121	548	141	158	130	119
N14_ENDOMETRIOSIS_SKIN_SCAR	fdr	0.2	499	108	132	116	143	473	120	141	105	107
H7_HEREDRETINADYST	fdr	0.2	507	144	144	114	105	516	107	145	135	129
THYROIDITIS	fdr	0.2	592	113	103	188	188	559	113	137	147	162
E4_CARBONAS	fdr	0.2	552	165	124	141	122	595	131	146	172	146
K11_PERITONITIS	fdr	0.2	463	112	136	102	113	449	100	107	122	120
E4_CARCISDR	nominal	0.05	1158	252	266	322	318	1152	278	287	298	289
H7_HERPESKERATITIS	nominal	0.05	1049	244	290	248	267	1074	260	258	281	275
K11_POSTOPDIS	nominal	0.05	1083	244	251	278	310	1125	293	310	272	250
ASTHMA_PNEUMONIA	nominal	0.05	1417	402	391	308	316	1381	380	381	329	291
THYROTOXICOSIS	nominal	0.05	1542	385	405	358	394	1449	309	405	356	379
N14_ENDOMETRIOSIS_UTERUS	nominal	0.05	1308	356	338	314	300	1301	330	349	304	318
K11_POSTOPDIS	fdr	0.05	133	30	24	35	44	138	39	50	28	21
E4_CARCISDR	fdr	0.05	108	20	19	28	41	137	39	32	30	36
N14_ENDOMETRIOSIS_UTERUS	fdr	0.05	238	84	59	40	55	184	42	49	40	53
ASTHMA_PNEUMONIA	fdr	0.05	228	71	64	44	49	208	56	67	38	47
THYROTOXICOSIS	fdr	0.05	307	100	92	52	63	281	49	80	70	82
H7_HERPESKERATITIS	fdr	0.05	101	19	30	28	24	93	19	18	30	26
K11_POSTOPDIS	fdr	0.1	232	54	46	63	69	227	63	78	49	37
E4_CARCISDR	fdr	0.1	218	49	43	59	67	242	61	66	57	58
ASTHMA_PNEUMONIA	fdr	0.1	382	111	97	81	93	375	103	113	86	73
N14_ENDOMETRIOSIS_UTERUS	fdr	0.1	373	121	93	77	82	309	76	81	70	82
H7_HERPESKERATITIS	fdr	0.1	173	37	47	50	39	165	30	33	56	46
THYROTOXICOSIS	fdr	0.1	493	144	142	101	106	443	82	130	112	119
E4_CARCISDR	fdr	0.2	516	111	97	152	156	543	135	143	135	130
K11_POSTOPDIS	fdr	0.2	447	102	102	110	133	484	123	146	117	98
ASTHMA_PNEUMONIA	fdr	0.2	744	216	197	164	167	786	208	235	188	155
H7_HERPESKERATITIS	fdr	0.2	407	88	102	110	107	402	86	106	107	103
THYROTOXICOSIS	fdr	0.2	900	239	246	202	213	875	174	243	226	232
N14_ENDOMETRIOSIS_UTERUS	fdr	0.2	701	207	177	159	158	649	147	183	158	161
AUD	nominal	0.05	1592	442	433	341	376	1542	408	443	326	365
N14_ENDOMET_INFERT	nominal	0.05	1202	328	314	271	289	1238	290	331	314	303
TONGUEABNORMALITY	nominal	0.05	1152	292	274	282	304	1231	303	276	346	306
E4_CENTRAL_NERVOUS_SYSTEM_DISORDER_CAUSING_PRECOCIOUS_PUBERTY	nominal	0.05	1039	249	267	283	240	999	249	263	253	234
H7_HETEROPHORIA	nominal	0.05	1120	296	321	239	264	1187	271	320	298	298
K11_PSC_COLITIS_STRICT	nominal	0.05	1136	307	294	273	262	1123	253	289	300	281
N14_ENDOMET_INFERT	fdr	0.05	147	45	42	29	31	160	42	47	34	37
E4_CENTRAL_NERVOUS_SYSTEM_DISORDER_CAUSING_PRECOCIOUS_PUBERTY	fdr	0.05	128	36	35	29	28	110	29	26	34	21
TONGUEABNORMALITY	fdr	0.05	143	35	39	33	36	151	41	42	36	32
H7_HETEROPHORIA	fdr	0.05	126	46	32	24	24	144	36	30	41	37
AUD	fdr	0.05	280	106	90	35	49	265	86	59	61	59
K11_PSC_COLITIS_STRICT	fdr	0.05	156	60	38	28	30	133	26	31	43	33
AUD	fdr	0.1	457	153	139	73	92	473	132	132	108	101
N14_ENDOMET_INFERT	fdr	0.1	289	89	79	59	62	296	70	86	74	66
H7_HETEROPHORIA	fdr	0.1	241	80	68	44	49	272	58	71	75	68
E4_CENTRAL_NERVOUS_SYSTEM_DISORDER_CAUSING_PRECOCIOUS_PUBERTY	fdr	0.1	219	58	55	57	49	190	46	58	52	34
TONGUEABNORMALITY	fdr	0.1	261	56	71	65	69	258	64	67	70	57
K11_PSC_COLITIS_STRICT	fdr	0.1	255	86	61	57	51	242	47	65	75	55
AUD	fdr	0.2	910	278	257	177	198	944	255	270	207	212
N14_ENDOMET_INFERT	fdr	0.2	583	164	156	132	131	626	147	161	165	153
H7_HETEROPHORIA	fdr	0.2	489	142	146	96	105	559	117	145	151	146
K11_PSC_COLITIS_STRICT	fdr	0.2	485	145	123	112	105	512	112	138	139	123
TONGUEABNORMALITY	fdr	0.2	510	117	134	130	129	542	130	123	158	131
E4_CENTRAL_NERVOUS_SYSTEM_DISORDER_CAUSING_PRECOCIOUS_PUBERTY	fdr	0.2	426	108	114	111	93	411	97	124	105	85
AUD_SWEDISH	nominal	0.05	1573	466	424	322	361	1594	450	454	336	354
N14_EROSECTROPUT	nominal	0.05	1007	236	271	264	236	1068	242	295	278	253
TRACHEOBRONCHOMAL	nominal	0.05	1037	277	264	242	254	1088	257	245	323	263
E4_CONGEIOD	nominal	0.05	1109	266	277	264	302	1136	268	340	262	266
H7_HETEROTRONAS	nominal	0.05	1108	267	298	288	255	1162	276	280	316	290
K11_PULC	nominal	0.05	1006	240	261	243	262	1080	233	307	266	274
AUD_SWEDISH	fdr	0.05	291	107	86	39	59	316	100	89	59	68
E4_CONGEIOD	fdr	0.05	151	40	51	25	35	150	38	54	27	31
K11_PULC	fdr	0.05	86	25	17	22	22	92	20	24	26	22
TRACHEOBRONCHOMAL	fdr	0.05	95	25	26	18	26	125	18	10	50	47
H7_HETEROTRONAS	fdr	0.05	87	27	20	22	18	112	26	24	36	26
N14_EROSECTROPUT	fdr	0.05	71	15	12	22	22	81	20	23	17	21
AUD_SWEDISH	fdr	0.1	481	154	153	79	95	537	146	168	117	106
TRACHEOBRONCHOMAL	fdr	0.1	172	42	47	36	47	213	35	37	81	60
E4_CONGEIOD	fdr	0.1	247	60	79	46	62	266	67	83	57	59
K11_PULC	fdr	0.1	165	49	30	43	43	184	32	50	55	47
H7_HETEROTRONAS	fdr	0.1	182	44	52	43	43	217	44	48	75	50
N14_EROSECTROPUT	fdr	0.1	140	36	28	36	40	164	42	47	42	33
AUD_SWEDISH	fdr	0.2	899	279	260	174	186	981	274	286	220	201
N14_EROSECTROPUT	fdr	0.2	342	85	89	90	78	407	94	116	104	93
H7_HETEROTRONAS	fdr	0.2	461	105	130	113	113	527	131	125	144	127
TRACHEOBRONCHOMAL	fdr	0.2	395	100	110	87	98	470	98	99	155	118
E4_CONGEIOD	fdr	0.2	498	114	141	109	134	516	120	155	113	128
K11_PULC	fdr	0.2	372	103	83	83	103	423	75	125	113	110
AUTOHEP	nominal	0.05	1077	249	233	297	298	1113	253	291	265	304
H7_HORDEOLUM	nominal	0.05	1073	263	276	266	268	1092	273	286	266	267
K11_PULPITIS	nominal	0.05	1340	370	428	254	288	1428	373	424	299	332
N14_FEMALEGENINF	nominal	0.05	1254	376	347	248	283	1289	356	381	272	280
TRAUMBRAIN_NONCONCUS	nominal	0.05	1206	298	311	303	294	1242	292	297	315	338
E4_CONGENITAL_HYPOTHYROIDISM_WITHOUT_GOITER	nominal	0.05	1118	247	264	288	319	1099	238	286	267	308
H7_HORDEOLUM	fdr	0.05	112	35	34	22	21	118	38	27	26	27
AUTOHEP	fdr	0.05	128	18	19	47	44	133	34	34	28	37
E4_CONGENITAL_HYPOTHYROIDISM_WITHOUT_GOITER	fdr	0.05	110	26	29	27	28	118	23	35	25	35
TRAUMBRAIN_NONCONCUS	fdr	0.05	182	36	46	54	46	170	40	26	52	52
K11_PULPITIS	fdr	0.05	195	63	71	27	34	218	61	68	44	45
N14_FEMALEGENINF	fdr	0.05	184	70	52	29	33	188	57	58	33	40
H7_HORDEOLUM	fdr	0.1	189	55	55	38	41	194	60	50	40	44
AUTOHEP	fdr	0.1	221	38	29	77	77	251	58	66	63	64
TRAUMBRAIN_NONCONCUS	fdr	0.1	314	78	71	91	74	288	79	45	90	74
E4_CONGENITAL_HYPOTHYROIDISM_WITHOUT_GOITER	fdr	0.1	201	44	53	51	53	210	41	60	46	63
K11_PULPITIS	fdr	0.1	335	105	115	51	64	392	107	124	76	85
N14_FEMALEGENINF	fdr	0.1	344	115	102	56	71	333	98	104	64	67
AUTOHEP	fdr	0.2	426	84	76	135	131	491	105	125	123	138
H7_HORDEOLUM	fdr	0.2	423	110	113	99	101	450	114	114	116	106
K11_PULPITIS	fdr	0.2	693	197	236	114	146	773	194	237	162	180
TRAUMBRAIN_NONCONCUS	fdr	0.2	606	153	143	157	153	628	160	136	171	161
E4_CONGENITAL_HYPOTHYROIDISM_WITHOUT_GOITER	fdr	0.2	469	106	115	111	137	456	97	120	107	132
N14_FEMALEGENINF	fdr	0.2	634	199	182	117	136	686	186	204	148	148
K11_PULP_NECROSIS	nominal	0.05	1196	300	345	283	268	1208	343	370	240	255
AUTOIMMUNE	nominal	0.05	1687	368	442	411	466	1701	391	453	408	449
H7_HYPERMETRO	nominal	0.05	1110	260	292	263	295	1127	262	310	286	269
U22_COVID19_CONFIRMED	nominal	0.05	1157	327	286	278	266	1163	302	289	316	256
E4_CORTICOTROPIN_DEFICIENCY	nominal	0.05	1071	243	255	284	289	1027	252	261	236	278
N14_FEMALEGENNONINF	nominal	0.05	1242	346	360	263	273	1298	352	362	292	292
AUTOIMMUNE	fdr	0.05	310	62	78	78	92	343	78	88	91	86
K11_PULP_NECROSIS	fdr	0.05	157	47	54	32	24	154	43	54	28	29
U22_COVID19_CONFIRMED	fdr	0.05	168	57	37	39	35	167	45	38	45	39
N14_FEMALEGENNONINF	fdr	0.05	181	58	46	30	47	169	48	44	38	39
E4_CORTICOTROPIN_DEFICIENCY	fdr	0.05	91	19	28	27	17	96	25	17	22	32
H7_HYPERMETRO	fdr	0.05	102	13	23	33	33	123	29	33	28	33
AUTOIMMUNE	fdr	0.1	537	111	136	134	156	568	119	158	148	143
K11_PULP_NECROSIS	fdr	0.1	281	82	90	62	47	281	79	100	51	51
U22_COVID19_CONFIRMED	fdr	0.1	270	86	67	67	50	273	75	67	72	59
N14_FEMALEGENNONINF	fdr	0.1	312	94	92	56	70	300	83	85	69	63
E4_CORTICOTROPIN_DEFICIENCY	fdr	0.1	198	47	55	49	47	184	47	39	46	52
H7_HYPERMETRO	fdr	0.1	193	34	46	53	60	234	48	65	61	60
AUTOIMMUNE	fdr	0.2	1023	213	274	243	293	1088	242	298	262	286
K11_PULP_NECROSIS	fdr	0.2	563	157	176	127	103	590	177	186	116	111
U22_COVID19_CONFIRMED	fdr	0.2	519	150	133	132	104	547	146	132	149	120
N14_FEMALEGENNONINF	fdr	0.2	603	174	177	125	127	630	172	176	147	135
H7_HYPERMETRO	fdr	0.2	457	96	136	112	113	531	110	154	138	129
E4_CORTICOTROPIN_DEFICIENCY	fdr	0.2	451	104	110	118	119	433	103	102	114	114
H7_INTERHETEROTRO	nominal	0.05	1134	276	268	279	311	1173	291	316	288	278
K11_PULP_PERIAPICAL_INCLAVO	nominal	0.05	1401	372	448	286	295	1404	374	409	297	324
N14_FEMALEINFERT	nominal	0.05	1143	316	328	242	257	1217	302	348	276	291
U22_COVID19_SUSPECTED	nominal	0.05	1117	297	296	265	259	1109	254	288	281	286
E4_CUSHING	nominal	0.05	1135	271	313	260	291	1164	258	278	316	312
AUTOIMMUNE_HYPERTHYROIDISM	nominal	0.05	1288	326	345	294	323	1321	292	347	326	356
E4_CUSHING	fdr	0.05	170	48	56	34	32	169	32	25	57	55
H7_INTERHETEROTRO	fdr	0.05	118	31	23	31	33	140	40	40	27	33
U22_COVID19_SUSPECTED	fdr	0.05	131	47	38	25	21	117	25	32	36	24
AUTOIMMUNE_HYPERTHYROIDISM	fdr	0.05	168	54	46	32	36	188	36	45	57	50
N14_FEMALEINFERT	fdr	0.05	156	57	40	30	29	140	38	39	26	37
K11_PULP_PERIAPICAL_INCLAVO	fdr	0.05	222	83	79	27	33	221	70	73	36	42
E4_CUSHING	fdr	0.1	260	70	86	53	51	280	51	64	83	82
H7_INTERHETEROTRO	fdr	0.1	214	59	47	54	54	255	68	68	63	56
U22_COVID19_SUSPECTED	fdr	0.1	232	75	60	48	49	219	51	60	59	49
AUTOIMMUNE_HYPERTHYROIDISM	fdr	0.1	316	96	82	61	77	324	67	83	87	87
N14_FEMALEINFERT	fdr	0.1	270	80	80	50	60	262	61	82	52	67
K11_PULP_PERIAPICAL_INCLAVO	fdr	0.1	362	124	129	50	59	371	115	118	64	74
K11_PULP_PERIAPICAL_INCLAVO	fdr	0.2	707	207	244	123	133	733	210	230	137	156
U22_COVID19_SUSPECTED	fdr	0.2	467	127	126	115	99	471	106	126	123	116
E4_CUSHING	fdr	0.2	485	139	147	100	99	530	110	131	140	149
H7_INTERHETEROTRO	fdr	0.2	465	117	98	124	126	532	132	140	138	122
AUTOIMMUNE_HYPERTHYROIDISM	fdr	0.2	662	177	184	143	158	690	155	180	168	187
N14_FEMALEINFERT	fdr	0.2	560	157	163	113	127	605	149	180	137	139
AUTOIMMUNE_NONTHYROID	nominal	0.05	1465	319	385	343	418	1594	357	432	390	415
H7_INTERNUCOPHTHALMOPLEGIA	nominal	0.05	1092	281	278	245	288	1167	230	279	338	320
K11_REFLUX	nominal	0.05	1350	375	399	290	286	1389	360	382	330	317
N14_FEMALE_GENITAL_DYSPLASIA_ALL	nominal	0.05	1259	344	358	260	297	1263	313	347	296	307
ULCERENTER	nominal	0.05	1271	305	321	301	344	1323	294	342	343	344
E4_CYSTFIBRO	nominal	0.05	1103	278	300	250	275	1134	240	265	335	294
AUTOIMMUNE_NONTHYROID	fdr	0.05	212	42	47	46	77	285	54	72	72	87
ULCERENTER	fdr	0.05	160	40	34	39	47	195	37	49	45	64
H7_INTERNUCOPHTHALMOPLEGIA	fdr	0.05	104	32	22	23	27	112	21	25	32	34
N14_FEMALE_GENITAL_DYSPLASIA_ALL	fdr	0.05	186	67	59	27	33	203	54	48	47	54
K11_REFLUX	fdr	0.05	238	81	71	44	42	224	57	65	48	54
E4_CYSTFIBRO	fdr	0.05	104	30	30	16	28	131	28	35	43	25
AUTOIMMUNE_NONTHYROID	fdr	0.1	398	88	92	95	123	466	83	119	131	133
N14_FEMALE_GENITAL_DYSPLASIA_ALL	fdr	0.1	309	96	94	60	59	326	88	91	69	78
ULCERENTER	fdr	0.1	274	66	62	66	80	354	70	91	91	102
H7_INTERNUCOPHTHALMOPLEGIA	fdr	0.1	203	58	43	50	52	218	36	46	72	64
E4_CYSTFIBRO	fdr	0.1	201	55	52	39	55	245	45	65	80	55
K11_REFLUX	fdr	0.1	393	125	113	82	73	382	104	108	88	82
AUTOIMMUNE_NONTHYROID	fdr	0.2	815	182	204	192	237	948	195	258	250	245
K11_REFLUX	fdr	0.2	724	207	209	161	147	747	181	216	181	169
N14_FEMALE_GENITAL_DYSPLASIA_ALL	fdr	0.2	593	165	175	118	135	627	159	169	143	156
ULCERENTER	fdr	0.2	585	151	128	155	151	719	154	183	197	185
H7_INTERNUCOPHTHALMOPLEGIA	fdr	0.2	442	116	106	97	123	486	84	117	154	131
E4_CYSTFIBRO	fdr	0.2	448	112	124	103	109	488	90	123	161	114
BACT_INTEST_INFECTION_NOS	nominal	0.05	1123	325	305	232	261	1143	303	320	252	268
H7_IRIDOACUTE	nominal	0.05	1199	273	319	313	294	1179	258	284	296	341
ULCERILEO	nominal	0.05	1341	327	338	339	337	1349	310	371	327	341
E4_CYSTFIBRO_INT	nominal	0.05	1190	300	321	286	283	1186	277	285	330	294
K11_REIMB_202	nominal	0.05	1457	366	391	351	349	1424	307	341	365	411
N14_FEMALE_GENITAL_DYSPLASIA_NOS	nominal	0.05	1064	275	279	264	246	1157	241	246	328	342
H7_IRIDOACUTE	fdr	0.05	156	29	50	32	45	149	35	31	27	56
ULCERILEO	fdr	0.05	234	78	54	47	55	209	36	48	52	73
K11_REIMB_202	fdr	0.05	270	77	71	53	69	251	58	55	65	73
E4_CYSTFIBRO_INT	fdr	0.05	140	29	43	35	33	148	40	28	43	37
N14_FEMALE_GENITAL_DYSPLASIA_NOS	fdr	0.05	101	31	33	16	21	123	38	19	34	32
BACT_INTEST_INFECTION_NOS	fdr	0.05	119	41	39	17	22	120	31	45	22	22
H7_IRIDOACUTE	fdr	0.1	261	52	77	64	68	260	57	52	56	95
ULCERILEO	fdr	0.1	372	100	93	90	89	344	60	90	85	109
N14_FEMALE_GENITAL_DYSPLASIA_NOS	fdr	0.1	195	53	51	49	42	213	57	36	58	62
E4_CYSTFIBRO_INT	fdr	0.1	242	55	71	61	55	254	60	54	77	63
K11_REIMB_202	fdr	0.1	439	124	114	98	103	433	98	95	124	116
BACT_INTEST_INFECTION_NOS	fdr	0.1	226	74	72	39	41	204	53	74	40	37
H7_IRIDOACUTE	fdr	0.2	561	120	153	146	142	577	131	135	133	178
ULCERILEO	fdr	0.2	717	181	177	174	185	745	156	202	184	203
K11_REIMB_202	fdr	0.2	801	207	207	189	198	821	181	197	216	227
N14_FEMALE_GENITAL_DYSPLASIA_NOS	fdr	0.2	404	114	103	88	99	454	107	84	137	126
E4_CYSTFIBRO_INT	fdr	0.2	524	119	147	134	124	528	120	123	146	139
BACT_INTEST_INFECTION_NOS	fdr	0.2	462	147	129	91	95	452	114	144	101	93
BLEEDING	nominal	0.05	1275	328	354	281	312	1372	330	352	335	355
H7_IRIDOCHRONIC	nominal	0.05	1083	268	253	280	282	1089	250	304	271	264
N14_FEMALE_GENITAL_HSIL	nominal	0.05	1256	347	357	281	271	1273	309	360	311	293
ULCERNAS	nominal	0.05	1355	327	319	364	345	1421	332	379	345	365
K11_RESORPTION	nominal	0.05	1071	242	245	250	334	1122	274	291	255	302
E4_CYSTFIBRO_NAS	nominal	0.05	1137	287	292	264	294	1180	265	299	322	294
BLEEDING	fdr	0.05	176	35	55	32	54	182	37	40	50	55
N14_FEMALE_GENITAL_HSIL	fdr	0.05	194	67	61	33	33	182	41	48	41	52
ULCERNAS	fdr	0.05	222	59	48	61	54	253	54	58	58	83
H7_IRIDOCHRONIC	fdr	0.05	111	31	19	25	36	131	29	36	33	33
E4_CYSTFIBRO_NAS	fdr	0.05	122	25	32	27	38	115	20	33	34	28
K11_RESORPTION	fdr	0.05	92	16	15	29	32	117	20	34	28	35
BLEEDING	fdr	0.1	312	73	94	61	84	340	64	79	103	94
N14_FEMALE_GENITAL_HSIL	fdr	0.1	323	104	101	58	60	310	75	82	73	80
ULCERNAS	fdr	0.1	372	100	90	100	82	426	91	107	98	130
H7_IRIDOCHRONIC	fdr	0.1	201	50	35	51	65	235	52	64	63	56
K11_RESORPTION	fdr	0.1	171	33	35	45	58	219	43	64	54	58
E4_CYSTFIBRO_NAS	fdr	0.1	221	54	65	46	56	232	37	63	76	56
BLEEDING	fdr	0.2	618	146	181	134	157	701	154	177	193	177
H7_IRIDOCHRONIC	fdr	0.2	461	111	107	122	121	477	99	145	124	109
N14_FEMALE_GENITAL_HSIL	fdr	0.2	640	186	189	127	138	632	141	172	153	166
ULCERNAS	fdr	0.2	737	182	167	205	183	826	188	210	208	220
K11_RESORPTION	fdr	0.2	434	90	95	113	136	497	132	139	109	117
E4_CYSTFIBRO_NAS	fdr	0.2	483	121	133	105	124	497	101	132	145	119
BMI_IRN	nominal	0.05	1925	556	528	433	408	1986	501	551	448	486
E4_DELPUB	nominal	0.05	1160	320	273	277	290	1106	300	251	294	261
H7_IRIDOCYCLITIS	nominal	0.05	1105	248	295	285	277	1129	267	274	268	320
N14_FEMALE_GENITAL_LSIL	nominal	0.05	1103	300	287	245	271	1150	270	316	285	279
ULCEROTH	nominal	0.05	1219	280	301	318	320	1288	312	314	336	326
K11_RETROG_MAXILLAE	nominal	0.05	1091	272	308	238	273	1097	264	268	278	287
H7_IRIDOCYCLITIS	fdr	0.05	131	33	38	26	34	132	35	27	25	45
ULCEROTH	fdr	0.05	185	46	43	49	47	218	50	59	55	54
BMI_IRN	fdr	0.05	423	134	121	87	81	437	121	119	94	103
N14_FEMALE_GENITAL_LSIL	fdr	0.05	112	30	31	27	24	161	41	35	36	49
E4_DELPUB	fdr	0.05	154	38	40	25	51	122	25	28	30	39
K11_RETROG_MAXILLAE	fdr	0.05	115	25	35	23	32	133	26	36	38	33
BMI_IRN	fdr	0.1	685	215	191	152	127	730	179	196	176	179
H7_IRIDOCYCLITIS	fdr	0.1	239	54	72	57	56	240	61	52	51	76
ULCEROTH	fdr	0.1	298	79	62	85	72	354	83	94	88	89
N14_FEMALE_GENITAL_LSIL	fdr	0.1	210	54	61	46	49	275	73	67	64	71
E4_DELPUB	fdr	0.1	261	72	65	46	78	224	53	55	61	55
K11_RETROG_MAXILLAE	fdr	0.1	209	44	70	38	57	232	43	61	68	60
BMI_IRN	fdr	0.2	1244	383	344	270	247	1337	332	375	309	321
E4_DELPUB	fdr	0.2	545	153	145	112	135	514	145	116	144	109
H7_IRIDOCYCLITIS	fdr	0.2	493	110	139	127	117	537	120	136	122	159
N14_FEMALE_GENITAL_LSIL	fdr	0.2	473	115	134	106	118	543	127	156	130	130
ULCEROTH	fdr	0.2	599	143	134	170	152	670	157	179	169	165
K11_RETROG_MAXILLAE	fdr	0.2	451	111	141	92	107	502	113	125	132	132
BRONCHITIS	nominal	0.05	1269	324	339	304	302	1325	369	366	304	286
K11_SALIVARY	nominal	0.05	1072	262	270	263	277	1082	248	273	268	293
ULCERPROCT	nominal	0.05	1311	319	329	319	344	1277	325	296	325	331
H7_IRIDOCYCLITISINOTH	nominal	0.05	1219	332	329	294	264	1165	280	290	321	274
E4_DIABINSIPIDUS	nominal	0.05	1065	237	244	298	286	1073	271	280	286	236
N14_FEMGENFISTUL	nominal	0.05	1054	294	279	230	251	1086	269	278	268	271
K11_SALIVARY	fdr	0.05	92	30	28	14	20	94	14	25	21	34
ULCERPROCT	fdr	0.05	193	51	47	42	53	226	42	56	49	79
BRONCHITIS	fdr	0.05	156	39	43	37	37	177	50	40	42	45
N14_FEMGENFISTUL	fdr	0.05	125	25	31	30	39	148	30	33	40	45
H7_IRIDOCYCLITISINOTH	fdr	0.05	208	70	70	35	33	135	26	33	41	35
E4_DIABINSIPIDUS	fdr	0.05	118	17	20	42	39	121	36	31	34	20
K11_SALIVARY	fdr	0.1	189	49	61	41	38	199	31	50	54	64
ULCERPROCT	fdr	0.1	320	80	76	77	87	352	77	86	86	103
BRONCHITIS	fdr	0.1	273	70	68	74	61	331	91	92	79	69
H7_IRIDOCYCLITISINOTH	fdr	0.1	314	104	95	59	56	240	46	64	77	53
N14_FEMGENFISTUL	fdr	0.1	217	55	60	45	57	236	47	58	64	67
E4_DIABINSIPIDUS	fdr	0.1	220	37	48	70	65	222	66	56	59	41
K11_SALIVARY	fdr	0.2	431	107	113	106	105	429	90	107	107	125
ULCERPROCT	fdr	0.2	635	156	152	169	158	662	153	161	168	180
BRONCHITIS	fdr	0.2	580	144	154	148	134	707	196	192	162	157
H7_IRIDOCYCLITISINOTH	fdr	0.2	559	168	158	113	120	492	108	113	153	118
E4_DIABINSIPIDUS	fdr	0.2	436	91	99	132	114	454	115	118	133	88
N14_FEMGENFISTUL	fdr	0.2	473	134	129	99	111	474	106	117	124	127
C3_ACCESSORY_SINUS_WIDE	nominal	0.05	1139	311	267	286	275	1141	291	299	276	275
H7_IRIDOCYC_ANTER	nominal	0.05	1174	271	310	301	292	1147	269	274	278	326
ULCERRECT	nominal	0.05	1345	329	315	348	353	1445	377	377	351	340
E4_DISPUB	nominal	0.05	1140	301	290	278	271	1092	281	275	273	263
K11_SCISS_BITE	nominal	0.05	1065	266	275	262	262	1140	257	283	311	289
N14_FEMGENPAIN	nominal	0.05	1298	360	391	260	287	1328	332	352	333	311
H7_IRIDOCYC_ANTER	fdr	0.05	144	26	40	35	43	138	37	30	23	48
ULCERRECT	fdr	0.05	239	53	52	75	59	298	66	81	76	75
N14_FEMGENPAIN	fdr	0.05	212	82	59	34	37	216	61	48	55	52
E4_DISPUB	fdr	0.05	175	44	45	37	49	123	29	29	34	31
C3_ACCESSORY_SINUS_WIDE	fdr	0.05	120	37	26	33	24	130	34	28	35	33
K11_SCISS_BITE	fdr	0.05	106	26	22	22	36	114	26	19	36	33
C3_ACCESSORY_SINUS_WIDE	fdr	0.1	227	60	56	59	52	252	61	62	73	56
H7_IRIDOCYC_ANTER	fdr	0.1	257	50	80	62	65	257	64	55	54	84
ULCERRECT	fdr	0.1	403	99	86	113	105	470	107	120	128	115
N14_FEMGENPAIN	fdr	0.1	343	117	98	58	70	361	94	92	94	81
K11_SCISS_BITE	fdr	0.1	189	45	44	36	64	213	40	44	68	61
E4_DISPUB	fdr	0.1	259	66	68	54	71	227	44	69	71	43
C3_ACCESSORY_SINUS_WIDE	fdr	0.2	467	123	105	122	117	523	124	135	142	122
H7_IRIDOCYC_ANTER	fdr	0.2	550	124	156	137	133	560	127	142	127	164
ULCERRECT	fdr	0.2	735	178	160	204	193	883	216	230	229	208
E4_DISPUB	fdr	0.2	483	127	129	108	119	482	115	128	137	102
N14_FEMGENPAIN	fdr	0.2	675	208	199	129	139	713	184	195	174	160
K11_SCISS_BITE	fdr	0.2	418	99	104	97	118	465	91	100	152	122
E4_DYSPOLYGL	nominal	0.05	1113	260	271	266	316	1048	230	257	269	292
ULCER_ARTHR	nominal	0.05	1184	258	281	320	325	1218	265	321	306	326
H7_IRIDOLENS	nominal	0.05	1108	270	239	315	284	1165	271	296	311	287
K11_STOMATITIS	nominal	0.05	1087	277	299	245	266	1181	286	325	290	280
N14_FEMGENPROL	nominal	0.05	1430	389	387	354	300	1553	392	459	350	352
C3_ADRENAL_GLAND_WIDE	nominal	0.05	1030	245	266	269	250	1146	243	284	305	314
E4_DYSPOLYGL	fdr	0.05	117	18	26	30	43	89	26	9	25	29
N14_FEMGENPROL	fdr	0.05	214	51	55	55	53	238	58	63	60	57
C3_ADRENAL_GLAND_WIDE	fdr	0.05	103	35	28	20	20	112	20	22	39	31
K11_STOMATITIS	fdr	0.05	111	31	34	21	25	121	25	31	27	38
ULCER_ARTHR	fdr	0.05	142	30	23	42	47	140	23	31	37	49
H7_IRIDOLENS	fdr	0.05	124	21	25	34	44	117	34	24	35	24
E4_DYSPOLYGL	fdr	0.1	210	40	44	54	72	175	47	36	48	44
N14_FEMGENPROL	fdr	0.1	386	97	104	92	93	457	121	121	115	100
H7_IRIDOLENS	fdr	0.1	238	53	47	64	74	227	65	51	66	45
C3_ADRENAL_GLAND_WIDE	fdr	0.1	196	53	51	49	43	194	33	43	62	56
ULCER_ARTHR	fdr	0.1	255	57	54	70	74	247	44	59	73	71
K11_STOMATITIS	fdr	0.1	186	54	55	35	42	203	49	55	43	56
ULCER_ARTHR	fdr	0.2	529	108	112	156	153	572	112	149	155	156
H7_IRIDOLENS	fdr	0.2	492	121	100	139	132	505	127	130	137	111
K11_STOMATITIS	fdr	0.2	424	113	126	86	99	488	113	142	120	113
E4_DYSPOLYGL	fdr	0.2	454	86	99	124	145	441	102	104	117	118
N14_FEMGENPROL	fdr	0.2	818	219	225	203	171	937	227	282	222	206
C3_ADRENAL_GLAND_WIDE	fdr	0.2	393	109	102	90	92	448	87	105	124	132
VAGINAL_LICHEN_PLANUS	nominal	0.05	1084	265	258	268	293	1139	285	299	288	267
H7_IRIDONAS	nominal	0.05	1004	272	247	233	252	994	257	240	253	244
C3_ALL_WIDE	nominal	0.05	1092	257	280	283	272	1121	295	266	296	264
K11_SUPNUM_ONLY	nominal	0.05	1087	275	287	251	274	1108	275	289	282	262
E4_ENDINOTH	nominal	0.05	1107	301	272	279	255	1117	306	298	272	241
N14_FEMPELINFINOTH	nominal	0.05	1100	234	268	278	320	1117	264	303	277	273
VAGINAL_LICHEN_PLANUS	fdr	0.05	115	24	18	35	38	131	34	39	27	31
H7_IRIDONAS	fdr	0.05	80	25	20	17	18	77	22	20	11	24
K11_SUPNUM_ONLY	fdr	0.05	107	31	23	22	31	147	41	46	30	30
C3_ALL_WIDE	fdr	0.05	128	30	33	33	32	124	37	22	27	38
N14_FEMPELINFINOTH	fdr	0.05	124	28	29	31	36	128	37	35	31	25
E4_ENDINOTH	fdr	0.05	139	38	39	38	24	143	43	35	28	37
VAGINAL_LICHEN_PLANUS	fdr	0.1	205	43	42	56	64	247	57	65	69	56
H7_IRIDONAS	fdr	0.1	161	42	45	39	35	149	42	34	32	41
C3_ALL_WIDE	fdr	0.1	224	49	66	50	59	236	56	55	64	61
K11_SUPNUM_ONLY	fdr	0.1	212	57	56	42	57	245	67	75	58	45
E4_ENDINOTH	fdr	0.1	233	63	60	69	41	238	62	63	56	57
N14_FEMPELINFINOTH	fdr	0.1	225	49	56	52	68	214	56	59	54	45
VAGINAL_LICHEN_PLANUS	fdr	0.2	427	99	84	118	126	491	116	136	130	109
H7_IRIDONAS	fdr	0.2	360	100	91	90	79	365	95	95	85	90
C3_ALL_WIDE	fdr	0.2	475	109	122	117	127	498	119	130	134	115
K11_SUPNUM_ONLY	fdr	0.2	447	111	112	99	125	516	125	154	133	104
E4_ENDINOTH	fdr	0.2	478	130	112	140	96	472	130	119	118	105
N14_FEMPELINFINOTH	fdr	0.2	459	91	113	118	137	448	109	119	121	99
E4_ENDODIS	nominal	0.05	1054	260	252	257	285	1122	287	297	270	268
C3_AML_MDS	nominal	0.05	1004	250	269	226	259	1051	233	272	260	286
H7_IRISCILIARYNAS	nominal	0.05	1150	319	303	263	265	1191	275	307	319	290
K11_SUPNUM_ONLY_INCLAVO	nominal	0.05	1121	276	254	298	293	1116	297	293	270	256
VD_MI	nominal	0.05	1058	276	299	250	233	1084	229	314	274	267
N14_FIANOV	nominal	0.05	1149	276	290	293	290	1213	341	360	258	254
C3_AML_MDS	fdr	0.05	63	19	22	11	11	67	16	19	14	18
E4_ENDODIS	fdr	0.05	110	25	25	28	32	118	42	26	25	25
N14_FIANOV	fdr	0.05	103	21	33	15	34	133	28	54	24	27
H7_IRISCILIARYNAS	fdr	0.05	156	58	40	23	35	138	32	43	28	35
K11_SUPNUM_ONLY_INCLAVO	fdr	0.05	116	31	27	35	23	121	39	34	21	27
VD_MI	fdr	0.05	99	25	27	27	20	106	28	30	27	21
C3_AML_MDS	fdr	0.1	120	33	39	24	24	140	34	34	36	36
K11_SUPNUM_ONLY_INCLAVO	fdr	0.1	197	48	46	57	46	216	65	61	45	45
E4_ENDODIS	fdr	0.1	192	42	40	51	59	209	62	51	53	43
N14_FIANOV	fdr	0.1	208	42	67	38	61	249	62	85	52	50
VD_MI	fdr	0.1	183	43	59	41	40	182	37	54	55	36
H7_IRISCILIARYNAS	fdr	0.1	257	92	65	40	60	236	58	67	56	55
C3_AML_MDS	fdr	0.2	338	85	111	63	79	381	90	98	82	111
K11_SUPNUM_ONLY_INCLAVO	fdr	0.2	458	105	106	128	119	485	134	137	110	104
VD_MI	fdr	0.2	418	100	123	102	93	468	96	133	132	107
E4_ENDODIS	fdr	0.2	407	104	94	101	108	460	126	117	113	104
N14_FIANOV	fdr	0.2	465	105	132	108	120	534	133	176	112	113
H7_IRISCILIARYNAS	fdr	0.2	541	173	140	113	115	543	123	138	148	134
C3_AML_WIDE	nominal	0.05	1009	245	255	268	241	1028	252	259	274	243
H7_JUVENILE_CATARACT	nominal	0.05	1036	287	309	223	217	1019	266	264	263	226
N14_FIOTHNAS	nominal	0.05	1134	305	325	247	257	1183	283	336	284	280
E4_ENDODISNAS	nominal	0.05	1014	260	247	245	262	1040	272	267	258	243
K11_TOXLIV	nominal	0.05	1044	249	280	254	261	1118	278	267	291	282
VD_MX	nominal	0.05	1120	280	323	234	283	1192	277	307	314	294
C3_AML_WIDE	fdr	0.05	92	21	24	25	22	97	25	34	23	15
N14_FIOTHNAS	fdr	0.05	150	54	39	27	30	123	29	29	29	36
VD_MX	fdr	0.05	129	37	50	19	23	133	35	27	30	41
H7_JUVENILE_CATARACT	fdr	0.05	84	29	21	21	13	100	27	22	22	29
K11_TOXLIV	fdr	0.05	103	25	29	24	25	116	23	23	37	33
E4_ENDODISNAS	fdr	0.05	109	30	39	18	22	108	36	29	18	25
C3_AML_WIDE	fdr	0.1	168	34	45	49	40	174	48	54	39	33
H7_JUVENILE_CATARACT	fdr	0.1	159	50	47	35	27	173	50	40	43	40
N14_FIOTHNAS	fdr	0.1	267	83	76	55	53	250	57	74	63	56
K11_TOXLIV	fdr	0.1	196	44	49	49	54	214	46	50	58	60
VD_MX	fdr	0.1	215	58	82	30	45	234	48	65	59	62
E4_ENDODISNAS	fdr	0.1	174	42	58	32	42	182	50	50	43	39
C3_AML_WIDE	fdr	0.2	367	92	93	94	88	409	107	108	102	92
H7_JUVENILE_CATARACT	fdr	0.2	349	103	106	72	68	402	106	107	105	84
E4_ENDODISNAS	fdr	0.2	375	98	104	84	89	397	99	108	99	91
K11_TOXLIV	fdr	0.2	414	94	107	110	103	487	116	118	131	122
N14_FIOTHNAS	fdr	0.2	514	146	143	110	115	541	119	167	133	122
VD_MX	fdr	0.2	470	122	141	93	114	538	120	131	146	141
C3_ANUS_ANALCANAL_WIDE	nominal	0.05	1084	306	289	244	245	1108	252	315	278	263
H7_KERATITIS	nominal	0.05	1249	305	339	281	324	1195	270	286	329	310
K11_UC_STRICT2	nominal	0.05	1477	333	349	376	419	1566	370	416	377	403
N14_FITUB	nominal	0.05	1173	317	330	258	268	1175	292	352	263	268
E4_ENDOGLAND	nominal	0.05	1179	266	295	320	298	1157	295	293	298	271
VD_O	nominal	0.05	1005	244	223	248	290	1074	270	274	257	273
K11_UC_STRICT2	fdr	0.05	266	56	51	88	71	296	60	74	63	99
H7_KERATITIS	fdr	0.05	181	41	52	43	45	180	44	29	50	57
E4_ENDOGLAND	fdr	0.05	127	34	29	34	30	136	26	34	40	36
N14_FITUB	fdr	0.05	154	56	38	27	33	132	44	47	18	23
C3_ANUS_ANALCANAL_WIDE	fdr	0.05	154	41	40	34	39	155	45	38	35	37
VD_O	fdr	0.05	105	21	22	33	29	118	38	28	26	26
H7_KERATITIS	fdr	0.1	301	74	80	67	80	298	66	55	88	89
K11_UC_STRICT2	fdr	0.1	433	105	89	126	113	484	104	132	110	138
N14_FITUB	fdr	0.1	284	91	72	61	60	235	70	79	40	46
C3_ANUS_ANALCANAL_WIDE	fdr	0.1	258	68	63	60	67	273	69	82	62	60
E4_ENDOGLAND	fdr	0.1	226	56	53	56	61	247	57	58	68	64
VD_O	fdr	0.1	202	45	42	53	62	211	56	49	52	54
C3_ANUS_ANALCANAL_WIDE	fdr	0.2	495	137	134	121	103	510	122	152	120	116
H7_KERATITIS	fdr	0.2	583	150	149	140	144	602	135	118	185	164
K11_UC_STRICT2	fdr	0.2	839	184	199	235	221	951	209	255	237	250
N14_FITUB	fdr	0.2	533	167	151	110	105	538	135	174	116	113
VD_O	fdr	0.2	385	92	81	105	107	431	105	112	100	114
E4_ENDOGLAND	fdr	0.2	514	115	110	150	139	537	129	139	137	132
E4_ENDOMETPOSTOP	nominal	0.05	1272	362	318	286	306	1320	305	334	330	351
VD_SC	nominal	0.05	1087	291	280	254	262	1120	286	307	272	255
H7_KERATITISINOTH	nominal	0.05	1131	253	315	277	286	1219	291	322	317	289
K11_UC_STRICT_PSC	nominal	0.05	1171	311	288	280	292	1190	282	294	312	302
N14_FIUTERINE	nominal	0.05	1072	266	290	263	253	1077	254	307	267	249
C3_ASTROCYTOMA_WIDE	nominal	0.05	1140	295	281	271	293	1163	292	312	265	294
VD_SC	fdr	0.05	132	49	33	23	27	133	46	41	24	22
E4_ENDOMETPOSTOP	fdr	0.05	210	73	65	34	38	189	40	35	48	66
C3_ASTROCYTOMA_WIDE	fdr	0.05	152	37	38	40	37	134	29	24	34	47
K11_UC_STRICT_PSC	fdr	0.05	152	61	42	20	29	157	33	35	40	49
H7_KERATITISINOTH	fdr	0.05	136	21	53	27	35	158	35	43	33	47
N14_FIUTERINE	fdr	0.05	132	32	35	34	31	106	24	35	20	27
VD_SC	fdr	0.1	234	77	56	49	52	221	67	73	38	43
E4_ENDOMETPOSTOP	fdr	0.1	320	103	93	58	66	324	71	74	86	93
C3_ASTROCYTOMA_WIDE	fdr	0.1	247	62	61	56	68	223	51	50	56	66
H7_KERATITISINOTH	fdr	0.1	218	41	72	48	57	247	55	64	54	74
N14_FIUTERINE	fdr	0.1	234	51	62	65	56	206	45	63	45	53
K11_UC_STRICT_PSC	fdr	0.1	268	92	72	51	53	276	51	67	84	74
VD_SC	fdr	0.2	479	139	121	107	112	474	128	137	113	96
H7_KERATITISINOTH	fdr	0.2	455	99	127	106	123	547	138	137	141	131
E4_ENDOMETPOSTOP	fdr	0.2	632	176	172	142	142	675	142	178	171	184
K11_UC_STRICT_PSC	fdr	0.2	513	151	134	112	116	563	117	142	162	142
C3_ASTROCYTOMA_WIDE	fdr	0.2	465	120	113	108	124	472	111	117	114	130
N14_FIUTERINE	fdr	0.2	480	127	122	114	117	456	105	135	109	107
C3_BASAL_CELL_CARCINOMA_WIDE	nominal	0.05	1606	401	401	418	386	1663	374	425	427	437
H7_KERATITISOTH	nominal	0.05	1155	312	322	264	257	1127	324	314	253	236
VD_SO	nominal	0.05	1101	289	295	266	251	1181	284	314	307	276
K11_UMBHER	nominal	0.05	1388	350	365	343	330	1498	397	438	336	327
E4_FABRY_KIDNEY	nominal	0.05	1139	312	281	290	256	1188	285	291	301	311
N14_GALACTORRHEA	nominal	0.05	1041	284	287	237	233	1079	263	282	267	267
H7_KERATITISOTH	fdr	0.05	137	32	42	33	30	153	52	50	25	26
K11_UMBHER	fdr	0.05	175	35	62	37	41	232	69	67	55	41
C3_BASAL_CELL_CARCINOMA_WIDE	fdr	0.05	278	74	70	64	70	308	61	71	81	95
E4_FABRY_KIDNEY	fdr	0.05	138	38	32	38	30	143	34	33	31	45
N14_GALACTORRHEA	fdr	0.05	104	34	31	20	19	103	28	32	29	14
VD_SO	fdr	0.05	92	29	21	21	21	110	30	33	25	22
K11_UMBHER	fdr	0.1	315	76	94	71	74	396	105	119	99	73
H7_KERATITISOTH	fdr	0.1	245	67	71	58	49	248	78	77	49	44
C3_BASAL_CELL_CARCINOMA_WIDE	fdr	0.1	492	119	130	123	120	532	97	142	135	158
E4_FABRY_KIDNEY	fdr	0.1	239	68	57	61	53	255	65	66	59	65
VD_SO	fdr	0.1	178	50	46	40	42	216	54	61	49	52
N14_GALACTORRHEA	fdr	0.1	182	48	56	38	40	200	55	59	52	34
C3_BASAL_CELL_CARCINOMA_WIDE	fdr	0.2	958	227	251	242	238	1043	205	276	269	293
H7_KERATITISOTH	fdr	0.2	516	141	145	125	105	536	155	157	124	100
VD_SO	fdr	0.2	442	121	122	103	96	506	120	130	134	122
K11_UMBHER	fdr	0.2	734	178	215	169	172	892	237	263	205	187
E4_FABRY_KIDNEY	fdr	0.2	510	128	130	141	111	545	131	131	137	146
N14_GALACTORRHEA	fdr	0.2	397	93	119	88	97	449	113	114	116	106
C3_BASEOFTONGUE_WIDE	nominal	0.05	1119	286	308	278	247	1154	282	321	282	269
H7_KERATOCONUS	nominal	0.05	1099	276	273	269	281	1185	273	297	319	296
VD_U	nominal	0.05	1249	324	307	317	301	1263	323	353	297	290
E4_FE_DEF	nominal	0.05	1077	308	294	241	234	1099	267	285	268	279
N14_GENITOUROTH	nominal	0.05	1130	287	286	269	288	1192	273	336	288	295
K11_VASCINT	nominal	0.05	1173	305	349	239	280	1154	295	290	307	262
VD_U	fdr	0.05	145	33	35	45	32	135	37	39	34	25
E4_FE_DEF	fdr	0.05	146	62	37	24	23	128	40	34	27	27
H7_KERATOCONUS	fdr	0.05	134	36	32	27	39	141	33	39	31	38
K11_VASCINT	fdr	0.05	178	60	66	26	26	143	38	36	34	35
N14_GENITOUROTH	fdr	0.05	137	38	39	26	34	138	34	35	37	32
C3_BASEOFTONGUE_WIDE	fdr	0.05	102	31	26	27	18	130	39	39	25	27
VD_U	fdr	0.1	274	70	71	74	59	277	70	84	70	53
E4_FE_DEF	fdr	0.1	243	88	67	42	46	228	66	60	50	52
H7_KERATOCONUS	fdr	0.1	221	59	54	48	60	250	56	69	68	57
K11_VASCINT	fdr	0.1	296	93	99	54	50	256	64	62	75	55
C3_BASEOFTONGUE_WIDE	fdr	0.1	190	52	53	47	38	220	58	70	54	38
N14_GENITOUROTH	fdr	0.1	235	64	70	45	56	242	55	64	68	55
C3_BASEOFTONGUE_WIDE	fdr	0.2	453	121	130	108	94	510	118	148	131	113
H7_KERATOCONUS	fdr	0.2	466	111	114	123	118	539	120	141	145	133
VD_U	fdr	0.2	617	159	154	159	145	639	161	198	142	138
E4_FE_DEF	fdr	0.2	498	165	134	98	101	481	132	119	108	122
N14_GENITOUROTH	fdr	0.2	460	118	126	104	112	526	118	139	129	140
K11_VASCINT	fdr	0.2	560	155	173	111	121	542	126	143	147	126
C3_BILIARY_GALLBLADDER_WIDE	nominal	0.05	1110	293	266	283	268	1140	264	283	294	299
H7_LACRIMALSYSTEM	nominal	0.05	1277	344	312	320	301	1272	288	323	337	324
K11_VENTHER	nominal	0.05	1415	368	408	316	323	1438	386	404	335	313
VIRALPNEUMOKNOWN	nominal	0.05	1141	260	295	274	312	1122	274	312	247	289
N14_GLOMEINOTH	nominal	0.05	1210	276	281	332	321	1259	300	305	326	328
E4_FH	nominal	0.05	1098	306	295	251	246	1189	276	328	295	290
C3_BILIARY_GALLBLADDER_WIDE	fdr	0.05	116	23	30	31	32	124	32	25	30	37
H7_LACRIMALSYSTEM	fdr	0.05	161	46	32	41	42	174	47	35	43	49
VIRALPNEUMOKNOWN	fdr	0.05	147	28	30	45	44	126	28	46	21	31
K11_VENTHER	fdr	0.05	218	55	63	50	50	243	65	65	58	55
N14_GLOMEINOTH	fdr	0.05	121	22	27	35	37	162	42	42	33	45
E4_FH	fdr	0.05	129	42	47	17	23	154	45	37	36	36
C3_BILIARY_GALLBLADDER_WIDE	fdr	0.1	210	44	53	55	58	214	47	48	62	57
H7_LACRIMALSYSTEM	fdr	0.1	275	73	64	77	61	305	69	65	84	87
VIRALPNEUMOKNOWN	fdr	0.1	237	48	54	62	73	207	49	73	37	48
K11_VENTHER	fdr	0.1	377	94	112	82	89	416	96	126	102	92
N14_GLOMEINOTH	fdr	0.1	241	48	53	68	72	314	76	79	82	77
E4_FH	fdr	0.1	251	68	92	43	48	281	72	69	76	64
C3_BILIARY_GALLBLADDER_WIDE	fdr	0.2	465	113	120	122	110	482	111	110	122	139
H7_LACRIMALSYSTEM	fdr	0.2	591	152	146	152	141	648	139	160	174	175
VIRALPNEUMOKNOWN	fdr	0.2	507	103	128	123	153	473	110	143	97	123
K11_VENTHER	fdr	0.2	757	200	213	170	174	841	213	244	203	181
E4_FH	fdr	0.2	512	154	150	105	103	581	142	163	154	122
N14_GLOMEINOTH	fdr	0.2	529	116	121	146	146	611	137	159	158	157
E4_FH_IHD	nominal	0.05	1173	335	337	253	248	1235	304	331	303	297
H7_LACRIMINFLAMACU	nominal	0.05	1131	274	295	286	276	1131	302	294	284	251
K11_VOLVU	nominal	0.05	966	255	224	238	249	996	209	243	269	275
N14_GLOMERULAR	nominal	0.05	1175	287	277	315	296	1270	303	308	325	334
VIRALPNEUMONAS	nominal	0.05	1128	234	269	304	321	1201	340	316	265	280
C3_BLADDER_WIDE	nominal	0.05	1194	298	292	323	281	1224	306	311	316	291
E4_FH_IHD	fdr	0.05	153	54	44	31	24	157	51	37	35	34
N14_GLOMERULAR	fdr	0.05	140	32	26	39	43	202	38	42	56	66
C3_BLADDER_WIDE	fdr	0.05	141	32	44	36	29	153	41	42	37	33
K11_VOLVU	fdr	0.05	76	19	24	16	17	85	12	15	25	33
H7_LACRIMINFLAMACU	fdr	0.05	96	22	26	26	22	112	35	28	28	21
VIRALPNEUMONAS	fdr	0.05	126	23	24	37	42	126	36	39	26	25
E4_FH_IHD	fdr	0.1	265	87	84	48	46	286	83	73	71	59
K11_VOLVU	fdr	0.1	148	41	41	34	32	166	29	35	46	56
N14_GLOMERULAR	fdr	0.1	262	56	56	70	80	347	64	83	102	98
VIRALPNEUMONAS	fdr	0.1	228	39	52	65	72	253	71	75	54	53
H7_LACRIMINFLAMACU	fdr	0.1	186	54	44	43	45	218	66	57	48	47
C3_BLADDER_WIDE	fdr	0.1	269	67	75	67	60	293	73	78	74	68
E4_FH_IHD	fdr	0.2	550	160	180	110	100	609	168	163	150	128
K11_VOLVU	fdr	0.2	339	92	82	83	82	370	69	92	108	101
H7_LACRIMINFLAMACU	fdr	0.2	446	119	110	104	113	464	135	128	104	97
N14_GLOMERULAR	fdr	0.2	541	126	132	150	133	663	150	151	184	178
VIRALPNEUMONAS	fdr	0.2	476	98	108	131	139	534	144	149	120	121
C3_BLADDER_WIDE	fdr	0.2	549	141	134	146	128	603	146	147	158	152
H7_LACRIMINFLAMCHRON	nominal	0.05	1033	251	241	272	269	1142	289	330	272	251
KELA_DIAB_INSUL_EXMORE	nominal	0.05	1919	489	508	462	460	1982	489	536	475	482
E4_FLUIDELECTRO	nominal	0.05	1185	314	283	298	290	1194	287	289	301	317
VIT_DEF	nominal	0.05	1168	293	263	320	292	1178	274	300	306	298
C3_BONE_CARTILAGE	nominal	0.05	1106	270	265	269	302	1083	240	276	300	267
N14_GLOMER_NEPHRITIS	nominal	0.05	1158	294	311	292	261	1150	256	289	305	300
H7_LACRIMINFLAMCHRON	fdr	0.05	108	25	20	35	28	126	38	33	28	27
KELA_DIAB_INSUL_EXMORE	fdr	0.05	410	126	96	93	95	452	123	113	104	112
E4_FLUIDELECTRO	fdr	0.05	129	39	38	24	28	127	29	30	26	42
N14_GLOMER_NEPHRITIS	fdr	0.05	119	34	27	31	27	125	21	26	35	43
VIT_DEF	fdr	0.05	160	51	39	33	37	138	39	31	31	37
C3_BONE_CARTILAGE	fdr	0.05	104	23	19	28	34	96	14	23	34	25
H7_LACRIMINFLAMCHRON	fdr	0.1	199	45	33	70	51	229	61	75	48	45
KELA_DIAB_INSUL_EXMORE	fdr	0.1	684	196	172	152	164	752	183	204	184	181
C3_BONE_CARTILAGE	fdr	0.1	194	42	39	51	62	185	34	45	59	47
E4_FLUIDELECTRO	fdr	0.1	238	67	61	53	57	235	51	55	58	71
N14_GLOMER_NEPHRITIS	fdr	0.1	203	55	47	55	46	228	43	55	69	61
VIT_DEF	fdr	0.1	277	81	62	64	70	271	75	67	66	63
H7_LACRIMINFLAMCHRON	fdr	0.2	401	96	95	113	97	489	122	153	99	115
KELA_DIAB_INSUL_EXMORE	fdr	0.2	1224	330	308	295	291	1354	331	363	343	317
VIT_DEF	fdr	0.2	544	145	118	150	131	559	146	142	141	130
C3_BONE_CARTILAGE	fdr	0.2	447	98	108	118	123	444	93	109	137	105
E4_FLUIDELECTRO	fdr	0.2	541	145	135	130	131	552	135	129	138	150
N14_GLOMER_NEPHRITIS	fdr	0.2	439	123	104	108	104	466	104	116	118	128
H7_LACRINAS	nominal	0.05	1123	282	288	255	298	1142	304	274	296	268
VOCALCORDDYS	nominal	0.05	1182	336	360	239	247	1199	326	353	271	249
C3_BRAIN_WIDE	nominal	0.05	1178	312	305	272	289	1140	276	302	291	271
KRA_PSY_ALCOH_EXMORE	nominal	0.05	1360	389	370	300	301	1305	335	382	299	289
N14_HABITABORT	nominal	0.05	1166	312	290	293	271	1172	308	294	293	277
E4_FLUIDELECTRONAS	nominal	0.05	1165	296	344	259	266	1120	278	262	294	286
H7_LACRINAS	fdr	0.05	143	46	37	28	32	114	36	22	28	28
KRA_PSY_ALCOH_EXMORE	fdr	0.05	248	92	76	47	33	203	64	47	45	47
VOCALCORDDYS	fdr	0.05	157	59	53	29	16	143	52	41	25	25
N14_HABITABORT	fdr	0.05	131	32	38	29	32	125	41	32	23	29
C3_BRAIN_WIDE	fdr	0.05	168	55	43	28	42	129	37	27	33	32
E4_FLUIDELECTRONAS	fdr	0.05	159	44	54	36	25	154	42	36	38	38
H7_LACRINAS	fdr	0.1	245	70	59	47	69	222	60	52	56	54
C3_BRAIN_WIDE	fdr	0.1	259	78	67	54	60	224	63	51	58	52
KRA_PSY_ALCOH_EXMORE	fdr	0.1	376	126	109	79	62	341	100	96	73	72
VOCALCORDDYS	fdr	0.1	264	93	86	48	37	246	84	75	47	40
N14_HABITABORT	fdr	0.1	230	61	55	57	57	237	67	58	52	60
E4_FLUIDELECTRONAS	fdr	0.1	253	66	84	53	50	256	62	65	65	64
H7_LACRINAS	fdr	0.2	484	129	122	99	134	481	130	113	130	108
VOCALCORDDYS	fdr	0.2	509	168	164	90	87	524	159	162	109	94
C3_BRAIN_WIDE	fdr	0.2	525	150	135	117	123	537	132	144	139	122
KRA_PSY_ALCOH_EXMORE	fdr	0.2	710	222	201	151	136	702	192	214	150	146
N14_HABITABORT	fdr	0.2	513	146	121	121	125	526	142	126	131	127
E4_FLUIDELECTRONAS	fdr	0.2	514	148	154	106	106	516	128	121	133	134
KRA_PSY_ANXIETY_EXMORE	nominal	0.05	1590	451	440	351	348	1669	453	477	394	345
E4_FLUIDOVER	nominal	0.05	1090	286	263	275	266	1064	254	300	257	253
H7_LAGOPHTALMOS	nominal	0.05	1054	273	274	242	265	1070	260	276	278	256
N14_HENOCHSCHONLEIN_NEPHRITIS	nominal	0.05	1149	301	299	266	283	1167	295	336	266	270
VWXY20_SUICI_OTHER_INTENTI_SELF_H	nominal	0.05	1416	404	361	342	309	1363	383	403	285	292
C3_BREAST_ERNEG_WIDE	nominal	0.05	1244	290	337	329	288	1281	311	306	330	334
H7_LAGOPHTALMOS	fdr	0.05	79	20	12	23	24	104	25	23	29	27
KRA_PSY_ANXIETY_EXMORE	fdr	0.05	325	130	85	54	56	329	94	93	77	65
VWXY20_SUICI_OTHER_INTENTI_SELF_H	fdr	0.05	225	87	53	53	32	205	75	45	50	35
N14_HENOCHSCHONLEIN_NEPHRITIS	fdr	0.05	130	32	35	29	34	116	34	36	22	24
C3_BREAST_ERNEG_WIDE	fdr	0.05	128	23	38	31	36	163	36	40	45	42
E4_FLUIDOVER	fdr	0.05	86	17	15	24	30	113	23	31	38	21
KRA_PSY_ANXIETY_EXMORE	fdr	0.1	498	166	136	97	99	545	152	171	127	95
H7_LAGOPHTALMOS	fdr	0.1	166	46	37	41	42	209	49	53	62	45
VWXY20_SUICI_OTHER_INTENTI_SELF_H	fdr	0.1	388	135	89	95	69	358	116	92	89	61
E4_FLUIDOVER	fdr	0.1	183	37	47	45	54	204	41	56	60	47
N14_HENOCHSCHONLEIN_NEPHRITIS	fdr	0.1	233	59	56	58	60	209	65	67	36	41
C3_BREAST_ERNEG_WIDE	fdr	0.1	245	51	70	62	62	308	67	75	84	82
KRA_PSY_ANXIETY_EXMORE	fdr	0.2	938	286	254	198	200	1035	281	306	255	193
E4_FLUIDOVER	fdr	0.2	464	115	119	113	117	443	102	124	119	98
H7_LAGOPHTALMOS	fdr	0.2	409	110	104	97	98	455	107	115	122	111
C3_BREAST_ERNEG_WIDE	fdr	0.2	518	119	146	137	116	637	163	156	155	163
VWXY20_SUICI_OTHER_INTENTI_SELF_H	fdr	0.2	744	235	186	178	145	733	220	221	153	139
N14_HENOCHSCHONLEIN_NEPHRITIS	fdr	0.2	504	127	136	122	119	479	132	144	89	114
N14_HYDROCELE	nominal	0.05	1227	289	294	315	329	1254	315	305	334	300
WEIGHT_IRN	nominal	0.05	1896	519	518	432	427	1952	452	524	485	491
E4_GILBERT	nominal	0.05	1189	286	266	340	297	1239	295	318	318	308
KRA_PSY_ANYMENTAL	nominal	0.05	1543	421	439	329	354	1624	446	473	379	326
C3_BREAST_ERPLUS_WIDE	nominal	0.05	1365	317	332	362	354	1470	343	388	363	376
H7_LENSDISLOCATIO	nominal	0.05	1038	247	272	240	279	1119	284	307	274	254
WEIGHT_IRN	fdr	0.05	430	147	112	84	87	424	102	101	102	119
KRA_PSY_ANYMENTAL	fdr	0.05	295	101	92	48	54	306	98	91	63	54
N14_HYDROCELE	fdr	0.05	188	28	33	52	75	148	33	47	32	36
C3_BREAST_ERPLUS_WIDE	fdr	0.05	197	47	44	56	50	253	48	73	60	72
H7_LENSDISLOCATIO	fdr	0.05	84	12	25	22	25	115	33	33	25	24
E4_GILBERT	fdr	0.05	136	38	24	41	33	168	41	50	38	39
WEIGHT_IRN	fdr	0.1	684	207	190	147	140	728	153	188	201	186
E4_GILBERT	fdr	0.1	239	65	46	64	64	280	63	90	66	61
KRA_PSY_ANYMENTAL	fdr	0.1	452	140	139	83	90	512	168	154	107	83
N14_HYDROCELE	fdr	0.1	293	62	65	70	96	281	66	77	72	66
C3_BREAST_ERPLUS_WIDE	fdr	0.1	370	83	88	102	97	445	88	129	113	115
H7_LENSDISLOCATIO	fdr	0.1	174	31	52	44	47	204	61	57	40	46
N14_HYDROCELE	fdr	0.2	608	141	135	158	174	618	144	149	166	159
WEIGHT_IRN	fdr	0.2	1224	356	336	272	260	1275	292	338	329	316
E4_GILBERT	fdr	0.2	515	122	102	163	128	576	135	172	138	131
KRA_PSY_ANYMENTAL	fdr	0.2	909	263	271	174	201	988	275	295	230	188
C3_BREAST_ERPLUS_WIDE	fdr	0.2	742	159	184	209	190	879	206	241	217	215
H7_LENSDISLOCATIO	fdr	0.2	411	89	119	92	111	452	120	132	106	94
H7_LIDLACRIMALORBIT	nominal	0.05	1327	354	390	276	307	1318	307	357	336	318
WET_AMD	nominal	0.05	1324	351	345	323	305	1415	325	359	377	354
N14_HYDRONEPHR	nominal	0.05	1140	312	308	265	255	1111	248	276	302	285
KRA_PSY_ANYMENTAL_SUICID_PREG_NERV_EXMORE	nominal	0.05	1471	405	363	372	331	1457	413	432	321	291
C3_BREAST_WIDE	nominal	0.05	1410	333	352	373	352	1511	357	385	383	386
E4_GLUCOPANCREAS	nominal	0.05	1124	294	325	229	276	1163	292	323	262	286
WET_AMD	fdr	0.05	188	54	52	44	38	232	50	51	70	61
H7_LIDLACRIMALORBIT	fdr	0.05	204	67	59	36	42	207	61	47	48	51
KRA_PSY_ANYMENTAL_SUICID_PREG_NERV_EXMORE	fdr	0.05	250	90	57	57	46	259	86	72	62	39
C3_BREAST_WIDE	fdr	0.05	200	43	51	52	54	248	51	71	61	65
E4_GLUCOPANCREAS	fdr	0.05	123	41	47	11	24	125	37	38	21	29
N14_HYDRONEPHR	fdr	0.05	167	57	52	29	29	135	29	26	45	35
H7_LIDLACRIMALORBIT	fdr	0.1	340	102	100	68	70	346	90	84	84	88
WET_AMD	fdr	0.1	337	96	92	73	76	387	79	89	113	106
N14_HYDRONEPHR	fdr	0.1	247	82	66	49	50	222	49	46	66	61
KRA_PSY_ANYMENTAL_SUICID_PREG_NERV_EXMORE	fdr	0.1	424	129	100	102	93	420	122	133	98	67
C3_BREAST_WIDE	fdr	0.1	365	88	85	97	95	429	89	111	120	109
E4_GLUCOPANCREAS	fdr	0.1	229	73	75	33	48	235	60	68	51	56
H7_LIDLACRIMALORBIT	fdr	0.2	674	192	205	131	146	695	169	185	185	156
WET_AMD	fdr	0.2	675	175	181	170	149	767	174	190	213	190
N14_HYDRONEPHR	fdr	0.2	490	143	131	106	110	485	107	119	135	124
KRA_PSY_ANYMENTAL_SUICID_PREG_NERV_EXMORE	fdr	0.2	819	246	194	197	182	833	240	259	187	147
C3_BREAST_WIDE	fdr	0.2	766	177	188	210	191	913	215	231	250	217
E4_GLUCOPANCREAS	fdr	0.2	471	135	153	75	108	507	126	145	110	126
C3_BRONCHUS_LUNG_WIDE	nominal	0.05	1443	421	409	301	312	1365	334	344	333	354
H7_MACULADEGEN	nominal	0.05	1294	342	344	299	309	1411	360	376	324	351
YERSINIAENTERITIS	nominal	0.05	1106	235	249	311	311	1167	298	280	316	273
E4_GOITREDIFF	nominal	0.05	1131	280	288	275	288	1199	287	324	285	303
N14_HYPERTROPHYBREAST	nominal	0.05	1457	398	393	336	330	1453	389	413	330	321
KRA_PSY_AUTISM_EXMORE	nominal	0.05	1061	271	288	254	248	1026	285	239	268	234
YERSINIAENTERITIS	fdr	0.05	156	23	20	59	54	178	39	47	43	49
H7_MACULADEGEN	fdr	0.05	185	61	46	35	43	260	66	75	60	59
N14_HYPERTROPHYBREAST	fdr	0.05	254	92	71	42	49	269	71	83	58	57
KRA_PSY_AUTISM_EXMORE	fdr	0.05	92	25	24	17	26	91	29	24	19	19
C3_BRONCHUS_LUNG_WIDE	fdr	0.05	224	75	76	27	46	226	45	56	58	67
E4_GOITREDIFF	fdr	0.05	104	25	25	28	26	129	26	33	34	36
C3_BRONCHUS_LUNG_WIDE	fdr	0.1	396	129	126	63	78	369	73	93	99	104
YERSINIAENTERITIS	fdr	0.1	260	44	45	87	84	281	63	74	69	75
E4_GOITREDIFF	fdr	0.1	201	50	46	52	53	237	50	63	64	60
H7_MACULADEGEN	fdr	0.1	325	89	92	67	77	422	105	119	103	95
N14_HYPERTROPHYBREAST	fdr	0.1	444	141	130	92	81	457	116	138	107	96
KRA_PSY_AUTISM_EXMORE	fdr	0.1	174	47	51	34	42	165	50	42	37	36
C3_BRONCHUS_LUNG_WIDE	fdr	0.2	782	249	227	139	167	754	157	192	208	197
H7_MACULADEGEN	fdr	0.2	638	174	176	144	144	793	210	217	179	187
YERSINIAENTERITIS	fdr	0.2	497	95	97	147	158	544	130	135	157	122
E4_GOITREDIFF	fdr	0.2	475	120	123	108	124	525	113	144	136	132
N14_HYPERTROPHYBREAST	fdr	0.2	844	247	240	179	178	877	231	263	196	187
KRA_PSY_AUTISM_EXMORE	fdr	0.2	395	99	114	88	94	415	121	98	100	96
E4_GOITREMULTINOD	nominal	0.05	1399	386	353	337	323	1407	334	386	331	356
KRA_PSY_BEHAV_EXMORE	nominal	0.05	1164	330	325	250	259	1206	314	349	288	255
Z21_ASYMP_HUMAN_IMMUNODEFICIENCY_VIRUS_HIV_INFECTION_STATUS	nominal	0.05	1052	261	298	229	264	1119	275	325	254	265
H7_MILDVISIMPBINOC	nominal	0.05	1069	248	239	297	285	1182	284	291	302	305
C3_CANCER	nominal	0.05	1437	378	346	380	333	1475	359	375	382	359
N14_HYPERTROPHYBREAST_BOTH	nominal	0.05	1424	386	381	330	327	1476	403	431	338	304
KRA_PSY_BEHAV_EXMORE	fdr	0.05	136	49	41	20	26	126	31	50	21	24
Z21_ASYMP_HUMAN_IMMUNODEFICIENCY_VIRUS_HIV_INFECTION_STATUS	fdr	0.05	91	25	32	11	23	118	32	37	20	29
H7_MILDVISIMPBINOC	fdr	0.05	131	32	25	44	30	146	38	30	43	35
N14_HYPERTROPHYBREAST_BOTH	fdr	0.05	253	92	75	41	45	254	74	85	48	47
C3_CANCER	fdr	0.05	233	56	58	55	64	284	66	57	84	77
E4_GOITREMULTINOD	fdr	0.05	241	93	65	44	39	214	55	55	55	49
E4_GOITREMULTINOD	fdr	0.1	396	136	111	78	71	379	85	106	100	88
H7_MILDVISIMPBINOC	fdr	0.1	211	54	38	69	50	245	63	53	72	57
KRA_PSY_BEHAV_EXMORE	fdr	0.1	243	86	66	46	45	237	58	83	50	46
N14_HYPERTROPHYBREAST_BOTH	fdr	0.1	421	134	124	85	78	436	113	143	99	81
Z21_ASYMP_HUMAN_IMMUNODEFICIENCY_VIRUS_HIV_INFECTION_STATUS	fdr	0.1	175	49	60	23	43	218	55	74	40	49
C3_CANCER	fdr	0.1	393	89	99	102	103	458	97	109	136	116
E4_GOITREMULTINOD	fdr	0.2	744	224	193	167	160	765	172	215	201	177
KRA_PSY_BEHAV_EXMORE	fdr	0.2	533	162	160	109	102	574	149	177	134	114
H7_MILDVISIMPBINOC	fdr	0.2	439	114	94	123	108	513	133	124	144	112
C3_CANCER	fdr	0.2	795	198	193	213	191	879	208	216	245	210
N14_HYPERTROPHYBREAST_BOTH	fdr	0.2	783	238	219	170	156	863	238	259	194	172
Z21_ASYMP_HUMAN_IMMUNODEFICIENCY_VIRUS_HIV_INFECTION_STATUS	fdr	0.2	419	100	134	78	107	467	114	133	105	115
KRA_PSY_CHILDEMOT_EXMORE	nominal	0.05	1113	271	297	269	276	1203	293	336	287	287
N14_IGA_NEPHROPATHY	nominal	0.05	1168	275	250	339	304	1222	340	335	294	253
H7_MODVISIMPBINOC	nominal	0.05	1067	272	266	279	250	1173	273	291	311	298
C3_CANCER_WIDE	nominal	0.05	1418	360	354	380	324	1439	344	364	373	358
Z21_KIDNEY_TRANSPLANT_STATUS	nominal	0.05	1164	272	303	306	283	1212	294	293	331	294
E4_GOITRENAS	nominal	0.05	1359	386	346	328	299	1281	333	349	317	282
N14_IGA_NEPHROPATHY	fdr	0.05	190	29	31	57	73	180	57	58	31	34
H7_MODVISIMPBINOC	fdr	0.05	98	18	30	24	26	131	28	33	36	34
Z21_KIDNEY_TRANSPLANT_STATUS	fdr	0.05	126	31	32	31	32	142	26	30	46	40
C3_CANCER_WIDE	fdr	0.05	211	51	51	49	60	266	59	54	80	73
E4_GOITRENAS	fdr	0.05	213	84	57	37	35	172	37	35	49	51
KRA_PSY_CHILDEMOT_EXMORE	fdr	0.05	105	27	23	29	26	122	32	34	25	31
N14_IGA_NEPHROPATHY	fdr	0.1	300	55	50	92	103	303	89	93	62	59
H7_MODVISIMPBINOC	fdr	0.1	175	40	53	40	42	227	45	60	63	59
C3_CANCER_WIDE	fdr	0.1	383	89	91	104	99	428	89	102	126	111
Z21_KIDNEY_TRANSPLANT_STATUS	fdr	0.1	238	61	59	62	56	262	59	61	78	64
E4_GOITRENAS	fdr	0.1	356	126	89	77	64	313	62	77	93	81
KRA_PSY_CHILDEMOT_EXMORE	fdr	0.1	214	54	47	63	50	243	60	72	58	53
N14_IGA_NEPHROPATHY	fdr	0.2	569	115	120	166	168	590	167	169	130	124
H7_MODVISIMPBINOC	fdr	0.2	418	100	113	104	101	476	111	111	131	123
KRA_PSY_CHILDEMOT_EXMORE	fdr	0.2	474	126	116	125	107	565	142	172	133	118
C3_CANCER_WIDE	fdr	0.2	751	177	197	195	182	824	191	197	231	205
Z21_KIDNEY_TRANSPLANT_STATUS	fdr	0.2	531	124	138	142	127	582	135	136	170	141
E4_GOITRENAS	fdr	0.2	662	208	174	148	132	635	148	168	165	154
Z21_LUNG_TRANSPLANT_STATUS	nominal	0.05	1054	256	233	280	285	1130	290	291	277	272
C3_CERVIX_ADENO	nominal	0.05	1070	242	248	267	313	1078	267	265	268	278
E4_GOITRENOD	nominal	0.05	1162	316	327	255	264	1123	289	307	273	254
KRA_PSY_CHILDOTH_EXMORE	nominal	0.05	1139	279	310	263	287	1144	261	326	288	269
N14_IMPOTENCE	nominal	0.05	1102	293	294	269	246	1203	334	312	271	286
H7_MODVISIMPMONOC	nominal	0.05	1187	293	293	293	308	1174	256	287	328	303
Z21_LUNG_TRANSPLANT_STATUS	fdr	0.05	90	17	10	32	31	109	30	20	28	31
C3_CERVIX_ADENO	fdr	0.05	122	29	18	36	39	120	29	33	29	29
E4_GOITRENOD	fdr	0.05	190	73	68	28	21	138	28	27	39	44
KRA_PSY_CHILDOTH_EXMORE	fdr	0.05	102	21	21	34	26	107	29	32	25	21
H7_MODVISIMPMONOC	fdr	0.05	141	46	36	33	26	139	39	30	43	27
N14_IMPOTENCE	fdr	0.05	92	26	28	22	16	116	40	27	23	26
Z21_LUNG_TRANSPLANT_STATUS	fdr	0.1	195	42	29	64	60	203	56	48	49	50
C3_CERVIX_ADENO	fdr	0.1	224	43	48	63	70	223	51	58	55	59
E4_GOITRENOD	fdr	0.1	298	110	92	55	41	234	59	52	67	56
KRA_PSY_CHILDOTH_EXMORE	fdr	0.1	205	54	42	57	52	212	52	61	56	43
N14_IMPOTENCE	fdr	0.1	198	46	58	53	41	217	62	59	45	51
H7_MODVISIMPMONOC	fdr	0.1	242	72	55	65	50	233	55	54	69	55
Z21_LUNG_TRANSPLANT_STATUS	fdr	0.2	422	92	79	125	126	480	121	125	117	117
C3_CERVIX_ADENO	fdr	0.2	466	89	101	132	144	464	110	126	108	120
E4_GOITRENOD	fdr	0.2	526	171	158	101	96	501	124	121	139	117
KRA_PSY_CHILDOTH_EXMORE	fdr	0.2	466	111	124	112	119	493	111	141	133	108
N14_IMPOTENCE	fdr	0.2	452	113	133	109	97	507	139	143	110	115
H7_MODVISIMPMONOC	fdr	0.2	526	132	128	144	122	533	123	115	161	134
C3_CERVIX_SQUAM	nominal	0.05	1053	288	288	251	226	1078	241	268	296	273
E4_GRAVES_OPHT_STRICT	nominal	0.05	1281	318	349	322	292	1275	318	300	334	323
H7_MYOPIA	nominal	0.05	1338	304	306	360	368	1310	285	348	339	338
Z21_PREVIOUS_SUICIDE_ATTEMPT	nominal	0.05	1171	284	295	301	291	1120	275	322	258	265
KRA_PSY_CHILDSOC_EXMORE	nominal	0.05	1165	291	274	301	299	1131	309	307	270	245
N14_INFCERVIX	nominal	0.05	1092	309	320	221	242	1149	264	321	291	273
C3_CERVIX_SQUAM	fdr	0.05	105	30	30	26	19	129	27	27	45	30
KRA_PSY_CHILDSOC_EXMORE	fdr	0.05	110	22	24	28	36	128	35	35	28	30
E4_GRAVES_OPHT_STRICT	fdr	0.05	187	61	48	44	34	181	49	38	48	46
H7_MYOPIA	fdr	0.05	202	48	45	57	52	232	47	61	65	59
Z21_PREVIOUS_SUICIDE_ATTEMPT	fdr	0.05	146	35	32	36	43	106	36	34	15	21
N14_INFCERVIX	fdr	0.05	112	34	42	11	25	118	23	29	34	32
E4_GRAVES_OPHT_STRICT	fdr	0.1	293	86	83	72	52	296	77	70	79	70
H7_MYOPIA	fdr	0.1	336	76	66	98	96	375	76	101	112	86
C3_CERVIX_SQUAM	fdr	0.1	190	56	49	43	42	213	44	49	74	46
KRA_PSY_CHILDSOC_EXMORE	fdr	0.1	223	48	44	69	62	221	60	63	52	46
Z21_PREVIOUS_SUICIDE_ATTEMPT	fdr	0.1	266	67	58	68	73	220	64	68	44	44
N14_INFCERVIX	fdr	0.1	183	51	70	24	38	203	38	64	52	49
E4_GRAVES_OPHT_STRICT	fdr	0.2	612	164	178	146	124	611	151	148	160	152
H7_MYOPIA	fdr	0.2	700	154	158	197	191	733	156	188	201	188
Z21_PREVIOUS_SUICIDE_ATTEMPT	fdr	0.2	545	131	129	147	138	502	126	152	109	115
C3_CERVIX_SQUAM	fdr	0.2	408	113	115	96	84	445	92	114	133	106
KRA_PSY_CHILDSOC_EXMORE	fdr	0.2	474	107	104	138	125	494	135	132	123	104
N14_INFCERVIX	fdr	0.2	432	116	145	82	89	461	100	134	116	111
Z21_PROBL_RELATED_MEDICAL_FACILITI_OTH_HEALTH_CARE	nominal	0.05	1026	271	275	242	238	1071	245	275	288	263
E4_GRAVES_STRICT	nominal	0.05	1415	365	392	318	340	1407	316	382	351	358
N14_INFLAMALEGEN	nominal	0.05	1116	264	244	307	301	1140	335	314	267	224
C3_CERVIX_UTERI_WIDE	nominal	0.05	950	243	252	238	217	1022	235	285	245	257
H7_NYSTAGMUS	nominal	0.05	1069	228	275	266	300	1105	256	292	283	274
KRA_PSY_CODUCTEMOT_EXMORE	nominal	0.05	1204	350	324	269	261	1190	307	320	286	277
Z21_PROBL_RELATED_MEDICAL_FACILITI_OTH_HEALTH_CARE	fdr	0.05	103	33	26	19	25	101	25	17	30	29
N14_INFLAMALEGEN	fdr	0.05	134	32	22	37	43	128	46	34	24	24
C3_CERVIX_UTERI_WIDE	fdr	0.05	110	23	32	30	25	125	21	37	33	34
E4_GRAVES_STRICT	fdr	0.05	237	79	72	39	47	245	48	63	68	66
KRA_PSY_CODUCTEMOT_EXMORE	fdr	0.05	134	45	31	28	30	119	31	30	30	28
H7_NYSTAGMUS	fdr	0.05	94	13	16	28	37	91	25	25	18	23
E4_GRAVES_STRICT	fdr	0.1	410	126	116	81	87	405	79	114	110	102
Z21_PROBL_RELATED_MEDICAL_FACILITI_OTH_HEALTH_CARE	fdr	0.1	200	52	55	45	48	197	43	41	59	54
N14_INFLAMALEGEN	fdr	0.1	215	45	44	62	64	220	68	63	44	45
C3_CERVIX_UTERI_WIDE	fdr	0.1	178	44	52	48	34	200	42	62	48	48
KRA_PSY_CODUCTEMOT_EXMORE	fdr	0.1	239	74	61	57	47	229	63	56	59	51
H7_NYSTAGMUS	fdr	0.1	168	28	35	48	57	193	45	60	42	46
Z21_PROBL_RELATED_MEDICAL_FACILITI_OTH_HEALTH_CARE	fdr	0.2	411	108	119	85	99	438	99	120	112	107
E4_GRAVES_STRICT	fdr	0.2	797	219	233	162	183	795	165	222	201	207
N14_INFLAMALEGEN	fdr	0.2	472	121	96	135	120	511	145	142	120	104
KRA_PSY_CODUCTEMOT_EXMORE	fdr	0.2	546	167	149	113	117	551	141	133	146	131
C3_CERVIX_UTERI_WIDE	fdr	0.2	377	95	101	98	83	420	90	128	99	103
H7_NYSTAGMUS	fdr	0.2	415	67	95	120	133	456	107	123	113	113
Z21_PROCREATIVE_MANAG	nominal	0.05	1196	296	312	271	317	1279	332	369	293	285
H7_OCUMUSCLE	nominal	0.05	1084	258	278	271	277	1145	263	313	297	272
E4_HYPERALDO	nominal	0.05	1147	298	294	286	269	1204	286	316	314	288
KRA_PSY_DEMENTIA_EXMORE	nominal	0.05	1488	365	386	362	375	1521	403	415	361	342
C3_CHONDROSARCOMA_WIDE	nominal	0.05	977	233	268	222	254	981	231	221	290	239
N14_INFLAMMBREAST	nominal	0.05	1032	261	301	226	244	1082	266	275	258	283
Z21_PROCREATIVE_MANAG	fdr	0.05	172	41	49	38	44	175	52	48	39	36
H7_OCUMUSCLE	fdr	0.05	94	28	26	25	15	135	34	36	37	28
KRA_PSY_DEMENTIA_EXMORE	fdr	0.05	287	68	70	70	79	278	87	87	56	48
N14_INFLAMMBREAST	fdr	0.05	88	23	28	17	20	107	26	28	29	24
E4_HYPERALDO	fdr	0.05	144	43	37	27	37	159	47	34	36	42
C3_CHONDROSARCOMA_WIDE	fdr	0.05	73	29	21	9	14	97	20	14	37	26
Z21_PROCREATIVE_MANAG	fdr	0.1	287	70	84	60	73	297	81	86	74	56
E4_HYPERALDO	fdr	0.1	260	86	65	51	58	289	70	72	75	72
H7_OCUMUSCLE	fdr	0.1	193	52	48	51	42	250	51	79	72	48
KRA_PSY_DEMENTIA_EXMORE	fdr	0.1	462	111	116	112	123	454	130	142	99	83
N14_INFLAMMBREAST	fdr	0.1	187	57	62	32	36	209	53	47	57	52
C3_CHONDROSARCOMA_WIDE	fdr	0.1	139	43	49	17	30	174	38	34	59	43
Z21_PROCREATIVE_MANAG	fdr	0.2	548	140	151	118	139	618	157	194	139	128
E4_HYPERALDO	fdr	0.2	521	148	134	123	116	593	139	150	165	139
H7_OCUMUSCLE	fdr	0.2	425	110	106	109	100	506	108	158	130	110
KRA_PSY_DEMENTIA_EXMORE	fdr	0.2	842	200	203	202	237	878	247	256	193	182
N14_INFLAMMBREAST	fdr	0.2	394	98	120	83	93	456	116	107	103	130
C3_CHONDROSARCOMA_WIDE	fdr	0.2	335	84	107	64	80	389	88	85	121	95
KRA_PSY_DEVWIDE_EXMORE	nominal	0.05	1101	274	282	261	284	1134	283	289	285	277
N14_INFLUTH	nominal	0.05	1194	364	353	223	254	1199	319	334	281	265
C3_CIRCULATING_LYMPHOID	nominal	0.05	1126	284	316	264	262	1171	263	285	310	313
E4_HYPERALI	nominal	0.05	1107	248	269	292	298	1202	278	293	313	318
H7_OCUPAIN	nominal	0.05	1085	302	263	269	251	1128	259	296	302	271
Z21_TOBAC_USE	nominal	0.05	1235	327	349	276	283	1235	325	340	280	290
N14_INFLUTH	fdr	0.05	167	67	53	20	27	161	56	47	26	32
C3_CIRCULATING_LYMPHOID	fdr	0.05	146	35	37	34	40	141	36	27	41	37
Z21_TOBAC_USE	fdr	0.05	159	50	43	29	37	187	44	51	35	57
H7_OCUPAIN	fdr	0.05	116	29	28	24	35	131	28	27	39	37
KRA_PSY_DEVWIDE_EXMORE	fdr	0.05	106	26	26	24	30	118	31	34	29	24
E4_HYPERALI	fdr	0.05	115	32	22	27	34	155	33	34	41	47
N14_INFLUTH	fdr	0.1	289	103	85	45	56	278	87	84	51	56
KRA_PSY_DEVWIDE_EXMORE	fdr	0.1	216	57	51	43	65	227	58	68	51	50
C3_CIRCULATING_LYMPHOID	fdr	0.1	234	55	62	58	59	258	52	63	77	66
H7_OCUPAIN	fdr	0.1	192	52	48	40	52	227	49	53	66	59
Z21_TOBAC_USE	fdr	0.1	289	82	83	52	72	307	78	81	65	83
E4_HYPERALI	fdr	0.1	217	51	52	54	60	278	51	67	77	83
N14_INFLUTH	fdr	0.2	545	172	163	92	118	576	162	162	127	125
C3_CIRCULATING_LYMPHOID	fdr	0.2	498	120	137	118	123	535	120	126	142	147
E4_HYPERALI	fdr	0.2	486	101	124	131	130	557	117	126	154	160
KRA_PSY_DEVWIDE_EXMORE	fdr	0.2	456	104	119	106	127	487	130	135	111	111
H7_OCUPAIN	fdr	0.2	431	116	111	101	103	499	110	142	127	120
Z21_TOBAC_USE	fdr	0.2	583	164	173	122	124	629	160	175	146	148
E4_HYPERALISEQ	nominal	0.05	1117	249	273	283	312	1212	279	290	327	316
KRA_PSY_EATING_EXMORE	nominal	0.05	1114	238	264	287	325	1186	295	284	298	309
C3_CIRCULATING_LYMPHOID_WIDE	nominal	0.05	1114	300	285	269	260	1102	262	256	305	279
H7_OPTATROPHY	nominal	0.05	1102	292	297	252	261	1120	265	285	285	285
N14_ISOLPROTEINURIA	nominal	0.05	1157	287	299	291	280	1181	283	311	289	298
KRA_PSY_EATING_EXMORE	fdr	0.05	128	32	28	31	37	137	31	27	36	43
N14_ISOLPROTEINURIA	fdr	0.05	144	44	43	26	31	153	36	42	37	38
H7_OPTATROPHY	fdr	0.05	97	25	26	21	25	123	25	36	31	31
E4_HYPERALISEQ	fdr	0.05	143	31	34	36	42	159	31	32	45	51
C3_CIRCULATING_LYMPHOID_WIDE	fdr	0.05	149	47	45	25	32	116	28	24	34	30
E4_HYPERALISEQ	fdr	0.1	241	54	52	67	68	259	47	60	77	75
KRA_PSY_EATING_EXMORE	fdr	0.1	229	54	50	60	65	259	62	56	71	70
N14_ISOLPROTEINURIA	fdr	0.1	247	68	69	58	52	262	58	73	71	60
C3_CIRCULATING_LYMPHOID_WIDE	fdr	0.1	260	70	82	50	58	217	46	45	68	58
H7_OPTATROPHY	fdr	0.1	191	48	48	50	45	207	42	67	48	50
E4_HYPERALISEQ	fdr	0.2	489	106	108	130	145	567	107	143	165	152
H7_OPTATROPHY	fdr	0.2	431	116	110	100	105	467	110	133	111	113
KRA_PSY_EATING_EXMORE	fdr	0.2	478	107	108	127	136	551	138	128	144	141
N14_ISOLPROTEINURIA	fdr	0.2	511	124	130	132	125	569	132	139	149	149
C3_CIRCULATING_LYMPHOID_WIDE	fdr	0.2	502	139	148	103	112	502	111	123	144	124
C3_CLL_WIDE	nominal	0.05	1308	330	323	317	338	1346	311	306	368	361
KRA_PSY_HYPERKIN_EXMORE	nominal	0.05	1284	334	376	263	311	1344	358	426	278	282
N14_KIDNEY_DISEASES	nominal	0.05	1266	339	350	280	297	1304	318	372	305	309
E4_HYPERCALCEMIA	nominal	0.05	1037	276	255	244	262	1154	284	281	288	301
H7_OPTICDISCOTH	nominal	0.05	1073	217	244	299	313	1167	295	308	273	291
N14_KIDNEY_DISEASES	fdr	0.05	236	79	69	41	47	218	51	63	51	53
C3_CLL_WIDE	fdr	0.05	203	61	47	41	54	201	45	40	55	61
KRA_PSY_HYPERKIN_EXMORE	fdr	0.05	190	58	48	43	41	225	78	73	37	37
H7_OPTICDISCOTH	fdr	0.05	117	22	24	34	37	145	47	37	32	29
E4_HYPERCALCEMIA	fdr	0.05	81	31	20	15	15	118	28	24	38	28
C3_CLL_WIDE	fdr	0.1	332	98	81	73	80	338	72	72	102	92
KRA_PSY_HYPERKIN_EXMORE	fdr	0.1	308	87	82	68	71	363	109	120	72	62
N14_KIDNEY_DISEASES	fdr	0.1	367	112	105	74	76	353	77	101	87	88
E4_HYPERCALCEMIA	fdr	0.1	171	48	43	36	44	218	54	48	66	50
H7_OPTICDISCOTH	fdr	0.1	208	42	47	60	59	258	77	66	59	56
C3_CLL_WIDE	fdr	0.2	653	172	167	155	159	709	158	155	211	185
N14_KIDNEY_DISEASES	fdr	0.2	666	187	191	146	142	676	157	195	164	160
E4_HYPERCALCEMIA	fdr	0.2	392	101	102	90	99	488	127	112	129	120
KRA_PSY_HYPERKIN_EXMORE	fdr	0.2	646	169	184	131	162	745	194	245	155	151
H7_OPTICDISCOTH	fdr	0.2	451	87	99	138	127	539	146	136	125	132
C3_CML_WIDE	nominal	0.05	1044	280	248	275	241	1060	283	253	280	244
N14_KIDUROTH	nominal	0.05	1061	283	269	258	251	1096	289	304	253	250
E4_HYPERCHOL	nominal	0.05	1380	359	387	320	314	1504	361	445	328	370
H7_OPTIC_ATROPHY	nominal	0.05	1155	282	308	282	283	1150	264	300	299	287
KRA_PSY_MENTALRET_EXMORE	nominal	0.05	1114	316	288	248	262	1086	271	287	263	265
N14_KIDUROTH	fdr	0.05	94	33	27	12	22	129	37	45	28	19
E4_HYPERCHOL	fdr	0.05	225	73	71	41	40	256	70	64	58	64
KRA_PSY_MENTALRET_EXMORE	fdr	0.05	147	48	40	28	31	138	47	28	32	31
H7_OPTIC_ATROPHY	fdr	0.05	92	25	22	23	22	116	28	37	27	24
C3_CML_WIDE	fdr	0.05	80	21	18	19	22	87	25	23	13	26
C3_CML_WIDE	fdr	0.1	167	45	42	41	39	180	47	45	36	52
N14_KIDUROTH	fdr	0.1	186	52	52	38	44	222	61	65	54	42
E4_HYPERCHOL	fdr	0.1	397	104	125	93	75	432	103	123	101	105
KRA_PSY_MENTALRET_EXMORE	fdr	0.1	248	74	75	47	52	225	68	57	52	48
H7_OPTIC_ATROPHY	fdr	0.1	195	50	52	44	49	210	40	71	53	46
C3_CML_WIDE	fdr	0.2	400	110	102	101	87	427	118	100	107	102
N14_KIDUROTH	fdr	0.2	423	117	107	95	104	467	126	124	113	104
H7_OPTIC_ATROPHY	fdr	0.2	477	127	123	114	113	498	122	146	117	113
E4_HYPERCHOL	fdr	0.2	750	195	222	186	147	870	196	258	206	210
KRA_PSY_MENTALRET_EXMORE	fdr	0.2	475	143	126	103	103	466	134	116	115	101
E4_HYPERCHYLO	nominal	0.05	1034	250	238	289	257	1089	294	261	294	240
KRA_PSY_MOTOR_EXMORE	nominal	0.05	1135	240	265	308	322	1195	295	306	311	283
N14_LUMPNASBREAST	nominal	0.05	1109	276	306	261	266	1077	259	311	249	258
C3_COLON_ADENO	nominal	0.05	1256	289	276	341	350	1328	341	346	321	320
H7_OPTNERVE	nominal	0.05	1128	280	289	264	295	1168	267	300	291	310
KRA_PSY_MOTOR_EXMORE	fdr	0.05	143	23	27	50	43	134	41	39	18	36
C3_COLON_ADENO	fdr	0.05	146	32	26	33	55	166	43	40	40	43
H7_OPTNERVE	fdr	0.05	118	38	31	24	25	141	32	43	31	35
E4_HYPERCHYLO	fdr	0.05	89	16	22	32	19	85	24	24	21	16
N14_LUMPNASBREAST	fdr	0.05	123	30	28	30	35	141	38	49	29	25
KRA_PSY_MOTOR_EXMORE	fdr	0.1	251	41	52	74	84	260	71	77	53	59
N14_LUMPNASBREAST	fdr	0.1	222	54	59	45	64	233	58	76	52	47
C3_COLON_ADENO	fdr	0.1	292	64	56	86	86	312	76	88	81	67
E4_HYPERCHYLO	fdr	0.1	176	34	44	55	43	166	46	47	43	30
H7_OPTNERVE	fdr	0.1	222	61	55	49	57	250	52	71	62	65
E4_HYPERCHYLO	fdr	0.2	391	84	100	105	102	408	110	105	110	83
KRA_PSY_MOTOR_EXMORE	fdr	0.2	524	96	115	149	164	554	145	146	133	130
N14_LUMPNASBREAST	fdr	0.2	442	113	117	99	113	479	115	146	114	104
C3_COLON_ADENO	fdr	0.2	590	128	128	177	157	667	161	178	165	163
H7_OPTNERVE	fdr	0.2	505	128	129	122	126	553	126	144	149	134
E4_HYPERGLYCER	nominal	0.05	1075	259	304	230	282	1169	300	331	266	272
C3_COLON_WIDE	nominal	0.05	1328	301	279	365	383	1378	346	342	354	336
KRA_PSY_PERSON_EXMORE	nominal	0.05	1418	394	379	301	344	1513	425	443	329	316
N14_MAEMABROAD	nominal	0.05	1094	248	228	296	322	1118	253	311	276	278
H7_OPTNERVNAS	nominal	0.05	1076	253	273	258	292	1122	265	289	277	291
E4_HYPERGLYCER	fdr	0.05	112	23	30	24	35	122	38	43	20	21
C3_COLON_WIDE	fdr	0.05	181	24	31	61	65	179	48	44	43	44
KRA_PSY_PERSON_EXMORE	fdr	0.05	205	61	53	44	47	243	75	79	48	41
N14_MAEMABROAD	fdr	0.05	116	27	24	33	32	102	26	30	25	21
H7_OPTNERVNAS	fdr	0.05	105	16	30	22	37	127	24	31	31	41
E4_HYPERGLYCER	fdr	0.1	197	43	53	42	59	230	64	73	49	44
C3_COLON_WIDE	fdr	0.1	329	51	60	105	113	352	76	95	89	92
KRA_PSY_PERSON_EXMORE	fdr	0.1	376	105	104	84	83	437	131	138	99	69
N14_MAEMABROAD	fdr	0.1	221	52	43	62	64	208	41	64	47	56
H7_OPTNERVNAS	fdr	0.1	209	37	51	50	71	225	52	57	52	64
E4_HYPERGLYCER	fdr	0.2	436	101	127	92	116	527	143	158	115	111
C3_COLON_WIDE	fdr	0.2	658	132	136	187	203	746	175	187	200	184
KRA_PSY_PERSON_EXMORE	fdr	0.2	776	220	211	158	187	851	249	244	196	162
N14_MAEMABROAD	fdr	0.2	470	102	95	128	145	475	100	129	122	124
H7_OPTNERVNAS	fdr	0.2	432	91	105	109	127	473	113	114	126	120
KRA_PSY_PUERPER_EXMORE	nominal	0.05	1032	241	257	283	251	1102	237	286	293	286
N14_MALEGEN	nominal	0.05	1389	319	326	367	377	1393	370	384	332	307
C3_COLORECTAL	nominal	0.05	1427	321	308	387	411	1472	345	366	396	365
E4_HYPERKALAEMIA	nominal	0.05	1061	241	255	271	294	1143	301	293	261	288
H7_OPTNEURITIS	nominal	0.05	1085	258	276	257	294	1185	254	278	298	355
C3_COLORECTAL	fdr	0.05	216	51	33	65	67	252	72	62	57	61
N14_MALEGEN	fdr	0.05	244	43	36	80	85	218	58	65	47	48
H7_OPTNEURITIS	fdr	0.05	110	28	29	27	26	120	21	28	31	40
E4_HYPERKALAEMIA	fdr	0.05	116	20	34	24	38	143	30	42	35	36
KRA_PSY_PUERPER_EXMORE	fdr	0.05	85	20	26	19	20	118	25	23	35	35
N14_MALEGEN	fdr	0.1	400	81	82	121	116	361	92	102	88	79
C3_COLORECTAL	fdr	0.1	395	85	70	124	116	443	105	128	109	101
H7_OPTNEURITIS	fdr	0.1	210	52	56	55	47	218	36	55	61	66
E4_HYPERKALAEMIA	fdr	0.1	215	46	54	56	59	235	55	72	53	55
KRA_PSY_PUERPER_EXMORE	fdr	0.1	172	42	49	40	41	219	47	60	62	50
N14_MALEGEN	fdr	0.2	747	161	159	214	213	754	207	219	174	154
C3_COLORECTAL	fdr	0.2	776	168	162	221	225	841	202	209	236	194
E4_HYPERKALAEMIA	fdr	0.2	455	99	113	125	118	492	118	148	112	114
H7_OPTNEURITIS	fdr	0.2	454	101	120	111	122	511	93	124	136	158
KRA_PSY_PUERPER_EXMORE	fdr	0.2	397	96	101	108	92	473	99	123	142	109
C3_COLORECTAL_ADENO	nominal	0.05	1391	338	312	368	373	1472	369	376	374	353
N14_MALEGENINOTH	nominal	0.05	1094	289	262	284	259	1068	273	281	279	235
H7_OPTNEUROTH	nominal	0.05	1065	250	282	269	264	1100	263	294	283	260
KRA_PSY_SCHIZODEL_EXMORE	nominal	0.05	1352	357	342	327	326	1411	372	373	344	322
E4_HYPERLIPMIX	nominal	0.05	1228	300	308	316	304	1269	322	350	313	284
C3_COLORECTAL_ADENO	fdr	0.05	217	55	43	60	59	264	73	73	63	55
KRA_PSY_SCHIZODEL_EXMORE	fdr	0.05	212	71	54	38	49	252	69	66	69	48
E4_HYPERLIPMIX	fdr	0.05	162	37	33	46	46	164	58	43	32	31
N14_MALEGENINOTH	fdr	0.05	94	28	22	20	24	119	39	28	24	28
H7_OPTNEUROTH	fdr	0.05	86	30	17	18	21	102	30	22	28	22
N14_MALEGENINOTH	fdr	0.1	174	45	40	48	41	192	54	55	45	38
C3_COLORECTAL_ADENO	fdr	0.1	367	91	78	102	96	444	107	134	110	93
KRA_PSY_SCHIZODEL_EXMORE	fdr	0.1	347	95	93	79	80	411	114	111	107	79
E4_HYPERLIPMIX	fdr	0.1	292	63	60	87	82	296	92	75	68	61
H7_OPTNEUROTH	fdr	0.1	205	59	51	44	51	208	62	52	49	45
C3_COLORECTAL_ADENO	fdr	0.2	753	171	171	210	201	869	215	232	226	196
N14_MALEGENINOTH	fdr	0.2	402	103	88	108	103	416	118	105	112	81
H7_OPTNEUROTH	fdr	0.2	406	98	101	106	101	474	131	123	122	98
KRA_PSY_SCHIZODEL_EXMORE	fdr	0.2	720	185	181	178	176	768	216	206	194	152
E4_HYPERLIPMIX	fdr	0.2	618	141	151	177	149	630	164	177	153	136
E4_HYPERLIPNAS	nominal	0.05	1288	351	312	339	286	1316	319	361	296	340
H7_ORBIT	nominal	0.05	1146	287	292	297	270	1163	274	306	305	278
N14_MALEINFERT	nominal	0.05	1234	306	329	295	304	1157	288	305	290	274
C3_COLORECTAL_NEUROENDO	nominal	0.05	1060	246	236	300	278	1052	232	260	293	267
KRA_PSY_SLEEP_NONORG_EXMORE	nominal	0.05	1249	356	305	318	270	1242	345	327	309	261
E4_HYPERLIPNAS	fdr	0.05	173	52	52	36	33	161	40	44	27	50
H7_ORBIT	fdr	0.05	137	38	24	41	34	156	34	38	44	40
N14_MALEINFERT	fdr	0.05	202	56	52	40	54	154	33	31	35	55
C3_COLORECTAL_NEUROENDO	fdr	0.05	114	24	23	33	34	99	24	21	30	24
KRA_PSY_SLEEP_NONORG_EXMORE	fdr	0.05	184	72	43	33	36	195	66	51	44	34
H7_ORBIT	fdr	0.1	244	67	51	64	62	269	51	74	74	70
E4_HYPERLIPNAS	fdr	0.1	290	77	78	77	58	317	75	88	67	87
N14_MALEINFERT	fdr	0.1	338	96	86	71	85	285	63	61	76	85
KRA_PSY_SLEEP_NONORG_EXMORE	fdr	0.1	289	107	61	62	59	312	100	87	76	49
C3_COLORECTAL_NEUROENDO	fdr	0.1	201	46	43	55	57	191	40	51	52	48
H7_ORBIT	fdr	0.2	509	120	134	138	117	541	115	143	148	135
E4_HYPERLIPNAS	fdr	0.2	613	168	156	161	128	662	151	189	149	173
KRA_PSY_SLEEP_NONORG_EXMORE	fdr	0.2	588	183	137	138	130	635	181	170	156	128
N14_MALEINFERT	fdr	0.2	591	159	152	130	150	578	130	154	150	144
C3_COLORECTAL_NEUROENDO	fdr	0.2	436	111	90	122	113	446	100	105	132	109
C3_CORPUS_UTERI_WIDE	nominal	0.05	1153	284	274	306	289	1200	263	286	334	317
KRA_PSY_SPEELING_EXMORE	nominal	0.05	1062	247	282	270	263	1124	270	319	274	261
E4_HYPEROSMHNAT	nominal	0.05	1054	282	260	255	257	1121	229	294	302	296
N14_MEMBRANOUS_NEPHROPATHY	nominal	0.05	1073	255	235	291	292	1081	269	256	275	281
H7_ORBITINFLAMACU	nominal	0.05	1029	274	269	268	218	1024	238	233	281	272
KRA_PSY_SPEELING_EXMORE	fdr	0.05	115	20	33	28	34	116	39	34	18	25
E4_HYPEROSMHNAT	fdr	0.05	99	32	18	21	28	114	22	34	25	33
C3_CORPUS_UTERI_WIDE	fdr	0.05	142	41	33	37	31	135	28	39	39	29
H7_ORBITINFLAMACU	fdr	0.05	114	49	20	22	23	112	20	21	37	34
N14_MEMBRANOUS_NEPHROPATHY	fdr	0.05	120	26	12	44	38	130	32	18	47	33
C3_CORPUS_UTERI_WIDE	fdr	0.1	269	80	58	76	55	244	41	76	71	56
N14_MEMBRANOUS_NEPHROPATHY	fdr	0.1	201	41	31	61	68	229	53	41	75	60
KRA_PSY_SPEELING_EXMORE	fdr	0.1	192	38	55	46	53	221	59	72	44	46
E4_HYPEROSMHNAT	fdr	0.1	176	53	36	41	46	192	35	54	48	55
H7_ORBITINFLAMACU	fdr	0.1	190	69	44	40	37	194	32	42	67	53
KRA_PSY_SPEELING_EXMORE	fdr	0.2	423	87	117	100	119	479	116	142	114	107
C3_CORPUS_UTERI_WIDE	fdr	0.2	511	144	116	142	109	551	113	140	160	138
N14_MEMBRANOUS_NEPHROPATHY	fdr	0.2	443	112	79	126	126	468	113	96	138	121
E4_HYPEROSMHNAT	fdr	0.2	413	112	99	98	104	444	90	118	116	120
H7_ORBITINFLAMACU	fdr	0.2	402	110	113	94	85	422	88	81	137	116
H7_ORBITINFLAMCHRON	nominal	0.05	1126	259	261	321	285	1149	257	295	293	304
KRA_PSY_SUBSTANCE_EXMORE	nominal	0.05	1633	486	472	330	345	1662	476	493	346	347
N14_MENOPAUSOT	nominal	0.05	1235	350	358	272	255	1260	363	336	291	270
C3_DIGESTIVE_ORGANS	nominal	0.05	1247	287	311	340	309	1322	319	337	334	332
E4_HYPERPARA	nominal	0.05	1139	263	304	300	272	1197	293	281	322	301
E4_HYPERPARA	fdr	0.05	116	27	34	32	23	135	31	31	39	34
KRA_PSY_SUBSTANCE_EXMORE	fdr	0.05	327	123	101	50	53	312	104	91	56	61
N14_MENOPAUSOT	fdr	0.05	185	68	55	25	37	158	47	41	40	30
C3_DIGESTIVE_ORGANS	fdr	0.05	165	35	22	54	54	197	52	49	45	51
H7_ORBITINFLAMCHRON	fdr	0.05	169	28	30	62	49	144	40	31	44	29
H7_ORBITINFLAMCHRON	fdr	0.1	276	55	55	88	78	250	59	60	76	55
KRA_PSY_SUBSTANCE_EXMORE	fdr	0.1	517	173	158	94	92	543	162	168	112	101
C3_DIGESTIVE_ORGANS	fdr	0.1	289	63	50	94	82	345	76	89	93	87
E4_HYPERPARA	fdr	0.1	213	45	64	55	49	254	58	56	74	66
N14_MENOPAUSOT	fdr	0.1	301	108	87	52	54	284	84	80	66	54
H7_ORBITINFLAMCHRON	fdr	0.2	517	103	113	159	142	514	118	134	139	123
KRA_PSY_SUBSTANCE_EXMORE	fdr	0.2	969	312	286	185	186	1041	300	324	222	195
N14_MENOPAUSOT	fdr	0.2	586	180	179	115	112	593	165	169	138	121
C3_DIGESTIVE_ORGANS	fdr	0.2	603	136	136	180	151	737	172	187	187	191
E4_HYPERPARA	fdr	0.2	505	108	145	129	123	560	131	136	144	149
E4_HYPERPIT	nominal	0.05	1063	257	263	282	261	1097	268	270	296	263
H7_ORBITNAS	nominal	0.05	1090	271	302	259	258	1139	276	281	288	294
N14_MENORRHAGIA	nominal	0.05	1433	396	372	324	341	1406	358	390	335	323
KRA_PSY_TIC	nominal	0.05	1130	308	311	252	259	1173	284	289	304	296
C3_DLBCL_WIDE	nominal	0.05	1213	311	282	324	296	1246	284	314	333	315
H7_ORBITNAS	fdr	0.05	123	35	40	23	25	136	35	27	34	40
N14_MENORRHAGIA	fdr	0.05	273	88	67	57	61	236	57	52	66	61
C3_DLBCL_WIDE	fdr	0.05	185	58	35	42	50	184	27	38	52	67
KRA_PSY_TIC	fdr	0.05	159	65	54	23	17	152	38	27	43	44
E4_HYPERPIT	fdr	0.05	93	29	22	21	21	102	32	21	27	22
E4_HYPERPIT	fdr	0.1	176	44	44	49	39	188	58	44	53	33
N14_MENORRHAGIA	fdr	0.1	440	128	120	93	99	401	96	98	113	94
KRA_PSY_TIC	fdr	0.1	250	99	79	37	35	250	65	51	69	65
C3_DLBCL_WIDE	fdr	0.1	298	87	57	80	74	297	47	76	89	85
H7_ORBITNAS	fdr	0.1	226	61	68	47	50	247	63	55	64	65
E4_HYPERPIT	fdr	0.2	400	97	102	113	88	427	108	108	118	93
H7_ORBITNAS	fdr	0.2	488	132	140	102	114	514	126	130	120	138
N14_MENORRHAGIA	fdr	0.2	797	213	223	172	189	819	203	226	205	185
KRA_PSY_TIC	fdr	0.2	505	157	153	97	98	538	144	118	145	131
C3_DLBCL_WIDE	fdr	0.2	577	161	117	149	150	598	127	143	171	157
C3_ENDOCRINE	nominal	0.05	1243	341	358	281	263	1280	308	310	337	325
H7_OTHENDOPHTHALMITIS	nominal	0.05	1119	267	288	266	298	1181	283	317	288	293
N14_MENSIRREG	nominal	0.05	1320	326	393	301	300	1317	349	370	294	304
KRA_PSY_TIC_EXMORE	nominal	0.05	1131	308	307	247	269	1217	299	304	315	299
E4_HYPERPITNAS	nominal	0.05	1091	279	248	300	264	1185	263	269	349	304
H7_OTHENDOPHTHALMITIS	fdr	0.05	133	29	41	31	32	155	34	35	38	48
N14_MENSIRREG	fdr	0.05	226	70	69	38	49	211	64	65	40	42
E4_HYPERPITNAS	fdr	0.05	133	37	28	38	30	147	31	25	45	46
C3_ENDOCRINE	fdr	0.05	224	79	73	37	35	184	42	36	47	59
KRA_PSY_TIC_EXMORE	fdr	0.05	153	63	51	25	14	150	42	33	37	38
H7_OTHENDOPHTHALMITIS	fdr	0.1	243	52	71	54	66	283	56	72	79	76
N14_MENSIRREG	fdr	0.1	348	100	102	68	78	347	92	110	69	76
C3_ENDOCRINE	fdr	0.1	352	108	113	71	60	316	75	70	79	92
E4_HYPERPITNAS	fdr	0.1	235	61	57	59	58	259	53	51	87	68
KRA_PSY_TIC_EXMORE	fdr	0.1	240	90	76	40	34	242	63	57	64	58
C3_ENDOCRINE	fdr	0.2	650	183	201	139	127	640	158	146	168	168
H7_OTHENDOPHTHALMITIS	fdr	0.2	471	97	135	104	135	531	115	143	140	133
N14_MENSIRREG	fdr	0.2	656	170	206	131	149	687	178	211	143	155
KRA_PSY_TIC_EXMORE	fdr	0.2	500	156	149	99	96	545	144	128	146	127
E4_HYPERPITNAS	fdr	0.2	482	119	114	127	122	530	115	109	167	139
E4_HYPERPRO	nominal	0.05	1128	296	291	255	286	1150	286	310	273	281
H7_OTHERCONJ	nominal	0.05	1110	278	312	243	277	1193	247	298	313	335
N14_MESNRUIRREG	nominal	0.05	1450	391	404	331	324	1464	391	403	342	328
L12_ABSCESS_CUT	nominal	0.05	1266	368	344	276	278	1279	322	321	329	307
C3_EPENDYDOMA	nominal	0.05	1041	235	251	299	256	1086	265	268	279	274
E4_HYPERPRO	fdr	0.05	118	29	38	26	25	129	41	36	23	29
H7_OTHERCONJ	fdr	0.05	84	24	23	15	22	112	21	26	34	31
C3_EPENDYDOMA	fdr	0.05	120	33	16	42	29	128	31	28	35	34
N14_MESNRUIRREG	fdr	0.05	305	89	87	58	71	259	63	66	65	65
L12_ABSCESS_CUT	fdr	0.05	197	68	57	28	44	173	44	34	40	55
E4_HYPERPRO	fdr	0.1	226	60	60	53	53	241	64	71	52	54
H7_OTHERCONJ	fdr	0.1	188	53	46	43	46	220	42	66	64	48
N14_MESNRUIRREG	fdr	0.1	462	127	144	90	101	451	103	122	121	105
C3_EPENDYDOMA	fdr	0.1	235	58	40	87	50	244	58	60	67	59
L12_ABSCESS_CUT	fdr	0.1	310	104	87	53	66	317	77	71	80	89
E4_HYPERPRO	fdr	0.2	469	119	116	119	115	504	133	138	112	121
H7_OTHERCONJ	fdr	0.2	443	101	136	97	109	523	102	140	141	140
N14_MESNRUIRREG	fdr	0.2	824	215	234	179	196	854	207	239	204	204
C3_EPENDYDOMA	fdr	0.2	478	111	105	146	116	483	112	124	132	115
L12_ABSCESS_CUT	fdr	0.2	613	194	173	125	121	641	158	160	170	153
C3_EYE_ADNEXA_WIDE	nominal	0.05	1166	282	274	299	311	1165	270	252	347	296
E4_HYPERPRO_ADVERSE	nominal	0.05	1101	291	286	279	245	1162	298	313	276	275
N14_NEPHRITICNAS	nominal	0.05	1071	258	279	274	260	1039	251	247	284	257
H7_OTHIRISCILIARY	nominal	0.05	1054	242	266	281	265	1082	235	264	292	291
L12_ACANTHNIGRICANS	nominal	0.05	1161	276	292	275	318	1252	314	326	307	305
E4_HYPERPRO_ADVERSE	fdr	0.05	110	24	30	31	25	108	32	38	13	25
C3_EYE_ADNEXA_WIDE	fdr	0.05	144	35	45	31	33	135	20	17	54	44
H7_OTHIRISCILIARY	fdr	0.05	109	28	35	24	22	117	19	33	30	35
N14_NEPHRITICNAS	fdr	0.05	115	34	32	23	26	122	21	23	38	40
L12_ACANTHNIGRICANS	fdr	0.05	141	29	36	37	39	152	49	44	27	32
C3_EYE_ADNEXA_WIDE	fdr	0.1	252	56	71	58	67	243	46	42	88	67
E4_HYPERPRO_ADVERSE	fdr	0.1	214	58	59	50	47	213	52	70	44	47
H7_OTHIRISCILIARY	fdr	0.1	200	58	60	44	38	219	38	56	60	65
N14_NEPHRITICNAS	fdr	0.1	204	49	62	48	45	204	35	44	66	59
L12_ACANTHNIGRICANS	fdr	0.1	243	51	59	65	68	271	70	78	57	66
C3_EYE_ADNEXA_WIDE	fdr	0.2	528	122	131	140	135	520	109	120	155	136
E4_HYPERPRO_ADVERSE	fdr	0.2	453	118	128	104	103	478	122	136	107	113
H7_OTHIRISCILIARY	fdr	0.2	433	93	132	105	103	463	89	121	120	133
N14_NEPHRITICNAS	fdr	0.2	436	110	122	104	100	428	100	94	133	101
L12_ACANTHNIGRICANS	fdr	0.2	494	112	132	118	132	593	143	168	136	146
L12_ACANTHOLYTIC	nominal	0.05	1163	279	291	277	316	1144	288	290	287	279
N14_NEPHROPATHYHER	nominal	0.05	1093	289	247	284	273	1045	269	253	272	251
H7_OTHRETARTOCC	nominal	0.05	1047	285	242	269	251	1120	291	292	283	254
E4_HYPERURI	nominal	0.05	1031	257	229	253	292	1027	227	237	292	271
C3_EYE_BRAIN_NEURO	nominal	0.05	1238	335	309	299	295	1166	261	269	328	308
H7_OTHRETARTOCC	fdr	0.05	131	28	35	24	44	149	38	31	34	46
L12_ACANTHOLYTIC	fdr	0.05	109	27	21	27	34	141	35	31	40	35
N14_NEPHROPATHYHER	fdr	0.05	114	30	27	24	33	99	27	22	25	25
C3_EYE_BRAIN_NEURO	fdr	0.05	180	64	43	35	38	127	28	21	41	37
E4_HYPERURI	fdr	0.05	97	30	13	26	28	77	14	13	26	24
N14_NEPHROPATHYHER	fdr	0.1	202	48	37	58	59	188	44	49	52	43
H7_OTHRETARTOCC	fdr	0.1	212	57	45	44	66	235	58	55	64	58
L12_ACANTHOLYTIC	fdr	0.1	203	45	37	58	63	257	60	58	78	61
C3_EYE_BRAIN_NEURO	fdr	0.1	294	87	77	64	66	237	49	50	83	55
E4_HYPERURI	fdr	0.1	165	47	23	44	51	163	29	35	53	46
N14_NEPHROPATHYHER	fdr	0.2	463	123	104	112	124	465	113	115	128	109
H7_OTHRETARTOCC	fdr	0.2	461	124	101	116	120	504	127	125	144	108
E4_HYPERURI	fdr	0.2	385	104	65	106	110	414	89	94	114	117
L12_ACANTHOLYTIC	fdr	0.2	491	125	119	117	130	528	129	125	144	130
C3_EYE_BRAIN_NEURO	fdr	0.2	546	154	141	135	116	545	112	132	169	132
C3_FEMALE_GENITAL	nominal	0.05	1122	256	257	308	301	1172	229	269	356	318
N14_NEPHROTICSYND	nominal	0.05	1089	283	276	265	265	1084	259	242	290	293
H7_PAPILLOEDEMA	nominal	0.05	1118	282	292	270	274	1144	265	304	307	268
E4_HYPOCALCEMIA	nominal	0.05	1109	277	285	286	261	1038	257	316	232	233
L12_ACNE	nominal	0.05	1322	342	336	326	318	1313	311	342	353	307
C3_FEMALE_GENITAL	fdr	0.05	139	39	24	40	36	161	33	29	55	44
H7_PAPILLOEDEMA	fdr	0.05	157	61	42	28	26	131	37	32	30	32
L12_ACNE	fdr	0.05	204	66	57	29	52	192	46	53	44	49
E4_HYPOCALCEMIA	fdr	0.05	110	35	24	29	22	108	30	31	18	29
N14_NEPHROTICSYND	fdr	0.05	111	28	25	32	26	128	28	24	33	43
C3_FEMALE_GENITAL	fdr	0.1	239	63	45	66	65	271	45	59	96	71
H7_PAPILLOEDEMA	fdr	0.1	254	86	65	57	46	245	64	65	62	54
L12_ACNE	fdr	0.1	359	107	91	75	86	345	72	101	93	79
N14_NEPHROTICSYND	fdr	0.1	198	53	44	57	44	206	43	49	58	56
E4_HYPOCALCEMIA	fdr	0.1	192	48	47	55	42	193	51	59	35	48
C3_FEMALE_GENITAL	fdr	0.2	475	120	102	132	121	553	98	122	191	142
N14_NEPHROTICSYND	fdr	0.2	428	110	98	118	102	453	111	103	118	121
H7_PAPILLOEDEMA	fdr	0.2	488	134	129	119	106	516	117	139	147	113
E4_HYPOCALCEMIA	fdr	0.2	452	117	110	125	100	415	101	121	86	107
L12_ACNE	fdr	0.2	704	189	179	173	163	684	158	193	179	154
L12_ACNEKELOID	nominal	0.05	1141	329	311	262	239	1103	275	300	265	263
E4_HYPOCOMA	nominal	0.05	1013	252	253	252	256	1016	268	243	275	230
H7_PARASTRA3	nominal	0.05	1126	298	326	259	243	1115	258	280	315	262
N14_NEUROMUSCDYSBLADD	nominal	0.05	1147	303	288	266	290	1098	274	287	262	275
C3_FIBROSARCOMA_WIDE	nominal	0.05	1080	263	249	304	264	1141	296	282	282	281
C3_FIBROSARCOMA_WIDE	fdr	0.05	113	20	25	35	33	116	30	35	22	29
H7_PARASTRA3	fdr	0.05	107	37	34	18	18	106	25	18	35	28
E4_HYPOCOMA	fdr	0.05	93	25	21	24	23	87	26	14	21	26
L12_ACNEKELOID	fdr	0.05	181	64	60	29	28	147	38	43	37	29
N14_NEUROMUSCDYSBLADD	fdr	0.05	138	41	32	33	32	104	32	25	28	19
N14_NEUROMUSCDYSBLADD	fdr	0.1	237	78	53	56	50	197	51	59	52	35
C3_FIBROSARCOMA_WIDE	fdr	0.1	219	49	48	64	58	231	56	70	52	53
H7_PARASTRA3	fdr	0.1	200	66	59	38	37	192	44	41	63	44
E4_HYPOCOMA	fdr	0.1	185	45	49	42	49	176	52	40	48	36
L12_ACNEKELOID	fdr	0.1	297	100	93	52	52	246	62	72	62	50
E4_HYPOCOMA	fdr	0.2	395	101	105	94	95	396	101	86	123	86
N14_NEUROMUSCDYSBLADD	fdr	0.2	500	142	106	130	122	437	113	125	105	94
C3_FIBROSARCOMA_WIDE	fdr	0.2	472	124	106	127	115	511	135	131	127	118
H7_PARASTRA3	fdr	0.2	445	129	136	91	89	457	113	120	130	94
L12_ACNEKELOID	fdr	0.2	545	167	157	117	104	486	119	139	116	112
L12_ACNE_CONGLOBLATA	nominal	0.05	1056	274	277	238	267	1069	225	282	279	283
N14_OBSTRUREFLUROPATH	nominal	0.05	1017	266	250	248	253	1079	243	278	283	275
H7_PARASTRA4	nominal	0.05	1106	257	257	267	325	1049	234	268	269	278
C3_GALLBLADDER_WIDE	nominal	0.05	1117	288	282	270	277	1071	242	257	272	300
E4_HYPODRUG	nominal	0.05	1130	262	229	326	313	1160	321	300	284	255
C3_GALLBLADDER_WIDE	fdr	0.05	140	41	39	26	34	111	23	28	26	34
L12_ACNE_CONGLOBLATA	fdr	0.05	100	30	28	15	27	116	19	26	31	40
N14_OBSTRUREFLUROPATH	fdr	0.05	81	21	22	20	18	97	22	22	23	30
E4_HYPODRUG	fdr	0.05	131	28	30	41	32	134	38	38	25	33
H7_PARASTRA4	fdr	0.05	121	29	25	31	36	122	30	33	31	28
N14_OBSTRUREFLUROPATH	fdr	0.1	169	53	40	40	36	201	47	54	47	53
C3_GALLBLADDER_WIDE	fdr	0.1	240	72	61	48	59	206	49	52	47	58
L12_ACNE_CONGLOBLATA	fdr	0.1	181	52	39	35	55	197	32	50	51	64
H7_PARASTRA4	fdr	0.1	233	51	54	63	65	215	45	59	63	48
E4_HYPODRUG	fdr	0.1	224	50	49	62	63	223	68	57	45	53
N14_OBSTRUREFLUROPATH	fdr	0.2	386	102	100	101	83	436	102	119	105	110
H7_PARASTRA4	fdr	0.2	457	100	102	128	127	456	96	123	125	112
C3_GALLBLADDER_WIDE	fdr	0.2	488	125	129	111	123	445	104	108	115	118
L12_ACNE_CONGLOBLATA	fdr	0.2	425	120	96	96	113	432	83	114	118	117
E4_HYPODRUG	fdr	0.2	472	115	95	124	138	487	140	121	117	109
E4_HYPOGONADOTROPIC_HYPOGONADISM	nominal	0.05	1044	252	267	250	275	1186	315	308	292	271
C3_GASTRINT_STROM	nominal	0.05	1001	242	230	254	275	1048	273	273	263	239
H7_PARASTRA6	nominal	0.05	1097	272	300	255	270	1121	281	286	298	256
L12_ACNE_NAS	nominal	0.05	1092	277	287	262	266	1142	293	316	246	287
N14_OLIGOMEN	nominal	0.05	1073	288	288	240	257	1152	254	340	272	286
H7_PARASTRA6	fdr	0.05	110	32	41	20	17	108	29	24	31	24
E4_HYPOGONADOTROPIC_HYPOGONADISM	fdr	0.05	99	27	28	16	28	142	32	32	41	37
N14_OLIGOMEN	fdr	0.05	103	32	21	27	23	116	24	28	32	32
C3_GASTRINT_STROM	fdr	0.05	111	29	27	30	25	133	38	33	36	26
L12_ACNE_NAS	fdr	0.05	90	14	25	25	26	123	31	40	25	27
E4_HYPOGONADOTROPIC_HYPOGONADISM	fdr	0.1	187	48	52	39	48	238	55	57	71	55
H7_PARASTRA6	fdr	0.1	192	61	58	38	35	207	54	54	52	47
N14_OLIGOMEN	fdr	0.1	196	50	47	49	50	240	50	75	58	57
C3_GASTRINT_STROM	fdr	0.1	192	54	47	48	43	233	68	64	64	37
L12_ACNE_NAS	fdr	0.1	190	36	55	53	46	235	65	69	50	51
E4_HYPOGONADOTROPIC_HYPOGONADISM	fdr	0.2	416	96	113	100	107	524	143	128	132	121
C3_GASTRINT_STROM	fdr	0.2	397	104	92	95	106	473	127	138	117	91
H7_PARASTRA6	fdr	0.2	435	124	132	92	87	460	109	128	122	101
N14_OLIGOMEN	fdr	0.2	444	110	126	97	111	500	103	154	114	129
L12_ACNE_NAS	fdr	0.2	416	94	106	113	103	483	118	136	111	118
E4_HYPOKALAEMIA	nominal	0.05	1183	304	327	274	278	1128	254	282	284	308
L12_ACNE_VARIOLIFORMIS	nominal	0.05	1101	293	254	283	271	1117	267	274	317	259
N14_ORHCEPINDIDYMITIS	nominal	0.05	1086	298	267	261	260	1150	290	290	274	296
C3_GBM	nominal	0.05	1103	300	285	261	257	1097	259	264	300	274
H7_PARASTRAB	nominal	0.05	1095	280	280	280	255	1051	263	253	284	251
E4_HYPOKALAEMIA	fdr	0.05	159	53	39	28	39	129	32	26	33	38
C3_GBM	fdr	0.05	115	42	26	24	23	137	36	30	34	37
L12_ACNE_VARIOLIFORMIS	fdr	0.05	105	32	25	19	29	100	17	17	32	34
H7_PARASTRAB	fdr	0.05	118	37	41	21	19	108	29	30	32	17
N14_ORHCEPINDIDYMITIS	fdr	0.05	119	35	38	20	26	118	34	24	25	35
E4_HYPOKALAEMIA	fdr	0.1	267	79	65	54	69	250	56	59	64	71
C3_GBM	fdr	0.1	212	62	46	49	55	226	53	53	62	58
H7_PARASTRAB	fdr	0.1	207	68	62	40	37	195	49	56	50	40
L12_ACNE_VARIOLIFORMIS	fdr	0.1	206	65	49	41	51	193	39	43	55	56
N14_ORHCEPINDIDYMITIS	fdr	0.1	208	59	64	43	42	195	50	46	42	57
E4_HYPOKALAEMIA	fdr	0.2	556	149	158	124	125	538	133	131	144	130
L12_ACNE_VARIOLIFORMIS	fdr	0.2	464	127	106	110	121	454	112	116	121	105
N14_ORHCEPINDIDYMITIS	fdr	0.2	449	121	124	102	102	481	106	118	121	136
C3_GBM	fdr	0.2	451	126	111	107	107	460	112	105	129	114
H7_PARASTRAB	fdr	0.2	442	125	124	105	88	427	115	113	116	83
H7_PARASTRANAS	nominal	0.05	958	236	258	229	235	951	214	228	249	260
L12_ACQKERAT	nominal	0.05	1139	277	327	246	289	1149	229	316	284	320
N14_OTHBLADD	nominal	0.05	1164	285	308	293	278	1220	328	327	303	262
E4_HYPOOSMNAT	nominal	0.05	1177	278	266	318	315	1220	282	333	303	302
C3_GBM_ASTROCYTOMA	nominal	0.05	1161	315	301	268	277	1149	281	287	291	290
L12_ACQKERAT	fdr	0.05	121	42	31	24	24	134	22	21	35	56
C3_GBM_ASTROCYTOMA	fdr	0.05	174	56	51	28	39	140	26	25	45	44
H7_PARASTRANAS	fdr	0.05	89	17	16	25	31	91	26	20	21	24
N14_OTHBLADD	fdr	0.05	124	25	27	38	34	157	51	39	36	31
E4_HYPOOSMNAT	fdr	0.05	142	34	25	44	39	167	42	35	39	51
L12_ACQKERAT	fdr	0.1	229	67	65	50	47	243	40	56	65	82
H7_PARASTRANAS	fdr	0.1	167	39	37	43	48	164	40	37	45	42
C3_GBM_ASTROCYTOMA	fdr	0.1	280	77	79	58	66	235	46	45	78	66
E4_HYPOOSMNAT	fdr	0.1	260	59	51	81	69	290	65	71	74	80
N14_OTHBLADD	fdr	0.1	222	47	55	57	63	272	74	73	68	57
H7_PARASTRANAS	fdr	0.2	342	90	83	78	91	357	80	90	100	87
L12_ACQKERAT	fdr	0.2	467	126	131	99	111	490	79	118	141	152
E4_HYPOOSMNAT	fdr	0.2	522	118	113	157	134	592	131	163	146	152
N14_OTHBLADD	fdr	0.2	485	107	130	130	118	531	148	142	130	111
C3_GBM_ASTROCYTOMA	fdr	0.2	519	133	141	120	125	523	114	114	157	138
H7_PERIPHRETINADEGEN	nominal	0.05	1241	286	284	332	339	1146	308	290	283	265
L12_ACRODERMATITIS	nominal	0.05	1222	291	299	301	331	1213	309	350	288	266
N14_OTHDISMALEGEN	nominal	0.05	1042	212	272	264	294	1050	250	299	253	248
C3_GUM_WIDE	nominal	0.05	1120	281	299	256	284	1207	281	339	291	296
E4_HYPOPARA	nominal	0.05	1121	278	263	282	298	1090	240	283	270	297
L12_ACRODERMATITIS	fdr	0.05	156	40	41	38	37	156	51	54	24	27
N14_OTHDISMALEGEN	fdr	0.05	103	22	15	29	37	93	15	27	29	22
C3_GUM_WIDE	fdr	0.05	120	34	32	24	30	152	33	26	42	51
H7_PERIPHRETINADEGEN	fdr	0.05	168	31	37	45	55	122	37	29	24	32
E4_HYPOPARA	fdr	0.05	154	56	37	27	34	105	19	20	31	35
L12_ACRODERMATITIS	fdr	0.1	270	62	68	60	80	267	81	92	47	47
C3_GUM_WIDE	fdr	0.1	222	62	56	49	55	268	58	55	75	80
N14_OTHDISMALEGEN	fdr	0.1	179	37	35	49	58	189	37	59	51	42
H7_PERIPHRETINADEGEN	fdr	0.1	271	58	64	71	78	225	60	56	55	54
E4_HYPOPARA	fdr	0.1	247	79	57	57	54	210	37	44	66	63
L12_ACRODERMATITIS	fdr	0.2	572	138	140	142	152	575	154	184	124	113
C3_GUM_WIDE	fdr	0.2	492	133	126	118	115	577	127	150	153	147
N14_OTHDISMALEGEN	fdr	0.2	400	67	94	108	131	431	99	125	109	98
E4_HYPOPARA	fdr	0.2	452	129	104	108	111	448	91	112	120	125
H7_PERIPHRETINADEGEN	fdr	0.2	578	131	133	157	157	529	139	136	129	125
L12_ACTINKERA	nominal	0.05	1490	357	364	371	398	1465	335	379	377	374
N14_OTHETNASKIDUR	nominal	0.05	1198	303	322	280	293	1186	296	338	278	274
H7_POSTOPEYENAS	nominal	0.05	1032	269	251	247	265	1064	248	230	298	288
E4_HYPOPIT	nominal	0.05	1040	256	245	270	269	1114	317	310	255	232
C3_HEAD_AND_NECK	nominal	0.05	1143	329	341	220	253	1169	282	303	304	280
L12_ACTINKERA	fdr	0.05	243	59	52	62	70	270	58	61	68	83
C3_HEAD_AND_NECK	fdr	0.05	136	46	47	19	24	133	37	32	37	27
N14_OTHETNASKIDUR	fdr	0.05	118	31	36	26	25	114	30	30	31	23
E4_HYPOPIT	fdr	0.05	128	19	24	42	43	119	38	34	22	25
H7_POSTOPEYENAS	fdr	0.05	125	30	41	21	33	125	19	16	47	43
L12_ACTINKERA	fdr	0.1	425	103	91	115	116	444	88	106	119	131
N14_OTHETNASKIDUR	fdr	0.1	227	61	62	56	48	221	46	65	60	50
H7_POSTOPEYENAS	fdr	0.1	219	56	66	43	54	215	38	31	82	64
C3_HEAD_AND_NECK	fdr	0.1	241	74	79	34	54	236	57	60	67	52
E4_HYPOPIT	fdr	0.1	222	46	50	62	64	225	64	66	47	48
L12_ACTINKERA	fdr	0.2	848	201	198	219	230	868	183	220	229	236
N14_OTHETNASKIDUR	fdr	0.2	524	135	153	120	116	529	126	155	135	113
H7_POSTOPEYENAS	fdr	0.2	424	115	116	90	103	477	96	89	155	137
C3_HEAD_AND_NECK	fdr	0.2	507	155	162	86	104	534	136	133	148	117
E4_HYPOPIT	fdr	0.2	420	91	95	120	114	464	120	142	107	95
C3_HEPATOCELLU_CARC_WIDE	nominal	0.05	1083	290	251	281	261	1166	289	286	308	283
E4_HYPOTHALDYSF	nominal	0.05	1152	267	306	285	294	1208	266	296	322	324
H7_PRESBYOPIA	nominal	0.05	1167	303	329	258	277	1139	271	326	257	285
L12_ALLERGICCONTACT	nominal	0.05	1172	286	318	270	298	1170	277	299	300	294
N14_OTHFEMPELINF	nominal	0.05	1216	349	327	267	273	1168	296	312	289	271
E4_HYPOTHALDYSF	fdr	0.05	169	38	59	30	42	140	28	33	30	49
H7_PRESBYOPIA	fdr	0.05	150	52	43	30	25	147	38	51	31	27
L12_ALLERGICCONTACT	fdr	0.05	153	41	50	30	32	169	48	37	47	37
N14_OTHFEMPELINF	fdr	0.05	147	60	38	20	29	132	43	37	29	23
C3_HEPATOCELLU_CARC_WIDE	fdr	0.05	92	25	24	16	27	125	31	22	33	39
E4_HYPOTHALDYSF	fdr	0.1	272	57	83	66	66	248	50	63	64	71
H7_PRESBYOPIA	fdr	0.1	258	82	77	49	50	243	63	77	53	50
L12_ALLERGICCONTACT	fdr	0.1	262	66	78	59	59	284	73	72	70	69
N14_OTHFEMPELINF	fdr	0.1	270	87	73	43	67	233	61	66	53	53
C3_HEPATOCELLU_CARC_WIDE	fdr	0.1	182	48	48	36	50	208	46	48	57	57
E4_HYPOTHALDYSF	fdr	0.2	510	117	143	126	124	524	115	122	148	139
H7_PRESBYOPIA	fdr	0.2	522	138	160	111	113	513	120	164	107	122
N14_OTHFEMPELINF	fdr	0.2	548	165	148	111	124	545	129	144	133	139
C3_HEPATOCELLU_CARC_WIDE	fdr	0.2	404	106	102	96	100	501	121	114	124	142
L12_ALLERGICCONTACT	fdr	0.2	536	130	158	123	125	564	143	143	154	124
N14_OTHINFVAGVULV	nominal	0.05	1070	285	292	259	234	1145	266	330	286	263
H7_PROLIFRETINOPATHOTH	nominal	0.05	1113	284	268	287	274	1173	285	275	322	291
C3_HYPOPHARYNX_WIDE	nominal	0.05	1175	306	289	304	276	1127	285	312	259	271
L12_ALOPECANDRO	nominal	0.05	1173	279	267	316	311	1181	270	283	306	322
E4_HYTHYPOSTINF	nominal	0.05	1139	258	265	296	320	1192	293	305	300	294
N14_OTHINFVAGVULV	fdr	0.05	131	41	44	22	24	154	38	41	38	37
C3_HYPOPHARYNX_WIDE	fdr	0.05	136	27	25	36	48	140	31	38	30	41
E4_HYTHYPOSTINF	fdr	0.05	182	24	30	60	68	156	28	46	39	43
H7_PROLIFRETINOPATHOTH	fdr	0.05	143	39	36	35	33	170	39	38	47	46
L12_ALOPECANDRO	fdr	0.05	131	21	19	45	46	133	31	32	34	36
N14_OTHINFVAGVULV	fdr	0.1	242	68	71	50	53	273	58	82	77	56
C3_HYPOPHARYNX_WIDE	fdr	0.1	237	58	44	61	74	226	49	76	43	58
H7_PROLIFRETINOPATHOTH	fdr	0.1	240	57	57	65	61	270	62	53	82	73
E4_HYTHYPOSTINF	fdr	0.1	280	50	58	84	88	260	49	79	69	63
L12_ALOPECANDRO	fdr	0.1	241	49	49	75	68	247	60	60	61	66
L12_ALOPECANDRO	fdr	0.2	524	115	115	152	142	544	118	133	142	151
N14_OTHINFVAGVULV	fdr	0.2	441	125	127	99	90	525	117	153	137	118
E4_HYTHYPOSTINF	fdr	0.2	521	108	111	139	163	532	115	147	134	136
C3_HYPOPHARYNX_WIDE	fdr	0.2	513	124	125	131	133	500	115	147	109	129
H7_PROLIFRETINOPATHOTH	fdr	0.2	468	123	105	119	121	535	130	121	149	135
L12_ALOPECAREATA	nominal	0.05	1149	264	260	302	323	1218	276	291	350	301
H7_PTERYGIUM	nominal	0.05	1071	253	273	265	280	1167	248	313	312	294
N14_OTHNONINFCERVIX	nominal	0.05	1035	275	312	203	245	1037	269	283	228	257
C3_KAPOSI_SARCOMA_WIDE	nominal	0.05	1071	229	259	288	295	1085	272	265	255	293
E4_HYTHYSUBS	nominal	0.05	945	211	248	224	262	997	211	277	241	268
H7_PTERYGIUM	fdr	0.05	97	30	18	23	26	106	23	21	29	33
C3_KAPOSI_SARCOMA_WIDE	fdr	0.05	133	25	35	35	38	94	27	21	22	24
E4_HYTHYSUBS	fdr	0.05	93	20	14	27	32	102	21	29	24	28
N14_OTHNONINFCERVIX	fdr	0.05	95	24	29	21	21	87	18	30	16	23
L12_ALOPECAREATA	fdr	0.05	134	36	23	42	33	183	42	34	58	49
H7_PTERYGIUM	fdr	0.1	178	52	34	38	54	210	35	63	57	55
C3_KAPOSI_SARCOMA_WIDE	fdr	0.1	211	44	48	58	61	186	48	46	44	48
E4_HYTHYSUBS	fdr	0.1	158	31	27	44	56	181	38	57	45	41
N14_OTHNONINFCERVIX	fdr	0.1	160	45	52	29	34	158	34	49	33	42
L12_ALOPECAREATA	fdr	0.1	245	58	44	75	68	289	63	62	87	77
L12_ALOPECAREATA	fdr	0.2	492	104	107	143	138	578	132	136	167	143
H7_PTERYGIUM	fdr	0.2	442	104	119	94	125	510	106	142	135	127
N14_OTHNONINFCERVIX	fdr	0.2	368	87	124	72	85	377	85	114	84	94
C3_KAPOSI_SARCOMA_WIDE	fdr	0.2	449	99	102	119	129	425	102	109	90	124
E4_HYTHYSUBS	fdr	0.2	339	75	78	79	107	399	77	126	91	105
C3_KIDNEY_CHROMOPHOBE	nominal	0.05	1006	267	230	256	253	1093	281	267	286	259
E4_HYTHY_AI_DX	nominal	0.05	1227	248	295	330	354	1226	266	322	310	328
L12_ALOPECIA_UNIVERSALIS	nominal	0.05	1085	267	242	279	297	1027	244	254	265	264
N14_OTHNONINFOVA	nominal	0.05	1042	257	265	266	254	1105	276	282	284	263
H7_PTOSIS	nominal	0.05	1285	331	384	273	297	1216	295	319	317	285
L12_ALOPECIA_UNIVERSALIS	fdr	0.05	118	21	20	35	42	114	27	22	37	28
E4_HYTHY_AI_DX	fdr	0.05	152	28	26	42	56	161	23	31	50	57
C3_KIDNEY_CHROMOPHOBE	fdr	0.05	101	32	19	25	25	101	34	29	19	19
H7_PTOSIS	fdr	0.05	203	69	65	34	35	162	44	36	36	46
N14_OTHNONINFOVA	fdr	0.05	107	26	26	21	34	109	28	21	38	22
C3_KIDNEY_CHROMOPHOBE	fdr	0.1	186	51	33	51	51	198	51	58	52	37
L12_ALOPECIA_UNIVERSALIS	fdr	0.1	207	47	30	61	69	204	49	42	62	51
E4_HYTHY_AI_DX	fdr	0.1	270	50	54	67	99	279	44	62	78	95
H7_PTOSIS	fdr	0.1	330	103	111	59	57	294	70	72	72	80
N14_OTHNONINFOVA	fdr	0.1	192	40	44	45	63	224	50	57	66	51
C3_KIDNEY_CHROMOPHOBE	fdr	0.2	373	91	73	105	104	420	106	110	118	86
L12_ALOPECIA_UNIVERSALIS	fdr	0.2	454	99	85	123	147	450	99	107	120	124
E4_HYTHY_AI_DX	fdr	0.2	573	114	131	151	177	580	108	146	155	171
H7_PTOSIS	fdr	0.2	620	169	201	122	128	593	131	164	154	144
N14_OTHNONINFOVA	fdr	0.2	427	94	112	111	110	479	124	123	127	105
E4_HYTHY_AI_STRICT	nominal	0.05	1763	405	464	433	461	1757	442	443	440	432
H7_PURENDOPHTHALMITIS	nominal	0.05	1145	290	269	289	297	1114	287	298	267	262
L12_APOCRINESWEAT	nominal	0.05	1210	263	289	336	322	1180	274	326	290	290
N14_OTHNONINFUTER	nominal	0.05	1310	336	391	295	288	1269	308	350	310	301
C3_KIDNEY_CLEAR_CELL_CARCINOMA	nominal	0.05	1172	297	274	328	273	1199	290	269	337	303
E4_HYTHY_AI_STRICT	fdr	0.05	370	83	91	87	109	382	93	98	101	90
H7_PURENDOPHTHALMITIS	fdr	0.05	170	33	51	40	46	143	32	43	36	32
L12_APOCRINESWEAT	fdr	0.05	171	38	37	42	54	163	41	45	34	43
C3_KIDNEY_CLEAR_CELL_CARCINOMA	fdr	0.05	146	32	41	45	28	137	27	36	42	32
N14_OTHNONINFUTER	fdr	0.05	204	54	58	48	44	187	53	48	47	39
E4_HYTHY_AI_STRICT	fdr	0.1	599	130	162	144	163	595	150	149	159	137
H7_PURENDOPHTHALMITIS	fdr	0.1	263	60	70	57	76	246	60	80	54	52
L12_APOCRINESWEAT	fdr	0.1	269	60	55	75	79	285	60	78	76	71
C3_KIDNEY_CLEAR_CELL_CARCINOMA	fdr	0.1	241	57	66	66	52	249	53	66	75	55
N14_OTHNONINFUTER	fdr	0.1	350	94	101	81	74	326	80	89	85	72
E4_HYTHY_AI_STRICT	fdr	0.2	1090	247	303	262	278	1116	273	289	289	265
H7_PURENDOPHTHALMITIS	fdr	0.2	492	116	119	125	132	490	128	150	116	96
L12_APOCRINESWEAT	fdr	0.2	541	123	123	155	140	547	123	158	133	133
C3_KIDNEY_CLEAR_CELL_CARCINOMA	fdr	0.2	481	114	126	135	106	529	111	126	160	132
N14_OTHNONINFUTER	fdr	0.2	673	164	216	145	148	671	155	191	178	147
L12_ATOPIC	nominal	0.05	1516	382	423	352	359	1509	347	393	388	381
N14_OTHNONINFVAG	nominal	0.05	1184	297	281	319	287	1074	240	254	302	278
E4_IDIOPATHIC_HYPERCALCIURIA	nominal	0.05	1141	273	292	285	291	1168	289	301	301	277
H7_REFRAACCOMMODIS	nominal	0.05	1134	254	287	302	291	1155	252	300	317	286
C3_KIDNEY_NOTRENALPELVIS_WIDE	nominal	0.05	1227	309	298	312	308	1306	304	299	362	341
N14_OTHNONINFVAG	fdr	0.05	166	57	33	37	39	117	25	18	36	38
L12_ATOPIC	fdr	0.05	284	95	82	53	54	260	59	65	65	71
E4_IDIOPATHIC_HYPERCALCIURIA	fdr	0.05	115	32	28	26	29	124	27	34	31	32
H7_REFRAACCOMMODIS	fdr	0.05	134	34	33	36	31	124	26	41	30	27
C3_KIDNEY_NOTRENALPELVIS_WIDE	fdr	0.05	145	39	40	35	31	158	36	35	48	39
L12_ATOPIC	fdr	0.1	472	132	135	101	104	480	104	134	128	114
N14_OTHNONINFVAG	fdr	0.1	262	78	58	60	66	205	34	40	66	65
E4_IDIOPATHIC_HYPERCALCIURIA	fdr	0.1	216	62	56	45	53	229	59	64	57	49
H7_REFRAACCOMMODIS	fdr	0.1	223	52	59	60	52	223	41	70	57	55
C3_KIDNEY_NOTRENALPELVIS_WIDE	fdr	0.1	278	63	75	74	66	303	65	71	93	74
L12_ATOPIC	fdr	0.2	846	221	227	204	194	909	212	239	239	219
N14_OTHNONINFVAG	fdr	0.2	503	134	112	136	121	460	102	87	141	130
H7_REFRAACCOMMODIS	fdr	0.2	457	104	115	125	113	503	111	153	121	118
C3_KIDNEY_NOTRENALPELVIS_WIDE	fdr	0.2	570	130	149	151	140	610	125	137	177	171
E4_IDIOPATHIC_HYPERCALCIURIA	fdr	0.2	488	123	127	115	123	523	133	148	121	121
C3_KIDNEY_PAPILLARYADENO	nominal	0.05	1210	335	320	294	261	1219	293	301	330	295
L12_ATROPHICSKIN	nominal	0.05	1238	268	314	317	339	1186	314	321	283	268
N14_OTHNONINFVULV	nominal	0.05	1028	246	304	232	246	1150	269	290	304	287
E4_IDIOPATHIC_HYPOPARATHYROIDISM	nominal	0.05	1089	304	288	245	252	1131	276	286	288	281
H7_RETARTOCCTRANS	nominal	0.05	1105	285	262	277	281	1095	265	278	273	279
C3_KIDNEY_PAPILLARYADENO	fdr	0.05	163	52	44	32	35	128	25	30	35	38
N14_OTHNONINFVULV	fdr	0.05	94	22	35	15	22	120	26	19	35	40
L12_ATROPHICSKIN	fdr	0.05	192	44	57	34	57	135	38	38	34	25
H7_RETARTOCCTRANS	fdr	0.05	100	19	30	25	26	94	25	30	19	20
E4_IDIOPATHIC_HYPOPARATHYROIDISM	fdr	0.05	79	26	29	14	10	88	20	22	28	18
C3_KIDNEY_PAPILLARYADENO	fdr	0.1	286	86	82	64	54	244	50	61	71	62
N14_OTHNONINFVULV	fdr	0.1	184	42	67	32	43	220	42	48	62	68
E4_IDIOPATHIC_HYPOPARATHYROIDISM	fdr	0.1	170	58	52	32	28	156	40	39	43	34
H7_RETARTOCCTRANS	fdr	0.1	185	42	52	42	49	195	49	57	44	45
L12_ATROPHICSKIN	fdr	0.1	304	67	83	68	86	251	66	74	62	49
C3_KIDNEY_PAPILLARYADENO	fdr	0.2	589	167	167	144	111	557	130	145	152	130
L12_ATROPHICSKIN	fdr	0.2	573	119	156	139	159	567	150	165	144	108
N14_OTHNONINFVULV	fdr	0.2	411	98	126	88	99	478	111	120	131	116
E4_IDIOPATHIC_HYPOPARATHYROIDISM	fdr	0.2	402	121	115	84	82	425	98	110	120	97
H7_RETARTOCCTRANS	fdr	0.2	442	114	108	98	122	461	103	129	114	115
H7_RETINAHAEMORR	nominal	0.05	1083	266	279	283	255	1087	292	300	255	240
L12_ATROPHICSKINNAS	nominal	0.05	1142	282	273	281	306	1152	251	270	320	311
E4_IODHYPSUB	nominal	0.05	1136	261	278	304	293	1165	265	306	300	294
C3_LARYNX_WIDE	nominal	0.05	1143	335	314	246	248	1192	295	344	289	264
N14_OTHPENIS	nominal	0.05	1149	307	302	237	303	1198	326	334	290	248
H7_RETINAHAEMORR	fdr	0.05	119	36	36	31	16	121	37	39	23	22
N14_OTHPENIS	fdr	0.05	120	31	29	27	33	137	48	42	23	24
C3_LARYNX_WIDE	fdr	0.05	149	46	50	20	33	172	51	45	38	38
L12_ATROPHICSKINNAS	fdr	0.05	116	30	24	28	34	103	23	15	30	35
E4_IODHYPSUB	fdr	0.05	123	31	30	29	33	144	35	26	38	45
H7_RETINAHAEMORR	fdr	0.1	211	57	59	60	35	218	66	66	46	40
E4_IODHYPSUB	fdr	0.1	227	52	54	62	59	230	49	54	66	61
L12_ATROPHICSKINNAS	fdr	0.1	202	46	43	51	62	203	39	40	67	57
C3_LARYNX_WIDE	fdr	0.1	241	74	79	38	50	278	71	76	62	69
N14_OTHPENIS	fdr	0.1	223	54	63	46	60	250	77	71	57	45
H7_RETINAHAEMORR	fdr	0.2	478	121	130	132	95	474	128	130	109	107
E4_IODHYPSUB	fdr	0.2	509	108	136	139	126	540	117	139	150	134
L12_ATROPHICSKINNAS	fdr	0.2	457	106	102	129	120	503	98	112	152	141
C3_LARYNX_WIDE	fdr	0.2	478	148	139	98	93	559	137	156	138	128
N14_OTHPENIS	fdr	0.2	500	135	127	101	137	538	138	158	139	103
C3_LEIOMYOSARCOMA_WIDE	nominal	0.05	1131	265	280	294	292	1109	237	287	305	280
E4_IRON_MET	nominal	0.05	1024	276	262	246	240	1043	265	256	263	259
L12_BULLOTH	nominal	0.05	1167	282	319	244	322	1212	290	317	301	304
N14_OVARTORS	nominal	0.05	1032	257	266	244	265	1118	305	313	264	236
H7_RETINALBREAK	nominal	0.05	1321	317	315	338	351	1282	277	328	339	338
C3_LEIOMYOSARCOMA_WIDE	fdr	0.05	116	22	25	29	40	124	24	23	39	38
L12_BULLOTH	fdr	0.05	170	49	50	27	44	189	47	38	54	50
H7_RETINALBREAK	fdr	0.05	226	43	43	65	75	197	48	50	54	45
E4_IRON_MET	fdr	0.05	106	36	27	16	27	104	37	20	22	25
N14_OVARTORS	fdr	0.05	105	31	29	23	22	133	40	32	30	31
N14_OVARTORS	fdr	0.1	188	54	49	44	41	219	60	61	53	45
L12_BULLOTH	fdr	0.1	271	76	78	45	72	306	71	72	87	76
C3_LEIOMYOSARCOMA_WIDE	fdr	0.1	216	44	45	58	69	206	39	45	64	58
H7_RETINALBREAK	fdr	0.1	356	68	77	98	113	327	76	82	90	79
E4_IRON_MET	fdr	0.1	198	62	46	41	49	204	62	49	49	44
C3_LEIOMYOSARCOMA_WIDE	fdr	0.2	437	95	103	112	127	434	91	101	131	111
E4_IRON_MET	fdr	0.2	392	114	93	94	91	415	107	109	103	96
L12_BULLOTH	fdr	0.2	532	128	158	99	147	581	137	147	152	145
N14_OVARTORS	fdr	0.2	428	111	111	109	97	477	132	140	115	90
H7_RETINALBREAK	fdr	0.2	684	145	156	179	204	689	150	178	184	177
E4_ISOLATED_GROWTH_HORMONE_DEFICIENCY	nominal	0.05	1091	256	291	254	290	1128	270	306	267	285
H7_RETINALDETACH	nominal	0.05	1404	356	330	346	372	1410	345	354	358	353
C3_LIPOSARCOMA_WIDE	nominal	0.05	1081	239	295	252	295	1061	247	281	261	272
N14_OVARYCYST	nominal	0.05	1353	382	393	287	291	1387	386	407	302	292
L12_BULLOUS	nominal	0.05	1124	280	288	257	299	1140	274	272	308	286
C3_LIPOSARCOMA_WIDE	fdr	0.05	95	17	34	13	31	107	20	25	27	35
H7_RETINALDETACH	fdr	0.05	247	49	42	71	85	250	74	60	67	49
N14_OVARYCYST	fdr	0.05	201	64	69	31	37	198	54	55	47	42
L12_BULLOUS	fdr	0.05	135	43	33	23	36	164	45	34	56	29
E4_ISOLATED_GROWTH_HORMONE_DEFICIENCY	fdr	0.05	118	15	31	35	37	112	39	24	23	26
H7_RETINALDETACH	fdr	0.1	402	82	88	113	119	423	110	104	117	92
C3_LIPOSARCOMA_WIDE	fdr	0.1	183	32	56	34	61	173	36	48	40	49
N14_OVARYCYST	fdr	0.1	357	104	119	67	67	372	92	120	83	77
L12_BULLOUS	fdr	0.1	242	73	57	49	63	283	71	61	97	54
E4_ISOLATED_GROWTH_HORMONE_DEFICIENCY	fdr	0.1	220	37	59	49	75	209	63	56	42	48
E4_ISOLATED_GROWTH_HORMONE_DEFICIENCY	fdr	0.2	465	96	123	103	143	478	119	131	98	130
H7_RETINALDETACH	fdr	0.2	758	168	180	191	219	789	195	187	214	193
C3_LIPOSARCOMA_WIDE	fdr	0.2	412	77	115	93	127	404	89	112	95	108
N14_OVARYCYST	fdr	0.2	694	194	224	139	137	774	207	247	166	154
L12_BULLOUS	fdr	0.2	469	124	124	108	113	532	136	117	171	108
N14_OVAR_HYPERSTIM	nominal	0.05	1083	288	269	273	253	1064	234	286	261	283
H7_RETINALDETACHBREAK	nominal	0.05	1364	319	317	348	380	1339	287	336	364	352
L12_CALCINOSISCUTIS	nominal	0.05	1011	250	265	263	233	1077	249	249	299	280
E4_KWASHIORKOR	nominal	0.05	1078	263	272	277	266	1065	254	287	273	251
C3_LIP_WIDE	nominal	0.05	1153	296	346	233	278	1164	247	327	310	280
H7_RETINALDETACHBREAK	fdr	0.05	228	36	47	65	80	222	48	45	75	54
L12_CALCINOSISCUTIS	fdr	0.05	84	29	23	16	16	105	23	24	36	22
C3_LIP_WIDE	fdr	0.05	128	29	42	23	34	129	25	31	40	33
E4_KWASHIORKOR	fdr	0.05	115	20	32	30	33	112	35	31	24	22
N14_OVAR_HYPERSTIM	fdr	0.05	126	19	20	41	46	120	28	30	28	34
H7_RETINALDETACHBREAK	fdr	0.1	400	71	83	117	129	373	74	84	125	90
L12_CALCINOSISCUTIS	fdr	0.1	172	45	51	34	42	199	41	49	60	49
N14_OVAR_HYPERSTIM	fdr	0.1	223	43	43	67	70	215	45	58	55	57
C3_LIP_WIDE	fdr	0.1	227	66	71	34	56	218	40	61	64	53
E4_KWASHIORKOR	fdr	0.1	202	45	48	54	55	200	51	53	50	46
N14_OVAR_HYPERSTIM	fdr	0.2	442	113	95	116	118	446	88	128	120	110
H7_RETINALDETACHBREAK	fdr	0.2	747	157	165	204	221	756	164	169	229	194
L12_CALCINOSISCUTIS	fdr	0.2	388	98	104	93	93	433	93	107	126	107
C3_LIP_WIDE	fdr	0.2	476	143	142	76	115	473	100	134	128	111
E4_KWASHIORKOR	fdr	0.2	443	93	110	118	122	485	115	141	115	114
L12_CELLULITIS	nominal	0.05	1100	314	290	241	255	1068	236	261	267	304
N14_PHIMOSIS	nominal	0.05	1276	328	343	289	316	1334	354	361	306	313
C3_LIQUID_CANCER	nominal	0.05	1281	315	315	322	329	1357	275	295	404	383
E4_LACTOCON	nominal	0.05	1192	316	283	294	299	1220	303	315	300	302
H7_RETINALDETACHOTH	nominal	0.05	1155	265	294	298	298	1161	276	331	270	284
C3_LIQUID_CANCER	fdr	0.05	193	49	49	45	50	240	42	41	77	80
E4_LACTOCON	fdr	0.05	167	66	40	26	35	138	31	24	45	38
H7_RETINALDETACHOTH	fdr	0.05	162	27	21	56	58	142	41	40	28	33
L12_CELLULITIS	fdr	0.05	147	61	47	25	14	108	27	14	21	46
N14_PHIMOSIS	fdr	0.05	169	43	50	31	45	207	59	65	36	47
L12_CELLULITIS	fdr	0.1	229	79	73	46	31	211	46	45	55	65
C3_LIQUID_CANCER	fdr	0.1	336	81	84	88	83	369	65	68	123	113
N14_PHIMOSIS	fdr	0.1	290	70	84	64	72	332	92	103	68	69
E4_LACTOCON	fdr	0.1	285	102	66	62	55	272	68	56	86	62
H7_RETINALDETACHOTH	fdr	0.1	270	64	40	83	83	229	63	63	49	54
L12_CELLULITIS	fdr	0.2	474	147	137	104	86	450	99	103	118	130
N14_PHIMOSIS	fdr	0.2	631	153	163	154	161	667	175	187	147	158
C3_LIQUID_CANCER	fdr	0.2	625	146	163	159	157	699	129	150	220	200
E4_LACTOCON	fdr	0.2	564	160	128	138	138	598	140	155	163	140
H7_RETINALDETACHOTH	fdr	0.2	547	118	123	145	161	508	129	139	112	128
C3_LUNG_NEUROENDO	nominal	0.05	1040	220	244	290	286	1043	261	274	257	251
E4_LACTONAS	nominal	0.05	1160	316	334	245	265	1133	269	295	272	297
N14_POLYPFEMGEN	nominal	0.05	1277	329	336	315	297	1229	299	283	340	307
L12_CHLOASMA	nominal	0.05	1101	291	272	274	264	1098	278	262	284	274
H7_RETINALDETACHTRACTION	nominal	0.05	1086	228	273	294	291	1153	276	324	274	279
E4_LACTONAS	fdr	0.05	163	64	44	26	29	153	35	32	35	51
H7_RETINALDETACHTRACTION	fdr	0.05	126	27	26	33	40	140	26	36	44	34
L12_CHLOASMA	fdr	0.05	99	33	28	23	15	134	26	29	40	39
N14_POLYPFEMGEN	fdr	0.05	163	44	38	41	40	160	43	38	42	37
C3_LUNG_NEUROENDO	fdr	0.05	96	13	20	30	33	91	21	21	20	29
C3_LUNG_NEUROENDO	fdr	0.1	184	30	37	56	61	173	37	44	41	51
L12_CHLOASMA	fdr	0.1	174	52	52	37	33	214	42	51	69	52
H7_RETINALDETACHTRACTION	fdr	0.1	223	39	54	56	74	233	46	59	63	65
E4_LACTONAS	fdr	0.1	260	89	73	42	56	246	57	50	58	81
N14_POLYPFEMGEN	fdr	0.1	306	81	81	79	65	268	69	58	77	64
C3_LUNG_NEUROENDO	fdr	0.2	445	76	105	126	138	458	102	127	109	120
N14_POLYPFEMGEN	fdr	0.2	623	154	164	160	145	581	140	134	159	148
L12_CHLOASMA	fdr	0.2	466	127	131	116	92	469	109	105	138	117
H7_RETINALDETACHTRACTION	fdr	0.2	464	96	111	118	139	510	120	134	131	125
E4_LACTONAS	fdr	0.2	512	145	149	104	114	502	114	125	119	144
C3_LUNG_NONSMALL_WIDE	nominal	0.05	1343	368	387	287	301	1362	315	338	354	355
H7_RETINALDISOTH	nominal	0.05	1281	348	326	304	303	1345	335	327	341	342
E4_LIPODEF	nominal	0.05	1148	269	281	291	307	1197	311	357	245	284
N14_POSTMENATRVAG	nominal	0.05	1139	299	281	275	284	1137	267	283	308	279
L12_CHRONICULCEROFSKIN	nominal	0.05	1168	325	281	274	288	1110	264	270	308	268
C3_LUNG_NONSMALL_WIDE	fdr	0.05	188	58	58	26	46	203	39	47	53	64
E4_LIPODEF	fdr	0.05	119	27	32	27	33	140	36	41	23	40
H7_RETINALDISOTH	fdr	0.05	192	59	52	39	42	236	62	51	58	65
N14_POSTMENATRVAG	fdr	0.05	110	32	25	23	30	128	26	28	35	39
L12_CHRONICULCEROFSKIN	fdr	0.05	142	53	28	37	24	110	26	15	37	32
C3_LUNG_NONSMALL_WIDE	fdr	0.1	321	90	100	57	74	352	61	81	105	105
E4_LIPODEF	fdr	0.1	224	51	59	51	63	230	60	72	40	58
H7_RETINALDISOTH	fdr	0.1	308	83	81	67	77	388	104	92	105	87
N14_POSTMENATRVAG	fdr	0.1	219	63	53	50	53	234	43	57	66	68
L12_CHRONICULCEROFSKIN	fdr	0.1	254	84	55	61	54	218	51	44	67	56
C3_LUNG_NONSMALL_WIDE	fdr	0.2	720	209	219	132	160	727	148	184	202	193
H7_RETINALDISOTH	fdr	0.2	631	174	163	135	159	728	184	179	193	172
E4_LIPODEF	fdr	0.2	455	102	122	119	112	489	129	142	101	117
N14_POSTMENATRVAG	fdr	0.2	503	137	123	122	121	517	104	133	151	129
L12_CHRONICULCEROFSKIN	fdr	0.2	507	141	126	122	118	483	105	120	145	113
C3_MACROGLOBULINEMIA_WIDE	nominal	0.05	1198	257	273	330	338	1156	263	259	334	300
L12_CORNSANDCALLOS	nominal	0.05	1164	306	307	274	277	1190	289	304	292	305
E4_LIPODYST	nominal	0.05	1038	237	219	295	287	1120	273	314	282	251
N14_POSTMENBLEED	nominal	0.05	1237	325	352	290	270	1223	319	360	272	272
H7_RETINANAS	nominal	0.05	1113	274	297	255	287	1088	263	296	263	266
C3_MACROGLOBULINEMIA_WIDE	fdr	0.05	128	28	21	37	42	129	26	31	36	36
L12_CORNSANDCALLOS	fdr	0.05	151	44	41	26	40	161	37	45	34	45
E4_LIPODYST	fdr	0.05	106	19	18	39	30	138	43	42	30	23
N14_POSTMENBLEED	fdr	0.05	196	67	64	39	26	148	43	36	35	34
H7_RETINANAS	fdr	0.05	114	29	38	22	25	123	28	31	32	32
C3_MACROGLOBULINEMIA_WIDE	fdr	0.1	239	50	41	68	80	223	41	43	73	66
L12_CORNSANDCALLOS	fdr	0.1	247	66	67	47	67	279	60	82	63	74
E4_LIPODYST	fdr	0.1	200	43	32	66	59	249	64	69	59	57
N14_POSTMENBLEED	fdr	0.1	294	90	101	60	43	269	62	80	59	68
H7_RETINANAS	fdr	0.1	203	57	59	40	47	239	53	68	65	53
C3_MACROGLOBULINEMIA_WIDE	fdr	0.2	504	106	109	149	140	508	98	111	155	144
L12_CORNSANDCALLOS	fdr	0.2	515	147	136	109	123	552	129	153	137	133
E4_LIPODYST	fdr	0.2	440	104	84	123	129	495	110	144	132	109
N14_POSTMENBLEED	fdr	0.2	600	174	182	134	110	597	151	184	138	124
H7_RETINANAS	fdr	0.2	424	94	129	98	103	474	110	144	116	104
E4_LIPOMATOSIS	nominal	0.05	980	260	264	224	232	1086	289	296	258	243
H7_RETINASEPAR	nominal	0.05	1110	307	305	266	232	1160	293	275	318	274
N14_PREMENSTSYNDROM	nominal	0.05	1099	302	320	244	233	1088	245	273	277	293
L12_CUTLAXSEN	nominal	0.05	1096	276	284	265	271	1193	318	340	291	244
C3_MALE_GENITAL	nominal	0.05	1522	419	387	372	344	1580	396	415	398	371
H7_RETINASEPAR	fdr	0.05	102	32	31	15	24	139	36	38	35	30
E4_LIPOMATOSIS	fdr	0.05	95	23	36	18	18	89	20	22	22	25
C3_MALE_GENITAL	fdr	0.05	275	97	58	58	62	285	80	63	76	66
L12_CUTLAXSEN	fdr	0.05	137	38	38	32	29	111	32	20	27	32
N14_PREMENSTSYNDROM	fdr	0.05	147	51	48	26	22	117	33	28	32	24
H7_RETINASEPAR	fdr	0.1	192	59	50	37	46	224	61	59	59	45
E4_LIPOMATOSIS	fdr	0.1	183	43	54	42	44	177	41	51	40	45
C3_MALE_GENITAL	fdr	0.1	464	152	110	103	99	488	122	124	134	108
N14_PREMENSTSYNDROM	fdr	0.1	232	81	73	44	34	188	56	44	53	35
L12_CUTLAXSEN	fdr	0.1	236	66	63	61	46	228	60	61	59	48
E4_LIPOMATOSIS	fdr	0.2	393	98	117	81	97	439	104	126	109	100
H7_RETINASEPAR	fdr	0.2	475	133	134	107	101	492	129	122	122	119
N14_PREMENSTSYNDROM	fdr	0.2	470	145	139	101	85	459	105	110	125	119
C3_MALE_GENITAL	fdr	0.2	878	248	218	212	200	946	227	245	249	225
L12_CUTLAXSEN	fdr	0.2	482	123	130	123	106	502	133	136	130	103
C3_MANTLE_CELL_LYMPHOMA_WIDE	nominal	0.05	1134	293	296	263	282	1114	254	245	291	324
L12_CUT_AUTOSENS	nominal	0.05	1018	263	250	255	250	1073	273	242	293	265
H7_RETINAVASC	nominal	0.05	1094	295	288	252	259	1157	314	316	257	270
N14_PRIMARY_AMENORRHEA	nominal	0.05	1043	236	261	249	297	1046	237	272	251	286
E4_LIPOPROT	nominal	0.05	1447	390	395	341	321	1547	385	440	342	380
H7_RETINAVASC	fdr	0.05	123	33	30	26	34	148	45	34	31	38
C3_MANTLE_CELL_LYMPHOMA_WIDE	fdr	0.05	130	34	45	25	26	144	30	22	39	53
E4_LIPOPROT	fdr	0.05	229	69	66	53	41	267	67	70	61	69
L12_CUT_AUTOSENS	fdr	0.05	114	30	31	25	28	93	20	19	30	24
N14_PRIMARY_AMENORRHEA	fdr	0.05	137	24	20	35	58	122	32	32	30	28
H7_RETINAVASC	fdr	0.1	219	57	58	47	57	263	79	73	55	56
C3_MANTLE_CELL_LYMPHOMA_WIDE	fdr	0.1	246	56	79	59	52	238	40	49	72	77
E4_LIPOPROT	fdr	0.1	389	105	120	95	69	454	104	132	101	117
L12_CUT_AUTOSENS	fdr	0.1	197	50	51	45	51	169	41	39	50	39
N14_PRIMARY_AMENORRHEA	fdr	0.1	226	41	41	55	89	218	54	57	46	61
L12_CUT_AUTOSENS	fdr	0.2	410	105	101	101	103	427	99	97	114	117
H7_RETINAVASC	fdr	0.2	495	127	131	111	126	547	153	145	124	125
N14_PRIMARY_AMENORRHEA	fdr	0.2	416	86	91	97	142	419	89	109	98	123
C3_MANTLE_CELL_LYMPHOMA_WIDE	fdr	0.2	489	114	146	105	124	501	98	114	139	150
E4_LIPOPROT	fdr	0.2	799	214	233	190	162	933	217	273	207	236
E4_LIPOPROTNAS	nominal	0.05	1139	330	269	287	253	1112	301	288	281	242
N14_PROHERNOV	nominal	0.05	1198	289	303	296	310	1245	323	382	258	282
C3_MARGINAL_ZONE_LYMPHOMA_WIDE	nominal	0.05	1160	272	295	284	309	1260	309	316	306	329
L12_DECUBITANSULCERANDPRESSURE	nominal	0.05	1121	290	282	266	283	1049	240	287	250	272
H7_RETINOCHISISCYST	nominal	0.05	1005	243	239	268	255	1092	260	297	281	254
E4_LIPOPROTNAS	fdr	0.05	113	40	29	22	22	104	30	32	21	21
N14_PROHERNOV	fdr	0.05	115	22	15	33	45	122	33	31	27	31
C3_MARGINAL_ZONE_LYMPHOMA_WIDE	fdr	0.05	154	39	24	51	40	146	37	42	32	35
L12_DECUBITANSULCERANDPRESSURE	fdr	0.05	147	42	41	31	33	107	12	29	31	35
H7_RETINOCHISISCYST	fdr	0.05	117	23	28	34	32	146	38	37	34	37
E4_LIPOPROTNAS	fdr	0.1	208	68	54	48	38	200	55	54	50	41
C3_MARGINAL_ZONE_LYMPHOMA_WIDE	fdr	0.1	264	62	62	75	65	252	48	72	74	58
N14_PROHERNOV	fdr	0.1	227	52	42	57	76	252	58	77	56	61
H7_RETINOCHISISCYST	fdr	0.1	183	43	50	44	46	228	54	60	61	53
L12_DECUBITANSULCERANDPRESSURE	fdr	0.1	261	71	72	60	58	201	31	60	54	56
E4_LIPOPROTNAS	fdr	0.2	510	151	125	126	108	500	139	133	124	104
C3_MARGINAL_ZONE_LYMPHOMA_WIDE	fdr	0.2	555	136	142	143	134	568	136	134	156	142
N14_PROHERNOV	fdr	0.2	503	115	110	129	149	565	129	183	123	130
H7_RETINOCHISISCYST	fdr	0.2	396	101	98	98	99	458	110	127	124	97
L12_DECUBITANSULCERANDPRESSURE	fdr	0.2	494	129	134	114	117	466	86	133	123	124
C3_MELANOMA_SKIN_WIDE	nominal	0.05	1359	303	285	375	396	1357	316	365	334	342
H7_RETINODISINOTH	nominal	0.05	1071	272	266	260	273	1092	250	282	265	295
L12_DERMATHERP	nominal	0.05	1201	279	334	260	328	1216	299	294	294	329
N14_PROSTAOTH	nominal	0.05	1169	308	295	273	293	1217	302	303	308	304
E4_LOCALADIP	nominal	0.05	1200	307	319	282	292	1212	312	358	276	266
C3_MELANOMA_SKIN_WIDE	fdr	0.05	229	51	35	61	82	224	52	69	60	43
L12_DERMATHERP	fdr	0.05	154	43	49	21	41	185	42	35	54	54
H7_RETINODISINOTH	fdr	0.05	103	25	31	22	25	117	24	32	31	30
E4_LOCALADIP	fdr	0.05	182	60	44	37	41	136	41	49	26	20
N14_PROSTAOTH	fdr	0.05	120	33	33	25	29	129	27	33	38	31
H7_RETINODISINOTH	fdr	0.1	195	48	58	41	48	201	38	54	56	53
C3_MELANOMA_SKIN_WIDE	fdr	0.1	374	79	68	102	125	362	79	111	98	74
L12_DERMATHERP	fdr	0.1	252	69	73	44	66	287	70	59	80	78
E4_LOCALADIP	fdr	0.1	298	99	73	65	61	251	78	77	53	43
N14_PROSTAOTH	fdr	0.1	247	65	64	51	67	259	62	66	71	60
C3_MELANOMA_SKIN_WIDE	fdr	0.2	719	155	152	195	217	735	156	216	190	173
H7_RETINODISINOTH	fdr	0.2	422	95	110	106	111	452	90	117	122	123
L12_DERMATHERP	fdr	0.2	532	142	152	105	133	585	157	137	142	149
N14_PROSTAOTH	fdr	0.2	517	134	131	115	137	581	137	145	153	146
E4_LOCALADIP	fdr	0.2	561	160	138	134	129	548	160	165	119	104
H7_RETIVASCOCCLUSION	nominal	0.05	1093	292	289	257	255	1156	298	328	254	276
L12_DERMATITISECZEMA	nominal	0.05	1438	381	400	332	325	1460	352	344	386	378
N14_PROSTATITIS	nominal	0.05	1180	295	294	279	312	1242	307	323	322	290
E4_MALNUTRITION	nominal	0.05	1092	274	288	249	281	1155	277	320	291	267
C3_MELANOMA_WIDE	nominal	0.05	1318	297	291	374	356	1329	310	340	344	335
L12_DERMATITISECZEMA	fdr	0.05	245	92	77	34	42	237	56	48	72	61
E4_MALNUTRITION	fdr	0.05	125	45	32	20	28	136	32	47	27	30
H7_RETIVASCOCCLUSION	fdr	0.05	130	33	30	31	36	154	55	39	30	30
C3_MELANOMA_WIDE	fdr	0.05	202	48	38	52	64	217	48	58	67	44
N14_PROSTATITIS	fdr	0.05	163	45	49	25	44	189	54	45	41	49
H7_RETIVASCOCCLUSION	fdr	0.1	226	54	63	50	59	265	76	72	58	59
L12_DERMATITISECZEMA	fdr	0.1	413	124	119	80	90	425	99	97	124	105
E4_MALNUTRITION	fdr	0.1	235	81	58	42	54	238	47	81	52	58
C3_MELANOMA_WIDE	fdr	0.1	360	75	66	104	115	355	80	93	106	76
N14_PROSTATITIS	fdr	0.1	279	68	77	55	79	309	77	83	79	70
L12_DERMATITISECZEMA	fdr	0.2	780	215	221	179	165	810	190	196	220	204
H7_RETIVASCOCCLUSION	fdr	0.2	496	122	134	108	132	560	158	151	124	127
N14_PROSTATITIS	fdr	0.2	566	122	146	132	166	616	144	168	164	140
E4_MALNUTRITION	fdr	0.2	490	136	119	103	132	510	108	162	120	120
C3_MELANOMA_WIDE	fdr	0.2	702	149	152	195	206	713	145	189	209	170
N14_PROSTHYPERPLA	nominal	0.05	1532	367	351	400	414	1487	370	376	373	368
E4_MARAKWASH	nominal	0.05	1101	281	300	245	275	1109	254	281	281	293
L12_DERMATITISNAS	nominal	0.05	1340	375	385	278	302	1339	306	330	350	353
H7_RETROBULBNEURINOTH	nominal	0.05	1173	303	328	262	280	1201	294	300	315	292
C3_MENINGES_WIDE	nominal	0.05	1090	294	336	226	234	1093	258	322	249	264
H7_RETROBULBNEURINOTH	fdr	0.05	148	41	47	29	31	168	36	40	50	42
N14_PROSTHYPERPLA	fdr	0.05	306	63	51	88	104	283	75	81	61	66
E4_MARAKWASH	fdr	0.05	109	35	19	21	34	105	18	22	25	40
L12_DERMATITISNAS	fdr	0.05	235	86	75	32	42	191	47	32	50	62
C3_MENINGES_WIDE	fdr	0.05	84	25	21	17	21	127	34	40	26	27
H7_RETROBULBNEURINOTH	fdr	0.1	257	79	68	52	58	274	56	70	82	66
L12_DERMATITISNAS	fdr	0.1	380	123	119	64	74	374	75	90	98	111
N14_PROSTHYPERPLA	fdr	0.1	483	109	95	134	145	453	114	126	102	111
E4_MARAKWASH	fdr	0.1	219	61	45	51	62	211	38	50	63	60
C3_MENINGES_WIDE	fdr	0.1	168	56	42	28	42	202	44	64	50	44
N14_PROSTHYPERPLA	fdr	0.2	853	195	190	228	240	895	227	231	222	215
E4_MARAKWASH	fdr	0.2	471	122	104	123	122	477	107	120	119	131
L12_DERMATITISNAS	fdr	0.2	731	214	217	151	149	725	152	182	190	201
H7_RETROBULBNEURINOTH	fdr	0.2	519	151	138	119	111	560	126	151	148	135
C3_MENINGES_WIDE	fdr	0.2	380	119	117	66	78	429	102	134	105	88
E4_MARASMUS	nominal	0.05	1053	274	274	255	250	1130	280	314	269	267
H7_SCLERACORNEA	nominal	0.05	1183	299	319	268	297	1161	268	273	308	312
N14_PYELONEPHR	nominal	0.05	1258	351	356	261	290	1314	330	369	301	314
L12_DERM_NUMMULAR	nominal	0.05	1253	330	321	308	294	1156	262	286	298	310
C3_MENINGIOMA_WIDE	nominal	0.05	1191	297	290	284	320	1228	273	337	320	298
E4_MARASMUS	fdr	0.05	104	30	28	27	19	154	40	46	35	33
H7_SCLERACORNEA	fdr	0.05	169	31	49	44	45	153	36	27	42	48
N14_PYELONEPHR	fdr	0.05	208	75	64	35	34	196	48	55	43	50
C3_MENINGIOMA_WIDE	fdr	0.05	161	31	37	46	47	189	38	49	51	51
L12_DERM_NUMMULAR	fdr	0.05	206	70	60	30	46	142	33	37	32	40
E4_MARASMUS	fdr	0.1	196	56	56	45	39	263	64	76	62	61
H7_SCLERACORNEA	fdr	0.1	281	63	84	59	75	261	58	50	71	82
C3_MENINGIOMA_WIDE	fdr	0.1	275	61	68	77	69	316	68	85	86	77
N14_PYELONEPHR	fdr	0.1	344	110	107	65	62	339	86	95	81	77
L12_DERM_NUMMULAR	fdr	0.1	326	106	92	58	70	261	57	72	54	78
E4_MARASMUS	fdr	0.2	438	112	130	106	90	536	132	156	127	121
H7_SCLERACORNEA	fdr	0.2	542	131	150	128	133	551	120	128	154	149
N14_PYELONEPHR	fdr	0.2	627	188	181	124	134	684	170	203	150	161
L12_DERM_NUMMULAR	fdr	0.2	643	179	167	148	149	581	129	152	155	145
C3_MENINGIOMA_WIDE	fdr	0.2	567	143	141	144	139	618	129	171	172	146
N14_RAPIDPROGNEPHRITIC	nominal	0.05	1123	308	313	243	259	1165	228	271	370	296
E4_MERETOJA_DISEASE	nominal	0.05	1040	252	225	298	265	1066	278	268	266	254
L12_DIAPER	nominal	0.05	1132	289	257	290	296	1191	309	305	307	270
H7_SCLERITIS	nominal	0.05	1106	294	306	246	260	1156	279	309	301	267
C3_MESOTHELIOMA_WIDE	nominal	0.05	969	220	253	236	260	1091	229	268	285	309
H7_SCLERITIS	fdr	0.05	116	39	30	24	23	111	30	23	26	32
E4_MERETOJA_DISEASE	fdr	0.05	106	28	19	29	30	98	16	22	24	36
L12_DIAPER	fdr	0.05	118	32	26	24	36	135	41	30	35	29
N14_RAPIDPROGNEPHRITIC	fdr	0.05	134	52	39	18	25	108	15	10	32	51
C3_MESOTHELIOMA_WIDE	fdr	0.05	74	17	22	16	19	118	24	23	31	40
E4_MERETOJA_DISEASE	fdr	0.1	187	43	36	55	53	179	32	45	43	59
H7_SCLERITIS	fdr	0.1	210	60	59	42	49	200	49	51	45	55
L12_DIAPER	fdr	0.1	208	44	49	54	61	244	65	63	60	56
N14_RAPIDPROGNEPHRITIC	fdr	0.1	231	78	69	41	43	211	25	44	71	71
C3_MESOTHELIOMA_WIDE	fdr	0.1	160	34	51	32	43	217	37	49	60	71
E4_MERETOJA_DISEASE	fdr	0.2	389	95	80	107	107	418	91	103	108	116
H7_SCLERITIS	fdr	0.2	481	134	143	104	100	514	134	127	140	113
C3_MESOTHELIOMA_WIDE	fdr	0.2	357	77	97	90	93	441	89	101	113	138
L12_DIAPER	fdr	0.2	460	110	109	116	125	525	135	142	131	117
N14_RAPIDPROGNEPHRITIC	fdr	0.2	448	131	134	88	95	507	82	103	167	155
H7_SEVVISIMPBINOC	nominal	0.05	1065	255	269	280	261	1051	241	262	281	267
L12_DISORDSKINAPPENDIX	nominal	0.05	1306	364	337	302	303	1335	337	318	357	323
N14_RECURANDPERHEAMATUR	nominal	0.05	1095	269	289	255	282	1127	259	273	304	291
E4_METABOLIA	nominal	0.05	1445	409	370	358	308	1502	361	416	359	366
C3_MESTOTHEL_SOFTTISSUE	nominal	0.05	1104	264	284	269	287	1135	254	284	295	302
E4_METABOLIA	fdr	0.05	209	70	57	48	34	249	64	53	62	70
L12_DISORDSKINAPPENDIX	fdr	0.05	160	53	54	26	27	182	48	42	46	46
N14_RECURANDPERHEAMATUR	fdr	0.05	101	15	18	34	34	128	24	23	43	38
C3_MESTOTHEL_SOFTTISSUE	fdr	0.05	139	31	31	39	38	154	34	34	35	51
H7_SEVVISIMPBINOC	fdr	0.05	102	18	33	23	28	114	25	19	34	36
E4_METABOLIA	fdr	0.1	383	116	103	92	72	440	105	111	106	118
L12_DISORDSKINAPPENDIX	fdr	0.1	322	100	96	61	65	339	84	95	82	78
N14_RECURANDPERHEAMATUR	fdr	0.1	183	36	42	52	53	229	44	49	73	63
C3_MESTOTHEL_SOFTTISSUE	fdr	0.1	221	48	52	58	63	262	50	64	67	81
H7_SEVVISIMPBINOC	fdr	0.1	183	34	54	48	47	212	42	53	63	54
N14_RECURANDPERHEAMATUR	fdr	0.2	476	102	126	120	128	540	116	120	164	140
L12_DISORDSKINAPPENDIX	fdr	0.2	663	185	187	150	141	704	179	181	181	163
C3_MESTOTHEL_SOFTTISSUE	fdr	0.2	475	114	113	118	130	533	120	127	143	143
E4_METABOLIA	fdr	0.2	800	230	210	203	157	873	204	247	211	211
H7_SEVVISIMPBINOC	fdr	0.2	421	95	117	105	104	460	95	112	128	125
C3_MGUS_WIDE	nominal	0.05	1231	316	318	296	301	1250	302	313	315	320
H7_SEVVISIMPMONOC	nominal	0.05	1003	255	262	232	254	1091	271	279	276	265
L12_DYSHIDROSIS	nominal	0.05	1083	320	240	266	257	1104	299	265	289	251
E4_METABONAS	nominal	0.05	1117	248	282	290	297	1060	223	251	300	286
N14_RENALCOLNAS	nominal	0.05	1195	314	342	266	273	1111	261	291	274	285
C3_MGUS_WIDE	fdr	0.05	155	45	40	41	29	153	46	36	41	30
L12_DYSHIDROSIS	fdr	0.05	106	27	20	29	30	107	22	25	29	31
E4_METABONAS	fdr	0.05	107	23	25	29	30	111	19	25	36	31
N14_RENALCOLNAS	fdr	0.05	186	64	47	32	43	133	35	23	42	33
H7_SEVVISIMPMONOC	fdr	0.05	71	22	25	12	12	86	24	12	24	26
C3_MGUS_WIDE	fdr	0.1	300	82	82	75	61	299	78	73	76	72
H7_SEVVISIMPMONOC	fdr	0.1	146	38	49	25	34	175	46	35	40	54
L12_DYSHIDROSIS	fdr	0.1	199	57	38	52	52	198	46	48	57	47
E4_METABONAS	fdr	0.1	214	44	42	62	66	219	36	48	72	63
N14_RENALCOLNAS	fdr	0.1	286	89	80	55	62	224	54	45	72	53
C3_MGUS_WIDE	fdr	0.2	597	158	171	148	120	596	141	153	156	146
H7_SEVVISIMPMONOC	fdr	0.2	364	92	118	78	76	404	96	99	100	109
L12_DYSHIDROSIS	fdr	0.2	436	120	107	107	102	457	114	128	120	95
E4_METABONAS	fdr	0.2	467	113	103	115	136	461	89	102	141	129
N14_RENALCOLNAS	fdr	0.2	549	159	149	119	122	492	118	109	140	125
C3_MULT_MYELOMA_WIDE	nominal	0.05	1212	284	281	320	327	1249	314	296	319	320
H7_STENOLACRI	nominal	0.05	1211	294	317	301	299	1280	327	349	302	302
N14_RENALTUB	nominal	0.05	1172	309	345	250	268	1233	288	345	293	307
E4_MG_DEF	nominal	0.05	1135	311	310	269	245	1065	265	260	287	253
L12_ECCRINESWEAT	nominal	0.05	1164	312	308	271	273	1086	269	279	284	254
H7_STENOLACRI	fdr	0.05	156	31	38	46	41	186	57	50	45	34
N14_RENALTUB	fdr	0.05	200	72	63	36	29	181	45	44	46	46
E4_MG_DEF	fdr	0.05	144	53	41	29	21	111	26	27	29	29
L12_ECCRINESWEAT	fdr	0.05	149	59	33	29	28	110	28	30	26	26
C3_MULT_MYELOMA_WIDE	fdr	0.05	158	34	31	54	39	173	39	35	58	41
C3_MULT_MYELOMA_WIDE	fdr	0.1	286	75	50	92	69	304	74	66	89	75
N14_RENALTUB	fdr	0.1	306	95	88	67	56	296	72	77	73	74
H7_STENOLACRI	fdr	0.1	272	57	67	78	70	316	81	96	75	64
E4_MG_DEF	fdr	0.1	241	79	68	54	40	212	53	52	56	51
L12_ECCRINESWEAT	fdr	0.1	251	83	69	52	47	210	47	58	52	53
C3_MULT_MYELOMA_WIDE	fdr	0.2	576	130	125	162	159	623	157	144	168	154
H7_STENOLACRI	fdr	0.2	557	135	139	150	133	605	163	180	140	122
N14_RENALTUB	fdr	0.2	571	156	163	130	122	592	142	175	135	140
E4_MG_DEF	fdr	0.2	497	149	143	111	94	463	127	105	128	103
L12_ECCRINESWEAT	fdr	0.2	494	145	139	113	97	448	109	125	114	100
C3_MYELODYSP_SYNDR_WIDE	nominal	0.05	1144	289	293	271	291	1196	262	304	286	344
H7_STRABMECH	nominal	0.05	1132	251	274	301	306	1128	269	274	296	289
E4_MG_MET	nominal	0.05	1043	273	240	287	243	1146	288	299	290	269
L12_EPIDERMALTHICKOTH	nominal	0.05	1066	250	281	253	282	1161	248	299	298	316
N14_RENALTUBULOINOTH	nominal	0.05	1071	284	276	242	269	1087	249	254	308	276
E4_MG_MET	fdr	0.05	90	16	28	22	24	106	33	20	28	25
L12_EPIDERMALTHICKOTH	fdr	0.05	129	33	39	21	36	126	22	29	31	44
H7_STRABMECH	fdr	0.05	141	20	33	41	47	143	34	31	38	40
N14_RENALTUBULOINOTH	fdr	0.05	103	31	35	16	21	129	35	27	31	36
C3_MYELODYSP_SYNDR_WIDE	fdr	0.05	115	33	33	20	29	151	34	25	37	55
C3_MYELODYSP_SYNDR_WIDE	fdr	0.1	230	61	63	40	66	254	53	52	64	85
E4_MG_MET	fdr	0.1	186	45	54	47	40	213	57	60	53	43
H7_STRABMECH	fdr	0.1	233	40	57	63	73	242	56	55	65	66
L12_EPIDERMALTHICKOTH	fdr	0.1	215	48	67	41	59	218	34	59	60	65
N14_RENALTUBULOINOTH	fdr	0.1	186	53	59	29	45	214	52	48	60	54
C3_MYELODYSP_SYNDR_WIDE	fdr	0.2	506	133	145	101	127	541	116	134	131	160
E4_MG_MET	fdr	0.2	419	109	117	101	92	464	113	125	116	110
H7_STRABMECH	fdr	0.2	469	84	105	138	142	478	119	106	125	128
L12_EPIDERMALTHICKOTH	fdr	0.2	457	108	141	95	113	486	91	130	127	138
N14_RENALTUBULOINOTH	fdr	0.2	424	110	124	86	104	489	119	114	138	118
C3_MYELOMA_MONOCLONAL	nominal	0.05	1222	281	299	323	319	1237	299	325	321	292
N14_RENALTUBULOOTH	nominal	0.05	1088	271	276	278	263	1181	279	289	295	318
H7_STRABNAS	nominal	0.05	1052	283	253	270	246	1136	279	284	310	263
E4_MINERAL_MET	nominal	0.05	925	244	226	234	221	1020	257	274	236	253
L12_EPIDERMTHICKNAS	nominal	0.05	1109	259	260	280	310	1160	266	307	290	297
C3_MYELOMA_MONOCLONAL	fdr	0.05	138	34	33	43	28	166	52	46	37	31
L12_EPIDERMTHICKNAS	fdr	0.05	109	22	30	24	33	109	26	28	26	29
H7_STRABNAS	fdr	0.05	86	24	16	24	22	132	28	29	48	27
N14_RENALTUBULOOTH	fdr	0.05	135	31	34	35	35	146	28	33	41	44
E4_MINERAL_MET	fdr	0.05	62	21	16	12	13	90	29	21	21	19
C3_MYELOMA_MONOCLONAL	fdr	0.1	258	61	55	75	67	284	85	77	62	60
E4_MINERAL_MET	fdr	0.1	131	39	35	26	31	172	45	45	48	34
L12_EPIDERMTHICKNAS	fdr	0.1	225	47	56	51	71	213	48	56	58	51
H7_STRABNAS	fdr	0.1	177	45	39	49	44	242	52	56	87	47
N14_RENALTUBULOOTH	fdr	0.1	237	66	57	61	53	275	57	67	75	76
C3_MYELOMA_MONOCLONAL	fdr	0.2	557	123	130	157	147	610	158	163	159	130
N14_RENALTUBULOOTH	fdr	0.2	479	125	123	120	111	560	115	143	147	155
H7_STRABNAS	fdr	0.2	418	108	97	110	103	504	112	124	162	106
E4_MINERAL_MET	fdr	0.2	346	108	77	75	86	396	109	103	91	93
L12_EPIDERMTHICKNAS	fdr	0.2	470	104	125	97	144	501	108	146	119	128
C3_NASAL_CAVITY_SINUSES_WIDE	nominal	0.05	1084	308	275	248	253	1068	250	272	287	259
E4_MINERAL_METNAS	nominal	0.05	1117	269	254	312	282	1162	303	317	290	252
N14_RENFAIL	nominal	0.05	1309	339	319	348	303	1334	324	353	344	313
L12_ERTYTH_TOXIC	nominal	0.05	998	239	253	248	258	1057	269	254	267	267
H7_STRABOTH	nominal	0.05	1145	297	280	278	290	1280	297	352	328	303
E4_MINERAL_METNAS	fdr	0.05	172	26	24	57	65	152	50	49	27	26
H7_STRABOTH	fdr	0.05	105	28	21	31	25	158	41	36	49	32
C3_NASAL_CAVITY_SINUSES_WIDE	fdr	0.05	103	39	28	15	21	105	34	20	32	19
L12_ERTYTH_TOXIC	fdr	0.05	75	17	16	19	23	111	26	28	34	23
N14_RENFAIL	fdr	0.05	192	61	39	49	43	182	44	34	57	47
E4_MINERAL_METNAS	fdr	0.1	263	46	47	87	83	258	77	76	57	48
H7_STRABOTH	fdr	0.1	207	50	48	52	57	270	58	68	88	56
N14_RENFAIL	fdr	0.1	332	99	70	88	75	316	72	84	94	66
C3_NASAL_CAVITY_SINUSES_WIDE	fdr	0.1	190	60	53	33	44	198	56	48	55	39
L12_ERTYTH_TOXIC	fdr	0.1	155	34	36	39	46	198	47	51	57	43
C3_NASAL_CAVITY_SINUSES_WIDE	fdr	0.2	445	126	116	104	99	458	105	128	132	93
E4_MINERAL_METNAS	fdr	0.2	528	106	114	160	148	558	151	157	132	118
L12_ERTYTH_TOXIC	fdr	0.2	384	95	94	97	98	436	99	113	121	103
H7_STRABOTH	fdr	0.2	474	119	119	118	118	590	127	168	158	137
N14_RENFAIL	fdr	0.2	645	172	152	170	151	692	151	197	177	167
L12_ERYTHEMAMULTIF	nominal	0.05	1139	269	318	257	295	1128	273	276	286	293
N14_RENFAILNAS	nominal	0.05	1059	262	263	294	240	1115	282	292	275	266
H7_VASCCILIARY	nominal	0.05	1100	240	281	298	281	1162	259	274	320	309
C3_NASOPHARYNX_WIDE	nominal	0.05	1094	315	286	259	234	1115	297	269	280	269
E4_NONTOXIC_THYROID	nominal	0.05	1437	401	391	332	313	1452	368	390	342	352
H7_VASCCILIARY	fdr	0.05	137	39	35	28	35	138	25	33	37	43
C3_NASOPHARYNX_WIDE	fdr	0.05	152	53	42	32	25	118	31	27	37	23
N14_RENFAILNAS	fdr	0.05	80	22	17	20	21	103	24	23	25	31
E4_NONTOXIC_THYROID	fdr	0.05	268	102	63	59	44	244	59	53	71	61
L12_ERYTHEMAMULTIF	fdr	0.05	95	29	15	24	27	103	27	29	21	26
H7_VASCCILIARY	fdr	0.1	238	65	63	54	56	245	49	63	66	67
C3_NASOPHARYNX_WIDE	fdr	0.1	235	79	57	49	50	219	55	59	58	47
N14_RENFAILNAS	fdr	0.1	161	38	34	46	43	183	50	40	40	53
E4_NONTOXIC_THYROID	fdr	0.1	439	143	114	96	86	417	96	101	118	102
L12_ERYTHEMAMULTIF	fdr	0.1	191	53	38	41	59	188	42	56	46	44
N14_RENFAILNAS	fdr	0.2	386	91	89	114	92	458	112	126	115	105
H7_VASCCILIARY	fdr	0.2	497	114	144	116	123	543	117	140	142	144
C3_NASOPHARYNX_WIDE	fdr	0.2	474	149	118	112	95	476	128	114	126	108
L12_ERYTHEMAMULTIF	fdr	0.2	471	111	124	113	123	450	96	118	119	117
E4_NONTOXIC_THYROID	fdr	0.2	825	244	232	179	170	849	198	231	219	201
C3_NONHODGKIN_WIDE	nominal	0.05	1180	263	270	326	321	1237	267	262	353	355
N14_SALPHOOPH	nominal	0.05	1231	335	331	266	299	1283	358	358	294	273
L12_ERYTHEMANODOSUM	nominal	0.05	1143	283	300	263	297	1152	267	295	298	292
E4_NUTRI_DEF_NAS	nominal	0.05	1039	263	247	259	270	1071	270	257	280	264
H7_VERTISTRAB	nominal	0.05	1139	262	291	277	309	1137	276	279	285	297
L12_ERYTHEMANODOSUM	fdr	0.05	172	45	40	33	54	200	45	40	62	53
N14_SALPHOOPH	fdr	0.05	174	56	46	34	38	196	66	59	39	32
C3_NONHODGKIN_WIDE	fdr	0.05	146	35	28	39	44	165	32	28	48	57
H7_VERTISTRAB	fdr	0.05	101	19	24	29	29	123	33	37	27	26
E4_NUTRI_DEF_NAS	fdr	0.05	104	21	13	32	38	118	39	23	30	26
L12_ERYTHEMANODOSUM	fdr	0.1	262	60	68	55	79	292	60	62	84	86
N14_SALPHOOPH	fdr	0.1	278	81	69	59	69	313	100	91	68	54
C3_NONHODGKIN_WIDE	fdr	0.1	240	56	44	65	75	284	53	55	85	91
E4_NUTRI_DEF_NAS	fdr	0.1	194	46	30	58	60	202	63	44	56	39
H7_VERTISTRAB	fdr	0.1	200	34	54	56	56	221	52	62	53	54
N14_SALPHOOPH	fdr	0.2	555	159	153	111	132	634	173	172	156	133
C3_NONHODGKIN_WIDE	fdr	0.2	534	117	114	151	152	586	116	128	175	167
L12_ERYTHEMANODOSUM	fdr	0.2	528	118	143	121	146	554	121	135	147	151
H7_VERTISTRAB	fdr	0.2	459	94	111	123	131	500	123	127	121	129
E4_NUTRI_DEF_NAS	fdr	0.2	428	113	91	108	116	457	129	107	120	101
C3_NSCLC_ADENO	nominal	0.05	1194	298	313	289	294	1258	291	312	334	321
L12_ERYTHEMATOUSOTH	nominal	0.05	992	237	260	242	253	1038	262	242	270	264
N14_SMALLKIDNEY	nominal	0.05	1081	286	277	260	258	1086	283	261	294	248
E4_OBESITY	nominal	0.05	1725	474	475	383	393	1764	436	475	429	424
H7_VISDISTNAS	nominal	0.05	1109	300	279	256	274	1127	262	251	305	309
C3_NSCLC_ADENO	fdr	0.05	116	30	29	24	33	152	30	37	46	39
E4_OBESITY	fdr	0.05	375	106	104	82	83	380	100	115	80	85
H7_VISDISTNAS	fdr	0.05	166	55	60	25	26	152	34	21	45	52
N14_SMALLKIDNEY	fdr	0.05	90	23	21	25	21	135	31	30	38	36
L12_ERYTHEMATOUSOTH	fdr	0.05	103	28	26	29	20	87	20	15	29	23
C3_NSCLC_ADENO	fdr	0.1	217	54	60	51	52	284	50	70	95	69
E4_OBESITY	fdr	0.1	612	174	171	134	133	618	152	186	146	134
N14_SMALLKIDNEY	fdr	0.1	176	44	48	43	41	228	55	56	58	59
H7_VISDISTNAS	fdr	0.1	248	83	76	44	45	251	56	46	74	75
L12_ERYTHEMATOUSOTH	fdr	0.1	182	48	46	53	35	161	47	36	39	39
C3_NSCLC_ADENO	fdr	0.2	525	125	147	125	128	597	115	156	170	156
L12_ERYTHEMATOUSOTH	fdr	0.2	362	93	93	95	81	373	103	91	91	88
E4_OBESITY	fdr	0.2	1098	317	304	239	238	1148	291	327	268	262
N14_SMALLKIDNEY	fdr	0.2	423	117	111	98	97	488	121	117	128	122
H7_VISDISTNAS	fdr	0.2	446	132	135	81	98	493	117	112	132	132
H7_VISFIELDDEF	nominal	0.05	1042	260	254	271	257	1119	247	276	307	289
N14_SPERMATOCELE	nominal	0.05	1226	320	300	284	322	1163	321	318	262	262
C3_NSCLC_SQUAM	nominal	0.05	1300	361	382	273	284	1214	310	315	291	298
E4_OBESITYCAL	nominal	0.05	1658	458	460	374	366	1649	414	432	414	389
L12_ERYTHINOTH	nominal	0.05	1166	343	290	264	269	1150	296	308	269	277
C3_NSCLC_SQUAM	fdr	0.05	207	76	71	29	31	169	42	43	39	45
N14_SPERMATOCELE	fdr	0.05	188	32	33	48	75	153	54	46	26	27
H7_VISFIELDDEF	fdr	0.05	106	23	28	29	26	126	23	31	43	29
E4_OBESITYCAL	fdr	0.05	334	103	87	76	68	334	98	95	75	66
L12_ERYTHINOTH	fdr	0.05	138	43	35	32	28	138	44	42	30	22
C3_NSCLC_SQUAM	fdr	0.1	343	109	111	62	61	309	67	83	79	80
N14_SPERMATOCELE	fdr	0.1	316	70	63	80	103	246	75	74	53	44
H7_VISFIELDDEF	fdr	0.1	188	45	47	50	46	241	49	67	73	52
E4_OBESITYCAL	fdr	0.1	570	161	158	129	122	547	140	152	138	117
L12_ERYTHINOTH	fdr	0.1	255	82	61	58	54	249	71	71	54	53
N14_SPERMATOCELE	fdr	0.2	600	145	145	138	172	545	157	141	122	125
C3_NSCLC_SQUAM	fdr	0.2	656	203	206	122	125	620	145	155	157	163
E4_OBESITYCAL	fdr	0.2	1048	295	292	232	229	1046	258	282	262	244
H7_VISFIELDDEF	fdr	0.2	413	101	99	108	105	468	97	116	137	118
L12_ERYTHINOTH	fdr	0.2	534	151	142	125	116	531	142	140	123	126
H7_VISIMPBILATERAL	nominal	0.05	1190	326	327	258	279	1178	285	277	309	307
L12_ERYTHRASMA	nominal	0.05	1163	297	304	272	290	1154	267	313	284	290
C3_OESOPHAGUS_WIDE	nominal	0.05	1214	302	313	310	289	1121	259	322	256	284
E4_OBESITYDRUG	nominal	0.05	1153	277	261	299	316	1126	269	278	281	298
N14_TORSIOTEST	nominal	0.05	1121	241	267	271	342	1094	271	286	263	274
L12_ERYTHRASMA	fdr	0.05	163	50	37	40	36	120	33	37	25	25
C3_OESOPHAGUS_WIDE	fdr	0.05	144	33	31	39	41	133	39	42	21	31
H7_VISIMPBILATERAL	fdr	0.05	163	52	58	20	33	132	26	27	44	35
E4_OBESITYDRUG	fdr	0.05	134	22	21	39	52	110	24	24	30	32
N14_TORSIOTEST	fdr	0.05	148	26	36	39	47	111	21	32	23	35
C3_OESOPHAGUS_WIDE	fdr	0.1	261	62	56	73	70	225	60	66	46	53
L12_ERYTHRASMA	fdr	0.1	249	72	62	51	64	222	50	64	53	55
H7_VISIMPBILATERAL	fdr	0.1	271	77	88	49	57	253	40	63	83	67
E4_OBESITYDRUG	fdr	0.1	225	43	43	58	81	207	47	51	54	55
N14_TORSIOTEST	fdr	0.1	254	45	55	72	82	202	44	54	47	57
L12_ERYTHRASMA	fdr	0.2	523	140	136	119	128	507	122	144	118	123
E4_OBESITYDRUG	fdr	0.2	490	101	115	126	148	497	112	131	123	131
C3_OESOPHAGUS_WIDE	fdr	0.2	526	132	126	134	134	516	120	150	115	131
H7_VISIMPBILATERAL	fdr	0.2	534	138	160	113	123	517	116	119	151	131
N14_TORSIOTEST	fdr	0.2	470	95	101	131	143	453	116	127	98	112
H7_VISUALPATHNAS	nominal	0.05	1152	298	297	289	268	1130	284	273	282	291
C3_ORALCAVITY_WIDE	nominal	0.05	1091	287	318	234	252	1092	263	294	282	253
E4_OBESITYNAS	nominal	0.05	1648	433	468	368	379	1685	381	458	404	442
N14_TUBULOINTNEPHRNAS	nominal	0.05	1101	278	264	282	277	1152	237	314	293	308
L12_ERYTHRO_KELA	nominal	0.05	1121	314	300	264	243	1078	266	276	293	243
E4_OBESITYNAS	fdr	0.05	348	108	104	61	75	350	83	88	90	89
H7_VISUALPATHNAS	fdr	0.05	118	27	27	32	32	119	29	21	36	33
N14_TUBULOINTNEPHRNAS	fdr	0.05	128	25	35	36	32	136	29	43	30	34
C3_ORALCAVITY_WIDE	fdr	0.05	129	50	39	17	23	124	35	25	31	33
L12_ERYTHRO_KELA	fdr	0.05	110	42	28	21	19	99	30	26	24	19
E4_OBESITYNAS	fdr	0.1	535	165	154	104	112	550	118	159	132	141
H7_VISUALPATHNAS	fdr	0.1	228	61	53	66	48	213	52	49	66	46
N14_TUBULOINTNEPHRNAS	fdr	0.1	222	53	62	55	52	228	55	68	56	49
L12_ERYTHRO_KELA	fdr	0.1	210	70	57	42	41	212	53	58	61	40
C3_ORALCAVITY_WIDE	fdr	0.1	229	78	69	37	45	208	56	44	59	49
H7_VISUALPATHNAS	fdr	0.2	481	129	125	131	96	483	122	122	130	109
E4_OBESITYNAS	fdr	0.2	998	279	289	214	216	1057	221	302	254	280
N14_TUBULOINTNEPHRNAS	fdr	0.2	447	118	120	107	102	513	107	151	126	129
C3_ORALCAVITY_WIDE	fdr	0.2	480	140	142	97	101	448	116	110	123	99
L12_ERYTHRO_KELA	fdr	0.2	463	140	135	99	89	458	118	127	115	98
C3_OROPHARYNG_WIDE	nominal	0.05	1094	314	294	254	232	1110	286	278	279	267
E4_OBESITYXTRMALV	nominal	0.05	1177	340	296	285	256	1148	300	251	329	268
H7_VISUDISTURB	nominal	0.05	1135	326	315	243	251	1173	261	311	305	296
L12_ERYTH_ANNULCENTRIFUG	nominal	0.05	1147	284	290	294	279	1177	273	273	338	293
N14_ULCERVAGVUL	nominal	0.05	1116	314	293	262	247	1073	296	308	251	218
C3_OROPHARYNG_WIDE	fdr	0.05	119	42	39	18	20	127	37	24	38	28
E4_OBESITYXTRMALV	fdr	0.05	169	54	47	35	33	132	29	27	39	37
H7_VISUDISTURB	fdr	0.05	184	67	61	32	24	174	36	45	43	50
L12_ERYTH_ANNULCENTRIFUG	fdr	0.05	145	39	38	34	34	158	35	35	45	43
N14_ULCERVAGVUL	fdr	0.05	145	55	40	31	19	122	33	30	32	27
C3_OROPHARYNG_WIDE	fdr	0.1	215	69	68	38	40	227	59	52	62	54
E4_OBESITYXTRMALV	fdr	0.1	288	91	80	60	57	235	57	50	73	55
H7_VISUDISTURB	fdr	0.1	286	93	93	47	53	297	64	84	72	77
N14_ULCERVAGVUL	fdr	0.1	233	75	62	56	40	211	54	54	59	44
L12_ERYTH_ANNULCENTRIFUG	fdr	0.1	249	63	69	53	64	282	66	60	84	72
C3_OROPHARYNG_WIDE	fdr	0.2	454	135	133	83	103	492	126	123	123	120
E4_OBESITYXTRMALV	fdr	0.2	579	168	153	128	130	544	131	130	166	117
H7_VISUDISTURB	fdr	0.2	536	155	175	95	111	579	138	171	138	132
L12_ERYTH_ANNULCENTRIFUG	fdr	0.2	455	111	119	112	113	528	121	118	152	137
N14_ULCERVAGVUL	fdr	0.2	462	135	115	110	102	439	122	119	105	93
C3_OROPHARYNX_WIDE	nominal	0.05	1149	325	318	249	257	1210	288	304	337	281
H7_VISUDISTURBSUB	nominal	0.05	1219	321	337	285	276	1194	272	309	318	295
N14_UNSPECKIDCONTR	nominal	0.05	1175	304	247	310	314	1140	289	272	306	273
E4_ODANDRO	nominal	0.05	1105	251	259	290	305	1132	234	299	290	309
L12_ERYT_INTERTRIG	nominal	0.05	1175	311	315	252	297	1176	294	316	282	284
H7_VISUDISTURBSUB	fdr	0.05	213	68	66	39	40	175	31	42	44	58
N14_UNSPECKIDCONTR	fdr	0.05	179	40	31	46	62	151	39	37	32	43
L12_ERYT_INTERTRIG	fdr	0.05	173	53	43	31	46	137	41	30	34	32
C3_OROPHARYNX_WIDE	fdr	0.05	120	38	46	16	20	169	40	42	48	39
E4_ODANDRO	fdr	0.05	122	27	31	28	36	122	19	34	28	41
H7_VISUDISTURBSUB	fdr	0.1	295	96	84	57	58	276	52	70	75	79
N14_UNSPECKIDCONTR	fdr	0.1	278	59	53	75	91	243	55	63	62	63
L12_ERYT_INTERTRIG	fdr	0.1	270	78	71	54	67	240	68	60	60	52
C3_OROPHARYNX_WIDE	fdr	0.1	213	62	77	27	47	284	68	72	79	65
E4_ODANDRO	fdr	0.1	220	52	59	52	57	220	36	57	65	62
H7_VISUDISTURBSUB	fdr	0.2	584	167	173	122	122	581	120	159	153	149
N14_UNSPECKIDCONTR	fdr	0.2	542	140	108	144	150	518	130	125	139	124
L12_ERYT_INTERTRIG	fdr	0.2	537	143	148	117	129	507	134	134	122	117
C3_OROPHARYNX_WIDE	fdr	0.2	472	131	150	72	119	569	126	145	170	128
E4_ODANDRO	fdr	0.2	481	107	112	135	127	492	95	122	148	127
E4_OVARDYS	nominal	0.05	1174	296	267	316	295	1166	295	287	288	296
L12_EXFOLIATIVE	nominal	0.05	1080	278	232	273	297	1123	273	273	293	284
N14_URETHRALSTRICT	nominal	0.05	1123	275	286	306	256	1128	284	293	304	247
H7_VITRBODYGLOBE	nominal	0.05	1368	340	332	317	379	1374	309	318	392	355
C3_OSTEOSARCOMA_WIDE	nominal	0.05	1156	265	289	301	301	1101	269	290	277	265
L12_EXFOLIATIVE	fdr	0.05	116	36	24	26	30	151	46	40	32	33
E4_OVARDYS	fdr	0.05	129	36	30	25	38	148	37	36	36	39
H7_VITRBODYGLOBE	fdr	0.05	220	48	36	58	78	235	53	39	72	71
N14_URETHRALSTRICT	fdr	0.05	118	21	28	40	29	128	27	32	40	29
C3_OSTEOSARCOMA_WIDE	fdr	0.05	143	27	24	44	48	97	21	22	23	31
L12_EXFOLIATIVE	fdr	0.1	211	60	47	51	53	247	68	65	61	53
E4_OVARDYS	fdr	0.1	232	61	55	48	68	262	63	70	66	63
H7_VITRBODYGLOBE	fdr	0.1	359	78	83	91	107	386	88	77	116	105
N14_URETHRALSTRICT	fdr	0.1	202	39	51	63	49	209	45	56	57	51
C3_OSTEOSARCOMA_WIDE	fdr	0.1	243	52	45	68	78	189	46	45	50	48
L12_EXFOLIATIVE	fdr	0.2	458	117	104	105	132	529	137	142	120	130
H7_VITRBODYGLOBE	fdr	0.2	723	159	186	170	208	768	170	186	220	192
E4_OVARDYS	fdr	0.2	502	130	112	129	131	565	140	143	137	145
N14_URETHRALSTRICT	fdr	0.2	446	108	113	123	102	475	109	123	133	110
C3_OSTEOSARCOMA_WIDE	fdr	0.2	501	118	111	139	133	466	105	127	114	120
C3_OTHER_SKIN_WIDE	nominal	0.05	1575	412	388	406	369	1591	360	389	414	428
E4_OVARDYSNAS	nominal	0.05	1020	255	276	248	241	1145	270	269	289	317
L12_FACTITIALDERMAT	nominal	0.05	1083	298	306	231	248	1081	282	337	237	225
N14_URETHRAOTH	nominal	0.05	1378	400	368	320	290	1403	398	413	296	296
H7_VITRCRYSTAL	nominal	0.05	1206	287	269	323	327	1192	276	311	297	308
C3_OTHER_SKIN_WIDE	fdr	0.05	270	79	70	63	58	298	55	67	84	92
E4_OVARDYSNAS	fdr	0.05	119	29	38	29	23	151	37	33	34	47
N14_URETHRAOTH	fdr	0.05	207	53	66	42	46	180	61	58	38	23
L12_FACTITIALDERMAT	fdr	0.05	129	45	38	24	22	137	43	48	25	21
H7_VITRCRYSTAL	fdr	0.05	163	45	30	47	41	157	51	35	35	36
L12_FACTITIALDERMAT	fdr	0.1	228	68	68	50	42	225	68	72	45	40
N14_URETHRAOTH	fdr	0.1	361	110	96	79	76	342	109	99	72	62
E4_OVARDYSNAS	fdr	0.1	195	50	63	44	38	237	52	62	61	62
H7_VITRCRYSTAL	fdr	0.1	272	70	50	75	77	271	72	71	59	69
C3_OTHER_SKIN_WIDE	fdr	0.1	491	142	125	120	104	515	109	123	139	144
C3_OTHER_SKIN_WIDE	fdr	0.2	924	241	232	232	219	984	207	235	263	279
E4_OVARDYSNAS	fdr	0.2	396	95	113	94	94	446	102	113	109	122
L12_FACTITIALDERMAT	fdr	0.2	486	137	136	107	106	482	139	152	100	91
N14_URETHRAOTH	fdr	0.2	726	213	196	170	147	762	213	226	164	159
H7_VITRCRYSTAL	fdr	0.2	528	131	110	142	145	561	133	141	138	149
C3_OVARY_ENDOMETROID	nominal	0.05	1061	277	263	267	254	1079	280	286	258	255
H7_VITROPACIT	nominal	0.05	1068	254	288	241	285	1145	244	284	308	309
N14_URETHRITISANDURSYNDR	nominal	0.05	994	237	272	237	248	1040	259	295	247	239
E4_OVARFAIL	nominal	0.05	1106	283	300	252	271	1096	244	285	287	280
L12_FEBRILENEUTROPHIL	nominal	0.05	1182	311	316	257	298	1211	284	317	287	323
N14_URETHRITISANDURSYNDR	fdr	0.05	95	29	25	18	23	99	27	23	21	28
C3_OVARY_ENDOMETROID	fdr	0.05	91	28	21	23	19	96	25	18	21	32
E4_OVARFAIL	fdr	0.05	130	43	41	26	20	109	31	17	29	32
H7_VITROPACIT	fdr	0.05	103	20	33	18	32	141	21	39	37	44
L12_FEBRILENEUTROPHIL	fdr	0.05	120	35	35	21	29	143	34	37	38	34
N14_URETHRITISANDURSYNDR	fdr	0.1	175	53	38	38	46	178	47	38	48	45
C3_OVARY_ENDOMETROID	fdr	0.1	162	49	43	39	31	170	43	41	38	48
E4_OVARFAIL	fdr	0.1	217	67	61	48	41	203	51	44	50	58
H7_VITROPACIT	fdr	0.1	178	40	53	34	51	248	47	64	65	72
L12_FEBRILENEUTROPHIL	fdr	0.1	226	73	69	39	45	251	59	68	63	61
C3_OVARY_ENDOMETROID	fdr	0.2	385	101	98	98	88	416	106	109	101	100
H7_VITROPACIT	fdr	0.2	410	90	122	85	113	516	110	133	147	126
N14_URETHRITISANDURSYNDR	fdr	0.2	379	94	98	84	103	410	104	106	106	94
E4_OVARFAIL	fdr	0.2	444	123	119	110	92	425	100	92	117	116
L12_FEBRILENEUTROPHIL	fdr	0.2	470	127	136	97	110	527	118	138	134	137
C3_OVARY_ENDOMETROID_WIDE	nominal	0.05	980	248	228	273	231	1010	269	248	253	240
N14_URINOTH	nominal	0.05	1341	376	346	307	312	1396	434	382	324	256
L12_FOLICULAROTH	nominal	0.05	1247	326	368	268	285	1224	296	311	309	308
E4_PANCSECNAS	nominal	0.05	1137	321	297	270	249	1151	305	321	254	271
H7_VITROTH	nominal	0.05	1335	307	339	309	380	1329	295	306	375	353
H7_VITROTH	fdr	0.05	192	39	32	50	71	224	53	40	62	69
C3_OVARY_ENDOMETROID_WIDE	fdr	0.05	86	22	26	18	20	95	22	22	20	31
E4_PANCSECNAS	fdr	0.05	90	22	26	20	22	117	28	32	22	35
N14_URINOTH	fdr	0.05	165	44	37	47	37	176	64	53	34	25
L12_FOLICULAROTH	fdr	0.05	172	55	54	33	30	158	36	36	46	40
C3_OVARY_ENDOMETROID_WIDE	fdr	0.1	156	39	37	45	35	166	34	40	47	45
H7_VITROTH	fdr	0.1	336	70	71	86	109	370	88	68	112	102
N14_URINOTH	fdr	0.1	335	99	84	78	74	333	102	103	75	53
E4_PANCSECNAS	fdr	0.1	184	51	47	41	45	217	54	60	41	62
L12_FOLICULAROTH	fdr	0.1	290	91	81	66	52	275	68	65	79	63
C3_OVARY_ENDOMETROID_WIDE	fdr	0.2	369	99	82	105	83	388	85	93	107	103
N14_URINOTH	fdr	0.2	670	191	171	155	153	771	238	222	180	131
E4_PANCSECNAS	fdr	0.2	436	116	116	113	91	468	115	134	100	119
L12_FOLICULAROTH	fdr	0.2	617	173	185	130	129	587	135	161	150	141
H7_VITROTH	fdr	0.2	702	145	180	170	207	747	166	175	214	192
H7_VITRPROLAPSE	nominal	0.05	1155	269	233	334	319	1186	327	299	300	260
E4_PANHYPOPITUITARISM	nominal	0.05	1009	233	219	279	278	1062	259	253	297	253
N14_UTER_POLYP	nominal	0.05	1106	251	269	303	283	1180	279	309	296	296
L12_FOLLICULARCYST	nominal	0.05	1155	284	328	274	269	1306	277	327	348	354
C3_OVARY_GRANULOSA	nominal	0.05	1020	250	247	263	260	1095	274	288	267	266
N14_UTER_POLYP	fdr	0.05	134	31	26	36	41	162	47	30	45	40
L12_FOLLICULARCYST	fdr	0.05	138	38	45	26	29	199	43	43	58	55
C3_OVARY_GRANULOSA	fdr	0.05	64	15	9	20	20	78	24	17	19	18
E4_PANHYPOPITUITARISM	fdr	0.05	109	17	20	37	35	119	40	28	28	23
H7_VITRPROLAPSE	fdr	0.05	144	27	22	44	51	126	37	28	28	33
N14_UTER_POLYP	fdr	0.1	248	55	57	70	66	301	74	78	81	68
L12_FOLLICULARCYST	fdr	0.1	259	66	79	58	56	359	70	88	105	96
H7_VITRPROLAPSE	fdr	0.1	221	43	36	72	70	220	60	52	57	51
C3_OVARY_GRANULOSA	fdr	0.1	140	28	30	38	44	162	41	37	49	35
E4_PANHYPOPITUITARISM	fdr	0.1	189	37	41	53	58	210	57	54	56	43
H7_VITRPROLAPSE	fdr	0.2	501	105	98	152	146	516	148	128	130	110
N14_UTER_POLYP	fdr	0.2	498	119	117	131	131	587	138	166	140	143
L12_FOLLICULARCYST	fdr	0.2	543	136	154	125	128	669	137	163	197	172
E4_PANHYPOPITUITARISM	fdr	0.2	397	94	75	117	111	436	107	104	123	102
C3_OVARY_GRANULOSA	fdr	0.2	365	91	93	92	89	410	106	107	111	86
L12_FOLLICULARNAS	nominal	0.05	1176	288	321	281	286	1055	232	245	287	291
N14_VAGINAL_DYSPLASIA_ALL	nominal	0.05	1018	257	262	256	243	1015	217	260	268	270
E4_PARANAS	nominal	0.05	1128	253	238	313	324	1195	279	299	305	312
H7_XANTHELASMA	nominal	0.05	1022	285	262	241	234	1105	265	260	308	272
C3_OVARY_MUCINO	nominal	0.05	1073	290	268	267	248	1147	298	287	290	272
H7_XANTHELASMA	fdr	0.05	80	29	16	22	13	113	26	27	37	23
N14_VAGINAL_DYSPLASIA_ALL	fdr	0.05	71	19	17	20	15	79	15	13	25	26
E4_PARANAS	fdr	0.05	124	27	28	40	29	137	36	30	41	30
L12_FOLLICULARNAS	fdr	0.05	123	34	40	21	28	92	8	22	32	30
C3_OVARY_MUCINO	fdr	0.05	93	31	24	17	21	129	43	22	32	32
H7_XANTHELASMA	fdr	0.1	148	53	31	38	26	204	46	50	71	37
N14_VAGINAL_DYSPLASIA_ALL	fdr	0.1	139	31	31	43	34	151	26	31	43	51
E4_PARANAS	fdr	0.1	207	45	41	64	57	246	61	56	70	59
C3_OVARY_MUCINO	fdr	0.1	190	60	47	36	47	224	62	45	61	56
L12_FOLLICULARNAS	fdr	0.1	219	58	61	51	49	177	28	39	61	49
N14_VAGINAL_DYSPLASIA_ALL	fdr	0.2	367	83	100	96	88	354	74	90	92	98
H7_XANTHELASMA	fdr	0.2	377	109	104	92	72	444	108	107	134	95
L12_FOLLICULARNAS	fdr	0.2	479	124	130	111	114	438	86	105	130	117
E4_PARANAS	fdr	0.2	485	102	91	153	139	546	124	132	145	145
C3_OVARY_MUCINO	fdr	0.2	412	114	101	102	95	494	125	128	134	107
L12_FOLLICULITDECALV	nominal	0.05	1119	252	290	274	303	1189	309	326	280	274
H8_ABNAUDPER	nominal	0.05	1033	248	262	256	267	1010	222	260	258	270
E4_PARATHYRO	nominal	0.05	1197	259	323	321	294	1237	292	294	329	322
N14_VAGINAL_HSIL	nominal	0.05	1007	226	255	257	269	983	210	252	262	259
C3_OVARY_MUCINO_WIDE	nominal	0.05	1067	297	271	262	237	1168	281	300	295	292
E4_PARATHYRO	fdr	0.05	111	21	23	36	31	150	30	39	40	41
H8_ABNAUDPER	fdr	0.05	92	24	32	21	15	90	27	21	19	23
C3_OVARY_MUCINO_WIDE	fdr	0.05	99	35	30	15	19	165	48	35	41	41
L12_FOLLICULITDECALV	fdr	0.05	139	27	38	35	39	162	48	48	28	38
N14_VAGINAL_HSIL	fdr	0.05	94	19	12	33	30	109	26	34	22	27
L12_FOLLICULITDECALV	fdr	0.1	258	48	74	65	71	270	73	77	56	64
E4_PARATHYRO	fdr	0.1	223	48	54	64	57	247	54	58	74	61
H8_ABNAUDPER	fdr	0.1	168	46	51	42	29	178	47	49	39	43
C3_OVARY_MUCINO_WIDE	fdr	0.1	198	63	53	38	44	275	69	72	68	66
N14_VAGINAL_HSIL	fdr	0.1	155	29	26	50	50	178	38	49	46	45
L12_FOLLICULITDECALV	fdr	0.2	498	101	130	127	140	562	149	157	125	131
C3_OVARY_MUCINO_WIDE	fdr	0.2	430	132	115	90	93	532	130	146	140	116
E4_PARATHYRO	fdr	0.2	514	110	131	150	123	560	138	126	153	143
H8_ABNAUDPER	fdr	0.2	405	110	105	102	88	399	96	98	101	104
N14_VAGINAL_HSIL	fdr	0.2	369	69	78	111	111	383	81	102	102	98
E4_PCOS	nominal	0.05	1238	319	265	330	324	1260	322	319	295	324
C3_OVARY_SEROUS	nominal	0.05	1063	273	260	264	266	1067	218	239	305	305
H8_ACOUSNERVDIS	nominal	0.05	1272	279	348	306	339	1197	279	306	313	299
N14_VAGINAL_LSIL	nominal	0.05	1098	291	296	272	239	1040	264	274	253	249
L12_FOODDERMAT	nominal	0.05	1121	288	271	275	287	1193	281	319	293	300
H8_ACOUSNERVDIS	fdr	0.05	219	36	51	60	72	159	35	35	47	42
N14_VAGINAL_LSIL	fdr	0.05	111	32	31	29	19	111	24	25	28	34
C3_OVARY_SEROUS	fdr	0.05	158	45	40	39	34	143	29	20	35	59
L12_FOODDERMAT	fdr	0.05	108	22	22	32	32	138	32	33	40	33
E4_PCOS	fdr	0.05	131	34	21	29	47	167	43	49	35	40
C3_OVARY_SEROUS	fdr	0.1	245	68	57	60	60	228	44	37	68	79
H8_ACOUSNERVDIS	fdr	0.1	331	58	87	80	106	266	50	71	79	66
N14_VAGINAL_LSIL	fdr	0.1	213	60	61	48	44	188	46	43	50	49
E4_PCOS	fdr	0.1	262	68	48	65	81	306	75	87	74	70
L12_FOODDERMAT	fdr	0.1	201	43	40	59	59	246	50	60	76	60
C3_OVARY_SEROUS	fdr	0.2	482	126	112	122	122	460	96	86	142	136
E4_PCOS	fdr	0.2	594	151	120	153	170	673	166	183	156	168
H8_ACOUSNERVDIS	fdr	0.2	622	119	176	148	179	571	116	151	164	140
N14_VAGINAL_LSIL	fdr	0.2	465	131	142	110	82	452	106	115	116	115
L12_FOODDERMAT	fdr	0.2	491	119	109	124	139	545	112	153	144	136
L12_FOREIGNBODYGRANULOMA	nominal	0.05	1148	283	320	273	272	1167	290	313	288	276
C3_OVARY_SEROUS_WIDE	nominal	0.05	1042	244	262	287	249	1031	224	246	284	277
E4_PCOS_BROAD	nominal	0.05	1203	284	273	320	326	1235	328	352	268	287
N14_VAGINITIS	nominal	0.05	1135	306	312	262	255	1118	277	313	259	269
H8_BPV	nominal	0.05	1227	326	340	270	291	1278	288	339	310	341
E4_PCOS_BROAD	fdr	0.05	144	39	25	29	51	166	54	57	25	30
H8_BPV	fdr	0.05	162	44	42	30	46	167	37	36	48	46
C3_OVARY_SEROUS_WIDE	fdr	0.05	102	17	26	28	31	103	20	25	34	24
N14_VAGINITIS	fdr	0.05	159	47	47	30	35	114	27	36	21	30
L12_FOREIGNBODYGRANULOMA	fdr	0.05	131	43	51	15	22	135	29	42	31	33
L12_FOREIGNBODYGRANULOMA	fdr	0.1	237	73	76	41	47	237	56	76	56	49
E4_PCOS_BROAD	fdr	0.1	260	63	51	58	88	281	82	96	52	51
H8_BPV	fdr	0.1	279	79	78	56	66	305	62	69	83	91
C3_OVARY_SEROUS_WIDE	fdr	0.1	197	46	42	49	60	186	27	49	63	47
N14_VAGINITIS	fdr	0.1	255	79	72	51	53	205	51	60	46	48
L12_FOREIGNBODYGRANULOMA	fdr	0.2	477	127	149	103	98	519	119	143	143	114
C3_OVARY_SEROUS_WIDE	fdr	0.2	451	98	116	113	124	455	88	107	136	124
E4_PCOS_BROAD	fdr	0.2	567	129	132	147	159	617	163	192	129	133
H8_BPV	fdr	0.2	611	161	170	136	144	633	135	158	177	163
N14_VAGINITIS	fdr	0.2	500	145	140	103	112	471	116	131	109	115
E4_PCOS_CONCORTIUM	nominal	0.05	1274	337	355	291	291	1319	347	375	308	289
N14_VULVAL_DYSPLASIA_ALL	nominal	0.05	1158	296	327	268	267	1166	290	303	277	296
C3_OVARY_WIDE	nominal	0.05	1086	235	275	297	279	1081	232	274	306	269
H8_CERUMEN	nominal	0.05	1059	271	286	241	261	1096	247	285	307	257
L12_GRANUANNU	nominal	0.05	1114	294	287	267	266	1110	268	290	272	280
H8_CERUMEN	fdr	0.05	83	23	27	16	17	102	17	37	25	23
L12_GRANUANNU	fdr	0.05	129	49	39	20	21	116	36	28	20	32
E4_PCOS_CONCORTIUM	fdr	0.05	237	76	72	39	50	222	60	55	58	49
N14_VULVAL_DYSPLASIA_ALL	fdr	0.05	176	60	43	32	41	164	39	40	37	48
C3_OVARY_WIDE	fdr	0.05	104	27	23	28	26	118	37	21	32	28
N14_VULVAL_DYSPLASIA_ALL	fdr	0.1	278	86	72	63	57	272	74	69	58	71
L12_GRANUANNU	fdr	0.1	228	72	68	39	49	218	60	62	42	54
H8_CERUMEN	fdr	0.1	160	47	51	31	31	201	35	66	59	41
E4_PCOS_CONCORTIUM	fdr	0.1	350	99	110	67	74	369	91	110	89	79
C3_OVARY_WIDE	fdr	0.1	199	48	45	58	48	228	49	51	66	62
N14_VULVAL_DYSPLASIA_ALL	fdr	0.2	515	144	142	115	114	527	133	147	112	135
L12_GRANUANNU	fdr	0.2	453	141	123	92	97	458	121	126	102	109
H8_CERUMEN	fdr	0.2	389	96	119	80	94	460	101	135	124	100
E4_PCOS_CONCORTIUM	fdr	0.2	677	177	208	135	157	724	175	212	170	167
C3_OVARY_WIDE	fdr	0.2	455	100	120	125	110	490	104	119	137	130
L12_GRANULOMASKINNAS	nominal	0.05	1201	304	315	295	287	1167	280	295	306	286
C3_PALATE_WIDE	nominal	0.05	1123	302	278	270	273	1141	290	278	319	254
N14_VULVAL_DYSPLASIA_NOS	nominal	0.05	1150	294	283	295	278	1137	231	245	343	318
E4_PHOS_MET	nominal	0.05	990	236	235	265	254	1071	279	293	259	240
H8_CHOLEASTOMA	nominal	0.05	1218	307	304	305	302	1238	315	315	308	300
L12_GRANULOMASKINNAS	fdr	0.05	142	49	44	24	25	160	39	38	46	37
N14_VULVAL_DYSPLASIA_NOS	fdr	0.05	126	35	32	26	33	131	25	17	48	41
E4_PHOS_MET	fdr	0.05	96	32	11	29	24	110	40	26	21	23
C3_PALATE_WIDE	fdr	0.05	100	39	24	19	18	122	30	23	41	28
H8_CHOLEASTOMA	fdr	0.05	163	36	32	50	45	178	52	31	51	44
L12_GRANULOMASKINNAS	fdr	0.1	265	81	76	51	57	270	64	69	75	62
N14_VULVAL_DYSPLASIA_NOS	fdr	0.1	228	66	54	48	60	249	43	48	82	76
E4_PHOS_MET	fdr	0.1	176	49	25	55	47	208	70	52	46	40
C3_PALATE_WIDE	fdr	0.1	182	66	46	34	36	207	53	43	65	46
H8_CHOLEASTOMA	fdr	0.1	270	63	55	82	70	303	79	66	88	70
C3_PALATE_WIDE	fdr	0.2	438	130	121	89	98	501	122	120	148	111
L12_GRANULOMASKINNAS	fdr	0.2	548	150	151	127	120	553	130	143	153	127
N14_VULVAL_DYSPLASIA_NOS	fdr	0.2	447	121	106	101	119	491	91	101	157	142
E4_PHOS_MET	fdr	0.2	388	109	76	95	108	441	123	108	117	93
H8_CHOLEASTOMA	fdr	0.2	539	140	113	158	128	595	145	152	156	142
C3_PANCREAS_ADENO	nominal	0.05	1119	251	271	295	302	1045	254	293	255	243
E4_PITUDISNAS	nominal	0.05	1085	267	259	261	298	1097	290	299	251	257
L12_GRANULOMATOUSSKIN	nominal	0.05	1197	304	330	267	296	1150	268	307	285	290
H8_CHRON_SUPOTITIS	nominal	0.05	1152	293	284	299	276	1138	275	304	286	273
N14_VULVAL_HSIL	nominal	0.05	1183	320	311	272	280	1233	279	320	313	321
C3_PANCREAS_ADENO	fdr	0.05	133	23	22	43	45	124	32	34	27	31
H8_CHRON_SUPOTITIS	fdr	0.05	149	42	21	40	46	134	39	31	35	29
L12_GRANULOMATOUSSKIN	fdr	0.05	139	43	51	16	29	135	35	36	24	40
N14_VULVAL_HSIL	fdr	0.05	155	58	38	30	29	158	36	47	41	34
E4_PITUDISNAS	fdr	0.05	118	22	21	35	40	132	34	40	32	26
C3_PANCREAS_ADENO	fdr	0.1	233	45	46	65	77	213	54	57	49	53
H8_CHRON_SUPOTITIS	fdr	0.1	260	72	44	74	70	242	66	56	73	47
L12_GRANULOMATOUSSKIN	fdr	0.1	246	74	85	36	51	239	63	70	46	60
N14_VULVAL_HSIL	fdr	0.1	251	92	60	54	45	249	54	67	74	54
E4_PITUDISNAS	fdr	0.1	215	43	46	57	69	232	57	71	53	51
C3_PANCREAS_ADENO	fdr	0.2	486	102	111	131	142	454	112	127	105	110
E4_PITUDISNAS	fdr	0.2	471	105	107	118	141	467	135	130	111	91
L12_GRANULOMATOUSSKIN	fdr	0.2	497	138	151	96	112	508	119	149	110	130
H8_CHRON_SUPOTITIS	fdr	0.2	532	138	112	142	140	512	130	124	148	110
N14_VULVAL_HSIL	fdr	0.2	520	154	123	117	126	547	121	144	157	125
C3_PANCREAS_ADENO_DUCTAL	nominal	0.05	1161	260	275	300	326	1156	279	320	277	280
E4_PITUITARY_DEPENDENT_CUSHINGS_DISEASE	nominal	0.05	1062	254	278	255	275	1112	251	285	293	283
H8_DEGVASCEAR	nominal	0.05	1098	279	278	280	261	1130	279	285	278	288
N14_VULVAL_LSIL	nominal	0.05	1108	266	304	265	273	1149	270	314	280	285
L12_GROVER	nominal	0.05	1147	289	282	266	310	1124	272	279	278	295
N14_VULVAL_LSIL	fdr	0.05	122	27	27	32	36	160	34	38	39	49
C3_PANCREAS_ADENO_DUCTAL	fdr	0.05	153	32	24	43	54	161	40	48	30	43
E4_PITUITARY_DEPENDENT_CUSHINGS_DISEASE	fdr	0.05	142	35	42	31	34	143	26	30	41	46
L12_GROVER	fdr	0.05	104	32	23	21	28	133	23	28	37	45
H8_DEGVASCEAR	fdr	0.05	100	32	22	22	24	108	31	33	22	22
H8_DEGVASCEAR	fdr	0.1	190	49	43	46	52	210	50	56	56	48
N14_VULVAL_LSIL	fdr	0.1	220	50	55	60	55	276	65	75	64	72
C3_PANCREAS_ADENO_DUCTAL	fdr	0.1	257	50	46	71	90	279	63	73	69	74
E4_PITUITARY_DEPENDENT_CUSHINGS_DISEASE	fdr	0.1	234	54	69	52	59	243	48	61	69	65
L12_GROVER	fdr	0.1	214	58	47	49	60	249	48	52	74	75
C3_PANCREAS_ADENO_DUCTAL	fdr	0.2	533	116	111	141	165	565	131	152	136	146
E4_PITUITARY_DEPENDENT_CUSHINGS_DISEASE	fdr	0.2	434	103	123	98	110	477	101	126	128	122
H8_DEGVASCEAR	fdr	0.2	452	121	102	120	109	494	121	118	126	129
N14_VULVAL_LSIL	fdr	0.2	467	109	127	123	108	555	137	150	131	137
L12_GROVER	fdr	0.2	497	135	117	112	133	510	105	123	137	145
N14_VULVOVAGINFINOTH	nominal	0.05	1154	279	299	293	283	1091	287	282	269	253
H8_DISCON	nominal	0.05	1115	302	259	274	280	1142	300	319	247	276
E4_PLASMAPROT	nominal	0.05	1046	243	262	273	268	1167	254	282	323	308
C3_PANCREAS_DUCTAL	nominal	0.05	1111	257	270	275	309	1152	261	318	277	296
L12_HAIRCOLOUR	nominal	0.05	1112	283	267	276	286	1099	273	301	282	243
N14_VULVOVAGINFINOTH	fdr	0.05	130	27	37	31	35	128	33	30	32	33
H8_DISCON	fdr	0.05	126	44	34	21	27	137	36	40	39	22
C3_PANCREAS_DUCTAL	fdr	0.05	126	26	26	39	35	133	35	34	30	34
L12_HAIRCOLOUR	fdr	0.05	106	29	19	25	33	99	27	24	23	25
E4_PLASMAPROT	fdr	0.05	79	17	26	21	15	101	17	27	27	30
N14_VULVOVAGINFINOTH	fdr	0.1	219	50	60	51	58	194	49	47	48	50
H8_DISCON	fdr	0.1	240	82	61	46	51	232	62	70	60	40
C3_PANCREAS_DUCTAL	fdr	0.1	207	40	44	63	60	226	56	57	54	59
L12_HAIRCOLOUR	fdr	0.1	196	55	36	48	57	190	43	52	52	43
E4_PLASMAPROT	fdr	0.1	156	30	39	46	41	173	34	44	48	47
N14_VULVOVAGINFINOTH	fdr	0.2	463	102	115	122	124	437	114	108	104	111
C3_PANCREAS_DUCTAL	fdr	0.2	464	100	113	116	135	514	126	145	117	126
H8_DISCON	fdr	0.2	480	132	125	108	115	495	116	146	125	108
L12_HAIRCOLOUR	fdr	0.2	444	111	97	117	119	476	109	132	128	107
E4_PLASMAPROT	fdr	0.2	362	74	87	102	99	448	96	102	131	119
C3_PANCREAS_NEUROENDOCRINE	nominal	0.05	1077	293	314	229	241	1197	308	336	283	270
E4_PORBILIR	nominal	0.05	1125	270	250	308	297	1210	284	298	316	312
NAFLD	nominal	0.05	1247	334	314	312	287	1275	308	355	302	310
H8_EARNAS	nominal	0.05	1225	270	288	312	355	1154	270	330	283	271
L12_HAIRLOSSNONSCAR	nominal	0.05	1020	300	285	215	220	1080	278	247	296	259
E4_PORBILIR	fdr	0.05	143	40	25	37	41	156	40	42	37	37
NAFLD	fdr	0.05	200	55	53	50	42	204	47	55	39	63
C3_PANCREAS_NEUROENDOCRINE	fdr	0.05	121	40	41	22	18	138	41	38	32	27
H8_EARNAS	fdr	0.05	201	42	46	47	66	153	48	44	29	32
L12_HAIRLOSSNONSCAR	fdr	0.05	77	27	24	13	13	88	22	14	30	22
C3_PANCREAS_NEUROENDOCRINE	fdr	0.1	215	65	65	49	36	236	59	70	59	48
E4_PORBILIR	fdr	0.1	244	63	44	68	69	278	60	75	72	71
NAFLD	fdr	0.1	312	83	84	78	67	329	74	87	84	84
L12_HAIRLOSSNONSCAR	fdr	0.1	165	61	52	27	25	181	46	47	50	38
H8_EARNAS	fdr	0.1	302	64	70	73	95	254	71	73	54	56
C3_PANCREAS_NEUROENDOCRINE	fdr	0.2	424	131	123	95	75	501	129	151	120	101
E4_PORBILIR	fdr	0.2	506	117	101	150	138	563	120	150	147	146
H8_EARNAS	fdr	0.2	559	117	138	138	166	533	128	163	130	112
NAFLD	fdr	0.2	612	162	157	154	139	661	151	187	161	162
L12_HAIRLOSSNONSCAR	fdr	0.2	378	117	110	79	72	412	95	100	112	105
L12_HAIRLOSSSCAR	nominal	0.05	1167	292	327	269	279	1088	272	294	263	259
C3_PANCREAS_WIDE	nominal	0.05	1246	288	313	310	335	1221	287	297	308	329
H8_EUSTNAS	nominal	0.05	1076	254	277	256	289	1030	256	260	270	244
NASH	nominal	0.05	1012	283	256	221	252	1098	270	303	240	285
E4_PORBILIRNAS	nominal	0.05	1081	269	276	257	279	1107	277	281	265	284
L12_HAIRLOSSSCAR	fdr	0.05	153	41	36	37	39	154	43	48	32	31
C3_PANCREAS_WIDE	fdr	0.05	156	34	28	42	52	164	42	33	43	46
H8_EUSTNAS	fdr	0.05	122	23	35	28	36	105	26	25	28	26
NASH	fdr	0.05	74	27	17	11	19	88	32	22	19	15
E4_PORBILIRNAS	fdr	0.05	89	19	18	22	30	107	28	23	37	19
L12_HAIRLOSSSCAR	fdr	0.1	253	65	65	59	64	250	55	76	60	59
C3_PANCREAS_WIDE	fdr	0.1	284	62	57	74	91	275	66	58	72	79
H8_EUSTNAS	fdr	0.1	212	37	60	56	59	177	41	47	49	40
NASH	fdr	0.1	155	50	38	32	35	179	56	43	46	34
E4_PORBILIRNAS	fdr	0.1	181	42	43	45	51	210	54	48	60	48
L12_HAIRLOSSSCAR	fdr	0.2	523	130	143	118	132	492	110	148	110	124
C3_PANCREAS_WIDE	fdr	0.2	593	130	142	149	172	587	135	143	149	160
NASH	fdr	0.2	394	105	110	93	86	463	115	119	110	119
H8_EUSTNAS	fdr	0.2	467	95	119	118	135	438	109	123	102	104
E4_PORBILIRNAS	fdr	0.2	444	102	123	94	125	492	120	128	123	121
E4_PORPHYNAS	nominal	0.05	1065	268	288	249	260	1137	293	306	289	249
H8_EUSTSALP	nominal	0.05	1189	293	306	305	285	1148	304	312	263	269
C3_PAROTIDGLAND_WIDE	nominal	0.05	1055	271	257	245	282	1022	240	274	246	262
L12_HAIRLOSS_NONSCARNAS	nominal	0.05	1073	289	287	246	251	1118	286	290	289	253
NECROVASC_FG	nominal	0.05	1121	256	267	275	323	1145	259	277	301	308
E4_PORPHYNAS	fdr	0.05	128	37	37	19	35	146	47	30	37	32
H8_EUSTSALP	fdr	0.05	134	39	38	23	34	154	41	33	34	46
NECROVASC_FG	fdr	0.05	147	30	39	33	45	173	37	34	47	55
C3_PAROTIDGLAND_WIDE	fdr	0.05	105	30	25	22	28	109	31	24	29	25
L12_HAIRLOSS_NONSCARNAS	fdr	0.05	99	33	24	17	25	114	35	30	32	17
H8_EUSTSALP	fdr	0.1	233	63	60	57	53	258	65	62	59	72
E4_PORPHYNAS	fdr	0.1	215	51	69	42	53	253	74	62	66	51
NECROVASC_FG	fdr	0.1	248	53	67	53	75	269	52	63	75	79
L12_HAIRLOSS_NONSCARNAS	fdr	0.1	190	60	58	33	39	217	61	63	54	39
C3_PAROTIDGLAND_WIDE	fdr	0.1	190	46	45	45	54	189	48	46	44	51
H8_EUSTSALP	fdr	0.2	531	136	145	127	123	541	139	126	128	148
C3_PAROTIDGLAND_WIDE	fdr	0.2	400	102	104	86	108	397	98	112	86	101
E4_PORPHYNAS	fdr	0.2	435	103	123	99	110	506	130	136	131	109
NECROVASC_FG	fdr	0.2	481	109	119	119	134	511	106	118	141	146
L12_HAIRLOSS_NONSCARNAS	fdr	0.2	420	127	106	98	89	449	113	129	114	93
L12_HAIRLOSS_SCARNAS	nominal	0.05	1168	318	333	244	273	1107	262	267	289	289
C3_PENIS_WIDE	nominal	0.05	1120	261	255	307	297	1101	243	284	299	275
E4_PRECOXCENTPUB	nominal	0.05	1134	297	283	278	276	1164	271	277	305	311
H8_EXCESSIVE_EARWAX	nominal	0.05	1238	303	303	323	309	1214	289	267	326	332
NEPHROP_INDUCED_OTHER_DRUGS_MEDICAM_BIOLO_SUBST	nominal	0.05	1048	225	270	276	277	1128	284	309	266	269
E4_PRECOXCENTPUB	fdr	0.05	129	33	38	23	35	124	25	30	37	32
C3_PENIS_WIDE	fdr	0.05	95	17	21	22	35	98	20	25	26	27
H8_EXCESSIVE_EARWAX	fdr	0.05	188	52	53	46	37	164	34	31	50	49
L12_HAIRLOSS_SCARNAS	fdr	0.05	164	62	50	27	25	122	42	26	31	23
NEPHROP_INDUCED_OTHER_DRUGS_MEDICAM_BIOLO_SUBST	fdr	0.05	103	24	32	26	21	113	35	31	23	24
L12_HAIRLOSS_SCARNAS	fdr	0.1	267	102	77	45	43	234	71	54	59	50
E4_PRECOXCENTPUB	fdr	0.1	223	56	64	48	55	221	47	54	67	53
NEPHROP_INDUCED_OTHER_DRUGS_MEDICAM_BIOLO_SUBST	fdr	0.1	179	39	48	46	46	212	64	57	47	44
H8_EXCESSIVE_EARWAX	fdr	0.1	312	82	85	75	70	278	54	57	87	80
C3_PENIS_WIDE	fdr	0.1	180	31	46	50	53	182	32	52	49	49
L12_HAIRLOSS_SCARNAS	fdr	0.2	528	162	156	103	107	521	127	132	138	124
E4_PRECOXCENTPUB	fdr	0.2	450	125	118	104	103	478	102	124	128	124
NEPHROP_INDUCED_OTHER_DRUGS_MEDICAM_BIOLO_SUBST	fdr	0.2	419	76	122	107	114	479	130	135	118	96
H8_EXCESSIVE_EARWAX	fdr	0.2	600	148	146	151	155	594	134	126	170	164
C3_PENIS_WIDE	fdr	0.2	434	96	99	121	118	439	88	117	123	111
H8_EXTDISINOTH	nominal	0.05	1157	267	287	311	292	1135	274	307	275	279
C3_PERIPHERAL_NERVES_AUTONOMIC3_NERVESYSTEM_WIDE	nominal	0.05	1084	313	272	251	248	992	251	243	261	237
NEURODEGOTH	nominal	0.05	1402	357	407	297	341	1486	409	418	331	328
E4_PREPUB	nominal	0.05	1070	263	263	253	291	1063	244	284	271	264
L12_HIDRADENITISSUP	nominal	0.05	1218	314	370	265	269	1282	309	337	326	310
H8_EXTDISINOTH	fdr	0.05	139	31	33	42	33	141	42	38	29	32
E4_PREPUB	fdr	0.05	139	31	30	38	40	106	23	27	31	25
NEURODEGOTH	fdr	0.05	232	54	72	53	53	264	81	82	45	56
C3_PERIPHERAL_NERVES_AUTONOMIC3_NERVESYSTEM_WIDE	fdr	0.05	110	42	26	26	16	100	32	22	23	23
L12_HIDRADENITISSUP	fdr	0.05	149	34	47	31	37	170	51	50	33	36
H8_EXTDISINOTH	fdr	0.1	251	62	59	70	60	246	71	66	55	54
NEURODEGOTH	fdr	0.1	380	91	115	79	95	431	115	133	96	87
E4_PREPUB	fdr	0.1	232	56	52	59	65	218	47	55	61	55
L12_HIDRADENITISSUP	fdr	0.1	260	63	84	55	58	306	80	93	69	64
C3_PERIPHERAL_NERVES_AUTONOMIC3_NERVESYSTEM_WIDE	fdr	0.1	192	71	46	42	33	180	57	38	47	38
H8_EXTDISINOTH	fdr	0.2	510	120	124	145	121	475	119	136	105	115
NEURODEGOTH	fdr	0.2	752	186	208	164	194	839	222	247	188	182
E4_PREPUB	fdr	0.2	439	99	117	105	118	456	102	122	126	106
L12_HIDRADENITISSUP	fdr	0.2	581	145	179	132	125	648	165	179	160	144
C3_PERIPHERAL_NERVES_AUTONOMIC3_NERVESYSTEM_WIDE	fdr	0.2	391	127	98	94	72	363	98	85	93	87
E4_PRIMARY_ADRENOCORTICAL_INSUFFICIENCY	nominal	0.05	1013	251	275	236	251	964	235	255	236	238
L12_HIRSUTISM	nominal	0.05	1158	256	274	306	322	1195	302	351	287	255
H8_EXTDISNAS	nominal	0.05	1096	246	286	260	304	1114	262	312	264	276
NIV	nominal	0.05	1186	300	314	267	305	1179	293	323	292	271
C3_PROSTATE_WIDE	nominal	0.05	1525	431	395	360	339	1542	379	412	396	355
L12_HIRSUTISM	fdr	0.05	158	30	27	46	55	145	41	41	38	25
C3_PROSTATE_WIDE	fdr	0.05	297	103	69	57	68	280	71	65	74	70
NIV	fdr	0.05	120	34	34	33	19	144	32	41	32	39
H8_EXTDISNAS	fdr	0.05	115	28	36	19	32	109	20	21	29	39
E4_PRIMARY_ADRENOCORTICAL_INSUFFICIENCY	fdr	0.05	84	21	17	25	21	95	21	22	25	27
E4_PRIMARY_ADRENOCORTICAL_INSUFFICIENCY	fdr	0.1	165	43	32	40	50	170	36	42	46	46
L12_HIRSUTISM	fdr	0.1	256	52	46	74	84	260	68	77	68	47
C3_PROSTATE_WIDE	fdr	0.1	478	147	125	101	105	482	110	126	132	114
NIV	fdr	0.1	215	58	63	51	43	238	51	69	54	64
H8_EXTDISNAS	fdr	0.1	214	44	60	44	66	208	42	44	59	63
E4_PRIMARY_ADRENOCORTICAL_INSUFFICIENCY	fdr	0.2	361	89	97	77	98	361	76	93	98	94
L12_HIRSUTISM	fdr	0.2	534	111	117	140	166	580	144	180	141	115
H8_EXTDISNAS	fdr	0.2	455	92	128	106	129	456	115	120	111	110
NIV	fdr	0.2	535	138	152	123	122	534	124	162	126	122
C3_PROSTATE_WIDE	fdr	0.2	875	252	226	195	202	951	224	240	260	227
C3_RECTOSIGMOID_JUNCTION_WIDE	nominal	0.05	1127	276	306	254	291	1193	279	332	287	295
E4_PRIMARY_HYPERPARATHYROIDISM	nominal	0.05	1201	287	329	324	261	1249	298	306	343	302
L12_HIRSUTISM_ADVERSE	nominal	0.05	1091	242	230	312	307	1069	281	287	259	242
H8_EXTERNAL	nominal	0.05	1188	316	325	274	273	1254	301	354	295	304
NONALLERG_ASTHMA_EXMORE	nominal	0.05	1302	340	348	283	331	1309	308	346	321	334
H8_EXTERNAL	fdr	0.05	145	41	48	26	30	166	34	52	40	40
C3_RECTOSIGMOID_JUNCTION_WIDE	fdr	0.05	154	43	45	29	37	167	47	41	36	43
E4_PRIMARY_HYPERPARATHYROIDISM	fdr	0.05	135	35	38	40	22	176	40	42	55	39
NONALLERG_ASTHMA_EXMORE	fdr	0.05	205	64	66	29	46	201	55	60	38	48
L12_HIRSUTISM_ADVERSE	fdr	0.05	140	23	21	41	55	124	32	34	29	29
H8_EXTERNAL	fdr	0.1	241	69	75	45	52	291	63	88	72	68
C3_RECTOSIGMOID_JUNCTION_WIDE	fdr	0.1	253	62	75	50	66	284	79	78	61	66
E4_PRIMARY_HYPERPARATHYROIDISM	fdr	0.1	273	64	78	79	52	304	69	70	101	64
NONALLERG_ASTHMA_EXMORE	fdr	0.1	333	89	101	60	83	331	76	97	80	78
L12_HIRSUTISM_ADVERSE	fdr	0.1	238	47	39	72	80	209	53	56	55	45
C3_RECTOSIGMOID_JUNCTION_WIDE	fdr	0.2	531	136	153	109	133	552	147	150	131	124
E4_PRIMARY_HYPERPARATHYROIDISM	fdr	0.2	605	141	157	171	136	643	149	156	190	148
L12_HIRSUTISM_ADVERSE	fdr	0.2	480	97	99	143	141	429	109	123	104	93
H8_EXTERNAL	fdr	0.2	524	146	154	112	112	613	138	181	149	145
NONALLERG_ASTHMA_EXMORE	fdr	0.2	662	187	178	138	159	692	163	202	157	170
C3_RECTUM_ADENO	nominal	0.05	1280	307	292	344	337	1296	301	319	346	330
E4_PROTMALMODMILD	nominal	0.05	989	208	251	253	277	1041	260	278	264	239
L12_HYPERTICHNAS	nominal	0.05	1079	240	237	281	321	1114	254	273	295	292
O15_ABORT_FAILED	nominal	0.05	1041	274	263	263	241	1074	288	280	261	245
H8_EXTOTITIS	nominal	0.05	1168	334	327	271	236	1205	310	338	269	288
O15_ABORT_FAILED	fdr	0.05	98	25	21	32	20	113	40	37	17	19
H8_EXTOTITIS	fdr	0.05	119	45	38	15	21	130	31	33	27	39
C3_RECTUM_ADENO	fdr	0.05	181	53	41	44	43	229	63	57	54	55
L12_HYPERTICHNAS	fdr	0.05	109	27	21	28	33	131	27	26	40	38
E4_PROTMALMODMILD	fdr	0.05	69	17	19	11	22	87	30	27	10	20
C3_RECTUM_ADENO	fdr	0.1	326	89	69	77	91	378	88	94	101	95
L12_HYPERTICHNAS	fdr	0.1	191	42	43	47	59	214	48	44	64	58
O15_ABORT_FAILED	fdr	0.1	172	49	34	47	42	195	57	56	43	39
H8_EXTOTITIS	fdr	0.1	229	78	71	39	41	244	56	68	60	60
E4_PROTMALMODMILD	fdr	0.1	154	37	32	36	49	175	50	54	32	39
C3_RECTUM_ADENO	fdr	0.2	644	162	146	168	168	696	163	166	196	171
L12_HYPERTICHNAS	fdr	0.2	443	96	97	113	137	514	113	132	140	129
H8_EXTOTITIS	fdr	0.2	557	176	165	116	100	572	144	158	137	133
O15_ABORT_FAILED	fdr	0.2	424	99	117	112	96	441	114	118	102	107
E4_PROTMALMODMILD	fdr	0.2	362	79	85	92	106	426	110	117	93	106
C3_RECTUM_ADENO_MUCINO	nominal	0.05	1266	299	291	340	336	1286	308	326	326	326
H8_EXT_ABSC	nominal	0.05	1066	277	323	202	264	1081	260	297	262	262
O15_ABORT_MEDICAL	nominal	0.05	1323	403	399	256	265	1416	425	452	256	283
L12_HYPERTROPHICNAS	nominal	0.05	1085	281	311	228	265	1118	295	288	263	272
E4_PROTMALNAS	nominal	0.05	1111	310	305	246	250	1136	248	282	300	306
O15_ABORT_MEDICAL	fdr	0.05	231	91	81	28	31	216	71	66	39	40
E4_PROTMALNAS	fdr	0.05	154	58	44	26	26	119	31	28	30	30
C3_RECTUM_ADENO_MUCINO	fdr	0.05	188	51	43	44	50	218	63	54	51	50
H8_EXT_ABSC	fdr	0.05	97	29	37	13	18	103	26	22	29	26
L12_HYPERTROPHICNAS	fdr	0.05	98	31	30	12	25	101	32	19	28	22
C3_RECTUM_ADENO_MUCINO	fdr	0.1	317	86	66	77	88	365	83	94	95	93
O15_ABORT_MEDICAL	fdr	0.1	358	123	128	56	51	384	113	132	68	71
H8_EXT_ABSC	fdr	0.1	168	48	57	24	39	193	45	54	52	42
E4_PROTMALNAS	fdr	0.1	234	80	70	38	46	229	54	69	53	53
L12_HYPERTROPHICNAS	fdr	0.1	212	61	65	33	53	213	60	54	45	54
C3_RECTUM_ADENO_MUCINO	fdr	0.2	651	166	140	170	175	678	157	172	181	168
O15_ABORT_MEDICAL	fdr	0.2	699	232	224	119	124	810	243	275	148	144
H8_EXT_ABSC	fdr	0.2	416	112	138	69	97	451	89	136	115	111
E4_PROTMALNAS	fdr	0.2	442	135	130	91	86	463	105	129	120	109
L12_HYPERTROPHICNAS	fdr	0.2	444	129	139	79	97	444	115	114	101	114
E4_PROTMALSEVERNAS	nominal	0.05	1147	287	325	280	255	1179	254	318	316	291
H8_EXT_CELLUL	nominal	0.05	1214	301	302	318	293	1137	299	342	234	262
L12_HYPETROPHICSCAR	nominal	0.05	1113	267	318	247	281	1121	284	307	290	240
O15_ABORT_OTHER	nominal	0.05	1083	296	289	242	256	1072	283	320	236	233
C3_RECTUM_MUCINO	nominal	0.05	1077	217	286	293	281	1088	237	301	270	280
H8_EXT_CELLUL	fdr	0.05	192	63	43	41	45	132	34	49	27	22
C3_RECTUM_MUCINO	fdr	0.05	125	22	25	39	39	116	35	24	29	28
E4_PROTMALSEVERNAS	fdr	0.05	135	56	31	20	28	135	24	29	42	40
L12_HYPETROPHICSCAR	fdr	0.05	130	32	32	27	39	121	26	33	33	29
O15_ABORT_OTHER	fdr	0.05	161	52	51	28	30	138	37	44	27	30
H8_EXT_CELLUL	fdr	0.1	306	85	69	80	72	215	52	81	42	40
C3_RECTUM_MUCINO	fdr	0.1	218	39	44	70	65	210	50	50	53	57
E4_PROTMALSEVERNAS	fdr	0.1	249	87	66	43	53	257	43	70	74	70
L12_HYPETROPHICSCAR	fdr	0.1	225	54	57	51	63	224	52	65	56	51
O15_ABORT_OTHER	fdr	0.1	243	80	67	50	46	232	64	73	53	42
E4_PROTMALSEVERNAS	fdr	0.2	481	137	137	106	101	522	102	153	140	127
H8_EXT_CELLUL	fdr	0.2	558	144	130	149	135	505	126	175	92	112
L12_HYPETROPHICSCAR	fdr	0.2	495	131	134	107	123	524	125	144	135	120
O15_ABORT_OTHER	fdr	0.2	447	133	121	103	90	439	114	138	100	87
C3_RECTUM_MUCINO	fdr	0.2	454	86	103	149	116	466	99	128	119	120
L12_IMPETIGO	nominal	0.05	1067	277	286	265	239	1069	251	262	293	263
O15_ABORT_SPONTAN	nominal	0.05	1178	354	330	243	251	1125	322	349	238	216
E4_PUBDISNAS	nominal	0.05	1021	247	259	266	249	1110	261	297	282	270
C3_RECTUM_NEUROENDOCRINE	nominal	0.05	1098	254	258	275	311	1092	256	271	286	279
H8_EXT_CHOL	nominal	0.05	1112	285	267	300	260	1128	286	296	271	275
E4_PUBDISNAS	fdr	0.05	102	29	22	25	26	115	28	37	28	22
O15_ABORT_SPONTAN	fdr	0.05	168	62	47	31	28	129	37	47	23	22
H8_EXT_CHOL	fdr	0.05	136	29	25	40	42	148	37	48	27	36
C3_RECTUM_NEUROENDOCRINE	fdr	0.05	121	27	31	31	32	101	29	22	22	28
L12_IMPETIGO	fdr	0.05	87	32	18	19	18	76	21	19	20	16
E4_PUBDISNAS	fdr	0.1	194	54	46	44	50	229	52	68	59	50
L12_IMPETIGO	fdr	0.1	174	53	40	43	38	164	35	41	55	33
O15_ABORT_SPONTAN	fdr	0.1	276	96	72	51	57	243	69	83	54	37
H8_EXT_CHOL	fdr	0.1	239	59	46	68	66	263	66	79	54	64
C3_RECTUM_NEUROENDOCRINE	fdr	0.1	229	50	49	66	64	203	47	48	52	56
O15_ABORT_SPONTAN	fdr	0.2	529	177	155	98	99	516	159	164	108	85
E4_PUBDISNAS	fdr	0.2	403	107	98	99	99	453	110	125	116	102
L12_IMPETIGO	fdr	0.2	388	102	96	101	89	396	83	102	118	93
C3_RECTUM_NEUROENDOCRINE	fdr	0.2	487	102	111	138	136	465	112	106	133	114
H8_EXT_CHOL	fdr	0.2	483	128	114	127	114	524	136	138	123	127
H8_EXT_INFNAS	nominal	0.05	1181	320	345	259	257	1177	280	317	295	285
L12_INFECT_DERM	nominal	0.05	1206	353	332	249	272	1251	289	320	317	325
C3_RECTUM_WIDE	nominal	0.05	1298	324	295	338	341	1326	312	332	350	332
O15_ABORT_UNS	nominal	0.05	1017	257	260	244	256	1110	273	285	254	298
E4_SEQUMAL	nominal	0.05	1106	269	247	317	273	1170	299	270	314	287
H8_EXT_INFNAS	fdr	0.05	165	58	54	22	31	122	20	30	36	36
E4_SEQUMAL	fdr	0.05	101	23	21	29	28	134	36	26	40	32
C3_RECTUM_WIDE	fdr	0.05	194	49	46	50	49	237	64	59	52	62
O15_ABORT_UNS	fdr	0.05	88	19	21	21	27	116	33	26	31	26
L12_INFECT_DERM	fdr	0.05	180	64	49	30	37	162	30	33	46	53
H8_EXT_INFNAS	fdr	0.1	272	85	89	43	55	216	43	59	58	56
C3_RECTUM_WIDE	fdr	0.1	328	81	79	76	92	390	92	101	103	94
E4_SEQUMAL	fdr	0.1	192	40	41	63	48	241	61	55	69	56
O15_ABORT_UNS	fdr	0.1	158	30	45	37	46	204	52	52	54	46
L12_INFECT_DERM	fdr	0.1	306	104	87	55	60	287	52	67	78	90
H8_EXT_INFNAS	fdr	0.2	566	156	183	114	113	523	113	149	138	123
L12_INFECT_DERM	fdr	0.2	546	181	156	109	100	584	135	143	153	153
C3_RECTUM_WIDE	fdr	0.2	642	159	149	169	165	698	159	184	190	165
E4_SEQUMAL	fdr	0.2	446	103	97	130	116	499	128	118	132	121
O15_ABORT_UNS	fdr	0.2	387	92	100	88	107	483	126	119	115	123
E4_SHORT_STATURE_STARTING_BEFORE_BIRTH	nominal	0.05	991	266	272	210	243	1067	280	282	256	249
H8_EXT_MALIGN	nominal	0.05	1093	278	290	289	236	1171	293	304	303	271
L12_INFECT_SKIN	nominal	0.05	1224	367	342	261	254	1282	323	309	330	320
O15_AMNIOT_OTHER	nominal	0.05	1029	267	244	259	259	1106	304	320	248	234
C3_RENAL_CELL_CARCINOMA	nominal	0.05	1173	265	279	293	336	1174	318	321	287	248
H8_EXT_MALIGN	fdr	0.05	108	26	30	20	32	125	25	41	25	34
E4_SHORT_STATURE_STARTING_BEFORE_BIRTH	fdr	0.05	95	29	25	18	23	91	19	21	29	22
L12_INFECT_SKIN	fdr	0.05	204	86	51	32	35	181	41	33	52	55
O15_AMNIOT_OTHER	fdr	0.05	96	25	26	19	26	105	27	45	15	18
C3_RENAL_CELL_CARCINOMA	fdr	0.05	84	14	20	19	31	119	37	36	23	23
L12_INFECT_SKIN	fdr	0.1	312	112	87	62	51	310	66	71	96	77
O15_AMNIOT_OTHER	fdr	0.1	187	50	42	43	52	198	46	76	39	37
E4_SHORT_STATURE_STARTING_BEFORE_BIRTH	fdr	0.1	163	50	42	34	37	158	38	38	48	34
H8_EXT_MALIGN	fdr	0.1	201	47	58	46	50	223	54	75	46	48
C3_RENAL_CELL_CARCINOMA	fdr	0.1	190	40	51	39	60	235	59	73	48	55
E4_SHORT_STATURE_STARTING_BEFORE_BIRTH	fdr	0.2	364	106	92	70	96	403	104	107	97	95
L12_INFECT_SKIN	fdr	0.2	617	209	171	127	110	651	155	162	182	152
O15_AMNIOT_OTHER	fdr	0.2	403	110	89	104	100	471	121	150	106	94
H8_EXT_MALIGN	fdr	0.2	435	107	113	118	97	526	127	158	129	112
C3_RENAL_CELL_CARCINOMA	fdr	0.2	479	110	115	118	136	533	132	153	136	112
E4_SPHIGLOLIPNAS	nominal	0.05	1153	322	287	287	257	1201	285	319	294	303
C3_RENAL_PELVIS_WIDE	nominal	0.05	1029	248	292	243	246	1057	237	258	287	275
H8_EXT_NAS	nominal	0.05	1187	345	339	251	252	1263	341	348	281	293
L12_INFECT_SKIN_OTHER	nominal	0.05	1171	317	341	239	274	1116	285	308	268	255
O15_ANTENAT_ABNORM	nominal	0.05	1136	266	297	275	298	1147	296	353	248	250
O15_ANTENAT_ABNORM	fdr	0.05	133	29	32	33	39	132	39	48	24	21
H8_EXT_NAS	fdr	0.05	171	58	56	25	32	191	53	50	44	44
L12_INFECT_SKIN_OTHER	fdr	0.05	203	68	67	23	45	144	38	42	24	40
C3_RENAL_PELVIS_WIDE	fdr	0.05	119	27	44	20	28	114	26	21	26	41
E4_SPHIGLOLIPNAS	fdr	0.05	117	31	26	31	29	118	22	26	25	45
L12_INFECT_SKIN_OTHER	fdr	0.1	304	92	103	46	63	245	58	73	57	57
O15_ANTENAT_ABNORM	fdr	0.1	226	49	64	48	65	217	63	74	40	40
H8_EXT_NAS	fdr	0.1	281	101	80	53	47	322	85	82	82	73
C3_RENAL_PELVIS_WIDE	fdr	0.1	194	50	63	39	42	223	42	52	62	67
E4_SPHIGLOLIPNAS	fdr	0.1	219	58	53	56	52	242	59	60	57	66
L12_INFECT_SKIN_OTHER	fdr	0.2	563	162	178	105	118	506	129	139	123	115
O15_ANTENAT_ABNORM	fdr	0.2	478	94	131	114	139	510	136	165	100	109
C3_RENAL_PELVIS_WIDE	fdr	0.2	394	106	112	91	85	448	97	111	121	119
E4_SPHIGLOLIPNAS	fdr	0.2	512	138	136	131	107	558	130	139	134	155
H8_EXT_NAS	fdr	0.2	561	176	166	110	109	619	171	168	137	143
C3_RESPIRATORY_INTRATHORACIC	nominal	0.05	1453	405	432	292	324	1402	353	375	335	339
H8_EXT_NONINF	nominal	0.05	1177	310	303	280	284	1062	261	267	275	259
E4_SPHINGOLIP	nominal	0.05	1113	323	291	257	242	1129	273	244	296	316
O15_ANTEPART_HAEM_NAS	nominal	0.05	1066	256	287	271	252	1118	300	280	280	258
L12_INTERNALSUBSTANCEDERM	nominal	0.05	1141	288	293	300	260	1184	289	299	308	288
C3_RESPIRATORY_INTRATHORACIC	fdr	0.05	229	80	76	25	48	223	51	51	54	67
E4_SPHINGOLIP	fdr	0.05	126	39	36	29	22	150	29	30	38	53
L12_INTERNALSUBSTANCEDERM	fdr	0.05	132	35	30	39	28	148	33	36	45	34
O15_ANTEPART_HAEM_NAS	fdr	0.05	85	22	25	17	21	106	30	24	25	27
H8_EXT_NONINF	fdr	0.05	144	52	44	18	30	121	30	27	38	26
O15_ANTEPART_HAEM_NAS	fdr	0.1	181	50	56	37	38	190	51	47	49	43
C3_RESPIRATORY_INTRATHORACIC	fdr	0.1	396	124	126	62	84	386	79	112	99	96
E4_SPHINGOLIP	fdr	0.1	200	70	54	44	32	230	47	48	61	74
L12_INTERNALSUBSTANCEDERM	fdr	0.1	238	54	57	72	55	247	60	63	64	60
H8_EXT_NONINF	fdr	0.1	230	81	59	42	48	201	53	45	61	42
C3_RESPIRATORY_INTRATHORACIC	fdr	0.2	809	246	240	147	176	801	186	219	206	190
O15_ANTEPART_HAEM_NAS	fdr	0.2	440	109	143	102	86	470	137	119	112	102
H8_EXT_NONINF	fdr	0.2	485	139	125	116	105	460	118	112	122	108
L12_INTERNALSUBSTANCEDERM	fdr	0.2	498	117	116	142	123	535	132	141	145	117
E4_SPHINGOLIP	fdr	0.2	434	133	121	100	80	480	101	107	127	145
H8_EXT_OTH	nominal	0.05	1175	287	308	276	304	1239	288	330	310	311
C3_RETROPERITONEUM_PERITONEUM_WIDE	nominal	0.05	1035	255	289	234	257	1105	236	285	288	296
L12_LICHENPLANO	nominal	0.05	1091	278	275	253	285	1123	266	313	282	262
E4_TESTICDYSNAS	nominal	0.05	1102	265	290	277	270	1156	306	292	277	281
O15_BIRTH_BREAT_INFECT	nominal	0.05	971	262	257	244	208	1100	271	280	303	246
L12_LICHENPLANO	fdr	0.05	101	25	26	26	24	128	37	41	21	29
O15_BIRTH_BREAT_INFECT	fdr	0.05	98	24	32	23	19	118	24	19	41	34
C3_RETROPERITONEUM_PERITONEUM_WIDE	fdr	0.05	115	22	33	24	36	134	22	31	37	44
H8_EXT_OTH	fdr	0.05	157	52	50	26	29	166	36	38	51	41
E4_TESTICDYSNAS	fdr	0.05	122	30	37	27	28	123	27	24	27	45
H8_EXT_OTH	fdr	0.1	255	75	77	46	57	271	58	71	76	66
L12_LICHENPLANO	fdr	0.1	195	54	49	47	45	229	60	69	50	50
O15_BIRTH_BREAT_INFECT	fdr	0.1	175	44	53	44	34	204	39	49	70	46
C3_RETROPERITONEUM_PERITONEUM_WIDE	fdr	0.1	194	37	65	36	56	242	35	72	62	73
E4_TESTICDYSNAS	fdr	0.1	207	51	62	53	41	213	56	49	47	61
H8_EXT_OTH	fdr	0.2	556	143	161	124	128	589	129	159	154	147
L12_LICHENPLANO	fdr	0.2	450	112	110	110	118	491	111	144	114	122
E4_TESTICDYSNAS	fdr	0.2	487	114	140	116	117	505	125	133	115	132
C3_RETROPERITONEUM_PERITONEUM_WIDE	fdr	0.2	414	95	130	80	109	478	87	132	123	136
O15_BIRTH_BREAT_INFECT	fdr	0.2	379	108	102	97	72	457	99	105	146	107
E4_TESTICHYPO	nominal	0.05	1100	270	282	290	258	1176	267	291	314	304
H8_HL_CON_NAS	nominal	0.05	1106	250	270	287	299	1104	251	278	290	285
C3_RHABDOMYOSARCOMA_WIDE	nominal	0.05	1074	251	289	250	284	1116	289	295	269	263
L12_LICHENSCLERATROPH	nominal	0.05	1302	296	323	334	349	1239	329	327	298	285
O15_BREAST_LACT_OTHER_DIS	nominal	0.05	988	230	229	270	259	1083	289	274	260	260
E4_TESTICHYPO	fdr	0.05	168	42	43	36	47	148	24	33	37	54
H8_HL_CON_NAS	fdr	0.05	119	30	32	25	32	133	34	34	29	36
L12_LICHENSCLERATROPH	fdr	0.05	163	32	49	39	43	150	48	46	27	29
O15_BREAST_LACT_OTHER_DIS	fdr	0.05	83	20	18	23	22	111	28	22	33	28
C3_RHABDOMYOSARCOMA_WIDE	fdr	0.05	109	19	24	30	36	132	29	41	23	39
H8_HL_CON_NAS	fdr	0.1	208	47	50	52	59	223	53	67	53	50
E4_TESTICHYPO	fdr	0.1	264	69	69	59	67	250	40	62	69	79
O15_BREAST_LACT_OTHER_DIS	fdr	0.1	156	41	36	44	35	196	48	46	57	45
L12_LICHENSCLERATROPH	fdr	0.1	292	53	88	73	78	293	82	90	60	61
C3_RHABDOMYOSARCOMA_WIDE	fdr	0.1	217	43	45	61	68	226	48	64	53	61
E4_TESTICHYPO	fdr	0.2	501	117	129	126	129	524	100	134	141	149
H8_HL_CON_NAS	fdr	0.2	462	111	105	119	127	474	114	123	122	115
L12_LICHENSCLERATROPH	fdr	0.2	642	135	166	174	167	609	167	169	147	126
O15_BREAST_LACT_OTHER_DIS	fdr	0.2	340	73	81	99	87	381	96	99	93	93
C3_RHABDOMYOSARCOMA_WIDE	fdr	0.2	452	98	108	118	128	491	111	139	125	116
H8_HL_DEAFMUT	nominal	0.05	1107	270	292	268	277	1111	262	278	289	282
L12_LICHENSIMPLEX	nominal	0.05	1187	286	317	299	285	1203	305	307	299	292
O15_COMPLIC_ABORT_ECTOP_MOLAR	nominal	0.05	1094	282	310	246	256	1082	265	325	247	245
C3_SCLC_WIDE	nominal	0.05	1123	301	308	265	249	1139	307	292	279	261
E4_THIA_DEF	nominal	0.05	1084	242	277	295	270	1128	263	282	297	286
L12_LICHENSIMPLEX	fdr	0.05	196	49	48	52	47	203	47	57	52	47
C3_SCLC_WIDE	fdr	0.05	121	40	35	21	25	143	41	34	30	38
E4_THIA_DEF	fdr	0.05	89	15	25	25	24	128	33	33	33	29
H8_HL_DEAFMUT	fdr	0.05	138	34	39	22	43	136	39	26	32	39
O15_COMPLIC_ABORT_ECTOP_MOLAR	fdr	0.05	113	33	29	24	27	121	34	35	27	25
L12_LICHENSIMPLEX	fdr	0.1	297	69	78	76	74	302	66	79	79	78
C3_SCLC_WIDE	fdr	0.1	221	71	61	41	48	225	57	66	52	50
E4_THIA_DEF	fdr	0.1	192	38	53	50	51	244	62	59	64	59
O15_COMPLIC_ABORT_ECTOP_MOLAR	fdr	0.1	189	58	52	42	37	200	52	58	52	38
H8_HL_DEAFMUT	fdr	0.1	239	58	61	51	69	249	64	57	65	63
L12_LICHENSIMPLEX	fdr	0.2	572	132	149	147	144	588	133	154	157	144
C3_SCLC_WIDE	fdr	0.2	473	135	125	111	102	511	129	139	132	111
E4_THIA_DEF	fdr	0.2	439	92	123	114	110	497	126	126	120	125
O15_COMPLIC_ABORT_ECTOP_MOLAR	fdr	0.2	442	110	127	98	107	461	102	141	107	111
H8_HL_DEAFMUT	fdr	0.2	465	109	122	111	123	489	116	120	135	118
H8_HL_IDIOP	nominal	0.05	1108	279	262	294	273	1194	300	332	280	282
L12_LICHSIMPANDPRURIGO	nominal	0.05	1261	329	328	298	306	1208	304	299	298	307
C3_SKIN	nominal	0.05	1608	401	412	412	383	1632	377	422	412	421
E4_THYCRISIS	nominal	0.05	1019	233	267	239	280	1102	285	284	261	272
O15_COMPLIC_LAB_DELIV	nominal	0.05	1193	309	329	276	279	1245	377	388	245	235
H8_HL_IDIOP	fdr	0.05	102	28	22	22	30	132	40	36	27	29
C3_SKIN	fdr	0.05	287	80	77	56	74	309	67	75	87	80
E4_THYCRISIS	fdr	0.05	77	15	24	13	25	116	25	45	25	21
O15_COMPLIC_LAB_DELIV	fdr	0.05	163	40	47	38	38	155	57	52	20	26
L12_LICHSIMPANDPRURIGO	fdr	0.05	189	48	52	44	45	183	42	48	47	46
H8_HL_IDIOP	fdr	0.1	214	56	50	48	60	241	74	70	49	48
L12_LICHSIMPANDPRURIGO	fdr	0.1	303	76	83	69	75	325	76	84	80	85
O15_COMPLIC_LAB_DELIV	fdr	0.1	286	72	76	64	74	274	92	90	45	47
C3_SKIN	fdr	0.1	493	127	132	112	122	513	106	136	138	133
E4_THYCRISIS	fdr	0.1	163	40	50	29	44	218	42	70	50	56
H8_HL_IDIOP	fdr	0.2	456	108	112	113	123	525	149	143	115	118
L12_LICHSIMPANDPRURIGO	fdr	0.2	618	170	156	143	149	623	160	161	148	154
C3_SKIN	fdr	0.2	944	233	255	234	222	1037	217	279	257	284
E4_THYCRISIS	fdr	0.2	411	91	110	86	124	494	119	132	111	132
O15_COMPLIC_LAB_DELIV	fdr	0.2	563	158	149	124	132	604	201	203	104	96
C3_SMALL_INTESTINE_ADENO	nominal	0.05	1135	280	267	303	285	1107	231	267	304	305
H8_HL_MIX_NAS	nominal	0.05	1242	269	315	317	341	1180	281	281	301	317
O15_COMPLIC_PUERP	nominal	0.05	979	260	274	240	205	993	251	281	239	222
L12_LIVEDOIDVASC	nominal	0.05	1205	318	325	283	279	1227	293	303	323	308
E4_THYMUSDIS	nominal	0.05	1083	279	279	268	257	1113	306	281	277	249
C3_SMALL_INTESTINE_ADENO	fdr	0.05	150	33	34	41	42	148	32	45	33	38
H8_HL_MIX_NAS	fdr	0.05	175	37	32	48	58	161	52	27	44	38
L12_LIVEDOIDVASC	fdr	0.05	141	35	42	23	41	156	37	36	37	46
E4_THYMUSDIS	fdr	0.05	91	28	28	22	13	99	30	25	24	20
O15_COMPLIC_PUERP	fdr	0.05	91	23	31	17	20	87	26	22	21	18
H8_HL_MIX_NAS	fdr	0.1	290	71	65	71	83	277	67	66	76	68
C3_SMALL_INTESTINE_ADENO	fdr	0.1	251	56	55	71	69	248	53	67	62	66
L12_LIVEDOIDVASC	fdr	0.1	249	62	73	44	70	266	61	63	72	70
E4_THYMUSDIS	fdr	0.1	185	53	53	43	36	193	53	50	45	45
O15_COMPLIC_PUERP	fdr	0.1	168	40	56	34	38	154	39	43	40	32
H8_HL_MIX_NAS	fdr	0.2	577	131	141	148	157	562	132	142	151	137
C3_SMALL_INTESTINE_ADENO	fdr	0.2	508	105	130	132	141	515	95	128	147	145
L12_LIVEDOIDVASC	fdr	0.2	530	137	154	118	121	548	128	144	140	136
E4_THYMUSDIS	fdr	0.2	446	119	124	102	101	464	124	123	113	104
O15_COMPLIC_PUERP	fdr	0.2	353	95	102	80	76	358	94	109	86	69
L12_LOCALCONNECTISSUENAS	nominal	0.05	1075	277	292	247	259	1084	246	296	259	283
C3_SMALL_INTESTINE_NEUROENDOCRINE	nominal	0.05	1145	248	251	325	321	1192	291	305	309	287
E4_THYMUSDISNAS	nominal	0.05	1200	281	283	335	301	1192	310	307	304	271
H8_HL_NAS	nominal	0.05	1056	230	274	270	282	1103	263	266	272	302
O15_CONCEPT_ABNORM	nominal	0.05	1114	304	311	243	256	1135	320	348	233	234
C3_SMALL_INTESTINE_NEUROENDOCRINE	fdr	0.05	120	25	16	44	35	140	44	27	39	30
E4_THYMUSDISNAS	fdr	0.05	112	34	29	24	25	126	37	39	25	25
L12_LOCALCONNECTISSUENAS	fdr	0.05	104	28	25	24	27	120	23	24	32	41
O15_CONCEPT_ABNORM	fdr	0.05	136	42	35	30	29	146	55	48	22	21
H8_HL_NAS	fdr	0.05	112	19	23	40	30	129	34	24	36	35
C3_SMALL_INTESTINE_NEUROENDOCRINE	fdr	0.1	211	46	33	68	64	262	72	59	73	58
E4_THYMUSDISNAS	fdr	0.1	229	60	55	59	55	227	63	64	57	43
L12_LOCALCONNECTISSUENAS	fdr	0.1	200	53	52	48	47	212	40	53	57	62
O15_CONCEPT_ABNORM	fdr	0.1	233	65	60	56	52	251	78	87	50	36
H8_HL_NAS	fdr	0.1	194	39	43	62	50	216	52	49	59	56
L12_LOCALCONNECTISSUENAS	fdr	0.2	443	119	121	103	100	459	98	121	115	125
C3_SMALL_INTESTINE_NEUROENDOCRINE	fdr	0.2	489	93	103	140	153	545	133	141	140	131
E4_THYMUSDISNAS	fdr	0.2	517	127	136	129	125	506	139	145	117	105
H8_HL_NAS	fdr	0.2	442	89	116	119	118	477	113	118	116	130
O15_CONCEPT_ABNORM	fdr	0.2	456	130	116	115	95	505	155	160	95	95
C3_SMALL_INTESTINE_WIDE	nominal	0.05	1179	261	278	322	318	1134	281	283	288	282
E4_THYROID	nominal	0.05	1662	395	425	399	443	1691	421	451	401	418
L12_LOCALDCONNECTISSUEOTH	nominal	0.05	1109	276	249	278	306	1116	271	259	295	291
O15_DELIV_CAESAR	nominal	0.05	1322	374	374	287	287	1325	401	420	269	235
H8_HL_OTOTOX	nominal	0.05	1133	308	247	292	286	1099	277	257	301	264
E4_THYROID	fdr	0.05	323	87	86	72	78	343	84	89	83	87
O15_DELIV_CAESAR	fdr	0.05	170	65	49	27	29	150	53	49	21	27
C3_SMALL_INTESTINE_WIDE	fdr	0.05	160	24	24	48	64	118	32	24	22	40
H8_HL_OTOTOX	fdr	0.05	130	33	24	30	43	103	21	17	32	33
L12_LOCALDCONNECTISSUEOTH	fdr	0.05	98	23	19	29	27	113	22	27	35	29
E4_THYROID	fdr	0.1	519	134	139	114	132	554	138	150	134	132
O15_DELIV_CAESAR	fdr	0.1	282	97	84	43	58	263	85	83	53	42
C3_SMALL_INTESTINE_WIDE	fdr	0.1	254	36	45	76	97	225	59	54	54	58
H8_HL_OTOTOX	fdr	0.1	231	55	42	59	75	191	45	35	57	54
L12_LOCALDCONNECTISSUEOTH	fdr	0.1	200	45	41	55	59	216	45	53	60	58
E4_THYROID	fdr	0.2	978	228	273	229	248	1054	248	293	261	252
O15_DELIV_CAESAR	fdr	0.2	600	185	180	116	119	638	200	207	130	101
C3_SMALL_INTESTINE_WIDE	fdr	0.2	528	86	111	154	177	492	133	124	118	117
L12_LOCALDCONNECTISSUEOTH	fdr	0.2	435	94	99	113	129	476	107	104	133	132
H8_HL_OTOTOX	fdr	0.2	500	126	96	142	136	449	117	102	128	102
O15_DELIV_FORCEP_VAC	nominal	0.05	1257	347	352	269	289	1273	344	383	287	259
H8_HL_PRESBY	nominal	0.05	1344	334	352	312	346	1373	323	345	344	361
L12_LOCALSCLERODERMA	nominal	0.05	1053	249	235	293	276	1074	272	277	274	251
C3_SOLID_CANCER	nominal	0.05	1436	370	355	384	327	1470	357	370	384	359
E4_THYROIDITACU	nominal	0.05	1010	243	287	236	244	993	255	279	231	228
H8_HL_PRESBY	fdr	0.05	206	49	56	35	66	204	42	59	49	54
C3_SOLID_CANCER	fdr	0.05	222	55	56	53	58	272	59	54	84	75
O15_DELIV_FORCEP_VAC	fdr	0.05	174	50	64	28	32	187	55	50	38	44
L12_LOCALSCLERODERMA	fdr	0.05	100	26	20	29	25	107	24	25	28	30
E4_THYROIDITACU	fdr	0.05	110	18	40	23	29	103	21	35	20	27
O15_DELIV_FORCEP_VAC	fdr	0.1	300	82	108	50	60	318	86	101	67	64
H8_HL_PRESBY	fdr	0.1	358	89	93	70	106	354	74	107	79	94
C3_SOLID_CANCER	fdr	0.1	392	92	96	107	97	442	90	104	129	119
E4_THYROIDITACU	fdr	0.1	188	37	57	41	53	195	45	63	42	45
L12_LOCALSCLERODERMA	fdr	0.1	173	41	39	49	44	213	47	55	54	57
O15_DELIV_FORCEP_VAC	fdr	0.2	590	170	186	106	128	634	169	204	137	124
H8_HL_PRESBY	fdr	0.2	701	178	188	145	190	740	160	199	189	192
C3_SOLID_CANCER	fdr	0.2	801	191	201	214	195	859	199	207	243	210
E4_THYROIDITACU	fdr	0.2	403	91	114	94	104	425	108	130	89	98
L12_LOCALSCLERODERMA	fdr	0.2	420	89	103	125	103	475	109	131	118	117
L12_LUPUS	nominal	0.05	1242	335	334	278	295	1160	302	289	292	277
H8_HL_SEN_NAS	nominal	0.05	1400	331	374	318	377	1422	358	388	346	330
E4_THYROIDITAUTOIM	nominal	0.05	1209	258	262	334	355	1275	286	311	325	353
O15_DELIV_MULTIP	nominal	0.05	1067	271	298	230	268	1094	325	313	222	234
C3_SPINAL_CORD_CRANIAL_AND_OTHER_CNS_WIDE	nominal	0.05	1104	279	294	266	265	1069	269	281	278	241
O15_DELIV_MULTIP	fdr	0.05	142	44	39	30	29	138	43	38	25	32
H8_HL_SEN_NAS	fdr	0.05	275	57	69	57	92	269	73	78	58	60
E4_THYROIDITAUTOIM	fdr	0.05	192	36	43	44	69	220	46	40	63	71
C3_SPINAL_CORD_CRANIAL_AND_OTHER_CNS_WIDE	fdr	0.05	142	49	35	37	21	141	39	38	40	24
L12_LUPUS	fdr	0.05	159	65	49	25	20	133	40	36	28	29
L12_LUPUS	fdr	0.1	275	95	79	53	48	232	63	69	50	50
O15_DELIV_MULTIP	fdr	0.1	234	62	70	48	54	228	70	64	44	50
H8_HL_SEN_NAS	fdr	0.1	445	96	115	101	133	449	100	134	108	107
E4_THYROIDITAUTOIM	fdr	0.1	312	60	67	91	94	328	67	68	87	106
C3_SPINAL_CORD_CRANIAL_AND_OTHER_CNS_WIDE	fdr	0.1	240	74	66	59	41	223	52	64	69	38
L12_LUPUS	fdr	0.2	565	168	158	122	117	517	134	134	132	117
H8_HL_SEN_NAS	fdr	0.2	790	180	213	174	223	846	214	236	205	191
E4_THYROIDITAUTOIM	fdr	0.2	605	132	125	170	178	653	129	164	169	191
O15_DELIV_MULTIP	fdr	0.2	465	120	137	87	121	479	137	138	97	107
C3_SPINAL_CORD_CRANIAL_AND_OTHER_CNS_WIDE	fdr	0.2	468	124	126	118	100	478	123	125	136	94
C3_SQUAMOUS_CELL_CARCINOMA_SKIN	nominal	0.05	1257	336	319	298	304	1249	294	314	332	309
L12_LYMPHADENITIS	nominal	0.05	1168	310	286	295	277	1140	266	260	299	315
H8_INNERNAS	nominal	0.05	1098	275	229	294	300	1136	280	320	278	258
E4_THYROIDITCHRON	nominal	0.05	1194	269	263	311	351	1114	278	294	263	279
O15_DELIV_OTHER_ASSIST	nominal	0.05	1189	275	284	320	310	1123	304	293	278	248
C3_SQUAMOUS_CELL_CARCINOMA_SKIN	fdr	0.05	159	51	47	30	31	162	40	35	56	31
E4_THYROIDITCHRON	fdr	0.05	131	34	21	36	40	108	37	20	20	31
L12_LYMPHADENITIS	fdr	0.05	156	61	38	23	34	97	24	23	25	25
O15_DELIV_OTHER_ASSIST	fdr	0.05	92	19	13	28	32	107	34	21	26	26
H8_INNERNAS	fdr	0.05	134	23	25	42	44	108	25	22	27	34
C3_SQUAMOUS_CELL_CARCINOMA_SKIN	fdr	0.1	304	94	73	68	69	286	67	66	100	53
E4_THYROIDITCHRON	fdr	0.1	215	53	36	54	72	199	61	46	35	57
L12_LYMPHADENITIS	fdr	0.1	255	83	70	42	60	183	42	49	52	40
O15_DELIV_OTHER_ASSIST	fdr	0.1	197	38	37	62	60	214	57	47	65	45
H8_INNERNAS	fdr	0.1	232	45	44	72	71	212	48	52	48	64
C3_SQUAMOUS_CELL_CARCINOMA_SKIN	fdr	0.2	616	162	153	145	156	613	146	147	182	138
E4_THYROIDITCHRON	fdr	0.2	445	96	96	111	142	434	114	109	98	113
L12_LYMPHADENITIS	fdr	0.2	538	158	130	119	131	472	114	104	135	119
O15_DELIV_OTHER_ASSIST	fdr	0.2	468	108	108	123	129	455	118	111	126	100
H8_INNERNAS	fdr	0.2	469	104	98	123	144	461	113	121	107	120
C3_SQUAMOUS_CELL_CARCINOMA_SKIN_WIDE	nominal	0.05	1317	343	329	314	331	1326	315	351	328	332
H8_LABYRFISTU	nominal	0.05	1133	259	261	307	306	1153	267	312	276	298
L12_NAILDIS	nominal	0.05	1177	323	303	270	281	1149	293	310	256	290
O15_DELIV_PERIN_LACER	nominal	0.05	1226	278	312	316	320	1153	302	313	273	265
E4_THYROIDITDRUG	nominal	0.05	1039	255	241	276	267	1104	236	276	301	291
C3_SQUAMOUS_CELL_CARCINOMA_SKIN_WIDE	fdr	0.05	196	63	61	32	40	209	58	57	50	44
L12_NAILDIS	fdr	0.05	166	51	45	36	34	162	40	43	44	35
E4_THYROIDITDRUG	fdr	0.05	113	28	27	27	31	150	31	30	42	47
H8_LABYRFISTU	fdr	0.05	109	20	23	29	37	125	19	32	35	39
O15_DELIV_PERIN_LACER	fdr	0.05	165	32	38	44	51	139	50	41	21	27
C3_SQUAMOUS_CELL_CARCINOMA_SKIN_WIDE	fdr	0.1	335	100	88	66	81	357	89	95	89	84
H8_LABYRFISTU	fdr	0.1	215	48	42	56	69	229	42	63	60	64
L12_NAILDIS	fdr	0.1	292	85	70	81	56	288	78	74	76	60
E4_THYROIDITDRUG	fdr	0.1	206	50	48	52	56	263	55	58	83	67
O15_DELIV_PERIN_LACER	fdr	0.1	270	58	63	69	80	215	61	65	42	47
C3_SQUAMOUS_CELL_CARCINOMA_SKIN_WIDE	fdr	0.2	656	172	167	149	168	673	155	181	171	166
H8_LABYRFISTU	fdr	0.2	484	107	102	134	141	526	118	141	134	133
L12_NAILDIS	fdr	0.2	559	156	144	142	117	562	147	159	130	126
E4_THYROIDITDRUG	fdr	0.2	422	102	99	116	105	508	109	126	149	124
O15_DELIV_PERIN_LACER	fdr	0.2	561	115	129	156	161	513	133	150	115	115
C3_STOMACH_ADENO	nominal	0.05	1037	285	277	225	250	1135	286	292	277	280
E4_THYROIDITNAS	nominal	0.05	1151	254	254	299	344	1170	259	302	297	312
L12_NAILNAS	nominal	0.05	1008	267	246	244	251	1135	273	299	275	288
O15_DELIV_SPONT	nominal	0.05	1336	392	411	277	256	1447	502	494	226	225
H8_LABYRINTHITIS	nominal	0.05	1173	309	305	286	273	1163	290	302	277	294
E4_THYROIDITNAS	fdr	0.05	157	32	26	40	59	140	29	21	38	52
C3_STOMACH_ADENO	fdr	0.05	104	33	25	22	24	135	35	36	33	31
L12_NAILNAS	fdr	0.05	91	21	25	21	24	129	28	27	32	42
O15_DELIV_SPONT	fdr	0.05	171	56	55	34	26	191	78	72	20	21
H8_LABYRINTHITIS	fdr	0.05	134	33	31	34	36	165	37	42	39	47
L12_NAILNAS	fdr	0.1	173	41	45	43	44	245	55	59	60	71
O15_DELIV_SPONT	fdr	0.1	308	99	104	53	52	371	139	142	52	38
E4_THYROIDITNAS	fdr	0.1	276	53	53	68	102	252	51	52	70	79
C3_STOMACH_ADENO	fdr	0.1	202	63	53	45	41	224	56	61	57	50
H8_LABYRINTHITIS	fdr	0.1	240	57	55	61	67	274	65	74	57	78
L12_NAILNAS	fdr	0.2	402	101	97	97	107	505	113	137	123	132
O15_DELIV_SPONT	fdr	0.2	668	197	226	125	120	764	275	265	126	98
E4_THYROIDITNAS	fdr	0.2	522	110	106	140	166	524	110	132	136	146
H8_LABYRINTHITIS	fdr	0.2	498	130	125	128	115	521	128	143	130	120
C3_STOMACH_ADENO	fdr	0.2	419	116	115	101	87	497	122	124	131	120
C3_STOMACH_NEUROENDOCRINE	nominal	0.05	1173	291	286	299	297	1125	271	289	278	287
E4_THYROIDITSUBAC	nominal	0.05	1149	238	243	332	336	1157	276	303	283	295
H8_MASTACU	nominal	0.05	1157	295	300	271	291	1109	287	275	277	270
L12_NAIL_DYSTROPHY	nominal	0.05	958	243	227	243	245	1038	250	262	267	259
O15_ECLAMPSIA	nominal	0.05	1110	269	270	273	298	1148	309	293	290	256
E4_THYROIDITSUBAC	fdr	0.05	211	37	38	61	75	164	32	40	39	53
C3_STOMACH_NEUROENDOCRINE	fdr	0.05	138	36	34	29	39	139	34	35	32	38
L12_NAIL_DYSTROPHY	fdr	0.05	89	22	18	26	23	111	33	30	26	22
O15_ECLAMPSIA	fdr	0.05	89	21	29	20	19	124	50	34	17	23
H8_MASTACU	fdr	0.05	114	34	25	26	29	115	29	19	29	38
E4_THYROIDITSUBAC	fdr	0.1	314	58	63	87	106	266	52	67	69	78
H8_MASTACU	fdr	0.1	205	60	52	43	50	210	56	44	51	59
C3_STOMACH_NEUROENDOCRINE	fdr	0.1	269	67	70	63	69	266	58	74	69	65
O15_ECLAMPSIA	fdr	0.1	181	42	51	41	47	223	67	73	38	45
L12_NAIL_DYSTROPHY	fdr	0.1	177	52	35	50	40	196	51	55	49	41
C3_STOMACH_NEUROENDOCRINE	fdr	0.2	530	133	137	130	130	502	108	142	124	128
H8_MASTACU	fdr	0.2	457	121	117	111	108	459	120	106	116	117
L12_NAIL_DYSTROPHY	fdr	0.2	354	97	81	93	83	387	96	112	95	84
E4_THYROIDITSUBAC	fdr	0.2	552	105	117	152	178	523	112	145	128	138
O15_ECLAMPSIA	fdr	0.2	436	106	108	109	113	509	144	139	116	110
E4_THYROIDNASOTH	nominal	0.05	1056	278	280	239	259	1057	274	315	234	234
H8_MASTCHRON	nominal	0.05	1081	222	279	274	306	1102	276	311	263	252
O15_EXCESS_VOMIT_PREG	nominal	0.05	1240	317	347	297	279	1289	344	351	295	299
L12_NAIL_GRYPHOSIS	nominal	0.05	1015	275	254	235	251	1141	280	300	281	280
C3_STOMACH_WIDE	nominal	0.05	1057	276	262	276	243	1151	278	286	297	290
E4_THYROIDNASOTH	fdr	0.05	99	41	28	14	16	94	39	21	16	18
H8_MASTCHRON	fdr	0.05	104	23	21	30	30	122	31	35	30	26
O15_EXCESS_VOMIT_PREG	fdr	0.05	172	55	39	42	36	158	54	36	39	29
L12_NAIL_GRYPHOSIS	fdr	0.05	98	20	25	23	30	124	30	33	32	29
C3_STOMACH_WIDE	fdr	0.05	118	25	28	36	29	143	36	44	25	38
E4_THYROIDNASOTH	fdr	0.1	163	58	44	30	31	173	56	47	39	31
H8_MASTCHRON	fdr	0.1	208	38	48	59	63	199	50	50	55	44
O15_EXCESS_VOMIT_PREG	fdr	0.1	282	79	73	73	57	281	81	69	77	54
L12_NAIL_GRYPHOSIS	fdr	0.1	182	45	40	45	52	225	53	57	60	55
C3_STOMACH_WIDE	fdr	0.1	213	48	52	60	53	234	52	64	54	64
E4_THYROIDNASOTH	fdr	0.2	382	121	96	78	87	381	114	114	79	74
H8_MASTCHRON	fdr	0.2	432	92	104	117	119	455	112	129	106	108
O15_EXCESS_VOMIT_PREG	fdr	0.2	594	147	167	148	132	636	189	178	146	123
L12_NAIL_GRYPHOSIS	fdr	0.2	381	102	95	85	99	494	119	126	128	121
C3_STOMACH_WIDE	fdr	0.2	460	104	125	121	110	519	115	135	128	141
H8_MASTNAS	nominal	0.05	1088	273	313	255	247	1138	234	255	330	319
L12_NAIL_INGROW	nominal	0.05	1149	297	293	286	273	1175	287	311	280	297
O15_EXIST_HYPERT_COMPLIC	nominal	0.05	1355	326	348	338	343	1377	324	385	345	323
C3_TESTIS_NONSEMINOMA_WIDE	nominal	0.05	1169	277	294	303	295	1195	294	281	326	294
E4_THYROTROPIN_DEFICIENCY	nominal	0.05	1097	253	262	298	284	1152	298	281	288	285
L12_NAIL_INGROW	fdr	0.05	166	50	39	40	37	155	34	36	46	39
O15_EXIST_HYPERT_COMPLIC	fdr	0.05	249	68	71	58	52	203	55	62	34	52
H8_MASTNAS	fdr	0.05	108	26	30	22	30	111	18	21	34	38
E4_THYROTROPIN_DEFICIENCY	fdr	0.05	113	23	22	34	34	137	37	43	31	26
C3_TESTIS_NONSEMINOMA_WIDE	fdr	0.05	178	37	30	49	62	150	33	30	43	44
L12_NAIL_INGROW	fdr	0.1	282	81	71	66	64	269	70	64	72	63
H8_MASTNAS	fdr	0.1	211	47	66	42	56	214	35	43	73	63
C3_TESTIS_NONSEMINOMA_WIDE	fdr	0.1	300	66	58	93	83	281	62	68	81	70
O15_EXIST_HYPERT_COMPLIC	fdr	0.1	398	99	106	99	94	371	88	115	76	92
E4_THYROTROPIN_DEFICIENCY	fdr	0.1	208	47	42	56	63	225	58	65	56	46
H8_MASTNAS	fdr	0.2	451	120	127	98	106	460	95	89	138	138
L12_NAIL_INGROW	fdr	0.2	553	150	146	141	116	553	135	145	136	137
O15_EXIST_HYPERT_COMPLIC	fdr	0.2	734	181	191	186	176	769	188	222	180	179
C3_TESTIS_NONSEMINOMA_WIDE	fdr	0.2	562	132	125	158	147	561	135	128	155	143
E4_THYROTROPIN_DEFICIENCY	fdr	0.2	469	97	105	138	129	492	114	136	129	113
O15_FAILED_INDUCT	nominal	0.05	1101	255	283	274	289	1158	296	325	288	249
C3_TESTIS_SEMINOMA_WIDE	nominal	0.05	1165	288	303	286	288	1134	271	287	296	280
H8_MED_SUPP	nominal	0.05	1261	333	326	277	325	1226	323	346	282	275
E4_THYTOXFAC	nominal	0.05	1216	277	299	315	325	1116	283	315	264	254
L12_NAIL_LYSIS	nominal	0.05	1152	286	305	271	290	1130	253	248	324	305
C3_TESTIS_SEMINOMA_WIDE	fdr	0.05	123	29	33	27	34	152	39	43	33	37
H8_MED_SUPP	fdr	0.05	183	51	39	39	54	203	52	47	44	60
O15_FAILED_INDUCT	fdr	0.05	133	28	30	36	39	137	39	46	30	22
E4_THYTOXFAC	fdr	0.05	140	39	27	38	36	141	39	46	24	32
L12_NAIL_LYSIS	fdr	0.05	183	57	45	40	41	137	35	30	35	37
C3_TESTIS_SEMINOMA_WIDE	fdr	0.1	227	55	61	48	63	273	63	81	68	61
H8_MED_SUPP	fdr	0.1	296	79	70	66	81	310	73	79	77	81
O15_FAILED_INDUCT	fdr	0.1	220	53	50	52	65	241	58	77	61	45
E4_THYTOXFAC	fdr	0.1	237	72	48	57	60	247	59	77	54	57
L12_NAIL_LYSIS	fdr	0.1	270	76	67	65	62	244	53	57	72	62
C3_TESTIS_SEMINOMA_WIDE	fdr	0.2	529	135	131	127	136	549	139	145	144	121
H8_MED_SUPP	fdr	0.2	594	169	143	124	158	625	153	178	143	151
O15_FAILED_INDUCT	fdr	0.2	469	112	119	110	128	528	138	157	135	98
E4_THYTOXFAC	fdr	0.2	514	124	116	139	135	508	125	147	115	121
L12_NAIL_LYSIS	fdr	0.2	501	124	129	126	122	528	122	115	159	132
L12_NECROLIPOIDIC	nominal	0.05	1124	244	250	295	335	1178	271	302	293	312
E4_THYTOXGOITDIF	nominal	0.05	1470	375	393	340	362	1431	337	381	352	361
O15_FALSE_LAB	nominal	0.05	1270	386	403	220	261	1413	441	440	265	267
C3_TESTIS_WIDE	nominal	0.05	1116	270	290	279	277	1144	286	287	304	267
H8_MENIERE	nominal	0.05	1110	290	295	266	259	1250	314	354	310	272
O15_FALSE_LAB	fdr	0.05	215	76	60	36	43	281	103	84	41	53
C3_TESTIS_WIDE	fdr	0.05	108	27	19	27	35	129	23	29	39	38
E4_THYTOXGOITDIF	fdr	0.05	239	67	71	48	53	242	43	64	55	80
L12_NECROLIPOIDIC	fdr	0.05	121	33	29	24	35	136	28	30	34	44
H8_MENIERE	fdr	0.05	114	44	36	14	20	160	45	45	31	39
O15_FALSE_LAB	fdr	0.1	343	103	102	60	78	422	134	147	72	69
C3_TESTIS_WIDE	fdr	0.1	199	47	48	50	54	237	50	61	61	65
E4_THYTOXGOITDIF	fdr	0.1	411	116	117	82	96	387	79	109	89	110
L12_NECROLIPOIDIC	fdr	0.1	225	53	55	50	67	261	51	70	65	75
H8_MENIERE	fdr	0.1	206	64	67	37	38	285	72	83	59	71
E4_THYTOXGOITDIF	fdr	0.2	826	223	229	181	193	832	193	225	204	210
O15_FALSE_LAB	fdr	0.2	645	206	198	106	135	769	241	256	139	133
C3_TESTIS_WIDE	fdr	0.2	442	97	113	124	108	488	116	123	124	125
L12_NECROLIPOIDIC	fdr	0.2	472	99	107	130	136	521	108	147	132	134
H8_MENIERE	fdr	0.2	472	128	133	106	105	583	150	162	139	132
E4_THYTOXGOITMULT	nominal	0.05	1248	328	326	276	318	1209	276	309	301	323
O15_GESTAT_HYPERT	nominal	0.05	1435	362	327	363	383	1421	349	388	343	341
H8_MIDDLEADDH	nominal	0.05	1146	329	299	256	262	1144	295	326	282	241
L12_NONIONRADISKINNAS	nominal	0.05	1128	256	278	283	311	1163	269	290	318	286
C3_THYMUS_WIDE	nominal	0.05	1088	234	265	306	283	1105	279	298	247	281
O15_GESTAT_HYPERT	fdr	0.05	269	85	60	57	67	250	77	67	53	53
H8_MIDDLEADDH	fdr	0.05	149	39	44	28	38	142	43	33	36	30
L12_NONIONRADISKINNAS	fdr	0.05	98	27	16	27	28	140	39	39	32	30
C3_THYMUS_WIDE	fdr	0.05	126	26	33	29	38	123	24	34	24	41
E4_THYTOXGOITMULT	fdr	0.05	183	70	47	29	37	154	29	37	41	47
O15_GESTAT_HYPERT	fdr	0.1	433	117	100	107	109	418	117	116	91	94
H8_MIDDLEADDH	fdr	0.1	251	71	71	56	53	225	64	61	53	47
C3_THYMUS_WIDE	fdr	0.1	203	39	49	59	56	204	40	56	46	62
E4_THYTOXGOITMULT	fdr	0.1	314	107	84	52	71	278	55	81	70	72
L12_NONIONRADISKINNAS	fdr	0.1	189	46	37	54	52	233	63	50	67	53
E4_THYTOXGOITMULT	fdr	0.2	597	170	148	129	150	589	129	147	148	165
O15_GESTAT_HYPERT	fdr	0.2	801	209	181	209	202	813	203	230	198	182
H8_MIDDLEADDH	fdr	0.2	512	153	139	116	104	489	130	142	120	97
L12_NONIONRADISKINNAS	fdr	0.2	409	93	96	106	114	502	121	118	140	123
C3_THYMUS_WIDE	fdr	0.2	440	85	101	125	129	465	121	125	91	128
E4_THYTOXNOD	nominal	0.05	1045	280	276	245	244	1032	255	288	245	244
O15_GESTAT_OEDEM_PREINUR	nominal	0.05	1114	309	267	271	267	1220	269	324	317	310
C3_THYROID_FOLLICULAR_WIDE	nominal	0.05	1122	325	299	253	245	1108	277	319	247	265
H8_MIDDLEMASTOID	nominal	0.05	1410	358	371	326	355	1370	359	375	335	301
L12_OTHACUSKINSUN	nominal	0.05	1045	243	269	259	274	1061	251	289	276	245
H8_MIDDLEMASTOID	fdr	0.05	245	68	47	55	75	251	69	47	60	75
E4_THYTOXNOD	fdr	0.05	100	30	22	21	27	108	27	30	20	31
L12_OTHACUSKINSUN	fdr	0.05	107	26	24	27	30	113	23	35	24	31
O15_GESTAT_OEDEM_PREINUR	fdr	0.05	136	41	35	25	35	158	28	40	40	50
C3_THYROID_FOLLICULAR_WIDE	fdr	0.05	152	63	46	20	23	127	26	48	24	29
O15_GESTAT_OEDEM_PREINUR	fdr	0.1	223	69	52	56	46	264	49	60	74	81
C3_THYROID_FOLLICULAR_WIDE	fdr	0.1	247	89	78	34	46	224	51	90	39	44
E4_THYTOXNOD	fdr	0.1	185	51	46	40	48	198	53	57	39	49
H8_MIDDLEMASTOID	fdr	0.1	387	106	85	86	110	413	108	94	110	101
L12_OTHACUSKINSUN	fdr	0.1	205	49	47	49	60	199	43	60	47	49
H8_MIDDLEMASTOID	fdr	0.2	723	196	170	173	184	763	202	199	195	167
O15_GESTAT_OEDEM_PREINUR	fdr	0.2	480	141	115	121	103	566	111	144	157	154
C3_THYROID_FOLLICULAR_WIDE	fdr	0.2	486	165	144	84	93	477	114	155	104	104
E4_THYTOXNOD	fdr	0.2	416	114	117	90	95	433	112	118	96	107
L12_OTHACUSKINSUN	fdr	0.2	412	102	100	102	108	443	111	129	103	100
C3_THYROID_GLAND_WIDE	nominal	0.05	1252	365	362	274	251	1296	317	320	321	338
E4_VIT_A_DEF	nominal	0.05	1057	258	291	250	258	1020	259	306	230	225
O15_HAEMORRH_EARLY_PREG	nominal	0.05	1089	288	315	244	242	1202	351	367	246	238
H8_MIDDMASTNAS	nominal	0.05	1138	258	273	298	309	1194	284	310	309	291
L12_OTHACUSKINSUNNAS	nominal	0.05	1026	248	249	264	265	1059	245	273	272	269
H8_MIDDMASTNAS	fdr	0.05	135	31	34	31	39	153	29	34	47	43
O15_HAEMORRH_EARLY_PREG	fdr	0.05	110	25	32	24	29	148	53	44	22	29
C3_THYROID_GLAND_WIDE	fdr	0.05	216	79	62	39	36	186	42	41	44	59
L12_OTHACUSKINSUNNAS	fdr	0.05	127	42	28	27	30	124	23	30	35	36
E4_VIT_A_DEF	fdr	0.05	90	25	26	17	22	99	26	40	13	20
H8_MIDDMASTNAS	fdr	0.1	242	54	49	62	77	277	60	66	87	64
E4_VIT_A_DEF	fdr	0.1	178	51	51	31	45	169	47	55	33	34
O15_HAEMORRH_EARLY_PREG	fdr	0.1	186	48	58	36	44	245	75	75	47	48
L12_OTHACUSKINSUNNAS	fdr	0.1	220	64	47	50	59	224	45	56	69	54
C3_THYROID_GLAND_WIDE	fdr	0.1	331	110	96	63	62	310	70	82	73	85
O15_HAEMORRH_EARLY_PREG	fdr	0.2	459	121	144	91	103	566	172	184	113	97
H8_MIDDMASTNAS	fdr	0.2	475	104	104	121	146	551	121	140	161	129
E4_VIT_A_DEF	fdr	0.2	414	111	113	87	103	395	104	113	81	97
C3_THYROID_GLAND_WIDE	fdr	0.2	634	186	194	133	121	619	146	152	158	163
L12_OTHACUSKINSUNNAS	fdr	0.2	438	107	94	117	120	460	111	109	127	113
C3_THYROID_MEDULLARY_WIDE	nominal	0.05	1107	277	260	295	275	1180	278	276	328	298
H8_MYRINGACU	nominal	0.05	1092	230	255	295	312	1137	298	325	272	242
L12_OTHERBULL	nominal	0.05	1114	258	271	279	306	1137	283	309	262	283
O15_HYPTENSPREG	nominal	0.05	1509	403	357	388	361	1507	383	387	366	371
E4_VIT_B_DEF	nominal	0.05	1173	308	288	303	274	1149	266	272	325	286
H8_MYRINGACU	fdr	0.05	99	25	18	29	27	109	41	25	21	22
O15_HYPTENSPREG	fdr	0.05	308	93	77	65	73	311	94	71	73	73
C3_THYROID_MEDULLARY_WIDE	fdr	0.05	110	30	30	25	25	119	25	19	29	46
L12_OTHERBULL	fdr	0.05	102	24	15	32	31	121	36	24	30	31
E4_VIT_B_DEF	fdr	0.05	129	34	32	29	34	131	26	34	36	35
C3_THYROID_MEDULLARY_WIDE	fdr	0.1	210	55	51	53	51	225	46	40	65	74
H8_MYRINGACU	fdr	0.1	185	41	37	53	54	200	61	55	44	40
O15_HYPTENSPREG	fdr	0.1	481	136	113	121	111	494	137	125	115	117
L12_OTHERBULL	fdr	0.1	190	47	33	56	54	233	63	48	59	63
E4_VIT_B_DEF	fdr	0.1	229	59	54	58	58	211	40	60	58	53
C3_THYROID_MEDULLARY_WIDE	fdr	0.2	443	111	108	120	104	503	109	109	146	139
H8_MYRINGACU	fdr	0.2	396	81	83	112	120	452	122	127	107	96
L12_OTHERBULL	fdr	0.2	437	100	109	113	115	498	121	139	117	121
O15_HYPTENSPREG	fdr	0.2	888	240	205	236	207	926	238	246	224	218
E4_VIT_B_DEF	fdr	0.2	515	137	126	133	119	494	112	131	131	120
C3_THYROID_PAPILLARY_ADENO	nominal	0.05	1282	356	329	304	293	1289	311	300	360	318
L12_OTHERCONTACT	nominal	0.05	1260	348	365	267	280	1254	274	316	344	320
H8_MYRINGCHRON	nominal	0.05	1195	341	296	281	277	1163	241	271	332	319
O15_ICP_EXMORE	nominal	0.05	1265	284	297	333	351	1243	316	324	315	288
E4_VIT_D_DEF	nominal	0.05	1107	288	264	291	264	1130	282	264	285	299
H8_MYRINGCHRON	fdr	0.05	174	48	66	31	29	173	28	27	59	59
C3_THYROID_PAPILLARY_ADENO	fdr	0.05	241	84	65	45	47	181	46	40	48	47
L12_OTHERCONTACT	fdr	0.05	172	63	49	30	30	168	39	39	42	48
O15_ICP_EXMORE	fdr	0.05	199	37	43	54	65	182	52	49	43	38
E4_VIT_D_DEF	fdr	0.05	114	33	34	21	26	122	36	26	23	37
L12_OTHERCONTACT	fdr	0.1	312	87	95	59	71	288	62	74	70	82
H8_MYRINGCHRON	fdr	0.1	294	79	94	57	64	268	43	53	89	83
O15_ICP_EXMORE	fdr	0.1	319	65	70	90	94	309	75	88	77	69
C3_THYROID_PAPILLARY_ADENO	fdr	0.1	372	116	101	79	76	310	75	69	86	80
E4_VIT_D_DEF	fdr	0.1	223	60	55	51	57	231	57	52	54	68
C3_THYROID_PAPILLARY_ADENO	fdr	0.2	666	195	175	151	145	650	166	140	182	162
L12_OTHERCONTACT	fdr	0.2	639	189	183	126	141	591	128	156	155	152
H8_MYRINGCHRON	fdr	0.2	558	162	147	131	118	537	103	116	164	154
O15_ICP_EXMORE	fdr	0.2	616	127	133	173	183	625	157	167	157	144
E4_VIT_D_DEF	fdr	0.2	482	130	119	113	120	509	122	124	124	139
E4_VOLUME	nominal	0.05	1213	286	266	335	326	1152	282	267	333	270
H8_MYRINGNAS	nominal	0.05	1116	275	293	277	271	1141	263	319	284	275
L12_OTHERDISSKINANDSUBCUTIS	nominal	0.05	1184	353	321	235	275	1136	301	296	291	248
C3_TONGUE_WIDE	nominal	0.05	1070	293	279	245	253	1091	266	294	288	243
O15_ICP_WIDE	nominal	0.05	1266	288	297	331	350	1286	313	346	318	309
E4_VOLUME	fdr	0.05	161	41	26	54	40	198	47	50	58	43
H8_MYRINGNAS	fdr	0.05	128	33	22	37	36	135	29	26	43	37
C3_TONGUE_WIDE	fdr	0.05	115	41	41	13	20	134	37	31	31	35
O15_ICP_WIDE	fdr	0.05	224	40	56	58	70	201	45	60	43	53
L12_OTHERDISSKINANDSUBCUTIS	fdr	0.05	159	49	50	34	26	134	35	30	40	29
E4_VOLUME	fdr	0.1	273	59	52	93	69	303	82	70	85	66
L12_OTHERDISSKINANDSUBCUTIS	fdr	0.1	255	77	88	43	47	226	58	58	64	46
H8_MYRINGNAS	fdr	0.1	222	55	46	58	63	252	50	56	80	66
O15_ICP_WIDE	fdr	0.1	351	67	82	94	108	340	71	101	80	88
C3_TONGUE_WIDE	fdr	0.1	190	60	63	30	37	207	58	52	49	48
E4_VOLUME	fdr	0.2	520	115	108	159	138	532	133	131	149	119
H8_MYRINGNAS	fdr	0.2	469	117	110	124	118	518	113	135	146	124
L12_OTHERDISSKINANDSUBCUTIS	fdr	0.2	515	150	163	102	100	520	131	138	135	116
O15_ICP_WIDE	fdr	0.2	681	147	153	184	197	687	168	188	169	162
C3_TONGUE_WIDE	fdr	0.2	414	116	117	88	93	439	113	125	111	90
EHEC	nominal	0.05	1073	254	255	288	276	1043	249	265	277	252
H8_NOISEINNER	nominal	0.05	1173	274	277	291	331	1161	287	301	301	272
O15_ICP_WIDE_EXMORE	nominal	0.05	1273	284	291	343	355	1279	292	337	331	319
L12_OTHERINFILTRATIVESKIN	nominal	0.05	1114	278	266	275	295	1107	288	255	289	275
C3_TONSIL	nominal	0.05	1153	302	284	282	285	1209	295	300	335	279
EHEC	fdr	0.05	120	26	28	33	33	117	29	20	25	43
C3_TONSIL	fdr	0.05	119	35	42	18	24	168	43	41	44	40
L12_OTHERINFILTRATIVESKIN	fdr	0.05	141	21	23	39	58	108	29	26	23	30
O15_ICP_WIDE_EXMORE	fdr	0.05	228	41	56	58	73	202	45	58	47	52
H8_NOISEINNER	fdr	0.05	186	32	35	51	68	163	47	51	33	32
H8_NOISEINNER	fdr	0.1	289	59	58	74	98	266	75	80	58	53
EHEC	fdr	0.1	200	43	46	58	53	216	52	50	54	60
C3_TONSIL	fdr	0.1	205	62	65	33	45	268	60	69	80	59
L12_OTHERINFILTRATIVESKIN	fdr	0.1	241	54	42	63	82	207	57	53	51	46
O15_ICP_WIDE_EXMORE	fdr	0.1	361	64	87	102	108	342	69	96	84	93
H8_NOISEINNER	fdr	0.2	535	112	118	138	167	526	133	144	128	121
O15_ICP_WIDE_EXMORE	fdr	0.2	680	139	149	195	197	678	156	182	177	163
EHEC	fdr	0.2	437	103	103	121	110	441	105	116	108	112
C3_TONSIL	fdr	0.2	471	131	129	89	122	546	124	135	166	121
L12_OTHERINFILTRATIVESKIN	fdr	0.2	482	116	107	121	138	460	121	106	115	118
H8_NONSUPPNAS	nominal	0.05	1301	340	330	301	330	1321	326	350	322	323
L12_OTHERMELANIN	nominal	0.05	1134	274	289	271	300	1104	255	295	278	276
O15_LABOUR_ABNORM_FORCES	nominal	0.05	1137	310	314	255	258	1138	261	282	297	298
C3_TONSIL_BASEOFTONGUE	nominal	0.05	1146	293	287	279	287	1139	289	294	293	263
ENTEROPATH_E_COLI	nominal	0.05	1208	306	301	287	314	1135	273	297	282	283
O15_LABOUR_ABNORM_FORCES	fdr	0.05	99	42	32	12	13	104	28	19	29	28
L12_OTHERMELANIN	fdr	0.05	121	39	32	28	22	163	44	41	41	37
H8_NONSUPPNAS	fdr	0.05	189	50	38	50	51	213	52	55	54	52
ENTEROPATH_E_COLI	fdr	0.05	153	32	39	36	46	128	38	30	25	35
C3_TONSIL_BASEOFTONGUE	fdr	0.05	122	39	41	24	18	146	42	38	36	30
O15_LABOUR_ABNORM_FORCES	fdr	0.1	197	65	57	34	41	205	45	45	58	57
L12_OTHERMELANIN	fdr	0.1	226	63	62	42	59	274	61	80	65	68
H8_NONSUPPNAS	fdr	0.1	323	79	69	86	89	353	90	95	91	77
ENTEROPATH_E_COLI	fdr	0.1	265	62	66	63	74	243	61	75	52	55
C3_TONSIL_BASEOFTONGUE	fdr	0.1	224	61	71	43	49	261	72	66	73	50
O15_LABOUR_ABNORM_FORCES	fdr	0.2	441	130	129	89	93	455	101	109	125	120
H8_NONSUPPNAS	fdr	0.2	628	170	139	161	158	689	175	182	177	155
L12_OTHERMELANIN	fdr	0.2	484	120	124	112	128	511	112	144	129	126
ENTEROPATH_E_COLI	fdr	0.2	548	137	138	127	146	529	135	148	126	120
C3_TONSIL_BASEOFTONGUE	fdr	0.2	486	117	145	100	124	515	128	127	143	117
EOSINOPHIL_DISEASE	nominal	0.05	1141	259	260	307	315	1155	283	311	266	295
H8_OSSICABN	nominal	0.05	1049	219	236	287	307	1098	278	314	250	256
L12_OTHERSKINSUBCUTIS	nominal	0.05	1268	323	379	278	288	1219	309	319	299	292
O15_LABOUR_ANEST_COMPLIC	nominal	0.05	1185	332	342	250	261	1156	316	303	278	259
C3_TONSIL_BASEOFTONGUE_WIDE	nominal	0.05	1101	283	283	259	276	1150	289	279	314	268
H8_OSSICABN	fdr	0.05	96	18	22	20	36	96	29	35	16	16
C3_TONSIL_BASEOFTONGUE_WIDE	fdr	0.05	111	33	40	15	23	138	40	32	38	28
O15_LABOUR_ANEST_COMPLIC	fdr	0.05	176	55	52	34	35	172	48	47	38	39
EOSINOPHIL_DISEASE	fdr	0.05	155	33	35	46	41	152	50	54	26	22
L12_OTHERSKINSUBCUTIS	fdr	0.05	157	42	67	21	27	155	39	32	42	42
H8_OSSICABN	fdr	0.1	178	36	35	45	62	192	50	67	41	34
L12_OTHERSKINSUBCUTIS	fdr	0.1	273	76	103	44	50	270	65	66	73	66
EOSINOPHIL_DISEASE	fdr	0.1	256	55	58	72	71	271	76	96	52	47
C3_TONSIL_BASEOFTONGUE_WIDE	fdr	0.1	205	52	79	33	41	241	63	60	65	53
O15_LABOUR_ANEST_COMPLIC	fdr	0.1	275	83	75	58	59	276	77	76	65	58
H8_OSSICABN	fdr	0.2	415	81	87	122	125	457	125	127	103	102
L12_OTHERSKINSUBCUTIS	fdr	0.2	576	151	196	106	123	595	150	153	147	145
EOSINOPHIL_DISEASE	fdr	0.2	513	112	123	137	141	535	139	159	129	108
C3_TONSIL_BASEOFTONGUE_WIDE	fdr	0.2	472	119	142	100	111	495	121	127	143	104
O15_LABOUR_ANEST_COMPLIC	fdr	0.2	547	153	151	116	127	537	148	135	130	124
EPILEPTIC_SEIZU_RELATED_DRUGS	nominal	0.05	1009	243	245	254	267	1109	281	297	270	261
L12_OTHPIGMENTATION	nominal	0.05	989	246	254	218	271	1029	231	283	247	268
O15_LABOUR_FETAL_STRESS	nominal	0.05	1215	320	342	279	274	1300	371	379	286	264
C3_UNCERTAIN_SECONDARY	nominal	0.05	1181	281	254	324	322	1270	276	297	357	340
H8_OTALGIA	nominal	0.05	1082	289	294	266	233	1105	273	278	277	277
EPILEPTIC_SEIZU_RELATED_DRUGS	fdr	0.05	111	37	30	17	27	135	36	50	26	23
H8_OTALGIA	fdr	0.05	136	39	39	34	24	144	33	25	40	46
O15_LABOUR_FETAL_STRESS	fdr	0.05	150	51	46	25	28	155	53	35	29	38
C3_UNCERTAIN_SECONDARY	fdr	0.05	118	27	17	35	39	144	37	29	43	35
L12_OTHPIGMENTATION	fdr	0.05	72	21	17	16	18	109	23	34	24	28
EPILEPTIC_SEIZU_RELATED_DRUGS	fdr	0.1	187	59	44	33	51	222	54	80	47	41
O15_LABOUR_FETAL_STRESS	fdr	0.1	271	81	80	50	60	280	87	81	52	60
H8_OTALGIA	fdr	0.1	229	62	56	61	50	235	59	50	63	63
C3_UNCERTAIN_SECONDARY	fdr	0.1	221	53	39	64	65	292	67	71	87	67
L12_OTHPIGMENTATION	fdr	0.1	145	42	34	31	38	185	37	58	38	52
EPILEPTIC_SEIZU_RELATED_DRUGS	fdr	0.2	391	104	94	93	100	466	120	143	107	96
O15_LABOUR_FETAL_STRESS	fdr	0.2	587	154	172	135	126	672	194	200	149	129
L12_OTHPIGMENTATION	fdr	0.2	373	106	89	78	100	411	89	109	101	112
H8_OTALGIA	fdr	0.2	464	123	120	116	105	480	108	127	128	117
C3_UNCERTAIN_SECONDARY	fdr	0.2	504	127	100	140	137	606	120	147	183	156
C3_URETER_WIDE	nominal	0.05	1101	283	321	246	251	1083	286	314	263	220
L12_PAPULOSQUAMOUS	nominal	0.05	1345	367	390	294	294	1399	383	396	304	316
EPISEIZALCO	nominal	0.05	1039	268	280	243	248	1086	253	283	292	258
O15_LABOUR_INTRAPART_HAEMORRH	nominal	0.05	1071	264	263	285	259	1075	295	290	249	241
H8_OTHEREAR	nominal	0.05	1430	313	383	342	392	1439	355	384	362	338
L12_PAPULOSQUAMOUS	fdr	0.05	214	55	66	44	49	222	64	65	38	55
EPISEIZALCO	fdr	0.05	89	30	21	22	16	99	21	16	37	25
H8_OTHEREAR	fdr	0.05	252	52	64	54	82	254	63	77	59	55
C3_URETER_WIDE	fdr	0.05	104	27	32	24	21	117	39	32	25	21
O15_LABOUR_INTRAPART_HAEMORRH	fdr	0.05	98	25	29	20	24	94	29	29	21	15
C3_URETER_WIDE	fdr	0.1	200	47	64	45	44	210	61	65	44	40
L12_PAPULOSQUAMOUS	fdr	0.1	362	101	113	70	78	383	111	114	68	90
EPISEIZALCO	fdr	0.1	184	55	54	42	33	199	46	41	66	46
H8_OTHEREAR	fdr	0.1	410	90	99	93	128	421	100	121	106	94
O15_LABOUR_INTRAPART_HAEMORRH	fdr	0.1	204	58	54	44	48	192	69	54	36	33
C3_URETER_WIDE	fdr	0.2	431	99	147	89	96	477	135	143	93	106
L12_PAPULOSQUAMOUS	fdr	0.2	750	202	227	164	157	807	226	245	159	177
EPISEIZALCO	fdr	0.2	395	110	113	97	75	459	111	106	142	100
O15_LABOUR_INTRAPART_HAEMORRH	fdr	0.2	435	110	116	109	100	426	132	111	98	85
H8_OTHEREAR	fdr	0.2	799	166	215	189	229	828	202	230	208	188
H8_OTHHEARINGLOSS	nominal	0.05	1294	309	341	308	336	1338	320	352	337	329
O15_LABOUR_LONG	nominal	0.05	1250	344	369	268	269	1302	337	403	290	272
ERECTILE_DYSFUNCTION	nominal	0.05	1221	327	299	306	289	1214	308	302	325	279
C3_URINARY_TRACT	nominal	0.05	1201	282	283	332	304	1253	300	303	324	326
L12_PAPULOSQUAOTH	nominal	0.05	1143	306	289	278	270	1179	294	319	273	293
ERECTILE_DYSFUNCTION	fdr	0.05	147	49	33	29	36	115	30	24	29	32
O15_LABOUR_LONG	fdr	0.05	160	54	61	16	29	162	43	55	31	33
C3_URINARY_TRACT	fdr	0.05	147	37	41	32	37	161	41	37	45	38
H8_OTHHEARINGLOSS	fdr	0.05	194	50	44	40	60	199	45	59	45	50
L12_PAPULOSQUAOTH	fdr	0.05	121	35	23	36	27	133	37	38	24	34
H8_OTHHEARINGLOSS	fdr	0.1	328	76	83	72	97	352	76	101	85	90
O15_LABOUR_LONG	fdr	0.1	275	83	100	37	55	307	74	110	66	57
ERECTILE_DYSFUNCTION	fdr	0.1	266	70	73	59	64	225	53	50	64	58
L12_PAPULOSQUAOTH	fdr	0.1	221	65	45	59	52	245	64	69	57	55
C3_URINARY_TRACT	fdr	0.1	268	67	64	75	62	289	74	67	80	68
H8_OTHHEARINGLOSS	fdr	0.2	655	142	182	154	177	707	161	188	175	183
O15_LABOUR_LONG	fdr	0.2	610	170	188	124	128	672	161	231	149	131
ERECTILE_DYSFUNCTION	fdr	0.2	538	138	141	137	122	540	134	137	151	118
L12_PAPULOSQUAOTH	fdr	0.2	505	130	121	126	128	528	138	131	120	139
C3_URINARY_TRACT	fdr	0.2	562	143	134	156	129	621	149	141	170	161
H8_OTIMEDNAS	nominal	0.05	1161	318	295	267	281	1161	276	307	288	290
O15_LABOUR_MALPOS	nominal	0.05	1087	289	303	248	247	1127	325	330	266	206
C3_VAGINA_WIDE	nominal	0.05	1001	260	275	233	233	1033	234	255	287	257
EVER_SMOKER	nominal	0.05	1672	500	515	318	339	1710	467	525	352	366
L12_PAPULOSQUONAS	nominal	0.05	1184	314	292	287	291	1262	321	327	306	308
EVER_SMOKER	fdr	0.05	356	121	117	56	62	361	107	115	57	82
L12_PAPULOSQUONAS	fdr	0.05	162	44	45	32	41	181	48	39	44	50
H8_OTIMEDNAS	fdr	0.05	141	35	37	37	32	166	37	35	44	50
O15_LABOUR_MALPOS	fdr	0.05	115	39	33	20	23	128	43	42	28	15
C3_VAGINA_WIDE	fdr	0.05	98	24	38	11	25	115	22	19	36	38
H8_OTIMEDNAS	fdr	0.1	234	64	58	55	57	260	61	59	69	71
EVER_SMOKER	fdr	0.1	579	189	191	102	97	577	162	185	107	123
L12_PAPULOSQUONAS	fdr	0.1	261	70	70	63	58	302	79	74	78	71
O15_LABOUR_MALPOS	fdr	0.1	215	73	62	36	44	235	73	72	55	35
C3_VAGINA_WIDE	fdr	0.1	179	51	64	26	38	204	36	46	68	54
H8_OTIMEDNAS	fdr	0.2	482	139	117	114	112	536	126	137	139	134
EVER_SMOKER	fdr	0.2	1031	329	335	184	183	1114	307	357	222	228
L12_PAPULOSQUONAS	fdr	0.2	551	145	148	131	127	624	156	163	150	155
O15_LABOUR_MALPOS	fdr	0.2	436	129	129	78	100	493	149	151	109	84
C3_VAGINA_WIDE	fdr	0.2	404	105	129	84	86	449	89	107	145	108
C3_VULVA_WIDE	nominal	0.05	1016	250	269	225	272	1107	243	249	325	290
L12_PARAPSORI	nominal	0.05	1043	252	232	279	280	987	244	237	272	234
H8_OTORRHAGIA	nominal	0.05	1116	255	264	302	295	1103	302	286	267	248
F5_ADHD	nominal	0.05	1324	344	376	283	321	1298	339	416	258	285
O15_LABOUR_OBSTR_OTHER	nominal	0.05	1119	289	270	276	284	1158	334	356	239	229
L12_PARAPSORI	fdr	0.05	77	18	9	27	23	84	24	14	22	24
C3_VULVA_WIDE	fdr	0.05	128	33	41	28	26	116	25	21	42	28
H8_OTORRHAGIA	fdr	0.05	168	39	19	55	55	136	42	28	37	29
F5_ADHD	fdr	0.05	200	63	52	40	45	210	62	76	33	39
O15_LABOUR_OBSTR_OTHER	fdr	0.05	174	58	44	33	39	148	49	45	24	30
L12_PARAPSORI	fdr	0.1	156	35	30	43	48	163	34	37	46	46
F5_ADHD	fdr	0.1	316	96	84	62	74	329	94	108	63	64
H8_OTORRHAGIA	fdr	0.1	256	60	37	74	85	231	60	51	68	52
O15_LABOUR_OBSTR_OTHER	fdr	0.1	274	78	69	60	67	249	75	80	45	49
C3_VULVA_WIDE	fdr	0.1	210	48	62	44	56	209	46	39	71	53
C3_VULVA_WIDE	fdr	0.2	428	111	113	93	111	452	99	88	146	119
L12_PARAPSORI	fdr	0.2	385	87	80	110	108	386	99	85	110	92
F5_ADHD	fdr	0.2	671	188	180	138	165	666	173	217	141	135
H8_OTORRHAGIA	fdr	0.2	489	109	101	129	150	494	140	129	124	101
O15_LABOUR_OBSTR_OTHER	fdr	0.2	515	135	130	114	136	540	152	172	106	110
H8_OTORRHOEA	nominal	0.05	1070	270	269	274	257	1151	266	323	287	275
C3_WILMS_TUMOR_WIDE	nominal	0.05	1030	255	249	270	256	1136	230	278	339	289
F5_AGORAPHOBIA	nominal	0.05	1123	310	297	259	257	1144	314	306	279	245
L12_PARAPSO_PITYLICHCHRON	nominal	0.05	1047	248	255	277	267	1011	271	238	271	231
O15_LABOUR_OTHER	nominal	0.05	1073	288	273	279	233	1086	271	281	273	261
H8_OTORRHOEA	fdr	0.05	106	27	30	23	26	130	29	34	28	39
L12_PARAPSO_PITYLICHCHRON	fdr	0.05	101	18	17	40	26	86	26	21	21	18
O15_LABOUR_OTHER	fdr	0.05	108	22	34	25	27	112	31	25	33	23
C3_WILMS_TUMOR_WIDE	fdr	0.05	124	30	37	27	30	167	33	35	56	43
F5_AGORAPHOBIA	fdr	0.05	142	32	42	35	33	133	39	32	33	29
H8_OTORRHOEA	fdr	0.1	209	49	60	54	46	241	52	69	63	57
O15_LABOUR_OTHER	fdr	0.1	202	46	57	51	48	203	51	55	57	40
L12_PARAPSO_PITYLICHCHRON	fdr	0.1	180	34	35	60	51	165	45	37	46	37
C3_WILMS_TUMOR_WIDE	fdr	0.1	206	49	51	48	58	284	60	55	97	72
F5_AGORAPHOBIA	fdr	0.1	210	52	60	49	49	222	68	54	56	44
H8_OTORRHOEA	fdr	0.2	431	105	107	114	105	498	118	140	131	109
C3_WILMS_TUMOR_WIDE	fdr	0.2	432	106	116	113	97	556	113	129	170	144
F5_AGORAPHOBIA	fdr	0.2	473	139	113	109	112	502	143	144	119	96
L12_PARAPSO_PITYLICHCHRON	fdr	0.2	438	92	95	125	126	400	107	85	112	96
O15_LABOUR_OTHER	fdr	0.2	449	106	129	112	102	462	112	130	131	89
L12_PARAPSO_PITYLICHETVARACUT	nominal	0.05	1135	279	319	252	285	1072	235	270	271	296
CAMPYLOENTERITIS	nominal	0.05	1056	275	256	266	259	1133	270	308	273	282
H8_OTOSCLE	nominal	0.05	1438	307	335	380	416	1452	329	387	380	356
F5_ALCOHOLAC	nominal	0.05	1469	422	410	320	317	1451	418	411	311	311
O15_LABOUR_PELVIC_ABNORM	nominal	0.05	1292	316	334	282	360	1312	335	375	281	321
H8_OTOSCLE	fdr	0.05	267	45	52	81	89	229	60	60	51	58
F5_ALCOHOLAC	fdr	0.05	267	95	83	46	43	228	70	68	50	40
L12_PARAPSO_PITYLICHETVARACUT	fdr	0.05	123	26	33	33	31	119	22	28	44	25
O15_LABOUR_PELVIC_ABNORM	fdr	0.05	189	55	48	37	49	162	41	46	33	42
CAMPYLOENTERITIS	fdr	0.05	108	30	28	27	23	107	28	35	18	26
H8_OTOSCLE	fdr	0.1	440	80	102	128	130	405	98	116	102	89
F5_ALCOHOLAC	fdr	0.1	434	144	121	90	79	421	124	119	103	75
L12_PARAPSO_PITYLICHETVARACUT	fdr	0.1	208	44	58	54	52	213	38	55	66	54
O15_LABOUR_PELVIC_ABNORM	fdr	0.1	324	90	80	63	91	295	68	95	61	71
CAMPYLOENTERITIS	fdr	0.1	185	46	46	45	48	214	51	67	45	51
CAMPYLOENTERITIS	fdr	0.2	429	96	103	108	122	493	99	155	108	131
H8_OTOSCLE	fdr	0.2	813	173	203	204	233	802	179	217	216	190
F5_ALCOHOLAC	fdr	0.2	796	246	240	158	152	827	245	244	174	164
L12_PARAPSO_PITYLICHETVARACUT	fdr	0.2	468	109	126	117	116	442	91	118	119	114
O15_LABOUR_PELVIC_ABNORM	fdr	0.2	645	164	165	142	174	691	171	212	143	165
CARDIAC_ARRHYTM	nominal	0.05	1693	407	474	391	421	1679	392	421	428	438
L12_PARAPSO_PLAQUE	nominal	0.05	1095	258	276	277	284	1122	267	278	292	285
O15_LABOUR_UMBILICAL	nominal	0.05	964	239	263	219	243	1038	265	259	257	257
F5_ALCOHOL_DEPENDENCE	nominal	0.05	1538	439	434	315	350	1535	408	429	336	362
H8_PERCHRONDR	nominal	0.05	1116	281	277	274	284	1116	256	291	294	275
CARDIAC_ARRHYTM	fdr	0.05	374	98	113	72	91	350	88	92	76	94
L12_PARAPSO_PLAQUE	fdr	0.05	98	26	23	29	20	127	28	30	31	38
O15_LABOUR_UMBILICAL	fdr	0.05	97	27	37	10	23	110	24	28	30	28
F5_ALCOHOL_DEPENDENCE	fdr	0.05	305	110	93	45	57	262	82	59	67	54
H8_PERCHRONDR	fdr	0.05	131	33	20	35	43	151	36	41	40	34
CARDIAC_ARRHYTM	fdr	0.1	580	151	161	129	139	573	136	147	154	136
L12_PARAPSO_PLAQUE	fdr	0.1	203	47	51	53	52	237	51	56	64	66
O15_LABOUR_UMBILICAL	fdr	0.1	171	51	59	23	38	200	48	49	58	45
F5_ALCOHOL_DEPENDENCE	fdr	0.1	455	146	135	79	95	468	126	133	112	97
H8_PERCHRONDR	fdr	0.1	221	53	42	58	68	239	47	67	69	56
CARDIAC_ARRHYTM	fdr	0.2	1031	260	285	239	247	1066	244	286	272	264
L12_PARAPSO_PLAQUE	fdr	0.2	449	101	116	120	112	492	111	123	141	117
O15_LABOUR_UMBILICAL	fdr	0.2	364	103	112	71	78	406	94	104	114	94
F5_ALCOHOL_DEPENDENCE	fdr	0.2	862	251	261	157	193	916	244	257	206	209
H8_PERCHRONDR	fdr	0.2	485	117	115	124	129	515	102	147	143	123
CARDIOMYOPATHY_DRUGS_OTHER_EXTER_AGENTS	nominal	0.05	1106	297	251	286	272	1127	264	271	315	277
F5_ALLANXIOUS	nominal	0.05	1572	431	433	349	359	1618	448	445	371	354
H8_PERFORATION	nominal	0.05	1215	310	321	290	294	1276	335	315	335	291
L12_PARAPSO_RETIFORM	nominal	0.05	1052	261	222	303	266	1122	261	253	337	271
O15_MATERN_CARE	nominal	0.05	1201	368	362	225	246	1193	378	391	208	216
CARDIOMYOPATHY_DRUGS_OTHER_EXTER_AGENTS	fdr	0.05	154	34	29	45	46	168	43	43	36	46
F5_ALLANXIOUS	fdr	0.05	320	116	83	64	57	287	86	72	75	54
O15_MATERN_CARE	fdr	0.05	178	60	43	43	32	168	63	51	25	29
H8_PERFORATION	fdr	0.05	184	57	54	38	35	184	47	31	54	52
L12_PARAPSO_RETIFORM	fdr	0.05	84	20	15	30	19	98	24	19	29	26
CARDIOMYOPATHY_DRUGS_OTHER_EXTER_AGENTS	fdr	0.1	253	60	56	68	69	273	67	69	65	72
F5_ALLANXIOUS	fdr	0.1	498	165	132	96	105	492	142	129	128	93
H8_PERFORATION	fdr	0.1	303	87	86	76	54	317	78	66	95	78
O15_MATERN_CARE	fdr	0.1	299	95	77	67	60	305	112	96	54	43
L12_PARAPSO_RETIFORM	fdr	0.1	166	46	29	56	35	190	41	41	62	46
CARDIOMYOPATHY_DRUGS_OTHER_EXTER_AGENTS	fdr	0.2	484	127	104	128	125	525	125	114	159	127
H8_PERFORATION	fdr	0.2	565	151	158	137	119	637	167	148	182	140
L12_PARAPSO_RETIFORM	fdr	0.2	397	88	80	129	100	447	97	101	135	114
F5_ALLANXIOUS	fdr	0.2	902	274	238	188	202	984	287	274	228	195
O15_MATERN_CARE	fdr	0.2	569	175	174	104	116	598	191	207	101	99
H8_PERIPHVERTIGO	nominal	0.05	1010	246	263	238	263	1072	253	257	281	281
O15_MATERN_CARE_CERVICAL_INCOMPETENCE	nominal	0.05	1151	286	310	266	289	1226	282	335	296	313
L12_PEMPHIGOID_BULL	nominal	0.05	1188	313	273	303	299	1185	297	288	297	303
F5_ALZHDEMENT	nominal	0.05	1462	354	355	374	379	1418	386	376	341	315
CD2_BENIGN	nominal	0.05	1391	349	386	312	344	1457	337	396	353	371
L12_PEMPHIGOID_BULL	fdr	0.05	133	29	27	41	36	164	43	35	43	43
CD2_BENIGN	fdr	0.05	189	63	47	34	45	211	59	43	50	59
F5_ALZHDEMENT	fdr	0.05	248	47	50	75	76	237	72	68	54	43
O15_MATERN_CARE_CERVICAL_INCOMPETENCE	fdr	0.05	144	37	31	33	43	133	36	34	27	36
H8_PERIPHVERTIGO	fdr	0.05	108	27	32	26	23	127	29	27	35	36
L12_PEMPHIGOID_BULL	fdr	0.1	232	54	43	68	67	264	68	63	66	67
H8_PERIPHVERTIGO	fdr	0.1	183	41	57	40	45	223	41	55	64	63
CD2_BENIGN	fdr	0.1	360	105	95	80	80	382	102	90	96	94
F5_ALZHDEMENT	fdr	0.1	420	88	92	122	118	424	122	129	96	77
O15_MATERN_CARE_CERVICAL_INCOMPETENCE	fdr	0.1	233	58	55	53	67	248	61	68	52	67
O15_MATERN_CARE_CERVICAL_INCOMPETENCE	fdr	0.2	505	126	132	120	127	574	134	159	129	152
L12_PEMPHIGOID_BULL	fdr	0.2	478	123	111	116	128	543	137	133	142	131
H8_PERIPHVERTIGO	fdr	0.2	399	98	122	82	97	461	97	113	128	123
F5_ALZHDEMENT	fdr	0.2	775	174	183	206	212	787	215	232	179	161
CD2_BENIGN	fdr	0.2	747	204	213	158	172	798	194	220	192	192
F5_ANAPER	nominal	0.05	1143	286	293	266	298	1206	296	317	314	279
H8_PINNADIS	nominal	0.05	1131	302	306	251	272	1173	272	308	301	292
O15_MATERN_CARE_DISPROP	nominal	0.05	1192	284	313	302	293	1184	307	316	288	273
CD2_BENIGN_ADRENAL	nominal	0.05	1167	268	288	309	302	1171	299	316	285	271
L12_PEMPHIGOID_CICA	nominal	0.05	998	263	235	245	255	1065	259	288	251	267
O15_MATERN_CARE_DISPROP	fdr	0.05	130	38	33	27	32	174	42	48	42	42
CD2_BENIGN_ADRENAL	fdr	0.05	164	35	25	45	59	147	41	44	35	27
F5_ANAPER	fdr	0.05	117	44	24	20	29	144	35	36	37	36
L12_PEMPHIGOID_CICA	fdr	0.05	86	26	23	16	21	103	32	23	26	22
H8_PINNADIS	fdr	0.05	143	48	38	26	31	145	23	31	45	46
O15_MATERN_CARE_DISPROP	fdr	0.1	245	60	59	61	65	269	63	75	68	63
CD2_BENIGN_ADRENAL	fdr	0.1	279	58	49	78	94	246	68	75	65	38
L12_PEMPHIGOID_CICA	fdr	0.1	168	43	43	35	47	190	52	47	54	37
F5_ANAPER	fdr	0.1	214	67	52	42	53	250	56	62	75	57
H8_PINNADIS	fdr	0.1	245	77	67	53	48	260	51	57	81	71
F5_ANAPER	fdr	0.2	503	130	130	107	136	552	132	156	136	128
O15_MATERN_CARE_DISPROP	fdr	0.2	550	130	141	144	135	573	158	152	130	133
CD2_BENIGN_ADRENAL	fdr	0.2	565	121	137	151	156	547	137	164	136	110
H8_PINNADIS	fdr	0.2	487	142	135	110	100	523	101	146	142	134
L12_PEMPHIGOID_CICA	fdr	0.2	391	92	101	90	108	472	115	135	115	107
CD2_BENIGN_ANUS_ANAL_CANAL	nominal	0.05	1110	265	278	281	286	1141	260	290	304	287
L12_PEMPHIGOID_NAS	nominal	0.05	1168	309	278	281	300	1171	305	290	296	280
F5_ANOREX	nominal	0.05	1041	241	260	261	279	1118	256	280	317	265
O15_MATERN_CARE_FETAL_ABNORM	nominal	0.05	1025	251	235	256	283	1129	304	346	254	225
H8_POLYPMIDD	nominal	0.05	1023	269	244	245	265	1045	232	267	288	258
O15_MATERN_CARE_FETAL_ABNORM	fdr	0.05	105	29	27	29	20	129	44	49	18	18
F5_ANOREX	fdr	0.05	119	36	29	28	26	145	24	25	46	50
L12_PEMPHIGOID_NAS	fdr	0.05	135	34	25	30	46	147	46	30	38	33
H8_POLYPMIDD	fdr	0.05	75	21	8	17	29	102	20	22	41	19
CD2_BENIGN_ANUS_ANAL_CANAL	fdr	0.05	100	23	28	22	27	110	30	20	25	35
O15_MATERN_CARE_FETAL_ABNORM	fdr	0.1	185	48	42	50	45	222	72	80	39	31
L12_PEMPHIGOID_NAS	fdr	0.1	249	63	52	59	75	256	71	57	69	59
F5_ANOREX	fdr	0.1	193	53	48	48	44	253	52	55	73	73
H8_POLYPMIDD	fdr	0.1	149	43	23	34	49	188	42	35	70	41
CD2_BENIGN_ANUS_ANAL_CANAL	fdr	0.1	184	48	48	38	50	198	47	39	57	55
L12_PEMPHIGOID_NAS	fdr	0.2	519	134	127	117	141	530	143	128	141	118
F5_ANOREX	fdr	0.2	414	110	90	109	105	487	114	117	136	120
O15_MATERN_CARE_FETAL_ABNORM	fdr	0.2	399	100	93	104	102	487	142	161	95	89
H8_POLYPMIDD	fdr	0.2	361	93	79	93	96	417	82	107	130	98
CD2_BENIGN_ANUS_ANAL_CANAL	fdr	0.2	445	110	108	106	121	465	108	111	127	119
L12_PEMPHIGUS	nominal	0.05	1148	263	297	293	295	1164	276	282	326	280
O15_MATERN_CARE_OTHER	nominal	0.05	1252	344	331	267	310	1293	359	391	297	246
H8_POSTMASTCHOLEASTOMA	nominal	0.05	1036	279	273	231	253	1085	299	314	230	242
F5_ANXIETY	nominal	0.05	1488	393	393	342	360	1520	392	394	369	365
CD2_BENIGN_APPENDIX	nominal	0.05	999	221	239	266	273	1042	226	227	318	271
F5_ANXIETY	fdr	0.05	309	114	81	53	61	304	84	73	77	70
H8_POSTMASTCHOLEASTOMA	fdr	0.05	98	32	29	14	23	118	40	37	21	20
O15_MATERN_CARE_OTHER	fdr	0.05	170	43	41	47	39	169	56	59	31	23
L12_PEMPHIGUS	fdr	0.05	118	26	28	40	24	143	32	28	55	28
CD2_BENIGN_APPENDIX	fdr	0.05	83	23	13	26	21	99	17	15	34	33
L12_PEMPHIGUS	fdr	0.1	206	43	45	67	51	232	49	53	80	50
F5_ANXIETY	fdr	0.1	463	146	132	88	97	483	129	123	126	105
H8_POSTMASTCHOLEASTOMA	fdr	0.1	186	57	50	32	47	201	57	63	41	40
O15_MATERN_CARE_OTHER	fdr	0.1	276	76	62	69	69	311	89	99	68	55
CD2_BENIGN_APPENDIX	fdr	0.1	141	37	23	44	37	190	32	30	77	51
L12_PEMPHIGUS	fdr	0.2	460	96	120	129	115	486	104	121	150	111
F5_ANXIETY	fdr	0.2	829	245	220	175	189	915	246	247	223	199
H8_POSTMASTCHOLEASTOMA	fdr	0.2	408	112	111	86	99	436	127	127	88	94
CD2_BENIGN_APPENDIX	fdr	0.2	359	86	72	108	93	434	91	81	156	106
O15_MATERN_CARE_OTHER	fdr	0.2	579	155	129	144	151	621	174	198	143	106
L12_PEMPHIGUS_NAS	nominal	0.05	1141	237	284	315	305	1182	277	274	337	294
O15_MATERN_CARE_PELVIC_ABNORM	nominal	0.05	1161	314	314	253	280	1169	361	396	206	206
F5_ANXPER	nominal	0.05	1047	271	258	257	261	1076	244	277	288	267
CD2_BENIGN_ASCENDING_COLON	nominal	0.05	1217	280	329	314	294	1267	313	348	294	312
H8_POSTMASTNAS	nominal	0.05	1073	273	257	279	264	1066	286	268	267	245
L12_PEMPHIGUS_NAS	fdr	0.05	139	31	28	45	35	165	39	30	52	44
F5_ANXPER	fdr	0.05	84	24	26	17	17	112	22	23	29	38
H8_POSTMASTNAS	fdr	0.05	114	27	21	26	40	106	27	22	30	27
O15_MATERN_CARE_PELVIC_ABNORM	fdr	0.05	143	38	39	33	33	167	57	56	22	32
CD2_BENIGN_ASCENDING_COLON	fdr	0.05	133	34	37	25	37	170	49	56	30	35
L12_PEMPHIGUS_NAS	fdr	0.1	241	47	57	75	62	274	55	58	88	73
O15_MATERN_CARE_PELVIC_ABNORM	fdr	0.1	252	73	67	53	59	271	86	88	50	47
F5_ANXPER	fdr	0.1	180	54	47	38	41	196	41	51	47	57
H8_POSTMASTNAS	fdr	0.1	209	51	44	57	57	183	48	40	56	39
CD2_BENIGN_ASCENDING_COLON	fdr	0.1	234	59	64	51	60	293	77	87	60	69
L12_PEMPHIGUS_NAS	fdr	0.2	473	103	114	137	119	530	110	117	162	141
O15_MATERN_CARE_PELVIC_ABNORM	fdr	0.2	530	145	151	117	117	555	182	178	100	95
F5_ANXPER	fdr	0.2	386	100	101	92	93	436	95	110	116	115
CD2_BENIGN_ASCENDING_COLON	fdr	0.2	541	129	142	131	139	585	137	165	124	159
H8_POSTMASTNAS	fdr	0.2	440	113	102	107	118	450	115	125	114	96
CD2_BENIGN_BLADDER	nominal	0.05	1117	238	261	285	333	1134	263	279	304	288
L12_PEMPHIGUS_VULG	nominal	0.05	1158	302	308	260	288	1084	261	289	269	265
F5_BEHAVE	nominal	0.05	1345	376	365	306	298	1425	392	368	350	315
O15_MATERN_HYPERT_UNS	nominal	0.05	1163	282	306	305	270	1074	275	280	261	258
H8_POSTOP	nominal	0.05	1055	294	285	218	258	1055	294	274	254	233
O15_MATERN_HYPERT_UNS	fdr	0.05	145	41	41	36	27	129	41	38	27	23
F5_BEHAVE	fdr	0.05	239	83	69	41	46	234	68	58	62	46
H8_POSTOP	fdr	0.05	99	36	35	12	16	122	40	34	25	23
CD2_BENIGN_BLADDER	fdr	0.05	142	23	32	41	46	119	25	30	28	36
L12_PEMPHIGUS_VULG	fdr	0.05	121	42	38	25	16	98	22	28	25	23
F5_BEHAVE	fdr	0.1	379	123	107	75	74	390	109	107	98	76
O15_MATERN_HYPERT_UNS	fdr	0.1	242	60	69	63	50	208	54	63	56	35
H8_POSTOP	fdr	0.1	190	63	60	32	35	214	58	56	59	41
CD2_BENIGN_BLADDER	fdr	0.1	247	44	55	77	71	226	52	55	61	58
L12_PEMPHIGUS_VULG	fdr	0.1	224	69	67	47	41	187	45	52	49	41
F5_BEHAVE	fdr	0.2	700	208	186	152	154	762	215	211	184	152
L12_PEMPHIGUS_VULG	fdr	0.2	506	142	135	111	118	469	109	123	118	119
O15_MATERN_HYPERT_UNS	fdr	0.2	499	118	130	136	115	487	129	130	128	100
H8_POSTOP	fdr	0.2	412	124	121	78	89	426	115	122	103	86
CD2_BENIGN_BLADDER	fdr	0.2	492	96	116	140	140	490	112	122	128	128
CD2_BENIGN_BONE_CARTILAGE	nominal	0.05	1074	255	272	263	284	1004	273	260	228	243
O15_MATERN_INFECT_ELSEWHERE	nominal	0.05	1073	254	318	242	259	1092	249	294	286	263
F5_BEHEMOCHILD	nominal	0.05	1200	314	339	268	279	1243	335	373	259	276
H8_POSTOPNAS	nominal	0.05	1017	243	301	241	232	1082	271	299	258	254
L12_PEMPHIKELA	nominal	0.05	1060	299	292	225	244	1094	281	257	292	264
F5_BEHEMOCHILD	fdr	0.05	176	49	50	38	39	200	48	66	41	45
O15_MATERN_INFECT_ELSEWHERE	fdr	0.05	117	25	29	32	31	142	32	38	35	37
L12_PEMPHIKELA	fdr	0.05	149	42	46	30	31	134	31	27	40	36
CD2_BENIGN_BONE_CARTILAGE	fdr	0.05	111	23	17	24	47	81	27	17	15	22
H8_POSTOPNAS	fdr	0.05	109	30	35	19	25	122	24	26	42	30
F5_BEHEMOCHILD	fdr	0.1	317	99	91	60	67	329	79	108	70	72
O15_MATERN_INFECT_ELSEWHERE	fdr	0.1	216	46	61	54	55	236	51	68	62	55
L12_PEMPHIKELA	fdr	0.1	255	77	80	49	49	231	47	46	77	61
CD2_BENIGN_BONE_CARTILAGE	fdr	0.1	208	43	48	46	71	184	51	58	34	41
H8_POSTOPNAS	fdr	0.1	196	55	67	38	36	210	52	48	64	46
CD2_BENIGN_BONE_CARTILAGE	fdr	0.2	436	100	118	95	123	378	104	115	77	82
O15_MATERN_INFECT_ELSEWHERE	fdr	0.2	437	101	118	108	110	496	106	129	140	121
F5_BEHEMOCHILD	fdr	0.2	621	185	168	129	139	642	172	197	138	135
H8_POSTOPNAS	fdr	0.2	425	120	138	88	79	467	114	122	123	108
L12_PEMPHIKELA	fdr	0.2	459	125	144	88	102	450	99	98	139	114
F5_BIPO	nominal	0.05	1356	368	340	321	327	1464	415	392	338	319
H8_STENOEXTCAN	nominal	0.05	1117	275	272	281	289	1222	305	338	294	285
O15_MAT_CARE_MALPRESENT	nominal	0.05	1198	315	332	285	266	1174	301	324	272	277
CD2_BENIGN_BONE_CARTILAGE_NOS	nominal	0.05	1044	258	256	250	280	1099	275	281	268	275
L12_PERIORALDERM	nominal	0.05	1153	303	306	283	261	1218	301	310	307	300
H8_STENOEXTCAN	fdr	0.05	130	24	31	34	41	139	37	48	19	35
O15_MAT_CARE_MALPRESENT	fdr	0.05	201	80	51	41	29	152	53	37	35	27
CD2_BENIGN_BONE_CARTILAGE_NOS	fdr	0.05	85	20	26	23	16	108	30	20	29	29
F5_BIPO	fdr	0.05	221	71	52	47	51	230	75	59	52	44
L12_PERIORALDERM	fdr	0.05	129	25	40	28	36	144	38	32	41	33
H8_STENOEXTCAN	fdr	0.1	226	55	49	63	59	244	61	80	42	61
O15_MAT_CARE_MALPRESENT	fdr	0.1	326	99	86	73	68	272	79	78	68	47
CD2_BENIGN_BONE_CARTILAGE_NOS	fdr	0.1	152	31	43	43	35	202	49	53	46	54
F5_BIPO	fdr	0.1	362	99	87	87	89	410	118	118	98	76
L12_PERIORALDERM	fdr	0.1	241	58	65	63	55	271	65	67	80	59
F5_BIPO	fdr	0.2	705	200	181	155	169	773	217	213	191	152
H8_STENOEXTCAN	fdr	0.2	490	122	111	131	126	547	132	163	118	134
O15_MAT_CARE_MALPRESENT	fdr	0.2	588	164	153	145	126	541	148	155	127	111
CD2_BENIGN_BONE_CARTILAGE_NOS	fdr	0.2	352	80	91	94	87	437	105	117	99	116
L12_PERIORALDERM	fdr	0.2	507	125	139	132	111	530	128	137	144	121
F5_BULIMIA	nominal	0.05	1218	271	301	317	329	1204	292	304	305	303
O15_MEMBR_PREMAT_RUPT	nominal	0.05	1188	330	346	248	264	1229	333	380	249	267
H8_SUP_ACUTE	nominal	0.05	1173	306	299	262	306	1200	306	322	292	280
CD2_BENIGN_BONE_LONG_LOWER	nominal	0.05	1073	215	270	277	311	1056	226	278	276	276
L12_PHOTOCONTDERMAT	nominal	0.05	1136	301	279	279	277	1085	276	267	286	256
CD2_BENIGN_BONE_LONG_LOWER	fdr	0.05	135	14	25	38	58	114	36	30	19	29
F5_BULIMIA	fdr	0.05	180	64	48	32	36	173	46	39	43	45
O15_MEMBR_PREMAT_RUPT	fdr	0.05	163	52	40	37	34	150	47	49	24	30
H8_SUP_ACUTE	fdr	0.05	194	54	52	35	53	186	52	41	37	56
L12_PHOTOCONTDERMAT	fdr	0.05	167	59	51	28	29	116	35	29	25	27
F5_BULIMIA	fdr	0.1	302	84	83	65	70	309	74	76	87	72
CD2_BENIGN_BONE_LONG_LOWER	fdr	0.1	229	33	44	60	92	231	58	61	59	53
H8_SUP_ACUTE	fdr	0.1	298	84	81	56	77	294	76	67	71	80
O15_MEMBR_PREMAT_RUPT	fdr	0.1	261	82	71	54	54	263	74	87	57	45
L12_PHOTOCONTDERMAT	fdr	0.1	267	78	79	56	54	215	58	58	53	46
F5_BULIMIA	fdr	0.2	578	145	140	151	142	561	140	142	155	124
O15_MEMBR_PREMAT_RUPT	fdr	0.2	514	151	150	103	110	559	142	175	119	123
H8_SUP_ACUTE	fdr	0.2	541	138	141	114	148	575	134	163	138	140
CD2_BENIGN_BONE_LONG_LOWER	fdr	0.2	455	81	114	108	152	458	99	129	118	112
L12_PHOTOCONTDERMAT	fdr	0.2	528	144	145	121	118	464	123	118	120	103
CD2_BENIGN_BONE_LOWER_JAW	nominal	0.05	1090	245	257	303	285	1060	248	262	269	281
F5_CANNABIS	nominal	0.05	1111	313	300	266	232	1156	290	337	260	269
H8_SUP_OTINAS	nominal	0.05	1091	302	323	241	225	1186	292	304	302	288
L12_PIGMENTNAS	nominal	0.05	1020	243	259	256	262	1060	262	286	259	253
O15_MULTIP_GEST	nominal	0.05	1070	266	281	256	267	1130	316	326	238	250
CD2_BENIGN_BONE_LOWER_JAW	fdr	0.05	102	24	19	39	20	106	25	23	29	29
L12_PIGMENTNAS	fdr	0.05	77	15	21	21	20	100	32	17	24	27
O15_MULTIP_GEST	fdr	0.05	135	40	31	36	28	145	44	42	26	33
H8_SUP_OTINAS	fdr	0.05	89	25	22	24	18	138	35	35	33	35
F5_CANNABIS	fdr	0.05	164	58	50	25	31	137	35	43	36	23
CD2_BENIGN_BONE_LOWER_JAW	fdr	0.1	188	41	37	63	47	192	40	40	57	55
F5_CANNABIS	fdr	0.1	264	87	69	56	52	236	63	75	56	42
L12_PIGMENTNAS	fdr	0.1	150	37	33	44	36	181	54	44	43	40
O15_MULTIP_GEST	fdr	0.1	221	58	61	55	47	248	74	73	51	50
H8_SUP_OTINAS	fdr	0.1	177	41	47	53	36	237	62	60	53	62
CD2_BENIGN_BONE_LOWER_JAW	fdr	0.2	422	99	87	140	96	438	99	101	121	117
F5_CANNABIS	fdr	0.2	509	154	136	109	110	526	136	158	121	111
H8_SUP_OTINAS	fdr	0.2	439	117	130	103	89	530	126	138	140	126
L12_PIGMENTNAS	fdr	0.2	388	98	95	100	95	417	118	117	94	88
O15_MULTIP_GEST	fdr	0.2	474	121	139	108	106	519	155	141	114	109
F5_COCAINE	nominal	0.05	1080	262	266	288	264	1060	284	304	254	218
H8_TINNITUS	nominal	0.05	1294	298	310	317	369	1255	287	316	325	327
CD2_BENIGN_BONE_SCAPULA_LONG_UPPER	nominal	0.05	1081	273	271	268	269	1156	287	300	285	284
L12_PIGPURPDERM	nominal	0.05	1056	233	244	277	302	1130	240	273	310	307
O15_MULTIP_GEST_COMPLIC	nominal	0.05	977	230	232	271	244	1012	251	249	250	262
F5_COCAINE	fdr	0.05	99	26	34	21	18	105	37	37	14	17
CD2_BENIGN_BONE_SCAPULA_LONG_UPPER	fdr	0.05	109	23	19	31	36	129	37	23	33	36
H8_TINNITUS	fdr	0.05	192	28	32	53	79	148	18	37	47	46
L12_PIGPURPDERM	fdr	0.05	93	20	15	28	30	131	25	36	29	41
O15_MULTIP_GEST_COMPLIC	fdr	0.05	67	9	13	26	19	84	20	23	22	19
F5_COCAINE	fdr	0.1	184	49	52	45	38	191	52	61	36	42
H8_TINNITUS	fdr	0.1	309	58	63	80	108	259	43	61	84	71
CD2_BENIGN_BONE_SCAPULA_LONG_UPPER	fdr	0.1	171	40	37	43	51	217	54	58	48	57
L12_PIGPURPDERM	fdr	0.1	198	46	38	55	59	217	44	64	52	57
O15_MULTIP_GEST_COMPLIC	fdr	0.1	133	26	30	42	35	160	38	37	47	38
F5_COCAINE	fdr	0.2	420	107	105	108	100	441	128	134	97	82
H8_TINNITUS	fdr	0.2	622	131	151	157	183	612	121	148	176	167
CD2_BENIGN_BONE_SCAPULA_LONG_UPPER	fdr	0.2	413	103	88	105	117	469	120	117	115	117
L12_PIGPURPDERM	fdr	0.2	442	89	98	123	132	489	97	123	134	135
O15_MULTIP_GEST_COMPLIC	fdr	0.2	340	70	79	100	91	378	95	91	98	94
L12_PILONIDALCYST	nominal	0.05	1341	364	377	302	298	1361	339	350	350	322
CD2_BENIGN_BONE_SHORT_LOWER	nominal	0.05	1067	264	272	261	270	1108	279	284	275	270
F5_DELIRIUM	nominal	0.05	1133	309	328	256	240	1080	305	284	255	236
H8_TYMPSCLE	nominal	0.05	1124	279	282	288	275	1139	248	262	330	299
O15_OBSTET_TRAUMA_OTHER	nominal	0.05	1119	328	335	211	245	1133	285	282	283	283
H8_TYMPSCLE	fdr	0.05	119	20	20	41	38	136	26	25	49	36
L12_PILONIDALCYST	fdr	0.05	198	55	47	44	52	212	51	48	58	55
CD2_BENIGN_BONE_SHORT_LOWER	fdr	0.05	87	31	16	17	23	116	32	26	29	29
F5_DELIRIUM	fdr	0.05	158	56	53	19	30	138	42	42	30	24
O15_OBSTET_TRAUMA_OTHER	fdr	0.05	163	68	52	20	23	147	37	34	39	37
F5_DELIRIUM	fdr	0.1	251	80	80	42	49	228	62	64	59	43
H8_TYMPSCLE	fdr	0.1	208	35	45	74	54	230	45	50	70	65
L12_PILONIDALCYST	fdr	0.1	329	91	90	68	80	365	81	90	102	92
CD2_BENIGN_BONE_SHORT_LOWER	fdr	0.1	172	50	43	39	40	215	51	61	52	51
O15_OBSTET_TRAUMA_OTHER	fdr	0.1	250	97	78	34	41	233	56	63	57	57
CD2_BENIGN_BONE_SHORT_LOWER	fdr	0.2	367	95	83	92	97	453	116	119	114	104
F5_DELIRIUM	fdr	0.2	486	143	139	99	105	459	138	116	110	95
H8_TYMPSCLE	fdr	0.2	440	100	107	129	104	504	99	119	161	125
L12_PILONIDALCYST	fdr	0.2	678	187	189	145	157	733	177	186	198	172
O15_OBSTET_TRAUMA_OTHER	fdr	0.2	502	160	145	96	101	521	133	128	143	117
F5_DELUSIO	nominal	0.05	1231	324	285	320	302	1248	301	326	326	295
L12_PITYRIASISRUBRA	nominal	0.05	1162	329	315	268	250	1135	283	295	264	293
H8_VERTIGO	nominal	0.05	1256	330	341	299	286	1306	316	344	328	318
O15_OTHER_MATERN_DIS_ELSEWHERE	nominal	0.05	1163	302	302	298	261	1180	313	332	293	242
CD2_BENIGN_BONE_SHORT_UPPER	nominal	0.05	1083	297	295	233	258	1084	262	288	261	273
H8_VERTIGO	fdr	0.05	157	48	43	29	37	161	39	36	47	39
CD2_BENIGN_BONE_SHORT_UPPER	fdr	0.05	108	31	28	18	31	112	19	26	35	32
O15_OTHER_MATERN_DIS_ELSEWHERE	fdr	0.05	129	26	32	30	41	155	46	47	27	35
F5_DELUSIO	fdr	0.05	197	65	55	43	34	185	41	44	57	43
L12_PITYRIASISRUBRA	fdr	0.05	139	53	40	32	14	121	27	38	26	30
F5_DELUSIO	fdr	0.1	343	106	85	80	72	326	70	74	108	74
H8_VERTIGO	fdr	0.1	295	82	76	70	67	307	66	83	84	74
CD2_BENIGN_BONE_SHORT_UPPER	fdr	0.1	196	57	56	37	46	182	31	51	52	48
O15_OTHER_MATERN_DIS_ELSEWHERE	fdr	0.1	224	49	64	53	58	258	74	80	53	51
L12_PITYRIASISRUBRA	fdr	0.1	242	89	62	55	36	219	55	62	53	49
F5_DELUSIO	fdr	0.2	615	163	151	151	150	632	139	159	191	143
L12_PITYRIASISRUBRA	fdr	0.2	513	158	131	118	106	498	127	126	123	122
H8_VERTIGO	fdr	0.2	589	162	163	138	126	660	157	173	174	156
CD2_BENIGN_BONE_SHORT_UPPER	fdr	0.2	414	111	116	95	92	413	88	109	108	108
O15_OTHER_MATERN_DIS_ELSEWHERE	fdr	0.2	486	114	133	131	108	548	151	159	136	102
CD2_BENIGN_BONE_SKULL_FACE	nominal	0.05	1094	304	288	254	248	1074	270	258	281	265
H8_VERTIGOCENT	nominal	0.05	1039	281	272	243	243	1114	271	304	267	272
L12_PITYROCHEA	nominal	0.05	1153	262	263	296	332	1166	287	316	280	283
O15_PLAC_DISORD	nominal	0.05	984	234	287	230	233	1001	257	250	250	244
F5_DEMENTIA	nominal	0.05	1505	368	395	345	397	1582	432	460	350	340
L12_PITYROCHEA	fdr	0.05	125	23	19	38	45	143	38	45	31	29
H8_VERTIGOCENT	fdr	0.05	131	35	36	29	31	140	29	40	32	39
F5_DEMENTIA	fdr	0.05	305	76	74	65	90	321	101	98	65	57
O15_PLAC_DISORD	fdr	0.05	126	25	31	39	31	118	36	31	29	22
CD2_BENIGN_BONE_SKULL_FACE	fdr	0.05	105	33	29	19	24	124	34	27	34	29
H8_VERTIGOCENT	fdr	0.1	216	61	55	50	50	240	58	67	57	58
L12_PITYROCHEA	fdr	0.1	233	47	48	61	77	250	61	79	55	55
F5_DEMENTIA	fdr	0.1	486	118	127	105	136	546	159	180	108	99
CD2_BENIGN_BONE_SKULL_FACE	fdr	0.1	188	59	57	34	38	203	49	50	50	54
O15_PLAC_DISORD	fdr	0.1	198	42	56	51	49	186	47	61	38	40
CD2_BENIGN_BONE_SKULL_FACE	fdr	0.2	440	125	130	86	99	463	112	104	126	121
H8_VERTIGOCENT	fdr	0.2	424	116	114	102	92	506	118	150	116	122
L12_PITYROCHEA	fdr	0.2	493	112	111	125	145	505	121	160	111	113
O15_PLAC_DISORD	fdr	0.2	383	93	107	91	92	385	100	106	88	91
F5_DEMENTIA	fdr	0.2	868	204	228	193	243	979	266	299	216	198
CD2_BENIGN_BRAIN_CNS	nominal	0.05	1100	246	295	287	272	1132	268	313	276	275
O15_PLAC_PRAEVIA	nominal	0.05	1104	336	348	217	203	1132	284	300	291	257
L12_POIKOLOCIVAT	nominal	0.05	1084	263	277	252	292	1148	289	317	268	274
H8_VESTIBNEUR	nominal	0.05	1110	255	267	276	312	1140	266	307	287	280
F5_DEMENTIA_INCLAVO	nominal	0.05	1509	373	392	353	391	1560	421	438	349	352
CD2_BENIGN_BRAIN_CNS	fdr	0.05	150	33	32	47	38	163	43	41	47	32
F5_DEMENTIA_INCLAVO	fdr	0.05	305	75	76	65	89	354	109	113	65	67
H8_VESTIBNEUR	fdr	0.05	112	23	30	27	32	130	40	41	28	21
O15_PLAC_PRAEVIA	fdr	0.05	139	48	56	17	18	108	29	24	31	24
L12_POIKOLOCIVAT	fdr	0.05	116	31	43	21	21	151	48	39	34	30
CD2_BENIGN_BRAIN_CNS	fdr	0.1	248	61	56	67	64	268	63	75	71	59
F5_DEMENTIA_INCLAVO	fdr	0.1	486	123	125	100	138	558	160	187	114	97
H8_VESTIBNEUR	fdr	0.1	207	45	58	44	60	237	63	79	56	39
O15_PLAC_PRAEVIA	fdr	0.1	247	78	97	40	32	215	54	52	61	48
L12_POIKOLOCIVAT	fdr	0.1	208	46	62	50	50	273	79	76	65	53
L12_POIKOLOCIVAT	fdr	0.2	440	99	117	114	110	547	135	163	128	121
CD2_BENIGN_BRAIN_CNS	fdr	0.2	509	118	137	128	126	540	121	152	139	128
H8_VESTIBNEUR	fdr	0.2	441	103	119	98	121	495	122	147	121	105
F5_DEMENTIA_INCLAVO	fdr	0.2	877	201	232	203	241	969	274	290	208	197
O15_PLAC_PRAEVIA	fdr	0.2	459	149	157	80	73	478	120	122	130	106
F5_DEMINOTH	nominal	0.05	955	225	216	265	249	1043	262	255	261	265
H8_VESTIFUNCNAS	nominal	0.05	1083	280	297	248	258	1113	255	276	282	300
CD2_BENIGN_BRAIN_INFRATENT	nominal	0.05	1061	232	278	284	267	1095	271	291	260	273
L12_POLYMORPHLIGHTERUPT	nominal	0.05	1177	271	281	305	320	1084	287	281	257	259
O15_PLAC_PREMAT_SEPAR	nominal	0.05	1085	282	315	221	267	1083	252	290	241	300
F5_DEMINOTH	fdr	0.05	53	14	17	14	8	80	20	30	16	14
CD2_BENIGN_BRAIN_INFRATENT	fdr	0.05	91	26	17	33	15	107	28	25	24	30
L12_POLYMORPHLIGHTERUPT	fdr	0.05	179	33	34	50	62	125	38	42	21	24
H8_VESTIFUNCNAS	fdr	0.05	90	26	25	19	20	104	19	22	35	28
O15_PLAC_PREMAT_SEPAR	fdr	0.05	86	24	28	14	20	99	19	26	17	37
F5_DEMINOTH	fdr	0.1	136	35	30	40	31	158	37	49	42	30
CD2_BENIGN_BRAIN_INFRATENT	fdr	0.1	169	43	33	50	43	195	48	54	47	46
L12_POLYMORPHLIGHTERUPT	fdr	0.1	278	51	54	79	94	217	63	65	47	42
H8_VESTIFUNCNAS	fdr	0.1	178	45	54	37	42	187	32	47	57	51
O15_PLAC_PREMAT_SEPAR	fdr	0.1	186	57	61	29	39	179	30	49	43	57
F5_DEMINOTH	fdr	0.2	317	79	63	93	82	370	95	107	90	78
CD2_BENIGN_BRAIN_INFRATENT	fdr	0.2	412	97	96	110	109	441	108	109	112	112
H8_VESTIFUNCNAS	fdr	0.2	416	102	126	90	98	455	85	115	134	121
L12_POLYMORPHLIGHTERUPT	fdr	0.2	529	108	109	156	156	492	132	134	127	99
O15_PLAC_PREMAT_SEPAR	fdr	0.2	422	114	121	86	101	460	98	125	105	132
CD2_BENIGN_BRAIN_NOS	nominal	0.05	1148	263	268	304	313	1045	237	282	274	252
F5_DEMNAS	nominal	0.05	1265	335	295	310	325	1263	324	349	304	286
HAEMOPHIL_SEPTICHE	nominal	0.05	1056	241	242	264	309	1030	250	262	257	261
O15_POLYHYDR	nominal	0.05	1190	316	326	259	289	1092	274	330	243	245
L12_POSTINFHYPERPIGM	nominal	0.05	1105	249	274	277	305	1129	264	318	281	266
O15_POLYHYDR	fdr	0.05	145	42	50	32	21	124	33	36	32	23
CD2_BENIGN_BRAIN_NOS	fdr	0.05	179	24	35	53	67	139	30	43	35	31
F5_DEMNAS	fdr	0.05	182	41	30	48	63	193	57	48	45	43
L12_POSTINFHYPERPIGM	fdr	0.05	144	29	32	38	45	145	27	45	36	37
HAEMOPHIL_SEPTICHE	fdr	0.05	98	24	22	28	24	96	26	22	27	21
F5_DEMNAS	fdr	0.1	311	66	65	78	102	320	76	86	87	71
O15_POLYHYDR	fdr	0.1	239	66	76	50	47	231	56	70	56	49
CD2_BENIGN_BRAIN_NOS	fdr	0.1	272	41	62	80	89	232	51	68	60	53
L12_POSTINFHYPERPIGM	fdr	0.1	238	53	56	58	71	242	49	71	62	60
HAEMOPHIL_SEPTICHE	fdr	0.1	181	41	43	49	48	183	50	44	48	41
F5_DEMNAS	fdr	0.2	591	144	121	155	171	644	170	181	160	133
HAEMOPHIL_SEPTICHE	fdr	0.2	410	93	92	108	117	416	106	106	111	93
O15_POLYHYDR	fdr	0.2	497	131	142	109	115	504	139	151	111	103
CD2_BENIGN_BRAIN_NOS	fdr	0.2	513	101	126	140	146	465	110	129	128	98
L12_POSTINFHYPERPIGM	fdr	0.2	481	109	113	126	133	522	119	146	136	121
F5_DEPPER	nominal	0.05	1089	254	273	280	282	1131	285	295	285	266
L12_PRURIGONAS	nominal	0.05	1096	268	313	244	271	1177	274	318	304	281
CD2_BENIGN_BRAIN_SUPRATENT	nominal	0.05	1179	316	299	273	291	1118	313	308	253	244
HEIGHT_IRN	nominal	0.05	2099	535	545	511	508	2160	448	476	626	610
O15_POOR_FETGRO	nominal	0.05	1288	347	344	281	316	1314	338	355	317	304
F5_DEPPER	fdr	0.05	85	22	14	21	28	109	29	26	27	27
L12_PRURIGONAS	fdr	0.05	133	34	40	25	34	145	30	35	39	41
HEIGHT_IRN	fdr	0.05	493	132	120	116	125	521	107	125	127	162
CD2_BENIGN_BRAIN_SUPRATENT	fdr	0.05	178	56	40	37	45	160	47	46	37	30
O15_POOR_FETGRO	fdr	0.05	194	62	47	36	49	187	55	50	41	41
F5_DEPPER	fdr	0.1	165	43	30	44	48	203	46	53	57	47
L12_PRURIGONAS	fdr	0.1	225	54	75	42	54	261	52	69	63	77
HEIGHT_IRN	fdr	0.1	780	206	191	191	192	838	165	199	242	232
CD2_BENIGN_BRAIN_SUPRATENT	fdr	0.1	279	81	74	54	70	249	70	72	56	51
O15_POOR_FETGRO	fdr	0.1	334	100	92	62	80	325	94	97	66	68
F5_DEPPER	fdr	0.2	406	97	90	113	106	457	111	120	119	107
L12_PRURIGONAS	fdr	0.2	484	122	143	101	118	523	111	153	118	141
CD2_BENIGN_BRAIN_SUPRATENT	fdr	0.2	510	141	140	98	131	484	134	148	101	101
HEIGHT_IRN	fdr	0.2	1337	338	341	335	323	1460	302	318	429	411
O15_POOR_FETGRO	fdr	0.2	650	190	167	129	164	673	178	190	153	152
L12_PRURIGONOD	nominal	0.05	1055	244	287	255	269	1177	258	303	310	306
CD2_BENIGN_BREAST	nominal	0.05	1139	312	293	263	271	1169	299	285	299	286
F5_DEPRESSIO	nominal	0.05	1511	397	422	324	368	1639	446	449	375	369
O15_POSTPART_HAEMORRH_ANATOMY	nominal	0.05	1152	264	292	299	297	1128	276	288	270	294
HERING_BILATERAL	nominal	0.05	1232	310	349	292	281	1302	296	329	348	329
F5_DEPRESSIO	fdr	0.05	275	79	74	55	67	325	102	91	74	58
CD2_BENIGN_BREAST	fdr	0.05	139	41	35	24	39	154	33	39	48	34
O15_POSTPART_HAEMORRH_ANATOMY	fdr	0.05	188	32	33	50	73	138	44	42	22	30
L12_PRURIGONOD	fdr	0.05	123	30	32	26	35	155	31	38	37	49
HERING_BILATERAL	fdr	0.05	161	49	42	37	33	224	52	41	66	65
F5_DEPRESSIO	fdr	0.1	447	116	125	96	110	543	152	164	130	97
O15_POSTPART_HAEMORRH_ANATOMY	fdr	0.1	291	58	64	77	92	238	59	76	45	58
CD2_BENIGN_BREAST	fdr	0.1	251	70	60	52	69	259	57	64	82	56
L12_PRURIGONOD	fdr	0.1	216	51	62	49	54	261	56	68	68	69
HERING_BILATERAL	fdr	0.1	291	82	78	63	68	357	77	77	114	89
L12_PRURIGONOD	fdr	0.2	441	103	124	111	103	540	119	136	149	136
CD2_BENIGN_BREAST	fdr	0.2	522	137	135	108	142	534	128	136	144	126
F5_DEPRESSIO	fdr	0.2	864	228	247	178	211	1014	295	287	240	192
O15_POSTPART_HAEMORRH_ANATOMY	fdr	0.2	504	98	127	134	145	491	114	143	111	123
HERING_BILATERAL	fdr	0.2	595	153	158	147	137	660	153	156	191	160
CD2_BENIGN_BRONCHUS_LUNG	nominal	0.05	1170	282	290	286	312	1057	250	255	274	278
O15_POSTPART_HAEMORRH_PLACENTA	nominal	0.05	1186	290	298	289	309	1226	290	349	293	294
F5_DEPRESSION_DYSTHYMIA	nominal	0.05	1656	409	445	383	419	1717	476	481	387	373
L12_PRURITUS	nominal	0.05	1194	356	347	236	255	1165	303	299	292	271
HERING_UNILATERAL	nominal	0.05	1136	283	285	286	282	1124	294	285	271	274
F5_DEPRESSION_DYSTHYMIA	fdr	0.05	305	89	79	67	70	358	109	99	80	70
L12_PRURITUS	fdr	0.05	182	64	64	25	29	136	32	32	29	43
HERING_UNILATERAL	fdr	0.05	153	44	42	39	28	124	40	28	22	34
O15_POSTPART_HAEMORRH_PLACENTA	fdr	0.05	145	31	32	36	46	158	39	40	46	33
CD2_BENIGN_BRONCHUS_LUNG	fdr	0.05	173	35	42	40	56	109	17	15	35	42
F5_DEPRESSION_DYSTHYMIA	fdr	0.1	506	128	144	113	121	599	163	179	143	114
L12_PRURITUS	fdr	0.1	290	96	100	42	52	246	65	65	51	65
HERING_UNILATERAL	fdr	0.1	233	63	62	64	44	225	61	61	51	52
O15_POSTPART_HAEMORRH_PLACENTA	fdr	0.1	260	54	58	64	84	300	63	86	83	68
CD2_BENIGN_BRONCHUS_LUNG	fdr	0.1	264	50	78	61	75	195	39	36	60	60
F5_DEPRESSION_DYSTHYMIA	fdr	0.2	985	243	277	219	246	1098	300	313	256	229
CD2_BENIGN_BRONCHUS_LUNG	fdr	0.2	509	111	134	130	134	420	94	93	120	113
L12_PRURITUS	fdr	0.2	549	163	177	99	110	521	140	144	116	121
O15_POSTPART_HAEMORRH_PLACENTA	fdr	0.2	519	124	117	134	144	596	143	169	153	131
HERING_UNILATERAL	fdr	0.2	458	111	125	117	105	484	122	138	107	117
CD2_BENIGN_CAECUM	nominal	0.05	1156	265	293	284	314	1171	306	307	288	270
L12_PSORIASIS	nominal	0.05	1436	401	408	320	307	1400	351	391	316	342
O15_POSTPART_HEAMORRH_ALLW	nominal	0.05	1215	304	300	292	319	1287	364	398	261	264
F5_DEPRESSION_PSYCHOTIC	nominal	0.05	1149	290	300	281	278	1274	334	352	321	267
HYPOTE_DRUGS	nominal	0.05	1052	245	281	280	246	1072	297	287	263	225
CD2_BENIGN_CAECUM	fdr	0.05	149	25	43	26	55	158	44	47	34	33
HYPOTE_DRUGS	fdr	0.05	100	21	32	22	25	100	32	27	18	23
L12_PSORIASIS	fdr	0.05	218	70	61	36	51	234	56	67	49	62
O15_POSTPART_HEAMORRH_ALLW	fdr	0.05	223	42	39	58	84	186	72	67	23	24
F5_DEPRESSION_PSYCHOTIC	fdr	0.05	147	41	42	33	31	167	54	43	46	24
CD2_BENIGN_CAECUM	fdr	0.1	267	55	80	50	82	271	79	80	61	51
F5_DEPRESSION_PSYCHOTIC	fdr	0.1	245	57	66	62	60	286	95	77	76	38
HYPOTE_DRUGS	fdr	0.1	175	41	53	40	41	181	55	52	39	35
L12_PSORIASIS	fdr	0.1	385	114	110	75	86	377	92	111	85	89
O15_POSTPART_HEAMORRH_ALLW	fdr	0.1	324	66	69	76	113	314	105	108	47	54
CD2_BENIGN_CAECUM	fdr	0.2	528	115	143	122	148	533	146	153	129	105
L12_PSORIASIS	fdr	0.2	804	233	235	168	168	798	199	236	181	182
O15_POSTPART_HEAMORRH_ALLW	fdr	0.2	592	141	137	141	173	621	190	210	113	108
F5_DEPRESSION_PSYCHOTIC	fdr	0.2	513	133	132	126	122	591	174	155	147	115
HYPOTE_DRUGS	fdr	0.2	413	95	123	100	95	472	144	120	108	100
CD2_BENIGN_CAROTIDBODY	nominal	0.05	1158	286	314	262	296	1200	277	272	335	316
HYPOTHY_REIMB	nominal	0.05	1456	386	386	349	335	1528	362	398	387	381
F5_DEPRESSION_RECURRENT	nominal	0.05	1547	407	401	361	378	1622	445	422	403	352
O15_PREECLAMPS	nominal	0.05	1360	338	336	341	345	1364	335	376	327	326
L12_PSORI_ACRODERM	nominal	0.05	1075	261	275	292	247	1139	276	277	295	291
F5_DEPRESSION_RECURRENT	fdr	0.05	265	82	67	57	59	299	95	76	76	52
HYPOTHY_REIMB	fdr	0.05	233	62	74	54	43	310	70	76	81	83
CD2_BENIGN_CAROTIDBODY	fdr	0.05	110	37	29	20	24	132	20	23	50	39
L12_PSORI_ACRODERM	fdr	0.05	107	29	25	28	25	124	26	19	45	34
O15_PREECLAMPS	fdr	0.05	227	73	55	51	48	240	66	61	56	57
F5_DEPRESSION_RECURRENT	fdr	0.1	441	122	122	96	101	499	143	135	133	88
HYPOTHY_REIMB	fdr	0.1	390	112	109	85	84	482	107	125	127	123
CD2_BENIGN_CAROTIDBODY	fdr	0.1	217	66	58	51	42	247	47	47	86	67
L12_PSORI_ACRODERM	fdr	0.1	200	50	51	54	45	224	47	40	80	57
O15_PREECLAMPS	fdr	0.1	393	118	99	92	84	402	95	119	96	92
HYPOTHY_REIMB	fdr	0.2	836	218	240	192	186	945	217	246	243	239
CD2_BENIGN_CAROTIDBODY	fdr	0.2	505	133	140	108	124	572	126	122	169	155
F5_DEPRESSION_RECURRENT	fdr	0.2	905	239	247	203	216	999	279	266	260	194
O15_PREECLAMPS	fdr	0.2	749	205	179	195	170	776	190	227	186	173
L12_PSORI_ACRODERM	fdr	0.2	440	115	121	119	85	506	121	114	146	125
O15_PREECLAMPS_CHRONIC_HYPERT	nominal	0.05	1090	249	271	298	272	1088	258	287	266	277
I9_ABAORTANEUR	nominal	0.05	1452	361	368	354	369	1475	334	371	399	371
CD2_BENIGN_CERVIX_UTERI	nominal	0.05	1032	248	225	270	289	1067	244	299	256	268
L12_PSORI_GUTTATE	nominal	0.05	1155	297	270	295	293	1161	293	303	296	269
F5_DISPER	nominal	0.05	1082	276	287	251	268	1166	303	323	257	283
CD2_BENIGN_CERVIX_UTERI	fdr	0.05	98	21	17	29	31	114	29	40	19	26
I9_ABAORTANEUR	fdr	0.05	275	82	75	56	62	263	66	57	71	69
L12_PSORI_GUTTATE	fdr	0.05	127	31	25	33	38	134	39	37	26	32
F5_DISPER	fdr	0.05	119	31	31	24	33	141	40	48	25	28
O15_PREECLAMPS_CHRONIC_HYPERT	fdr	0.05	115	38	24	25	28	120	35	39	23	23
CD2_BENIGN_CERVIX_UTERI	fdr	0.1	188	48	30	56	54	202	49	66	44	43
I9_ABAORTANEUR	fdr	0.1	454	131	108	101	114	447	105	110	120	112
O15_PREECLAMPS_CHRONIC_HYPERT	fdr	0.1	201	55	45	54	47	198	56	63	39	40
L12_PSORI_GUTTATE	fdr	0.1	246	58	60	61	67	225	57	62	56	50
F5_DISPER	fdr	0.1	239	59	62	55	63	282	70	91	60	61
O15_PREECLAMPS_CHRONIC_HYPERT	fdr	0.2	472	112	114	130	116	472	113	139	114	106
I9_ABAORTANEUR	fdr	0.2	842	222	203	211	206	861	203	219	231	208
CD2_BENIGN_CERVIX_UTERI	fdr	0.2	415	98	77	117	123	456	103	137	108	108
L12_PSORI_GUTTATE	fdr	0.2	504	121	120	132	131	508	131	129	131	117
F5_DISPER	fdr	0.2	465	123	131	103	108	556	150	159	124	123
CD2_BENIGN_CHOROID	nominal	0.05	1179	335	338	258	248	1107	251	276	289	291
F5_DISSOCIATIVE	nominal	0.05	1105	318	287	264	236	1155	314	291	282	268
I9_AF	nominal	0.05	1734	432	481	408	413	1744	422	457	421	444
O15_PREEC_OR_FETGRO	nominal	0.05	1379	349	332	334	364	1402	349	381	358	314
L12_PSORI_NAS	nominal	0.05	1228	328	324	289	287	1182	320	341	248	273
I9_AF	fdr	0.05	315	87	99	63	66	357	83	96	80	98
L12_PSORI_NAS	fdr	0.05	144	42	36	29	37	128	33	35	27	33
O15_PREEC_OR_FETGRO	fdr	0.05	240	76	57	53	54	222	69	67	44	42
F5_DISSOCIATIVE	fdr	0.05	101	31	34	16	20	107	26	20	31	30
CD2_BENIGN_CHOROID	fdr	0.05	139	46	35	38	20	136	28	28	48	32
I9_AF	fdr	0.1	554	145	170	114	125	599	142	163	149	145
O15_PREEC_OR_FETGRO	fdr	0.1	388	121	98	87	82	388	109	117	87	75
L12_PSORI_NAS	fdr	0.1	256	70	70	51	65	234	60	76	42	56
F5_DISSOCIATIVE	fdr	0.1	192	55	63	35	39	217	51	51	62	53
CD2_BENIGN_CHOROID	fdr	0.1	246	81	71	55	39	247	51	51	86	59
F5_DISSOCIATIVE	fdr	0.2	438	127	127	89	95	477	123	121	126	107
I9_AF	fdr	0.2	1071	263	313	239	256	1114	265	308	267	274
O15_PREEC_OR_FETGRO	fdr	0.2	731	188	186	186	171	753	191	217	182	163
L12_PSORI_NAS	fdr	0.2	511	144	130	115	122	519	148	153	99	119
CD2_BENIGN_CHOROID	fdr	0.2	525	151	151	118	105	509	104	124	148	133
I9_AF_REIMB	nominal	0.05	1753	461	479	400	413	1775	416	450	461	448
O15_PREG_ABORT	nominal	0.05	1281	365	396	259	261	1367	409	451	244	263
L12_PSORI_PUSTGEN	nominal	0.05	1080	263	295	270	252	1142	292	316	285	249
CD2_BENIGN_CILIARY	nominal	0.05	1216	281	339	261	335	1114	249	251	303	311
F5_EATOTH	nominal	0.05	1106	283	290	260	273	1122	289	277	300	256
I9_AF_REIMB	fdr	0.05	301	96	92	52	61	353	84	103	76	90
F5_EATOTH	fdr	0.05	117	24	34	29	30	105	25	21	31	28
CD2_BENIGN_CILIARY	fdr	0.05	153	54	38	29	32	124	24	27	39	34
O15_PREG_ABORT	fdr	0.05	189	75	66	24	24	198	68	69	30	31
L12_PSORI_PUSTGEN	fdr	0.05	97	34	31	16	16	111	27	28	25	31
I9_AF_REIMB	fdr	0.1	557	154	173	108	122	598	129	174	150	145
F5_EATOTH	fdr	0.1	212	54	52	54	52	219	57	52	59	51
O15_PREG_ABORT	fdr	0.1	342	120	117	52	53	365	118	126	56	65
CD2_BENIGN_CILIARY	fdr	0.1	271	78	83	51	59	225	40	48	75	62
L12_PSORI_PUSTGEN	fdr	0.1	194	53	57	45	39	226	49	58	58	61
I9_AF_REIMB	fdr	0.2	1083	287	308	234	254	1160	259	312	302	287
O15_PREG_ABORT	fdr	0.2	632	203	208	108	113	725	215	252	135	123
CD2_BENIGN_CILIARY	fdr	0.2	541	132	158	116	135	476	94	106	139	137
F5_EATOTH	fdr	0.2	457	117	110	109	121	506	129	133	140	104
L12_PSORI_PUSTGEN	fdr	0.2	412	102	112	106	92	467	106	123	129	109
L12_PSORI_PUSTUPALM	nominal	0.05	1223	360	339	255	269	1264	295	341	292	336
O15_PREG_ANESTH_COMPL	nominal	0.05	1128	233	259	306	330	1134	271	290	291	282
I9_ANEURYSM	nominal	0.05	1214	309	312	294	299	1308	308	331	339	330
F5_EMOCHILD	nominal	0.05	1118	296	296	274	252	1232	306	321	314	291
CD2_BENIGN_CNS_NOS	nominal	0.05	1130	315	299	260	256	1161	303	333	254	271
CD2_BENIGN_CNS_NOS	fdr	0.05	116	30	38	21	27	139	38	42	25	34
I9_ANEURYSM	fdr	0.05	175	46	51	37	41	174	37	27	51	59
F5_EMOCHILD	fdr	0.05	110	38	20	24	28	129	34	36	26	33
L12_PSORI_PUSTUPALM	fdr	0.05	163	45	50	32	36	175	29	36	50	60
O15_PREG_ANESTH_COMPL	fdr	0.05	113	20	24	35	34	107	26	23	30	28
L12_PSORI_PUSTUPALM	fdr	0.1	289	83	88	56	62	296	59	72	79	86
CD2_BENIGN_CNS_NOS	fdr	0.1	235	65	70	48	52	257	69	74	49	65
I9_ANEURYSM	fdr	0.1	279	70	78	63	68	302	62	63	88	89
O15_PREG_ANESTH_COMPL	fdr	0.1	219	48	42	61	68	202	47	55	52	48
F5_EMOCHILD	fdr	0.1	213	58	49	54	52	253	60	73	58	62
L12_PSORI_PUSTUPALM	fdr	0.2	616	174	183	132	127	666	146	187	156	177
O15_PREG_ANESTH_COMPL	fdr	0.2	466	81	98	135	152	452	106	121	122	103
F5_EMOCHILD	fdr	0.2	497	130	125	137	105	559	132	145	143	139
CD2_BENIGN_CNS_NOS	fdr	0.2	485	142	134	104	105	511	132	158	104	117
I9_ANEURYSM	fdr	0.2	595	146	162	147	140	663	154	151	180	178
CD2_BENIGN_COLON	nominal	0.05	1330	339	375	298	318	1438	337	401	358	342
F5_EMOPER	nominal	0.05	1236	334	321	289	292	1371	396	388	295	292
I9_ANGINA	nominal	0.05	1619	410	425	399	385	1677	390	453	394	440
O15_PREG_ECTOP	nominal	0.05	1097	285	303	260	249	1159	343	336	253	227
L12_PSORI_VULG	nominal	0.05	1355	362	374	331	288	1355	342	352	316	345
F5_EMOPER	fdr	0.05	159	55	40	32	32	188	66	55	36	31
I9_ANGINA	fdr	0.05	284	83	84	58	59	305	68	88	72	77
L12_PSORI_VULG	fdr	0.05	234	71	73	36	54	210	55	48	53	54
CD2_BENIGN_COLON	fdr	0.05	178	50	50	39	39	234	64	75	36	59
O15_PREG_ECTOP	fdr	0.05	126	28	39	34	25	167	68	50	30	19
CD2_BENIGN_COLON	fdr	0.1	339	95	99	70	75	403	95	136	83	89
F5_EMOPER	fdr	0.1	291	85	79	65	62	329	100	99	68	62
I9_ANGINA	fdr	0.1	504	140	143	112	109	518	112	153	122	131
L12_PSORI_VULG	fdr	0.1	402	111	122	82	87	375	91	101	95	88
O15_PREG_ECTOP	fdr	0.1	230	52	72	55	51	278	98	91	51	38
CD2_BENIGN_COLON	fdr	0.2	682	176	198	153	155	776	180	237	181	178
F5_EMOPER	fdr	0.2	597	179	156	128	134	713	212	203	149	149
I9_ANGINA	fdr	0.2	975	245	267	232	231	1027	242	280	245	260
L12_PSORI_VULG	fdr	0.2	765	202	222	183	158	771	202	197	179	193
O15_PREG_ECTOP	fdr	0.2	493	122	144	112	115	573	185	176	114	98
CD2_BENIGN_COLON_NOS	nominal	0.05	1242	323	336	287	296	1273	293	333	325	322
I9_ANGIO	nominal	0.05	1661	435	472	373	381	1674	383	488	375	428
L12_PYODERMA	nominal	0.05	1143	278	292	280	293	1071	275	284	263	249
F5_GAD	nominal	0.05	1205	316	304	278	307	1219	342	322	292	263
O15_PREG_GU_INFECT	nominal	0.05	1128	315	343	222	248	1205	342	347	260	256
I9_ANGIO	fdr	0.05	318	82	93	58	85	324	77	91	74	82
F5_GAD	fdr	0.05	169	54	33	39	43	170	52	33	45	40
CD2_BENIGN_COLON_NOS	fdr	0.05	163	53	41	36	33	182	41	45	49	47
L12_PYODERMA	fdr	0.05	164	55	37	35	37	133	32	36	35	30
O15_PREG_GU_INFECT	fdr	0.05	143	46	36	26	35	156	53	44	36	23
I9_ANGIO	fdr	0.1	524	140	158	100	126	529	121	149	127	132
F5_GAD	fdr	0.1	278	83	60	61	74	283	85	66	74	58
L12_PYODERMA	fdr	0.1	262	81	60	59	62	229	51	64	62	52
CD2_BENIGN_COLON_NOS	fdr	0.1	283	87	75	68	53	301	72	76	81	72
O15_PREG_GU_INFECT	fdr	0.1	234	81	59	46	48	273	83	87	68	35
I9_ANGIO	fdr	0.2	1011	258	281	228	244	1043	246	311	237	249
CD2_BENIGN_COLON_NOS	fdr	0.2	584	164	169	132	119	625	151	165	162	147
L12_PYODERMA	fdr	0.2	494	136	122	114	122	490	120	139	120	111
F5_GAD	fdr	0.2	566	157	132	129	148	596	169	154	141	132
O15_PREG_GU_INFECT	fdr	0.2	497	150	157	91	99	569	168	171	125	105
L12_PYOGENGRANUL	nominal	0.05	1144	266	316	260	302	1066	259	275	278	254
CD2_BENIGN_COLORECANI	nominal	0.05	1409	336	397	322	354	1461	365	403	348	345
I9_AORTANEUR	nominal	0.05	1408	370	351	350	337	1442	312	325	413	392
O15_PREG_HYDAT	nominal	0.05	955	216	279	216	244	1066	255	320	247	244
F5_GENDER	nominal	0.05	1185	301	299	290	295	1167	303	328	291	245
CD2_BENIGN_COLORECANI	fdr	0.05	215	65	61	41	48	283	74	84	58	67
O15_PREG_HYDAT	fdr	0.05	84	19	27	17	21	97	19	29	21	28
F5_GENDER	fdr	0.05	129	26	25	22	56	103	35	26	17	25
I9_AORTANEUR	fdr	0.05	254	84	65	51	54	260	51	48	80	81
L12_PYOGENGRANUL	fdr	0.05	119	27	34	26	32	115	19	35	33	28
CD2_BENIGN_COLORECANI	fdr	0.1	358	98	100	80	80	437	109	134	102	92
O15_PREG_HYDAT	fdr	0.1	151	35	49	34	33	186	36	56	49	45
L12_PYOGENGRANUL	fdr	0.1	223	48	61	52	62	227	42	76	58	51
F5_GENDER	fdr	0.1	237	43	59	54	81	223	65	70	42	46
I9_AORTANEUR	fdr	0.1	421	122	117	95	87	448	89	92	142	125
L12_PYOGENGRANUL	fdr	0.2	506	109	124	129	144	460	101	124	120	115
CD2_BENIGN_COLORECANI	fdr	0.2	741	185	216	163	177	836	203	245	198	190
I9_AORTANEUR	fdr	0.2	824	224	217	194	189	850	190	177	244	239
O15_PREG_HYDAT	fdr	0.2	334	69	99	68	98	420	92	130	99	99
F5_GENDER	fdr	0.2	526	123	127	132	144	531	144	156	131	100
CD2_BENIGN_CONJUNCTIVA	nominal	0.05	1024	265	282	251	226	1098	251	281	288	278
F5_HABIT	nominal	0.05	1018	276	289	217	236	1096	325	338	224	209
L12_RADIODERMATITIS	nominal	0.05	1078	242	257	289	290	1101	242	270	290	299
O15_PREG_MATERN_CARE	nominal	0.05	1188	313	312	267	296	1238	346	370	278	244
I9_AORTDIS	nominal	0.05	1193	276	274	312	331	1188	263	279	326	320
F5_HABIT	fdr	0.05	81	28	33	9	11	115	47	32	24	12
CD2_BENIGN_CONJUNCTIVA	fdr	0.05	117	29	41	25	22	159	32	41	41	45
I9_AORTDIS	fdr	0.05	164	29	40	45	50	165	26	32	58	49
O15_PREG_MATERN_CARE	fdr	0.05	156	35	38	42	41	212	73	65	40	34
L12_RADIODERMATITIS	fdr	0.05	111	25	23	31	32	143	34	44	24	41
F5_HABIT	fdr	0.1	170	51	50	36	33	208	72	62	46	28
CD2_BENIGN_CONJUNCTIVA	fdr	0.1	185	51	53	44	37	247	49	68	66	64
O15_PREG_MATERN_CARE	fdr	0.1	249	58	64	67	60	317	97	106	68	46
I9_AORTDIS	fdr	0.1	271	53	69	65	84	272	48	56	92	76
L12_RADIODERMATITIS	fdr	0.1	208	44	40	62	62	237	58	65	57	57
F5_HABIT	fdr	0.2	375	101	114	78	82	427	130	119	96	82
CD2_BENIGN_CONJUNCTIVA	fdr	0.2	390	102	112	96	80	475	100	137	129	109
I9_AORTDIS	fdr	0.2	544	117	131	133	163	551	113	124	165	149
O15_PREG_MATERN_CARE	fdr	0.2	545	134	144	129	138	631	190	185	142	114
L12_RADIODERMATITIS	fdr	0.2	459	97	102	135	125	498	117	128	129	124
I9_ARTEMBTHR	nominal	0.05	1173	285	314	269	305	1184	287	317	282	298
O15_PREG_OTHER_MAT_DISORD	nominal	0.05	1217	330	329	277	281	1338	381	402	290	265
CD2_BENIGN_CONNECTIVE_SOFT	nominal	0.05	1111	292	319	239	261	1124	277	312	264	271
L12_RHINOPHYMA	nominal	0.05	1178	314	297	290	277	1132	277	295	271	289
F5_HALLUCIN	nominal	0.05	1076	304	279	236	257	1026	233	265	263	265
O15_PREG_OTHER_MAT_DISORD	fdr	0.05	146	45	34	28	39	200	71	65	31	33
I9_ARTEMBTHR	fdr	0.05	158	37	40	39	42	176	44	48	42	42
CD2_BENIGN_CONNECTIVE_SOFT	fdr	0.05	98	27	32	19	20	100	33	32	18	17
L12_RHINOPHYMA	fdr	0.05	134	38	37	25	34	125	35	25	30	35
F5_HALLUCIN	fdr	0.05	146	64	35	22	25	108	37	21	30	20
O15_PREG_OTHER_MAT_DISORD	fdr	0.1	271	79	69	56	67	346	114	117	68	47
I9_ARTEMBTHR	fdr	0.1	271	63	76	65	67	268	54	76	69	69
L12_RHINOPHYMA	fdr	0.1	234	67	57	51	59	207	52	51	46	58
CD2_BENIGN_CONNECTIVE_SOFT	fdr	0.1	185	53	57	35	40	196	55	61	40	40
F5_HALLUCIN	fdr	0.1	234	92	51	44	47	185	53	38	50	44
I9_ARTEMBTHR	fdr	0.2	553	131	157	124	141	553	139	143	141	130
O15_PREG_OTHER_MAT_DISORD	fdr	0.2	595	160	157	135	143	686	219	204	148	115
CD2_BENIGN_CONNECTIVE_SOFT	fdr	0.2	419	120	124	83	92	451	118	122	105	106
F5_HALLUCIN	fdr	0.2	445	137	108	98	102	407	97	102	107	101
L12_RHINOPHYMA	fdr	0.2	499	127	125	124	123	496	122	131	113	130
L12_ROSACEANAS	nominal	0.05	1153	286	304	271	292	1147	254	276	307	310
F5_HISPER	nominal	0.05	1071	241	253	297	280	1033	262	288	248	235
O15_PREG_PROLONGED	nominal	0.05	1159	317	335	267	240	1339	381	374	302	282
I9_ARTEMBTHRLOW	nominal	0.05	1140	286	319	247	288	1158	312	308	259	279
CD2_BENIGN_CONNSOFT_ABD	nominal	0.05	1183	288	300	297	298	1226	291	312	306	317
CD2_BENIGN_CONNSOFT_ABD	fdr	0.05	136	33	42	27	34	164	44	43	41	36
I9_ARTEMBTHRLOW	fdr	0.05	152	31	49	33	39	138	38	40	27	33
O15_PREG_PROLONGED	fdr	0.05	159	49	55	32	23	187	66	51	41	29
F5_HISPER	fdr	0.05	101	19	22	33	27	102	27	21	31	23
L12_ROSACEANAS	fdr	0.05	114	34	25	23	32	149	40	25	44	40
CD2_BENIGN_CONNSOFT_ABD	fdr	0.1	260	64	76	58	62	274	66	74	70	64
I9_ARTEMBTHRLOW	fdr	0.1	272	60	89	58	65	258	62	72	50	74
O15_PREG_PROLONGED	fdr	0.1	265	79	79	56	51	335	105	102	71	57
F5_HISPER	fdr	0.1	184	38	41	53	52	181	41	50	50	40
L12_ROSACEANAS	fdr	0.1	216	63	53	45	55	261	63	54	80	64
L12_ROSACEANAS	fdr	0.2	485	127	124	114	120	542	120	129	155	138
F5_HISPER	fdr	0.2	438	89	101	115	133	420	102	116	101	101
I9_ARTEMBTHRLOW	fdr	0.2	537	119	165	118	135	533	140	147	116	130
CD2_BENIGN_CONNSOFT_ABD	fdr	0.2	516	124	134	127	131	576	149	147	137	143
O15_PREG_PROLONGED	fdr	0.2	559	161	162	131	105	684	197	198	155	134
I9_ARTEMBTHRNAS	nominal	0.05	1015	244	236	253	282	1098	256	249	306	287
F5_HYPERKIN	nominal	0.05	1031	248	294	247	242	1123	295	322	245	261
CD2_BENIGN_CONNSOFT_PELVIS	nominal	0.05	1161	311	291	273	286	1175	271	285	329	290
L12_SCARCONDITIONS	nominal	0.05	1085	270	267	258	290	1124	251	298	292	283
O15_PREG_VENOUS_HAEMORRH	nominal	0.05	1100	260	274	287	279	1161	265	317	280	299
I9_ARTEMBTHRNAS	fdr	0.05	117	31	21	25	40	121	19	28	40	34
L12_SCARCONDITIONS	fdr	0.05	101	27	26	22	26	114	30	27	28	29
O15_PREG_VENOUS_HAEMORRH	fdr	0.05	110	22	28	31	29	105	26	31	25	23
CD2_BENIGN_CONNSOFT_PELVIS	fdr	0.05	185	55	67	24	39	156	42	36	37	41
F5_HYPERKIN	fdr	0.05	114	29	29	22	34	125	33	44	21	27
I9_ARTEMBTHRNAS	fdr	0.1	198	52	43	41	62	195	33	44	67	51
L12_SCARCONDITIONS	fdr	0.1	191	52	43	47	49	215	53	52	61	49
O15_PREG_VENOUS_HAEMORRH	fdr	0.1	195	53	45	48	49	190	42	60	41	47
CD2_BENIGN_CONNSOFT_PELVIS	fdr	0.1	303	87	100	53	63	266	61	62	70	73
F5_HYPERKIN	fdr	0.1	190	47	49	46	48	214	59	69	41	45
I9_ARTEMBTHRNAS	fdr	0.2	414	97	96	100	121	452	95	98	144	115
L12_SCARCONDITIONS	fdr	0.2	430	106	106	110	108	456	106	125	116	109
O15_PREG_VENOUS_HAEMORRH	fdr	0.2	457	119	106	119	113	480	111	133	112	124
CD2_BENIGN_CONNSOFT_PELVIS	fdr	0.2	553	149	164	114	126	549	125	141	151	132
F5_HYPERKIN	fdr	0.2	397	102	113	86	96	485	127	155	103	100
CD2_BENIGN_CONNSOFT_THX	nominal	0.05	1168	280	292	300	296	1147	265	349	259	274
I9_ARTOTH	nominal	0.05	1097	291	292	254	260	1128	279	315	281	253
L12_SEBORRHOEIC	nominal	0.05	1291	338	329	337	287	1294	340	348	328	278
O15_PRETERM	nominal	0.05	1187	271	297	306	313	1294	346	393	290	265
F5_HYPERSOMNIA	nominal	0.05	1089	296	295	253	245	1103	256	284	280	283
I9_ARTOTH	fdr	0.05	105	36	34	18	17	105	34	22	25	24
CD2_BENIGN_CONNSOFT_THX	fdr	0.05	104	27	18	29	30	129	40	44	18	27
O15_PRETERM	fdr	0.05	161	44	34	39	44	178	57	49	46	26
L12_SEBORRHOEIC	fdr	0.05	215	75	64	40	36	188	49	49	58	32
F5_HYPERSOMNIA	fdr	0.05	108	27	35	27	19	134	22	40	31	41
I9_ARTOTH	fdr	0.1	191	58	59	41	33	205	59	51	53	42
CD2_BENIGN_CONNSOFT_THX	fdr	0.1	216	51	45	61	59	234	65	76	48	45
O15_PRETERM	fdr	0.1	279	71	57	68	83	306	88	85	81	52
L12_SEBORRHOEIC	fdr	0.1	349	112	92	75	70	317	88	82	91	56
F5_HYPERSOMNIA	fdr	0.1	201	49	65	46	41	230	49	68	54	59
I9_ARTOTH	fdr	0.2	444	116	122	108	98	461	113	136	110	102
L12_SEBORRHOEIC	fdr	0.2	650	185	160	163	142	661	185	184	170	122
CD2_BENIGN_CONNSOFT_THX	fdr	0.2	492	114	125	132	121	502	123	165	108	106
O15_PRETERM	fdr	0.2	582	132	153	135	162	632	178	193	142	119
F5_HYPERSOMNIA	fdr	0.2	419	110	124	96	89	461	104	131	107	119
F5_INSOMNIA	nominal	0.05	1360	373	364	317	306	1431	397	384	348	302
I9_ATHSCLE	nominal	0.05	1652	467	455	356	374	1619	408	454	389	368
L12_SEBORRKERAT	nominal	0.05	1257	302	340	293	322	1330	304	343	334	349
CD2_BENIGN_CONNSOFT_TRUNK	nominal	0.05	1107	289	308	256	254	1089	285	265	276	263
O15_PRE_OR_ECLAMPSIA	nominal	0.05	1354	356	319	346	333	1365	330	390	328	317
I9_ATHSCLE	fdr	0.05	308	95	93	50	70	311	71	86	65	89
L12_SEBORRKERAT	fdr	0.05	149	29	48	36	36	194	45	44	51	54
CD2_BENIGN_CONNSOFT_TRUNK	fdr	0.05	134	44	42	25	23	150	35	35	35	45
F5_INSOMNIA	fdr	0.05	233	79	59	49	46	227	68	58	61	40
O15_PRE_OR_ECLAMPSIA	fdr	0.05	228	78	52	52	46	248	76	60	55	57
F5_INSOMNIA	fdr	0.1	378	122	95	79	82	387	114	108	97	68
I9_ATHSCLE	fdr	0.1	520	153	152	101	114	531	118	157	128	128
CD2_BENIGN_CONNSOFT_TRUNK	fdr	0.1	235	70	74	45	46	240	58	56	58	68
L12_SEBORRKERAT	fdr	0.1	270	58	77	64	71	334	68	90	93	83
O15_PRE_OR_ECLAMPSIA	fdr	0.1	371	117	83	93	78	398	105	122	87	84
F5_INSOMNIA	fdr	0.2	717	210	196	155	156	766	214	209	188	155
CD2_BENIGN_CONNSOFT_TRUNK	fdr	0.2	442	123	127	103	89	474	117	119	120	118
I9_ATHSCLE	fdr	0.2	973	278	274	203	218	995	244	289	239	223
O15_PRE_OR_ECLAMPSIA	fdr	0.2	739	201	174	192	172	776	192	233	183	168
L12_SEBORRKERAT	fdr	0.2	618	137	176	140	165	700	159	188	174	179
I9_AVBLOCK	nominal	0.05	1337	302	330	344	361	1338	320	338	325	355
L12_SKINRADIOTH	nominal	0.05	1098	288	279	264	267	1152	303	304	289	256
F5_KELAMENT	nominal	0.05	1365	366	327	353	319	1420	392	374	348	306
CD2_BENIGN_CONNSOFT_UPPERLIMB	nominal	0.05	1068	280	284	253	251	1052	236	319	243	254
O15_PUERP_ANEST_COMPL	nominal	0.05	1144	265	295	282	302	1173	308	350	265	250
I9_AVBLOCK	fdr	0.05	281	58	53	74	96	222	52	52	50	68
L12_SKINRADIOTH	fdr	0.05	121	31	34	27	29	121	37	27	28	29
F5_KELAMENT	fdr	0.05	234	66	51	53	64	219	61	59	50	49
O15_PUERP_ANEST_COMPL	fdr	0.05	134	30	35	32	37	134	37	41	30	26
CD2_BENIGN_CONNSOFT_UPPERLIMB	fdr	0.05	99	26	39	14	20	106	33	32	22	19
I9_AVBLOCK	fdr	0.1	420	93	92	106	129	372	78	99	89	106
L12_SKINRADIOTH	fdr	0.1	234	63	66	60	45	232	65	59	54	54
F5_KELAMENT	fdr	0.1	374	101	81	92	100	392	110	97	101	84
O15_PUERP_ANEST_COMPL	fdr	0.1	251	56	63	59	73	245	67	78	55	45
CD2_BENIGN_CONNSOFT_UPPERLIMB	fdr	0.1	178	44	58	37	39	190	52	58	40	40
I9_AVBLOCK	fdr	0.2	720	150	180	182	208	721	164	181	181	195
L12_SKINRADIOTH	fdr	0.2	482	131	125	123	103	487	147	116	121	103
F5_KELAMENT	fdr	0.2	713	190	167	181	175	791	220	211	199	161
O15_PUERP_ANEST_COMPL	fdr	0.2	546	128	135	130	153	526	141	173	116	96
CD2_BENIGN_CONNSOFT_UPPERLIMB	fdr	0.2	409	106	119	94	90	438	107	133	99	99
L12_SKINSUBCUTISNAS	nominal	0.05	1101	280	304	252	265	1099	284	292	267	256
F5_KELARET	nominal	0.05	1102	273	261	271	297	1055	258	264	264	269
I9_CABG	nominal	0.05	1579	427	400	387	365	1678	390	443	415	430
O15_PUERP_COMPL_NAS	nominal	0.05	1015	246	251	275	243	1044	211	250	289	294
CD2_BENIGN_CORNEA	nominal	0.05	1151	306	305	265	275	1186	275	314	311	286
I9_CABG	fdr	0.05	254	75	75	47	57	287	64	74	68	81
F5_KELARET	fdr	0.05	123	23	22	37	41	112	29	32	26	25
O15_PUERP_COMPL_NAS	fdr	0.05	129	29	37	36	27	140	24	26	43	47
L12_SKINSUBCUTISNAS	fdr	0.05	137	38	46	27	26	124	29	21	36	38
CD2_BENIGN_CORNEA	fdr	0.05	151	46	36	31	38	157	36	39	38	44
I9_CABG	fdr	0.1	467	137	129	97	104	520	113	136	139	132
O15_PUERP_COMPL_NAS	fdr	0.1	204	54	61	49	40	221	40	52	63	66
F5_KELARET	fdr	0.1	204	37	37	69	61	204	50	63	51	40
CD2_BENIGN_CORNEA	fdr	0.1	253	76	66	50	61	256	60	69	65	62
L12_SKINSUBCUTISNAS	fdr	0.1	210	54	67	37	52	197	45	41	56	55
L12_SKINSUBCUTISNAS	fdr	0.2	457	110	140	100	107	480	110	126	120	124
I9_CABG	fdr	0.2	941	251	242	231	217	1033	250	277	258	248
O15_PUERP_COMPL_NAS	fdr	0.2	421	107	108	106	100	423	75	98	122	128
F5_KELARET	fdr	0.2	456	105	100	118	133	452	110	118	119	105
CD2_BENIGN_CORNEA	fdr	0.2	523	139	151	108	125	552	122	162	134	134
CD2_BENIGN_CORPUS_UTERI	nominal	0.05	1017	259	276	236	246	1025	261	235	279	250
F5_MANIA	nominal	0.05	1167	296	306	284	281	1249	308	345	291	305
L12_STRIAEATROPHICAE	nominal	0.05	1071	290	263	270	248	1039	265	261	270	243
O15_PUERP_INFECT_OTHER	nominal	0.05	1028	301	278	231	218	1101	304	284	265	248
I9_CARDARR	nominal	0.05	1092	308	273	245	266	1110	299	282	251	278
CD2_BENIGN_CORPUS_UTERI	fdr	0.05	88	28	25	16	19	87	18	25	20	24
F5_MANIA	fdr	0.05	132	39	37	21	35	170	46	52	35	37
I9_CARDARR	fdr	0.05	102	34	27	16	25	97	36	21	17	23
L12_STRIAEATROPHICAE	fdr	0.05	122	43	32	29	18	119	26	27	37	29
O15_PUERP_INFECT_OTHER	fdr	0.05	141	47	45	23	26	114	32	34	20	28
CD2_BENIGN_CORPUS_UTERI	fdr	0.1	161	48	50	29	34	185	40	44	53	48
F5_MANIA	fdr	0.1	242	66	74	45	57	284	76	94	60	54
I9_CARDARR	fdr	0.1	198	62	48	34	54	195	66	49	42	38
L12_STRIAEATROPHICAE	fdr	0.1	204	62	52	49	41	200	47	46	61	46
O15_PUERP_INFECT_OTHER	fdr	0.1	223	73	71	38	41	193	52	58	42	41
CD2_BENIGN_CORPUS_UTERI	fdr	0.2	377	101	107	85	84	396	93	82	124	97
F5_MANIA	fdr	0.2	523	133	136	115	139	612	152	175	148	137
I9_CARDARR	fdr	0.2	451	135	115	99	102	476	139	127	109	101
L12_STRIAEATROPHICAE	fdr	0.2	444	134	104	109	97	433	110	102	122	99
O15_PUERP_INFECT_OTHER	fdr	0.2	432	130	134	80	88	454	129	124	100	101
F5_MENTALUNSPE	nominal	0.05	1077	278	285	258	256	1136	311	283	284	258
I9_CARDMSEC	nominal	0.05	1062	262	271	256	273	1111	240	274	296	301
O15_PUERP_SEPSIS	nominal	0.05	1000	245	267	241	247	1077	280	308	253	236
CD2_BENIGN_CRANIAL_NERVE	nominal	0.05	1235	256	335	309	335	1143	279	290	292	282
L12_SUNBURN	nominal	0.05	1077	317	259	250	251	1062	249	246	278	289
CD2_BENIGN_CRANIAL_NERVE	fdr	0.05	193	32	38	59	64	152	38	35	39	40
F5_MENTALUNSPE	fdr	0.05	88	26	26	17	19	94	22	21	25	26
I9_CARDMSEC	fdr	0.05	91	23	24	23	21	91	20	22	23	26
L12_SUNBURN	fdr	0.05	145	57	35	27	26	103	27	21	28	27
O15_PUERP_SEPSIS	fdr	0.05	68	19	22	14	13	90	30	29	16	15
CD2_BENIGN_CRANIAL_NERVE	fdr	0.1	329	62	78	87	102	265	55	66	77	67
F5_MENTALUNSPE	fdr	0.1	157	48	45	31	33	184	42	49	48	45
I9_CARDMSEC	fdr	0.1	208	52	45	53	58	204	43	51	62	48
L12_SUNBURN	fdr	0.1	242	85	58	53	46	188	40	45	57	46
O15_PUERP_SEPSIS	fdr	0.1	154	36	48	41	29	164	45	49	39	31
CD2_BENIGN_CRANIAL_NERVE	fdr	0.2	584	107	158	143	176	540	121	144	149	126
F5_MENTALUNSPE	fdr	0.2	390	108	106	91	85	476	129	121	123	103
I9_CARDMSEC	fdr	0.2	414	112	98	96	108	460	94	116	131	119
L12_SUNBURN	fdr	0.2	455	139	109	105	102	428	89	98	131	110
O15_PUERP_SEPSIS	fdr	0.2	324	76	93	82	73	361	98	106	87	70
CD2_BENIGN_DESCENDING_COLON	nominal	0.05	1056	260	278	269	249	1067	273	295	249	250
I9_CARDMYO	nominal	0.05	1402	338	331	348	385	1365	279	365	357	364
O15_RETAINED_PLAC_MEMB_NO_HEAMORRH	nominal	0.05	1133	272	285	275	301	1108	291	324	253	240
F5_MENTORG	nominal	0.05	1153	286	262	300	305	1155	343	330	249	233
L12_SWEET_SDR	nominal	0.05	1174	312	310	256	296	1216	288	317	290	321
I9_CARDMYO	fdr	0.05	244	49	50	67	78	216	42	59	58	57
F5_MENTORG	fdr	0.05	182	41	41	40	60	159	55	64	19	21
L12_SWEET_SDR	fdr	0.05	118	34	34	21	29	141	34	37	37	33
CD2_BENIGN_DESCENDING_COLON	fdr	0.05	111	36	36	17	22	123	37	32	30	24
O15_RETAINED_PLAC_MEMB_NO_HEAMORRH	fdr	0.05	122	24	27	41	30	113	34	42	18	19
CD2_BENIGN_DESCENDING_COLON	fdr	0.1	192	56	62	41	33	227	71	60	52	44
I9_CARDMYO	fdr	0.1	379	83	81	94	121	376	80	105	95	96
F5_MENTORG	fdr	0.1	311	73	68	76	94	286	93	108	44	41
L12_SWEET_SDR	fdr	0.1	227	73	70	40	44	250	60	67	63	60
O15_RETAINED_PLAC_MEMB_NO_HEAMORRH	fdr	0.1	227	56	50	64	57	213	54	79	41	39
CD2_BENIGN_DESCENDING_COLON	fdr	0.2	460	120	140	107	93	462	128	137	106	91
I9_CARDMYO	fdr	0.2	741	179	163	190	209	777	154	219	200	204
F5_MENTORG	fdr	0.2	563	133	122	139	169	541	175	166	107	93
L12_SWEET_SDR	fdr	0.2	470	128	136	96	110	528	116	139	136	137
O15_RETAINED_PLAC_MEMB_NO_HEAMORRH	fdr	0.2	483	117	112	129	125	501	121	158	110	112
L12_TELOGEFFLU	nominal	0.05	998	274	238	250	236	1077	251	248	305	273
CD2_BENIGN_DIGESTIVE_NOS	nominal	0.05	1014	261	260	254	239	1124	293	289	281	261
F5_MILDRET	nominal	0.05	1083	272	295	245	271	1128	288	286	277	277
I9_CARDMYOALC	nominal	0.05	1100	265	286	248	301	1169	258	294	316	301
O15_TWIN_GEST	nominal	0.05	1103	278	305	260	260	1155	331	343	234	247
I9_CARDMYOALC	fdr	0.05	140	43	37	27	33	133	26	38	36	33
O15_TWIN_GEST	fdr	0.05	152	48	36	40	28	157	52	46	30	29
L12_TELOGEFFLU	fdr	0.05	117	35	33	24	25	144	27	19	53	45
CD2_BENIGN_DIGESTIVE_NOS	fdr	0.05	101	28	35	21	17	101	29	25	24	23
F5_MILDRET	fdr	0.05	127	38	45	23	21	112	35	27	25	25
I9_CARDMYOALC	fdr	0.1	240	65	54	53	68	249	58	68	67	56
O15_TWIN_GEST	fdr	0.1	231	66	67	50	48	269	83	83	57	46
F5_MILDRET	fdr	0.1	218	65	70	43	40	214	62	55	52	45
L12_TELOGEFFLU	fdr	0.1	188	55	49	39	45	237	43	46	79	69
CD2_BENIGN_DIGESTIVE_NOS	fdr	0.1	186	54	44	48	40	200	49	53	47	51
F5_MILDRET	fdr	0.2	474	120	131	105	118	456	132	115	112	97
I9_CARDMYOALC	fdr	0.2	489	119	124	103	143	539	116	132	149	142
O15_TWIN_GEST	fdr	0.2	494	123	156	109	106	532	154	156	109	113
L12_TELOGEFFLU	fdr	0.2	399	109	90	102	98	472	103	106	137	126
CD2_BENIGN_DIGESTIVE_NOS	fdr	0.2	386	106	95	105	80	446	109	119	111	107
O15_VENOUS_COMPLIC	nominal	0.05	1111	304	262	284	261	1122	303	286	281	252
F5_MIXEDDEV	nominal	0.05	1138	256	262	288	332	1175	262	345	277	291
CD2_BENIGN_DUODENUM	nominal	0.05	1123	287	326	240	270	1116	228	284	304	300
I9_CARDMYOHYP	nominal	0.05	1088	267	276	274	271	1128	239	269	293	327
L12_TRANSEPIDERMELIMINATION	nominal	0.05	1050	257	269	258	266	1010	214	251	255	290
F5_MIXEDDEV	fdr	0.05	183	29	32	55	67	158	35	51	28	44
O15_VENOUS_COMPLIC	fdr	0.05	87	30	23	15	19	94	33	22	18	21
I9_CARDMYOHYP	fdr	0.05	105	26	23	27	29	152	31	30	44	47
L12_TRANSEPIDERMELIMINATION	fdr	0.05	117	24	37	22	34	128	25	32	30	41
CD2_BENIGN_DUODENUM	fdr	0.05	112	32	33	19	28	86	18	18	25	25
F5_MIXEDDEV	fdr	0.1	284	50	50	85	99	282	62	95	63	62
O15_VENOUS_COMPLIC	fdr	0.1	177	60	45	34	38	178	50	54	36	38
CD2_BENIGN_DUODENUM	fdr	0.1	225	65	65	43	52	195	43	39	61	52
I9_CARDMYOHYP	fdr	0.1	185	47	44	49	45	236	46	58	67	65
L12_TRANSEPIDERMELIMINATION	fdr	0.1	202	45	61	43	53	209	43	53	54	59
F5_MIXEDDEV	fdr	0.2	547	100	110	155	182	568	136	174	123	135
O15_VENOUS_COMPLIC	fdr	0.2	437	134	107	94	102	453	124	131	103	95
L12_TRANSEPIDERMELIMINATION	fdr	0.2	429	102	110	105	112	417	85	95	111	126
CD2_BENIGN_DUODENUM	fdr	0.2	474	127	144	92	111	462	84	111	145	122
I9_CARDMYOHYP	fdr	0.2	430	110	109	107	104	483	95	117	128	143
F5_MIXPER	nominal	0.05	1152	280	331	272	269	1212	301	357	274	280
I9_CARDMYOINOTH	nominal	0.05	1076	261	234	302	279	1079	285	304	256	234
CD2_BENIGN_EAR_NASAL_SINUS	nominal	0.05	1094	296	278	270	250	1147	267	279	320	281
L12_ULCERLOWLIMB	nominal	0.05	1228	356	326	263	283	1141	264	277	294	306
OFFICIAL_TILASTOKESKUS_DEATH	nominal	0.05	1182	318	317	281	266	1201	303	315	299	284
F5_MIXPER	fdr	0.05	121	30	45	13	33	126	35	42	21	28
CD2_BENIGN_EAR_NASAL_SINUS	fdr	0.05	128	42	38	16	32	122	22	28	27	45
I9_CARDMYOINOTH	fdr	0.05	123	21	15	43	44	127	44	38	21	24
L12_ULCERLOWLIMB	fdr	0.05	146	58	47	19	22	132	27	34	38	33
OFFICIAL_TILASTOKESKUS_DEATH	fdr	0.05	148	41	46	34	27	146	40	24	39	43
I9_CARDMYOINOTH	fdr	0.1	208	40	33	70	65	214	68	58	51	37
F5_MIXPER	fdr	0.1	229	52	75	43	59	233	57	79	51	46
CD2_BENIGN_EAR_NASAL_SINUS	fdr	0.1	217	63	53	42	59	224	45	56	60	63
L12_ULCERLOWLIMB	fdr	0.1	263	88	84	36	55	246	52	65	67	62
OFFICIAL_TILASTOKESKUS_DEATH	fdr	0.1	245	63	74	56	52	268	67	65	68	68
I9_CARDMYOINOTH	fdr	0.2	453	101	95	129	128	463	134	144	90	95
CD2_BENIGN_EAR_NASAL_SINUS	fdr	0.2	441	123	110	97	111	484	113	118	130	123
L12_ULCERLOWLIMB	fdr	0.2	564	171	164	109	120	529	114	136	142	137
OFFICIAL_TILASTOKESKUS_DEATH	fdr	0.2	498	133	144	111	110	558	143	133	137	145
F5_MIXPER	fdr	0.2	490	115	155	98	122	529	136	165	125	103
I9_CARDMYOOTH	nominal	0.05	1188	291	273	311	313	1144	269	302	284	289
L12_URTICARIA	nominal	0.05	1284	349	346	298	291	1280	351	348	280	301
OSTEON_DRUGS	nominal	0.05	1052	266	264	254	268	1082	257	287	268	270
CD2_BENIGN_EAR_RESP	nominal	0.05	1033	254	267	252	260	1073	282	269	262	260
F5_MODRET	nominal	0.05	1028	256	232	246	294	1084	267	273	267	277
L12_URTICARIA	fdr	0.05	201	67	52	30	52	184	47	48	41	48
CD2_BENIGN_EAR_RESP	fdr	0.05	100	22	24	25	29	106	28	23	19	36
I9_CARDMYOOTH	fdr	0.05	193	36	42	57	58	152	38	34	39	41
F5_MODRET	fdr	0.05	82	26	16	20	20	89	28	20	20	21
OSTEON_DRUGS	fdr	0.05	113	26	38	23	26	115	16	28	42	29
L12_URTICARIA	fdr	0.1	315	94	89	60	72	303	74	87	73	69
CD2_BENIGN_EAR_RESP	fdr	0.1	184	42	46	43	53	193	49	49	40	55
I9_CARDMYOOTH	fdr	0.1	293	61	68	78	86	264	65	72	65	62
F5_MODRET	fdr	0.1	165	44	34	40	47	178	48	38	46	46
OSTEON_DRUGS	fdr	0.1	193	43	57	44	49	201	38	54	64	45
I9_CARDMYOOTH	fdr	0.2	565	142	126	143	154	547	122	160	139	126
L12_URTICARIA	fdr	0.2	609	179	150	144	136	627	166	171	138	152
CD2_BENIGN_EAR_RESP	fdr	0.2	406	103	106	91	106	429	111	98	110	110
OSTEON_DRUGS	fdr	0.2	387	83	109	94	101	429	85	115	120	109
F5_MODRET	fdr	0.2	364	89	78	86	111	391	109	80	104	98
CD2_BENIGN_ENDOCRINE_NOS	nominal	0.05	1039	248	266	259	266	1147	268	275	311	293
L12_URTICA_ALLERG	nominal	0.05	1114	313	264	258	279	1144	292	296	293	263
F5_MOOD	nominal	0.05	1553	426	428	334	365	1682	464	449	391	378
OSTEOPOROSIS_FRACTURE_FG	nominal	0.05	1229	317	299	301	312	1167	271	281	316	299
I9_CARDMYORESTR	nominal	0.05	1163	297	272	293	301	1156	283	268	324	281
CD2_BENIGN_ENDOCRINE_NOS	fdr	0.05	98	26	24	25	23	107	27	23	31	26
F5_MOOD	fdr	0.05	278	87	73	56	62	314	87	87	73	67
L12_URTICA_ALLERG	fdr	0.05	91	21	13	24	33	143	50	36	25	32
OSTEOPOROSIS_FRACTURE_FG	fdr	0.05	188	58	49	46	35	156	23	32	50	51
I9_CARDMYORESTR	fdr	0.05	136	34	28	43	31	146	37	40	40	29
CD2_BENIGN_ENDOCRINE_NOS	fdr	0.1	188	51	51	47	39	216	47	44	73	52
F5_MOOD	fdr	0.1	461	123	127	96	115	547	156	158	128	105
OSTEOPOROSIS_FRACTURE_FG	fdr	0.1	319	107	77	77	58	270	50	54	84	82
L12_URTICA_ALLERG	fdr	0.1	188	45	33	46	64	226	67	61	42	56
I9_CARDMYORESTR	fdr	0.1	234	59	45	70	60	261	59	62	76	64
CD2_BENIGN_ENDOCRINE_NOS	fdr	0.2	400	100	108	96	96	482	106	117	139	120
F5_MOOD	fdr	0.2	889	233	259	182	215	1043	293	300	244	206
L12_URTICA_ALLERG	fdr	0.2	473	127	111	105	130	505	135	143	119	108
OSTEOPOROSIS_FRACTURE_FG	fdr	0.2	581	160	145	152	124	587	121	147	164	155
I9_CARDMYORESTR	fdr	0.2	525	137	107	151	130	540	129	120	156	135
L12_URTICA_CHOLINERG	nominal	0.05	1173	293	319	276	285	1186	275	289	317	305
OSTPOPATFRACTURE	nominal	0.05	1102	300	255	281	266	1110	243	256	313	298
CD2_BENIGN_ENDOCRINE_OTH	nominal	0.05	1157	287	279	284	307	1207	299	313	306	289
I9_CAVS_OPERATED	nominal	0.05	1561	424	424	355	358	1577	371	411	395	400
F5_MOODOTH	nominal	0.05	1132	324	302	268	238	1081	271	291	271	248
I9_CAVS_OPERATED	fdr	0.05	301	106	91	53	51	291	71	71	67	82
F5_MOODOTH	fdr	0.05	145	57	44	23	21	107	34	23	28	22
L12_URTICA_CHOLINERG	fdr	0.05	131	43	31	26	31	149	32	32	40	45
OSTPOPATFRACTURE	fdr	0.05	147	53	34	33	27	138	25	22	53	38
CD2_BENIGN_ENDOCRINE_OTH	fdr	0.05	109	30	21	20	38	128	34	35	37	22
I9_CAVS_OPERATED	fdr	0.1	484	152	144	98	90	477	115	115	122	125
F5_MOODOTH	fdr	0.1	232	83	65	43	41	205	52	58	54	41
L12_URTICA_CHOLINERG	fdr	0.1	238	72	64	47	55	272	55	73	68	76
OSTPOPATFRACTURE	fdr	0.1	235	74	58	51	52	245	46	43	83	73
CD2_BENIGN_ENDOCRINE_OTH	fdr	0.1	221	52	46	48	75	250	57	70	66	57
CD2_BENIGN_ENDOCRINE_OTH	fdr	0.2	509	128	123	120	138	579	134	143	160	142
I9_CAVS_OPERATED	fdr	0.2	927	260	256	202	209	981	236	259	249	237
F5_MOODOTH	fdr	0.2	497	152	130	107	108	483	118	145	122	98
L12_URTICA_CHOLINERG	fdr	0.2	525	142	150	113	120	593	122	158	155	158
OSTPOPATFRACTURE	fdr	0.2	470	147	111	108	104	501	103	106	146	146
L12_URTICA_COLDHEAT	nominal	0.05	1085	317	292	242	234	1110	286	260	282	282
CD2_BENIGN_ENDOCRINE_PANCREAS	nominal	0.05	1045	240	275	254	276	1094	270	307	252	265
I9_CEREBAMY	nominal	0.05	1240	310	274	322	334	1194	276	305	313	300
F5_NEUROTICOTH	nominal	0.05	1155	275	296	277	307	1174	287	330	273	284
OSTPOPATFRCTURE_POSTEMENO	nominal	0.05	1109	301	277	272	259	1164	270	297	317	280
F5_NEUROTICOTH	fdr	0.05	156	49	41	35	31	143	43	28	37	35
L12_URTICA_COLDHEAT	fdr	0.05	109	31	29	19	30	114	29	28	25	32
OSTPOPATFRCTURE_POSTEMENO	fdr	0.05	142	54	36	34	18	108	29	22	28	29
CD2_BENIGN_ENDOCRINE_PANCREAS	fdr	0.05	96	27	25	21	23	117	32	33	29	23
I9_CEREBAMY	fdr	0.05	205	37	43	60	65	165	41	35	49	40
I9_CEREBAMY	fdr	0.1	319	63	65	92	99	281	66	67	80	68
F5_NEUROTICOTH	fdr	0.1	282	79	71	73	59	247	68	66	62	51
L12_URTICA_COLDHEAT	fdr	0.1	186	55	47	44	40	205	58	48	51	48
OSTPOPATFRCTURE_POSTEMENO	fdr	0.1	233	75	58	63	37	202	47	45	58	52
CD2_BENIGN_ENDOCRINE_PANCREAS	fdr	0.1	187	41	52	45	49	221	49	68	55	49
L12_URTICA_COLDHEAT	fdr	0.2	433	135	122	95	81	466	128	94	126	118
I9_CEREBAMY	fdr	0.2	587	136	128	154	169	560	139	139	143	139
F5_NEUROTICOTH	fdr	0.2	519	136	129	128	126	531	140	144	130	117
OSTPOPATFRCTURE_POSTEMENO	fdr	0.2	498	145	124	126	103	521	115	130	154	122
CD2_BENIGN_ENDOCRINE_PANCREAS	fdr	0.2	398	87	109	97	105	483	108	147	111	117
OTHER_DRUGADVERS_SECONDA_PARKINSONI	nominal	0.05	1136	295	291	291	259	1159	289	300	297	273
CD2_BENIGN_EPIDIDYMIS	nominal	0.05	1064	290	306	222	246	1082	260	311	258	253
L12_URTICA_DERTMATOG	nominal	0.05	1189	303	310	288	288	1166	271	308	290	297
I9_CEREBATHER	nominal	0.05	1039	262	284	246	247	1016	234	256	269	257
F5_NIGHTMARES	nominal	0.05	1024	256	260	264	244	1026	282	265	236	243
OTHER_DRUGADVERS_SECONDA_PARKINSONI	fdr	0.05	112	26	36	28	22	136	33	40	30	33
CD2_BENIGN_EPIDIDYMIS	fdr	0.05	125	48	41	16	20	95	17	23	28	27
L12_URTICA_DERTMATOG	fdr	0.05	165	56	40	41	28	165	43	51	35	36
F5_NIGHTMARES	fdr	0.05	92	24	21	25	22	89	25	17	18	29
I9_CEREBATHER	fdr	0.05	90	22	22	25	21	87	19	20	25	23
OTHER_DRUGADVERS_SECONDA_PARKINSONI	fdr	0.1	210	55	53	54	48	237	49	76	61	51
CD2_BENIGN_EPIDIDYMIS	fdr	0.1	226	74	78	30	44	188	37	59	51	41
L12_URTICA_DERTMATOG	fdr	0.1	268	82	72	62	52	268	69	78	67	54
I9_CEREBATHER	fdr	0.1	198	46	52	50	50	182	44	36	55	47
F5_NIGHTMARES	fdr	0.1	170	44	40	48	38	175	48	43	43	41
OTHER_DRUGADVERS_SECONDA_PARKINSONI	fdr	0.2	476	129	134	115	98	527	124	151	140	112
CD2_BENIGN_EPIDIDYMIS	fdr	0.2	468	142	145	84	97	430	112	116	105	97
L12_URTICA_DERTMATOG	fdr	0.2	548	147	151	126	124	548	128	151	133	136
I9_CEREBATHER	fdr	0.2	414	109	113	100	92	418	92	105	122	99
F5_NIGHTMARES	fdr	0.2	377	98	97	98	84	410	120	104	94	92
L12_URTICA_IDIOPAT	nominal	0.05	1049	304	300	221	224	1077	269	273	288	247
OTHER_SYSTCON_FG	nominal	0.05	1426	353	375	343	355	1387	321	318	375	373
CD2_BENIGN_EXTRAHEPATIC_BILE	nominal	0.05	1081	313	285	238	245	1192	296	303	287	306
F5_OCD	nominal	0.05	1195	303	323	279	290	1183	286	327	298	272
I9_CEREBDOTH	nominal	0.05	1099	296	308	228	267	1153	276	309	293	275
F5_OCD	fdr	0.05	122	37	42	20	23	145	39	37	33	36
OTHER_SYSTCON_FG	fdr	0.05	261	79	65	59	58	229	44	49	70	66
I9_CEREBDOTH	fdr	0.05	107	26	26	26	29	131	25	48	30	28
CD2_BENIGN_EXTRAHEPATIC_BILE	fdr	0.05	92	36	22	12	22	135	29	35	28	43
L12_URTICA_IDIOPAT	fdr	0.05	81	30	29	7	15	83	11	22	21	29
L12_URTICA_IDIOPAT	fdr	0.1	167	59	55	23	30	161	35	39	42	45
OTHER_SYSTCON_FG	fdr	0.1	412	113	112	96	91	383	76	90	113	104
CD2_BENIGN_EXTRAHEPATIC_BILE	fdr	0.1	195	64	47	41	43	244	56	68	49	71
F5_OCD	fdr	0.1	232	74	71	38	49	264	69	68	72	55
I9_CEREBDOTH	fdr	0.1	215	54	58	52	51	237	50	72	63	52
L12_URTICA_IDIOPAT	fdr	0.2	403	129	117	86	71	424	102	110	105	107
OTHER_SYSTCON_FG	fdr	0.2	772	200	209	180	183	758	170	177	216	195
CD2_BENIGN_EXTRAHEPATIC_BILE	fdr	0.2	423	130	124	82	87	501	123	129	121	128
F5_OCD	fdr	0.2	533	148	147	117	121	566	140	163	138	125
I9_CEREBDOTH	fdr	0.2	458	113	135	104	106	500	121	134	135	110
I9_CEREBRART	nominal	0.05	1094	270	337	235	252	1190	272	323	287	308
L12_URTICA_NAS	nominal	0.05	1294	346	347	285	316	1340	350	366	311	313
P16_BACTERIAL_SEPSIS_NEWBO	nominal	0.05	1045	271	253	283	238	1074	256	277	267	274
CD2_BENIGN_EYE	nominal	0.05	1119	301	328	262	228	1036	238	259	281	258
F5_OPIOIDS	nominal	0.05	1216	342	330	277	267	1201	330	347	265	259
L12_URTICA_NAS	fdr	0.05	218	76	64	36	42	195	55	53	42	45
F5_OPIOIDS	fdr	0.05	153	52	49	24	28	170	54	48	32	36
P16_BACTERIAL_SEPSIS_NEWBO	fdr	0.05	115	44	34	16	21	120	34	21	31	34
I9_CEREBRART	fdr	0.05	111	28	42	24	17	139	27	32	44	36
CD2_BENIGN_EYE	fdr	0.05	132	45	41	31	15	100	22	21	30	27
I9_CEREBRART	fdr	0.1	195	51	63	43	38	247	48	67	72	60
L12_URTICA_NAS	fdr	0.1	346	106	108	61	71	332	84	88	84	76
P16_BACTERIAL_SEPSIS_NEWBO	fdr	0.1	205	69	55	41	40	207	52	55	48	52
CD2_BENIGN_EYE	fdr	0.1	239	84	69	53	33	182	33	44	57	48
F5_OPIOIDS	fdr	0.1	264	83	83	47	51	290	90	90	55	55
I9_CEREBRART	fdr	0.2	465	122	145	101	97	564	120	166	137	141
L12_URTICA_NAS	fdr	0.2	632	178	178	142	134	660	172	173	161	154
P16_BACTERIAL_SEPSIS_NEWBO	fdr	0.2	423	130	105	104	84	440	113	121	108	98
CD2_BENIGN_EYE	fdr	0.2	485	152	144	113	76	391	80	91	115	105
F5_OPIOIDS	fdr	0.2	542	160	155	112	115	584	170	163	124	127
I9_CHD	nominal	0.05	1696	426	476	381	413	1740	387	486	408	459
CD2_BENIGN_FEMALE_GEN_NOS	nominal	0.05	1063	291	282	243	247	1041	257	280	256	248
F5_OTHERSUB	nominal	0.05	1248	376	376	240	256	1203	340	358	259	246
L12_URTIGA_CONTACT	nominal	0.05	1044	276	256	268	244	1036	238	277	253	268
P16_BIRTHINJY_PERIP_NERVOUS_SYSTEM	nominal	0.05	998	245	240	252	261	1020	256	281	242	241
F5_OTHERSUB	fdr	0.05	177	71	57	21	28	172	52	59	29	32
I9_CHD	fdr	0.05	316	81	90	59	86	336	79	97	75	85
CD2_BENIGN_FEMALE_GEN_NOS	fdr	0.05	113	37	25	22	29	90	25	33	15	17
P16_BIRTHINJY_PERIP_NERVOUS_SYSTEM	fdr	0.05	106	17	21	30	38	92	23	24	22	23
L12_URTIGA_CONTACT	fdr	0.05	108	28	37	19	24	120	35	33	28	24
I9_CHD	fdr	0.1	533	136	144	118	135	553	131	160	127	135
F5_OTHERSUB	fdr	0.1	308	108	96	46	58	293	82	94	60	57
CD2_BENIGN_FEMALE_GEN_NOS	fdr	0.1	210	62	55	44	49	176	45	59	33	39
P16_BIRTHINJY_PERIP_NERVOUS_SYSTEM	fdr	0.1	188	39	38	48	63	179	42	47	49	41
L12_URTIGA_CONTACT	fdr	0.1	197	52	55	39	51	192	44	58	41	49
I9_CHD	fdr	0.2	1042	260	285	239	258	1093	249	314	256	274
CD2_BENIGN_FEMALE_GEN_NOS	fdr	0.2	434	121	113	101	99	421	107	124	98	92
F5_OTHERSUB	fdr	0.2	603	202	186	95	120	597	161	199	119	118
L12_URTIGA_CONTACT	fdr	0.2	422	110	114	98	100	430	95	126	100	109
P16_BIRTHINJY_PERIP_NERVOUS_SYSTEM	fdr	0.2	395	94	83	103	115	410	99	121	90	100
F5_OTHPER	nominal	0.05	1148	296	263	310	279	1168	331	288	289	260
L12_VASCULITISNAS	nominal	0.05	1188	314	305	295	274	1196	324	318	287	267
P16_BIRTH_ASPHYXIA	nominal	0.05	1121	296	302	258	265	1159	262	305	326	266
CD2_BENIGN_FEMALE_GEN_OTH	nominal	0.05	1151	291	317	271	272	1151	302	342	247	260
I9_CHRONIC_CONSTRICTIVE_PERICARDITIS	nominal	0.05	1190	293	328	275	294	1125	279	324	266	256
F5_OTHPER	fdr	0.05	150	49	35	35	31	153	58	37	36	22
CD2_BENIGN_FEMALE_GEN_OTH	fdr	0.05	172	49	39	42	42	137	40	45	21	31
I9_CHRONIC_CONSTRICTIVE_PERICARDITIS	fdr	0.05	120	28	29	31	32	108	33	38	15	22
P16_BIRTH_ASPHYXIA	fdr	0.05	109	36	32	17	24	118	25	28	32	33
L12_VASCULITISNAS	fdr	0.05	188	59	43	46	40	149	44	37	32	36
F5_OTHPER	fdr	0.1	235	62	55	65	53	250	78	61	67	44
CD2_BENIGN_FEMALE_GEN_OTH	fdr	0.1	268	65	68	63	72	250	64	88	41	57
I9_CHRONIC_CONSTRICTIVE_PERICARDITIS	fdr	0.1	222	55	55	57	55	204	56	72	33	43
L12_VASCULITISNAS	fdr	0.1	302	85	81	69	67	278	81	76	60	61
P16_BIRTH_ASPHYXIA	fdr	0.1	222	65	64	41	52	201	41	55	57	48
F5_OTHPER	fdr	0.2	488	125	120	129	114	564	164	145	152	103
L12_VASCULITISNAS	fdr	0.2	546	146	136	138	126	575	149	160	141	125
CD2_BENIGN_FEMALE_GEN_OTH	fdr	0.2	526	126	144	129	127	524	143	168	100	113
I9_CHRONIC_CONSTRICTIVE_PERICARDITIS	fdr	0.2	505	129	135	112	129	468	126	152	97	93
P16_BIRTH_ASPHYXIA	fdr	0.2	469	131	132	97	109	477	98	133	137	109
CD2_BENIGN_FLOOROFMOUTH	nominal	0.05	1116	279	285	271	281	1131	286	292	269	284
I9_CONDUCTIO	nominal	0.05	1297	319	326	328	324	1299	311	348	313	327
L12_VITILIGO	nominal	0.05	1234	313	314	315	292	1234	318	314	310	292
F5_OTHRET	nominal	0.05	1068	275	266	258	269	1108	277	301	263	267
P16_BIRTH_TRAUMA	nominal	0.05	1090	252	299	257	282	1057	272	315	232	238
I9_CONDUCTIO	fdr	0.05	256	54	65	60	77	196	50	57	38	51
L12_VITILIGO	fdr	0.05	170	64	44	34	28	175	50	48	39	38
F5_OTHRET	fdr	0.05	131	34	28	33	36	124	31	33	29	31
P16_BIRTH_TRAUMA	fdr	0.05	125	37	23	32	33	110	31	24	31	24
CD2_BENIGN_FLOOROFMOUTH	fdr	0.05	130	21	33	28	48	121	20	36	23	42
CD2_BENIGN_FLOOROFMOUTH	fdr	0.1	233	45	63	51	74	219	46	63	47	63
I9_CONDUCTIO	fdr	0.1	403	93	97	98	115	354	80	104	87	83
L12_VITILIGO	fdr	0.1	293	92	81	71	49	306	86	82	76	62
F5_OTHRET	fdr	0.1	214	52	52	53	57	219	54	55	54	56
P16_BIRTH_TRAUMA	fdr	0.1	228	62	45	59	62	212	61	53	54	44
CD2_BENIGN_FLOOROFMOUTH	fdr	0.2	448	105	120	101	122	477	113	129	103	132
I9_CONDUCTIO	fdr	0.2	687	165	172	162	188	690	157	186	178	169
L12_VITILIGO	fdr	0.2	556	164	148	127	117	591	163	161	140	127
F5_OTHRET	fdr	0.2	441	109	106	114	112	463	123	125	109	106
P16_BIRTH_TRAUMA	fdr	0.2	447	112	108	108	119	466	129	133	97	107
I9_CORATHER	nominal	0.05	1686	442	437	398	409	1774	401	520	402	451
L12_XEROSCUT	nominal	0.05	1096	286	293	247	270	1083	247	257	298	281
P16_CARDIOV_DISORD_ORIGINA_PERINA_PERIOD	nominal	0.05	1146	306	308	251	281	1211	327	330	290	264
F5_PANIC	nominal	0.05	1334	375	373	291	295	1309	353	349	330	277
CD2_BENIGN_HEAMANGIOMA_LYMPHANGIOMA	nominal	0.05	1137	277	315	260	285	1222	292	304	336	290
I9_CORATHER	fdr	0.05	319	92	89	62	76	359	93	100	76	90
CD2_BENIGN_HEAMANGIOMA_LYMPHANGIOMA	fdr	0.05	109	27	27	30	25	133	32	28	36	37
F5_PANIC	fdr	0.05	219	82	65	28	44	185	58	52	42	33
P16_CARDIOV_DISORD_ORIGINA_PERINA_PERIOD	fdr	0.05	162	49	54	34	25	151	41	45	35	30
L12_XEROSCUT	fdr	0.05	124	35	42	28	19	139	26	29	42	42
I9_CORATHER	fdr	0.1	564	149	145	124	146	604	136	180	140	148
P16_CARDIOV_DISORD_ORIGINA_PERINA_PERIOD	fdr	0.1	274	80	83	55	56	258	69	79	61	49
CD2_BENIGN_HEAMANGIOMA_LYMPHANGIOMA	fdr	0.1	191	46	46	51	48	247	65	62	64	56
F5_PANIC	fdr	0.1	363	113	116	59	75	334	91	93	81	69
L12_XEROSCUT	fdr	0.1	222	58	70	51	43	237	38	60	76	63
I9_CORATHER	fdr	0.2	1052	268	278	247	259	1128	263	329	264	272
P16_CARDIOV_DISORD_ORIGINA_PERINA_PERIOD	fdr	0.2	526	154	144	111	117	546	150	151	134	111
CD2_BENIGN_HEAMANGIOMA_LYMPHANGIOMA	fdr	0.2	427	108	113	99	107	535	139	143	137	116
F5_PANIC	fdr	0.2	690	200	205	135	150	693	197	178	179	139
L12_XEROSCUT	fdr	0.2	461	121	132	108	100	480	101	110	139	130
CD2_BENIGN_HEART	nominal	0.05	1137	264	260	316	297	1132	299	319	267	247
I9_CVD_HARD	nominal	0.05	1569	434	443	360	332	1631	386	444	397	404
P16_CHRONIC_RESPI_DISEA_ORIGINA_PERINA_PERIOD	nominal	0.05	957	278	243	232	204	977	250	269	256	202
F5_PARAPER	nominal	0.05	1150	257	275	287	331	1095	275	299	262	259
LICHENOID_DRUG_REACTION	nominal	0.05	1228	318	333	257	320	1194	294	292	298	310
I9_CVD_HARD	fdr	0.05	250	66	93	42	49	288	72	83	60	73
CD2_BENIGN_HEART	fdr	0.05	138	31	24	39	44	135	42	45	23	25
F5_PARAPER	fdr	0.05	124	23	25	36	40	120	32	38	25	25
P16_CHRONIC_RESPI_DISEA_ORIGINA_PERINA_PERIOD	fdr	0.05	65	25	14	15	11	65	19	14	17	15
LICHENOID_DRUG_REACTION	fdr	0.05	161	38	48	29	46	155	41	31	39	44
I9_CVD_HARD	fdr	0.1	445	133	147	81	84	502	127	149	106	120
F5_PARAPER	fdr	0.1	239	47	47	70	75	237	59	79	56	43
P16_CHRONIC_RESPI_DISEA_ORIGINA_PERINA_PERIOD	fdr	0.1	145	48	43	31	23	128	42	32	29	25
CD2_BENIGN_HEART	fdr	0.1	233	57	39	66	71	221	68	71	44	38
LICHENOID_DRUG_REACTION	fdr	0.1	268	73	75	50	70	271	75	62	70	64
I9_CVD_HARD	fdr	0.2	905	251	272	201	181	996	243	286	236	231
P16_CHRONIC_RESPI_DISEA_ORIGINA_PERINA_PERIOD	fdr	0.2	306	98	84	68	56	311	80	90	79	62
F5_PARAPER	fdr	0.2	497	102	108	136	151	486	117	144	121	104
LICHENOID_DRUG_REACTION	fdr	0.2	590	148	169	113	160	574	146	131	145	152
CD2_BENIGN_HEART	fdr	0.2	509	114	114	136	145	495	134	163	104	94
F5_PERSBEHORG	nominal	0.05	1091	279	265	276	271	1132	291	299	301	241
I9_DILATED_CARDIOMYOPATHY	nominal	0.05	1396	346	345	334	371	1398	337	360	334	367
P16_DISORD_MUSCLE_TONE_NEWBO	nominal	0.05	988	252	262	226	248	994	247	256	242	249
CD2_BENIGN_HEMANGIOMA	nominal	0.05	1136	292	297	265	282	1263	306	301	361	295
LOCALIZED_SKIN_ERUPT_DRUGS_MEDICAM	nominal	0.05	1090	255	275	274	286	1132	277	279	287	289
I9_DILATED_CARDIOMYOPATHY	fdr	0.05	243	50	42	61	90	228	66	61	51	50
F5_PERSBEHORG	fdr	0.05	98	24	25	27	22	126	25	29	39	33
CD2_BENIGN_HEMANGIOMA	fdr	0.05	101	24	23	31	23	142	39	28	40	35
LOCALIZED_SKIN_ERUPT_DRUGS_MEDICAM	fdr	0.05	84	19	25	21	19	91	25	17	25	24
P16_DISORD_MUSCLE_TONE_NEWBO	fdr	0.05	63	15	21	15	12	81	25	26	15	15
I9_DILATED_CARDIOMYOPATHY	fdr	0.1	381	84	88	86	123	392	102	119	86	85
CD2_BENIGN_HEMANGIOMA	fdr	0.1	192	50	45	51	46	257	63	58	76	60
F5_PERSBEHORG	fdr	0.1	184	45	50	47	42	206	42	56	58	50
LOCALIZED_SKIN_ERUPT_DRUGS_MEDICAM	fdr	0.1	162	40	41	35	46	198	41	48	58	51
P16_DISORD_MUSCLE_TONE_NEWBO	fdr	0.1	140	35	39	31	35	148	41	43	36	28
I9_DILATED_CARDIOMYOPATHY	fdr	0.2	742	179	179	184	200	783	189	220	174	200
P16_DISORD_MUSCLE_TONE_NEWBO	fdr	0.2	341	76	87	84	94	361	101	93	84	83
CD2_BENIGN_HEMANGIOMA	fdr	0.2	471	128	128	110	105	581	161	142	156	122
F5_PERSBEHORG	fdr	0.2	441	102	109	124	106	476	119	116	142	99
LOCALIZED_SKIN_ERUPT_DRUGS_MEDICAM	fdr	0.2	404	95	101	99	109	478	111	114	128	125
F5_PERSMOOD	nominal	0.05	1369	383	344	316	326	1345	393	355	325	272
I9_DISCER	nominal	0.05	1038	246	234	263	295	980	212	257	243	268
LUNG_TRANSPLANTATION	nominal	0.05	1057	264	227	284	282	1119	285	293	273	268
CD2_BENIGN_HYPOPHARYNX	nominal	0.05	1059	269	287	249	254	1059	265	277	247	270
P16_DISORD_RELATED_GESTATION_LOW_BIRTHWGHTT_NECIFIED	nominal	0.05	1167	327	322	268	250	1179	305	322	286	266
LUNG_TRANSPLANTATION	fdr	0.05	98	24	12	31	31	118	35	23	31	29
P16_DISORD_RELATED_GESTATION_LOW_BIRTHWGHTT_NECIFIED	fdr	0.05	113	28	26	25	34	126	32	41	29	24
F5_PERSMOOD	fdr	0.05	239	81	46	63	49	205	72	47	58	28
I9_DISCER	fdr	0.05	112	32	27	27	26	119	28	29	31	31
CD2_BENIGN_HYPOPHARYNX	fdr	0.05	126	34	43	21	28	129	30	37	27	35
LUNG_TRANSPLANTATION	fdr	0.1	195	45	28	59	63	213	56	54	52	51
F5_PERSMOOD	fdr	0.1	363	119	79	81	84	342	108	89	96	49
P16_DISORD_RELATED_GESTATION_LOW_BIRTHWGHTT_NECIFIED	fdr	0.1	213	60	59	48	46	250	58	90	54	48
CD2_BENIGN_HYPOPHARYNX	fdr	0.1	222	63	68	44	47	229	52	58	64	55
I9_DISCER	fdr	0.1	206	53	46	59	48	194	44	48	51	51
F5_PERSMOOD	fdr	0.2	710	211	174	157	168	719	227	186	175	131
I9_DISCER	fdr	0.2	420	97	97	113	113	413	81	101	112	119
LUNG_TRANSPLANTATION	fdr	0.2	420	89	86	122	123	486	123	123	120	120
CD2_BENIGN_HYPOPHARYNX	fdr	0.2	422	110	126	89	97	474	100	134	130	110
P16_DISORD_RELATED_GESTATION_LOW_BIRTHWGHTT_NECIFIED	fdr	0.2	503	147	142	109	105	508	133	160	118	97
CD2_BENIGN_INTRATHORACIC	nominal	0.05	1111	260	275	290	286	1138	272	300	287	279
F5_PERSOCHANGE	nominal	0.05	1004	247	247	249	261	1098	269	304	264	261
I9_DISVEINLYMPH	nominal	0.05	1738	480	476	387	395	1803	457	487	422	437
P16_DISORD_RELATED_LONG_GESTATION_HIGH_BIRTHWGHTT	nominal	0.05	1050	271	268	258	253	1056	255	284	263	254
M13_ABSCTENDON	nominal	0.05	964	242	267	229	226	1008	238	263	280	227
I9_DISVEINLYMPH	fdr	0.05	355	109	97	67	82	367	98	92	84	93
CD2_BENIGN_INTRATHORACIC	fdr	0.05	108	25	20	34	29	141	36	39	35	31
F5_PERSOCHANGE	fdr	0.05	113	27	23	26	37	113	33	29	27	24
P16_DISORD_RELATED_LONG_GESTATION_HIGH_BIRTHWGHTT	fdr	0.05	144	38	35	39	32	137	22	38	43	34
M13_ABSCTENDON	fdr	0.05	80	20	25	14	21	73	17	16	21	19
I9_DISVEINLYMPH	fdr	0.1	606	166	172	129	139	634	161	168	148	157
CD2_BENIGN_INTRATHORACIC	fdr	0.1	215	54	41	62	58	251	61	78	67	45
F5_PERSOCHANGE	fdr	0.1	182	44	40	46	52	200	54	57	45	44
P16_DISORD_RELATED_LONG_GESTATION_HIGH_BIRTHWGHTT	fdr	0.1	227	64	52	57	54	221	41	59	69	52
M13_ABSCTENDON	fdr	0.1	146	34	42	31	39	156	43	31	44	38
I9_DISVEINLYMPH	fdr	0.2	1085	298	296	246	245	1188	308	318	277	285
M13_ABSCTENDON	fdr	0.2	326	77	92	75	82	367	87	80	112	88
P16_DISORD_RELATED_LONG_GESTATION_HIGH_BIRTHWGHTT	fdr	0.2	426	110	99	109	108	422	101	105	117	99
CD2_BENIGN_INTRATHORACIC	fdr	0.2	474	112	121	118	123	518	129	136	135	118
F5_PERSOCHANGE	fdr	0.2	396	93	101	98	104	464	106	140	122	96
CD2_BENIGN_INTRATHORACIC_NOS	nominal	0.05	1137	317	315	254	251	1144	269	300	282	293
P16_FEEDI_PROBL_NEWBO	nominal	0.05	993	227	240	268	258	1049	251	285	276	237
M13_ACHILLESTEND	nominal	0.05	1189	344	320	264	261	1288	325	345	319	299
F5_PERSOTH	nominal	0.05	1094	272	304	276	242	1076	251	270	270	285
I9_EMBTHROAOR	nominal	0.05	1016	230	228	269	289	1010	280	238	265	227
F5_PERSOTH	fdr	0.05	91	27	32	16	16	102	26	16	28	32
CD2_BENIGN_INTRATHORACIC_NOS	fdr	0.05	168	70	56	20	22	122	32	26	34	30
P16_FEEDI_PROBL_NEWBO	fdr	0.05	81	15	15	22	29	90	20	20	18	32
M13_ACHILLESTEND	fdr	0.05	167	57	58	24	28	148	31	42	42	33
I9_EMBTHROAOR	fdr	0.05	113	17	22	34	40	98	34	29	22	13
F5_PERSOTH	fdr	0.1	190	51	52	40	47	186	51	31	51	53
P16_FEEDI_PROBL_NEWBO	fdr	0.1	161	27	32	49	53	174	33	42	52	47
CD2_BENIGN_INTRATHORACIC_NOS	fdr	0.1	255	93	79	44	39	223	51	57	70	45
M13_ACHILLESTEND	fdr	0.1	295	88	97	55	55	270	55	85	71	59
I9_EMBTHROAOR	fdr	0.1	200	27	45	58	70	175	51	50	40	34
CD2_BENIGN_INTRATHORACIC_NOS	fdr	0.2	509	157	151	109	92	527	121	140	140	126
P16_FEEDI_PROBL_NEWBO	fdr	0.2	344	72	77	96	99	391	74	109	107	101
M13_ACHILLESTEND	fdr	0.2	571	157	182	116	116	594	143	174	144	133
F5_PERSOTH	fdr	0.2	417	109	116	96	96	419	100	96	112	111
I9_EMBTHROAOR	fdr	0.2	417	77	86	114	140	405	110	113	99	83
CD2_BENIGN_KIDNEY	nominal	0.05	1068	291	287	247	243	1057	248	264	283	262
F5_PERVASIVE	nominal	0.05	1022	233	264	266	259	1053	255	307	246	245
M13_ADHCAPSULITIS	nominal	0.05	1351	369	366	300	316	1320	387	353	307	273
P16_FETAL_DEATH_UNSP_CAUSE	nominal	0.05	1064	268	298	255	243	1071	255	300	274	242
I9_ENDOCARD	nominal	0.05	1131	274	277	298	282	1132	247	284	315	286
M13_ADHCAPSULITIS	fdr	0.05	246	87	65	45	49	216	73	66	37	40
P16_FETAL_DEATH_UNSP_CAUSE	fdr	0.05	99	26	37	20	16	133	32	26	36	39
I9_ENDOCARD	fdr	0.05	113	19	35	27	32	99	13	18	28	40
F5_PERVASIVE	fdr	0.05	91	18	22	20	31	99	21	37	22	19
CD2_BENIGN_KIDNEY	fdr	0.05	114	34	41	17	22	115	30	26	31	28
CD2_BENIGN_KIDNEY	fdr	0.1	210	72	62	31	45	193	49	47	54	43
M13_ADHCAPSULITIS	fdr	0.1	391	123	110	81	77	375	110	122	71	72
P16_FETAL_DEATH_UNSP_CAUSE	fdr	0.1	201	48	75	42	36	230	54	60	60	56
I9_ENDOCARD	fdr	0.1	220	48	63	54	55	217	44	45	62	66
F5_PERVASIVE	fdr	0.1	169	36	37	42	54	189	43	73	38	35
CD2_BENIGN_KIDNEY	fdr	0.2	442	136	117	92	97	417	96	106	114	101
F5_PERVASIVE	fdr	0.2	365	79	86	100	100	414	102	135	94	83
M13_ADHCAPSULITIS	fdr	0.2	718	206	198	153	161	723	212	205	162	144
P16_FETAL_DEATH_UNSP_CAUSE	fdr	0.2	437	121	131	101	84	459	106	125	116	112
I9_ENDOCARD	fdr	0.2	482	118	125	117	122	490	95	125	142	128
I9_E_DRONE	nominal	0.05	1190	312	309	294	275	1202	299	327	299	277
M13_ALGONEURO	nominal	0.05	1187	292	320	287	288	1211	316	323	284	288
F5_PHOBANX	nominal	0.05	1298	351	356	275	316	1339	330	357	327	325
CD2_BENIGN_LARYNX	nominal	0.05	1037	229	288	260	260	1076	274	282	275	245
P16_FET_NEWB_COMPLICATIO_PLACEN_CORD_MEMBRANES	nominal	0.05	1030	283	253	257	237	970	238	229	256	247
M13_ALGONEURO	fdr	0.05	127	39	30	30	28	128	33	34	34	27
P16_FET_NEWB_COMPLICATIO_PLACEN_CORD_MEMBRANES	fdr	0.05	132	49	26	30	27	100	35	24	23	18
F5_PHOBANX	fdr	0.05	188	64	53	29	42	168	48	34	49	37
I9_E_DRONE	fdr	0.05	145	37	45	38	25	154	40	41	46	27
CD2_BENIGN_LARYNX	fdr	0.05	82	21	23	16	22	104	28	26	27	23
CD2_BENIGN_LARYNX	fdr	0.1	181	37	52	42	50	199	46	52	56	45
F5_PHOBANX	fdr	0.1	320	100	92	53	75	297	81	70	80	66
I9_E_DRONE	fdr	0.1	269	64	77	68	60	279	67	84	80	48
M13_ALGONEURO	fdr	0.1	241	64	61	62	54	236	56	71	62	47
P16_FET_NEWB_COMPLICATIO_PLACEN_CORD_MEMBRANES	fdr	0.1	223	73	46	58	46	185	58	50	42	35
I9_E_DRONE	fdr	0.2	557	139	152	140	126	599	153	165	155	126
M13_ALGONEURO	fdr	0.2	531	121	141	137	132	555	133	156	135	131
F5_PHOBANX	fdr	0.2	656	194	181	124	157	679	169	176	173	161
CD2_BENIGN_LARYNX	fdr	0.2	386	83	115	90	98	455	114	102	129	110
P16_FET_NEWB_COMPLICATIO_PLACEN_CORD_MEMBRANES	fdr	0.2	419	121	93	106	99	384	97	99	96	92
CD2_BENIGN_LEIOMYOMA_UTERI	nominal	0.05	1506	373	368	396	369	1489	353	387	376	373
F5_PHYSBEHOTH	nominal	0.05	1175	298	291	282	304	1089	261	274	277	277
I9_HEARTFAIL	nominal	0.05	1439	377	372	341	349	1442	325	350	389	378
P16_FET_NEWB_MATERN_COMPLICATIO_PREGNAC	nominal	0.05	1065	262	277	269	257	1143	281	316	281	265
M13_ANKLEFOOT	nominal	0.05	1238	320	321	324	273	1176	328	325	277	246
I9_HEARTFAIL	fdr	0.05	226	69	59	45	53	254	48	48	77	81
F5_PHYSBEHOTH	fdr	0.05	131	25	28	35	43	95	21	22	23	29
M13_ANKLEFOOT	fdr	0.05	187	65	50	37	35	162	49	45	40	28
CD2_BENIGN_LEIOMYOMA_UTERI	fdr	0.05	248	71	55	62	60	272	66	76	61	69
P16_FET_NEWB_MATERN_COMPLICATIO_PREGNAC	fdr	0.05	118	29	34	30	25	122	46	34	20	22
I9_HEARTFAIL	fdr	0.1	373	105	110	79	79	423	85	92	119	127
CD2_BENIGN_LEIOMYOMA_UTERI	fdr	0.1	440	119	103	115	103	470	106	128	118	118
F5_PHYSBEHOTH	fdr	0.1	227	46	51	56	74	191	47	44	49	51
P16_FET_NEWB_MATERN_COMPLICATIO_PREGNAC	fdr	0.1	215	59	53	58	45	218	76	60	39	43
M13_ANKLEFOOT	fdr	0.1	310	94	85	67	64	283	78	82	73	50
F5_PHYSBEHOTH	fdr	0.2	499	117	120	127	135	467	112	117	122	116
I9_HEARTFAIL	fdr	0.2	784	213	224	177	170	844	174	218	231	221
CD2_BENIGN_LEIOMYOMA_UTERI	fdr	0.2	859	216	200	233	210	911	199	251	233	228
P16_FET_NEWB_MATERN_COMPLICATIO_PREGNAC	fdr	0.2	444	112	122	104	106	492	130	153	104	105
M13_ANKLEFOOT	fdr	0.2	610	162	168	155	125	567	166	160	136	105
F5_PSYCHDEV	nominal	0.05	1115	261	275	275	304	1129	270	298	292	269
I9_HEARTFAIL_AND_CHD	nominal	0.05	1505	368	390	359	388	1560	364	409	385	402
M13_ANKYLOSISJOINT	nominal	0.05	1154	277	274	277	326	1163	300	319	260	284
P16_FET_NEWB_MATERN_COND_UNREL_PRESENT_PREGNAC	nominal	0.05	1049	207	271	284	287	988	240	246	241	261
CD2_BENIGN_LIP	nominal	0.05	1106	279	304	258	265	1139	317	313	241	268
M13_ANKYLOSISJOINT	fdr	0.05	155	33	27	43	52	150	41	48	25	36
P16_FET_NEWB_MATERN_COND_UNREL_PRESENT_PREGNAC	fdr	0.05	118	21	30	30	37	89	19	23	21	26
I9_HEARTFAIL_AND_CHD	fdr	0.05	283	70	58	70	85	268	56	56	77	79
F5_PSYCHDEV	fdr	0.05	119	22	25	36	36	164	50	44	33	37
CD2_BENIGN_LIP	fdr	0.05	106	18	25	29	34	105	25	39	15	26
I9_HEARTFAIL_AND_CHD	fdr	0.1	449	112	104	109	124	466	93	109	135	129
M13_ANKYLOSISJOINT	fdr	0.1	263	63	53	65	82	263	69	79	50	65
P16_FET_NEWB_MATERN_COND_UNREL_PRESENT_PREGNAC	fdr	0.1	200	38	49	50	63	160	31	41	42	46
CD2_BENIGN_LIP	fdr	0.1	187	45	49	39	54	197	60	63	32	42
F5_PSYCHDEV	fdr	0.1	210	44	41	64	61	273	84	74	61	54
I9_HEARTFAIL_AND_CHD	fdr	0.2	862	200	225	202	235	925	193	247	245	240
M13_ANKYLOSISJOINT	fdr	0.2	544	137	128	115	164	532	129	168	106	129
P16_FET_NEWB_MATERN_COND_UNREL_PRESENT_PREGNAC	fdr	0.2	415	81	108	104	122	379	85	92	93	109
CD2_BENIGN_LIP	fdr	0.2	427	105	129	87	106	478	135	139	97	107
F5_PSYCHDEV	fdr	0.2	468	102	110	118	138	544	147	145	141	111
I9_HEARTFAIL_AND_HYPERTCARDIOM	nominal	0.05	1118	271	267	298	282	1162	259	287	309	307
P16_FET_NEWB_MATERN_FACTO_COMPLICATIO_PREGNAC_LABOUR_DELIV	nominal	0.05	1078	254	272	279	273	1022	253	283	249	237
CD2_BENIGN_LIPOMATOUS	nominal	0.05	1247	323	314	310	300	1364	326	373	323	342
M13_ANKYLOSPON	nominal	0.05	1253	309	310	306	328	1294	300	327	332	335
F5_PSYCHDEVOTH	nominal	0.05	1085	277	247	287	274	1105	306	325	244	230
CD2_BENIGN_LIPOMATOUS	fdr	0.05	159	46	44	29	40	225	52	61	60	52
F5_PSYCHDEVOTH	fdr	0.05	133	24	29	37	43	140	52	42	25	21
I9_HEARTFAIL_AND_HYPERTCARDIOM	fdr	0.05	110	23	24	32	31	119	32	25	34	28
M13_ANKYLOSPON	fdr	0.05	185	42	36	49	58	212	42	49	61	60
P16_FET_NEWB_MATERN_FACTO_COMPLICATIO_PREGNAC_LABOUR_DELIV	fdr	0.05	119	26	21	39	33	94	29	28	18	19
M13_ANKYLOSPON	fdr	0.1	308	75	73	80	80	341	67	87	97	90
CD2_BENIGN_LIPOMATOUS	fdr	0.1	293	76	73	64	80	378	85	106	98	89
F5_PSYCHDEVOTH	fdr	0.1	237	58	51	61	67	229	74	69	52	34
I9_HEARTFAIL_AND_HYPERTCARDIOM	fdr	0.1	204	47	40	58	59	225	49	56	69	51
P16_FET_NEWB_MATERN_FACTO_COMPLICATIO_PREGNAC_LABOUR_DELIV	fdr	0.1	200	41	44	60	55	171	56	52	32	31
I9_HEARTFAIL_AND_HYPERTCARDIOM	fdr	0.2	469	105	104	132	128	468	98	117	133	120
P16_FET_NEWB_MATERN_FACTO_COMPLICATIO_PREGNAC_LABOUR_DELIV	fdr	0.2	434	97	104	111	122	390	103	120	82	85
M13_ANKYLOSPON	fdr	0.2	608	140	159	149	160	672	155	170	178	169
CD2_BENIGN_LIPOMATOUS	fdr	0.2	588	151	155	138	144	702	160	206	173	163
F5_PSYCHDEVOTH	fdr	0.2	464	115	106	123	120	476	140	135	110	91
I9_HEARTFAIL_AND_OVERWEIGHT	nominal	0.05	1243	316	333	306	288	1329	310	324	363	332
CD2_BENIGN_LIPO_INTRATHO	nominal	0.05	1077	273	298	239	267	1119	314	308	261	236
P16_FET_NEWB_OTH_COMPLICATIO_LABOUR_DELIV	nominal	0.05	978	244	236	231	267	1046	239	295	258	254
F5_PSYCHOTH	nominal	0.05	1260	330	303	317	310	1321	323	332	359	307
M13_ANKYLOSPON_STRICT	nominal	0.05	1169	284	298	281	306	1242	305	318	304	315
CD2_BENIGN_LIPO_INTRATHO	fdr	0.05	100	29	30	18	23	95	35	19	19	22
I9_HEARTFAIL_AND_OVERWEIGHT	fdr	0.05	150	46	49	23	32	207	50	34	56	67
P16_FET_NEWB_OTH_COMPLICATIO_LABOUR_DELIV	fdr	0.05	90	18	21	22	29	105	31	34	18	22
F5_PSYCHOTH	fdr	0.05	181	54	48	34	45	225	48	49	68	60
M13_ANKYLOSPON_STRICT	fdr	0.05	141	27	28	38	48	157	42	34	36	45
CD2_BENIGN_LIPO_INTRATHO	fdr	0.1	195	55	55	43	42	197	69	45	44	39
I9_HEARTFAIL_AND_OVERWEIGHT	fdr	0.1	273	85	77	60	51	352	71	74	98	109
F5_PSYCHOTH	fdr	0.1	325	87	80	76	82	368	73	88	121	86
P16_FET_NEWB_OTH_COMPLICATIO_LABOUR_DELIV	fdr	0.1	164	36	41	44	43	187	43	61	49	34
M13_ANKYLOSPON_STRICT	fdr	0.1	242	53	53	66	70	269	66	63	68	72
I9_HEARTFAIL_AND_OVERWEIGHT	fdr	0.2	596	160	167	138	131	692	153	167	187	185
CD2_BENIGN_LIPO_INTRATHO	fdr	0.2	438	112	122	96	108	469	145	125	104	95
P16_FET_NEWB_OTH_COMPLICATIO_LABOUR_DELIV	fdr	0.2	336	80	76	77	103	394	86	119	105	84
F5_PSYCHOTH	fdr	0.2	668	176	157	163	172	722	180	168	215	159
M13_ANKYLOSPON_STRICT	fdr	0.2	520	124	126	123	147	592	139	147	151	155
F5_PSYTRANS	nominal	0.05	1214	303	278	314	319	1283	329	337	331	286
P16_INFECTIONS_SPECIFIC_PERINA_PERIOD	nominal	0.05	1078	289	280	277	232	984	261	238	243	242
CD2_BENIGN_LIPO_NOS	nominal	0.05	1218	301	283	308	326	1292	323	339	322	308
M13_ARTHINOTH	nominal	0.05	1141	263	263	283	332	1169	286	305	266	312
I9_HYPERTENC	nominal	0.05	1108	275	288	269	276	1156	271	292	291	302
CD2_BENIGN_LIPO_NOS	fdr	0.05	144	29	36	39	40	175	40	43	50	42
F5_PSYTRANS	fdr	0.05	133	33	31	34	35	175	51	43	43	38
I9_HYPERTENC	fdr	0.05	128	31	26	35	36	149	38	27	44	40
M13_ARTHINOTH	fdr	0.05	172	28	30	48	66	136	32	34	23	47
P16_INFECTIONS_SPECIFIC_PERINA_PERIOD	fdr	0.05	114	50	36	17	11	85	33	16	16	20
CD2_BENIGN_LIPO_NOS	fdr	0.1	268	63	60	70	75	310	67	81	91	71
F5_PSYTRANS	fdr	0.1	254	62	58	73	61	290	76	73	81	60
I9_HYPERTENC	fdr	0.1	223	49	55	56	63	253	62	58	70	63
P16_INFECTIONS_SPECIFIC_PERINA_PERIOD	fdr	0.1	199	74	65	32	28	162	50	33	39	40
M13_ARTHINOTH	fdr	0.1	269	48	53	73	95	243	53	78	46	66
P16_INFECTIONS_SPECIFIC_PERINA_PERIOD	fdr	0.2	430	129	121	102	78	384	115	83	99	87
CD2_BENIGN_LIPO_NOS	fdr	0.2	552	139	125	149	139	642	154	165	174	149
F5_PSYTRANS	fdr	0.2	583	140	138	155	150	647	164	175	175	133
I9_HYPERTENC	fdr	0.2	451	99	112	112	128	554	121	135	151	147
M13_ARTHINOTH	fdr	0.2	505	116	105	128	156	517	125	139	113	140
CD2_BENIGN_LIPO_SKIN_HEADFACENECK	nominal	0.05	1116	279	287	286	264	1054	229	272	285	268
M13_ARTHROPATHIES	nominal	0.05	1663	464	482	354	363	1639	407	461	393	378
P16_INTERSTITIAL_EMPHY_RELATED_COND_ORIGINA_PERINA_PERIOD	nominal	0.05	992	211	222	250	309	1000	230	241	258	271
I9_HYPERTROCARDMYOP	nominal	0.05	1191	314	304	300	273	1078	247	280	267	284
F5_PTSD	nominal	0.05	1217	342	330	275	270	1247	343	338	285	281
M13_ARTHROPATHIES	fdr	0.05	301	108	81	56	56	320	92	106	54	68
P16_INTERSTITIAL_EMPHY_RELATED_COND_ORIGINA_PERINA_PERIOD	fdr	0.05	128	21	26	35	46	100	19	30	23	28
F5_PTSD	fdr	0.05	186	68	50	30	38	159	50	42	29	38
I9_HYPERTROCARDMYOP	fdr	0.05	161	58	42	31	30	125	28	31	26	40
CD2_BENIGN_LIPO_SKIN_HEADFACENECK	fdr	0.05	109	25	22	35	27	127	32	28	29	38
M13_ARTHROPATHIES	fdr	0.1	524	168	147	103	106	547	138	176	118	115
P16_INTERSTITIAL_EMPHY_RELATED_COND_ORIGINA_PERINA_PERIOD	fdr	0.1	209	44	48	54	63	165	32	47	43	43
I9_HYPERTROCARDMYOP	fdr	0.1	276	84	67	63	62	229	58	52	58	61
F5_PTSD	fdr	0.1	286	96	76	50	64	287	90	69	64	64
CD2_BENIGN_LIPO_SKIN_HEADFACENECK	fdr	0.1	207	51	46	57	53	232	53	63	49	67
M13_ARTHROPATHIES	fdr	0.2	987	293	293	200	201	1046	258	308	250	230
P16_INTERSTITIAL_EMPHY_RELATED_COND_ORIGINA_PERINA_PERIOD	fdr	0.2	381	80	82	94	125	335	63	100	80	92
I9_HYPERTROCARDMYOP	fdr	0.2	544	155	125	143	121	487	106	126	129	126
F5_PTSD	fdr	0.2	561	163	135	126	137	601	175	153	149	124
CD2_BENIGN_LIPO_SKIN_HEADFACENECK	fdr	0.2	463	108	114	124	117	459	100	121	112	126
CD2_BENIGN_LIPO_SKIN_LIMBS	nominal	0.05	1104	288	273	268	275	1156	269	308	304	275
P16_NEONTAL_JAUND_OTH_UNSP_CAUSES	nominal	0.05	1045	257	300	229	259	1101	268	290	282	261
I9_HYPOTE	nominal	0.05	1141	281	292	298	270	1137	274	298	295	270
M13_ARTHROSIS	nominal	0.05	1812	496	510	417	389	1749	410	478	449	412
F5_SCHIZOAFF	nominal	0.05	1186	322	268	336	260	1285	326	321	337	301
M13_ARTHROSIS	fdr	0.05	369	116	107	77	69	354	99	98	76	81
CD2_BENIGN_LIPO_SKIN_LIMBS	fdr	0.05	109	37	26	25	21	145	37	35	41	32
F5_SCHIZOAFF	fdr	0.05	158	47	36	41	34	193	46	54	56	37
I9_HYPOTE	fdr	0.05	123	37	30	29	27	132	29	40	33	30
P16_NEONTAL_JAUND_OTH_UNSP_CAUSES	fdr	0.05	113	33	34	20	26	135	30	37	33	35
CD2_BENIGN_LIPO_SKIN_LIMBS	fdr	0.1	194	56	56	46	36	243	62	64	67	50
M13_ARTHROSIS	fdr	0.1	630	179	180	138	133	587	139	168	150	130
P16_NEONTAL_JAUND_OTH_UNSP_CAUSES	fdr	0.1	189	52	64	34	39	232	43	77	59	53
F5_SCHIZOAFF	fdr	0.1	278	79	60	75	64	322	70	95	89	68
I9_HYPOTE	fdr	0.1	220	60	55	56	49	230	58	66	59	47
CD2_BENIGN_LIPO_SKIN_LIMBS	fdr	0.2	428	117	103	112	96	479	112	134	133	100
P16_NEONTAL_JAUND_OTH_UNSP_CAUSES	fdr	0.2	418	105	127	89	97	502	111	151	131	109
I9_HYPOTE	fdr	0.2	476	126	128	115	107	517	130	145	133	109
M13_ARTHROSIS	fdr	0.2	1146	327	327	248	244	1141	255	320	298	268
F5_SCHIZOAFF	fdr	0.2	561	154	124	158	125	636	143	163	182	148
CD2_BENIGN_LIPO_SKIN_NOS	nominal	0.05	1012	282	249	252	229	988	256	254	265	213
I9_HYPTENS	nominal	0.05	1998	502	512	499	485	1983	491	519	487	486
P16_OTH_DISORD_ORIGINA_PERINA_PERIOD	nominal	0.05	1024	239	258	263	264	1050	245	269	261	275
M13_ARTHROSIS_INCLAVO	nominal	0.05	1739	486	495	377	381	1669	400	453	419	397
F5_SCHIZOTYP	nominal	0.05	1185	270	292	317	306	1199	317	326	276	280
CD2_BENIGN_LIPO_SKIN_NOS	fdr	0.05	91	20	30	22	19	86	17	19	27	23
I9_HYPTENS	fdr	0.05	441	117	121	97	106	460	119	115	120	106
M13_ARTHROSIS_INCLAVO	fdr	0.05	382	118	124	78	62	345	94	97	75	79
F5_SCHIZOTYP	fdr	0.05	158	30	38	48	42	154	40	45	35	34
P16_OTH_DISORD_ORIGINA_PERINA_PERIOD	fdr	0.05	77	16	13	18	30	91	26	20	23	22
CD2_BENIGN_LIPO_SKIN_NOS	fdr	0.1	150	36	46	35	33	152	33	31	48	40
I9_HYPTENS	fdr	0.1	714	175	197	169	173	751	186	191	201	173
M13_ARTHROSIS_INCLAVO	fdr	0.1	611	177	198	128	108	575	135	156	153	131
F5_SCHIZOTYP	fdr	0.1	260	57	63	70	70	256	66	75	66	49
P16_OTH_DISORD_ORIGINA_PERINA_PERIOD	fdr	0.1	155	33	38	40	44	159	39	37	42	41
CD2_BENIGN_LIPO_SKIN_NOS	fdr	0.2	371	99	104	94	74	376	86	105	101	84
I9_HYPTENS	fdr	0.2	1259	310	326	317	306	1365	330	366	341	328
P16_OTH_DISORD_ORIGINA_PERINA_PERIOD	fdr	0.2	378	84	96	96	102	401	86	109	109	97
M13_ARTHROSIS_INCLAVO	fdr	0.2	1075	312	324	220	219	1073	254	303	266	250
F5_SCHIZOTYP	fdr	0.2	500	115	131	129	125	537	135	156	131	115
CD2_BENIGN_LIPO_SKIN_TRUNK	nominal	0.05	1173	322	325	255	271	1240	308	333	286	313
F5_SCHIZPER	nominal	0.05	1096	279	275	270	272	1156	315	318	272	251
M13_ARTHROSIS_KNEE	nominal	0.05	1869	511	482	447	429	1799	428	463	450	458
I9_HYPTENSEC	nominal	0.05	1201	353	312	260	276	1255	318	317	324	296
P16_OTH_INFECTIONS_SPECIFIC_PERINA_PERIOD	nominal	0.05	1080	289	301	241	249	1040	282	260	248	250
M13_ARTHROSIS_KNEE	fdr	0.05	403	119	110	92	82	396	108	92	97	99
CD2_BENIGN_LIPO_SKIN_TRUNK	fdr	0.05	209	80	63	28	38	190	41	49	50	50
I9_HYPTENSEC	fdr	0.05	186	68	49	32	37	184	42	32	54	56
P16_OTH_INFECTIONS_SPECIFIC_PERINA_PERIOD	fdr	0.05	131	47	41	27	16	105	41	16	30	18
F5_SCHIZPER	fdr	0.05	109	33	26	28	22	124	33	34	35	22
F5_SCHIZPER	fdr	0.1	207	57	47	52	51	247	64	73	63	47
M13_ARTHROSIS_KNEE	fdr	0.1	658	188	177	145	148	659	149	168	177	165
I9_HYPTENSEC	fdr	0.1	290	101	75	54	60	314	72	62	93	87
CD2_BENIGN_LIPO_SKIN_TRUNK	fdr	0.1	317	110	90	58	59	330	76	92	84	78
P16_OTH_INFECTIONS_SPECIFIC_PERINA_PERIOD	fdr	0.1	227	74	70	43	40	188	60	43	51	34
CD2_BENIGN_LIPO_SKIN_TRUNK	fdr	0.2	580	175	168	120	117	611	146	173	150	142
F5_SCHIZPER	fdr	0.2	447	114	116	108	109	492	127	144	128	93
M13_ARTHROSIS_KNEE	fdr	0.2	1192	343	322	268	259	1208	273	314	312	309
I9_HYPTENSEC	fdr	0.2	607	182	169	126	130	633	152	143	177	161
P16_OTH_INFECTIONS_SPECIFIC_PERINA_PERIOD	fdr	0.2	451	135	133	92	91	420	130	103	96	91
I9_HYPTENSESS	nominal	0.05	1932	488	494	481	469	1943	478	519	475	471
P16_OTH_PERINA_HAEMATOL_DISORD	nominal	0.05	926	230	253	229	214	958	232	265	253	208
CD2_BENIGN_LIVER	nominal	0.05	1142	288	275	290	289	1137	305	337	263	232
M13_ARTHROSIS_KNEE_PRIM_KNEESURG	nominal	0.05	1696	436	461	421	378	1746	437	461	417	431
F5_SCHOLA	nominal	0.05	1105	272	265	292	276	1161	281	309	281	290
I9_HYPTENSESS	fdr	0.05	430	116	117	101	96	443	115	107	120	101
M13_ARTHROSIS_KNEE_PRIM_KNEESURG	fdr	0.05	324	87	84	82	71	343	84	95	75	89
CD2_BENIGN_LIVER	fdr	0.05	122	33	19	30	40	131	53	31	16	31
P16_OTH_PERINA_HAEMATOL_DISORD	fdr	0.05	62	18	22	10	12	81	11	25	24	21
F5_SCHOLA	fdr	0.05	103	17	23	29	34	137	38	46	23	30
P16_OTH_PERINA_HAEMATOL_DISORD	fdr	0.1	128	38	43	21	26	158	33	46	42	37
I9_HYPTENSESS	fdr	0.1	703	166	194	169	174	732	184	185	194	169
M13_ARTHROSIS_KNEE_PRIM_KNEESURG	fdr	0.1	558	154	150	136	118	586	134	165	142	145
F5_SCHOLA	fdr	0.1	198	40	49	55	54	236	63	75	49	49
CD2_BENIGN_LIVER	fdr	0.1	226	59	46	59	62	231	78	62	38	53
I9_HYPTENSESS	fdr	0.2	1238	302	316	321	299	1344	327	350	343	324
P16_OTH_PERINA_HAEMATOL_DISORD	fdr	0.2	319	89	84	78	68	342	92	87	87	76
M13_ARTHROSIS_KNEE_PRIM_KNEESURG	fdr	0.2	1051	277	293	250	231	1123	274	298	276	275
CD2_BENIGN_LIVER	fdr	0.2	485	118	115	122	130	509	139	152	101	117
F5_SCHOLA	fdr	0.2	434	95	104	113	122	510	131	142	121	116
F5_SCHZPHR	nominal	0.05	1358	356	336	339	327	1330	333	332	348	317
I9_HYPTENSHD	nominal	0.05	1496	393	402	366	335	1561	378	401	392	390
M13_ARTHROSIS_OTH	nominal	0.05	1576	411	456	338	371	1574	381	451	370	372
P16_RESPI_CARDIOV_DISORD_SPECIFIC_PERINA_PERIOD	nominal	0.05	1141	309	328	245	259	1097	296	295	265	241
CD2_BENIGN_LIVE_BILE	nominal	0.05	1130	307	277	284	262	1114	308	319	256	231
M13_ARTHROSIS_OTH	fdr	0.05	309	98	81	58	72	276	71	89	51	65
P16_RESPI_CARDIOV_DISORD_SPECIFIC_PERINA_PERIOD	fdr	0.05	144	38	43	34	29	142	38	41	34	29
I9_HYPTENSHD	fdr	0.05	270	80	66	65	59	287	67	68	78	74
CD2_BENIGN_LIVE_BILE	fdr	0.05	116	29	19	32	36	119	42	32	18	27
F5_SCHZPHR	fdr	0.05	212	58	51	48	55	181	41	39	50	51
M13_ARTHROSIS_OTH	fdr	0.1	498	140	140	97	121	469	111	149	105	104
P16_RESPI_CARDIOV_DISORD_SPECIFIC_PERINA_PERIOD	fdr	0.1	245	61	78	58	48	242	61	72	65	44
I9_HYPTENSHD	fdr	0.1	428	107	110	111	100	482	112	115	134	121
F5_SCHZPHR	fdr	0.1	356	95	88	96	77	319	69	78	96	76
CD2_BENIGN_LIVE_BILE	fdr	0.1	195	46	40	52	57	203	60	55	44	44
I9_HYPTENSHD	fdr	0.2	855	217	228	214	196	970	222	241	256	251
M13_ARTHROSIS_OTH	fdr	0.2	935	252	275	187	221	966	214	300	226	226
P16_RESPI_CARDIOV_DISORD_SPECIFIC_PERINA_PERIOD	fdr	0.2	517	142	152	111	112	516	136	141	126	113
F5_SCHZPHR	fdr	0.2	683	171	170	190	152	694	175	170	195	154
CD2_BENIGN_LIVE_BILE	fdr	0.2	461	110	110	123	118	485	128	143	104	110
CD2_BENIGN_LYMPHANGIOMA	nominal	0.05	1109	240	267	289	313	1084	261	256	273	294
F5_SEDAHYP	nominal	0.05	1274	354	327	307	286	1262	324	339	307	292
I9_HYPTENSPOR	nominal	0.05	1060	285	238	255	282	1139	286	300	290	263
P16_RESPI_DISTR_NEWBO	nominal	0.05	1093	334	283	250	226	1050	316	270	224	240
M13_ARTHROSIS_POLY	nominal	0.05	1438	373	363	356	346	1415	350	381	352	332
P16_RESPI_DISTR_NEWBO	fdr	0.05	77	22	22	19	14	93	22	31	13	27
I9_HYPTENSPOR	fdr	0.05	117	26	37	23	31	136	46	37	35	18
F5_SEDAHYP	fdr	0.05	220	77	66	43	34	190	51	52	47	40
M13_ARTHROSIS_POLY	fdr	0.05	232	65	58	51	58	229	57	54	57	61
CD2_BENIGN_LYMPHANGIOMA	fdr	0.05	136	34	32	34	36	106	26	20	32	28
CD2_BENIGN_LYMPHANGIOMA	fdr	0.1	243	57	60	56	70	206	46	41	66	53
P16_RESPI_DISTR_NEWBO	fdr	0.1	165	55	46	34	30	180	48	54	33	45
I9_HYPTENSPOR	fdr	0.1	211	51	61	40	59	231	66	71	58	36
F5_SEDAHYP	fdr	0.1	325	106	86	71	62	312	77	85	85	65
M13_ARTHROSIS_POLY	fdr	0.1	409	117	102	88	102	375	94	97	92	92
CD2_BENIGN_LYMPHANGIOMA	fdr	0.2	462	99	103	123	137	445	114	94	121	116
P16_RESPI_DISTR_NEWBO	fdr	0.2	415	130	112	94	79	465	133	122	102	108
I9_HYPTENSPOR	fdr	0.2	406	98	101	102	105	512	139	144	131	98
F5_SEDAHYP	fdr	0.2	623	183	164	147	129	629	162	163	162	142
M13_ARTHROSIS_POLY	fdr	0.2	796	220	203	188	185	795	200	221	197	177
F5_SEVRET	nominal	0.05	1028	282	252	245	249	1075	272	274	280	249
CD2_BENIGN_LYMPHNODES	nominal	0.05	1071	270	265	260	276	1041	261	246	288	246
I9_HYPTENSPUL	nominal	0.05	1088	284	255	279	270	1045	236	264	267	278
M13_ARTHTROSIS_COX	nominal	0.05	1701	465	490	364	382	1636	413	464	369	390
P16_SLOW_FETAL_GROWTH_FETAL_MALNUTRITION	nominal	0.05	1154	291	293	281	289	1152	337	271	267	277
F5_SEVRET	fdr	0.05	132	37	34	25	36	124	28	31	32	33
I9_HYPTENSPUL	fdr	0.05	86	19	16	19	32	85	16	31	17	21
CD2_BENIGN_LYMPHNODES	fdr	0.05	109	31	29	24	25	133	34	40	31	28
M13_ARTHTROSIS_COX	fdr	0.05	367	118	113	65	71	329	93	99	60	77
P16_SLOW_FETAL_GROWTH_FETAL_MALNUTRITION	fdr	0.05	122	31	33	27	31	118	40	22	24	32
F5_SEVRET	fdr	0.1	205	51	59	42	53	213	47	53	52	61
I9_HYPTENSPUL	fdr	0.1	176	46	33	48	49	174	34	58	39	43
M13_ARTHTROSIS_COX	fdr	0.1	580	174	182	110	114	522	125	168	112	117
CD2_BENIGN_LYMPHNODES	fdr	0.1	195	50	53	46	46	223	56	56	63	48
P16_SLOW_FETAL_GROWTH_FETAL_MALNUTRITION	fdr	0.1	224	55	58	50	61	213	65	46	46	56
F5_SEVRET	fdr	0.2	391	101	97	92	101	416	102	115	98	101
CD2_BENIGN_LYMPHNODES	fdr	0.2	409	101	111	97	100	426	104	110	124	88
I9_HYPTENSPUL	fdr	0.2	440	116	100	113	111	426	89	113	115	109
M13_ARTHTROSIS_COX	fdr	0.2	1046	296	323	213	214	1012	259	306	226	221
P16_SLOW_FETAL_GROWTH_FETAL_MALNUTRITION	fdr	0.2	451	112	114	114	111	497	142	116	115	124
CD2_BENIGN_MALE_GEN	nominal	0.05	1055	265	274	271	245	1080	276	284	271	249
F5_SEXDYS	nominal	0.05	1032	281	266	234	251	1097	292	295	256	254
I9_HYPTENSRD	nominal	0.05	1192	262	282	320	328	1203	311	353	267	272
P16_TRANSITO_DISORD_CARBOH_METABOLISM_SPECIFIC_FETUS_NEWBO	nominal	0.05	1119	265	274	284	296	1183	304	330	285	264
M13_ARTHTROSIS_COX_PRIM_HIPSURG	nominal	0.05	1633	458	441	355	379	1546	379	416	373	378
P16_TRANSITO_DISORD_CARBOH_METABOLISM_SPECIFIC_FETUS_NEWBO	fdr	0.05	120	28	23	28	41	146	46	43	38	19
M13_ARTHTROSIS_COX_PRIM_HIPSURG	fdr	0.05	325	98	91	67	69	300	82	86	63	69
CD2_BENIGN_MALE_GEN	fdr	0.05	84	18	27	21	18	101	21	26	29	25
F5_SEXDYS	fdr	0.05	100	30	37	16	17	118	30	33	19	36
I9_HYPTENSRD	fdr	0.05	148	29	38	44	37	143	50	45	25	23
CD2_BENIGN_MALE_GEN	fdr	0.1	168	36	44	47	41	171	34	48	50	39
P16_TRANSITO_DISORD_CARBOH_METABOLISM_SPECIFIC_FETUS_NEWBO	fdr	0.1	220	54	42	56	68	250	64	77	67	42
M13_ARTHTROSIS_COX_PRIM_HIPSURG	fdr	0.1	522	156	146	110	110	495	122	144	116	113
F5_SEXDYS	fdr	0.1	195	51	63	39	42	216	50	59	51	56
I9_HYPTENSRD	fdr	0.1	261	54	60	76	71	248	79	79	51	39
CD2_BENIGN_MALE_GEN	fdr	0.2	420	102	117	101	100	421	98	120	107	96
P16_TRANSITO_DISORD_CARBOH_METABOLISM_SPECIFIC_FETUS_NEWBO	fdr	0.2	489	114	118	122	135	546	129	156	142	119
F5_SEXDYS	fdr	0.2	417	118	113	89	97	439	100	130	106	103
I9_HYPTENSRD	fdr	0.2	539	113	134	154	138	571	151	174	124	122
M13_ARTHTROSIS_COX_PRIM_HIPSURG	fdr	0.2	973	276	276	202	219	963	245	268	228	222
I9_ICH	nominal	0.05	1226	317	316	321	272	1216	314	287	338	277
F5_SEXPREF	nominal	0.05	1076	267	267	282	260	1062	280	281	246	255
PAIN	nominal	0.05	1590	439	501	311	339	1656	470	493	335	358
CD2_BENIGN_MEDIASTINUM	nominal	0.05	1121	256	258	317	290	1139	279	259	311	290
M13_ARTHTROSIS_COX_PRIM_ICD10	nominal	0.05	1693	481	476	359	377	1588	393	441	366	388
PAIN	fdr	0.05	305	107	98	47	53	328	107	92	58	71
CD2_BENIGN_MEDIASTINUM	fdr	0.05	123	36	25	31	31	148	35	36	40	37
I9_ICH	fdr	0.05	153	39	43	38	33	169	41	32	55	41
M13_ARTHTROSIS_COX_PRIM_ICD10	fdr	0.05	354	126	108	62	58	304	83	99	59	63
F5_SEXPREF	fdr	0.05	106	31	32	27	16	109	26	29	31	23
PAIN	fdr	0.1	474	155	156	81	82	549	153	167	111	118
CD2_BENIGN_MEDIASTINUM	fdr	0.1	236	61	51	70	54	267	59	71	78	59
M13_ARTHTROSIS_COX_PRIM_ICD10	fdr	0.1	552	185	166	100	101	487	124	158	106	99
F5_SEXPREF	fdr	0.1	198	52	51	59	36	212	57	56	53	46
I9_ICH	fdr	0.1	289	78	81	68	62	290	73	64	83	70
PAIN	fdr	0.2	941	279	314	169	179	1030	297	318	209	206
CD2_BENIGN_MEDIASTINUM	fdr	0.2	497	107	114	144	132	528	121	124	145	138
M13_ARTHTROSIS_COX_PRIM_ICD10	fdr	0.2	1009	296	299	202	212	989	254	294	218	223
F5_SEXPREF	fdr	0.2	454	122	120	114	98	459	125	120	118	96
I9_ICH	fdr	0.2	573	152	148	145	128	583	141	136	175	131
M13_ATLOAXSUBLUX	nominal	0.05	1044	275	264	265	240	1116	289	274	307	246
I9_IHD	nominal	0.05	1685	443	444	386	412	1715	408	489	396	422
PD2ND_EXMORE	nominal	0.05	1062	264	265	268	265	1078	291	288	260	239
CD2_BENIGN_MELANOCYTIC	nominal	0.05	1259	323	315	320	301	1276	313	359	305	299
F5_SEXUAL	nominal	0.05	1110	279	259	253	319	1172	255	298	318	301
M13_ATLOAXSUBLUX	fdr	0.05	113	33	30	29	21	117	17	22	37	41
I9_IHD	fdr	0.05	285	78	87	57	63	328	85	96	68	79
CD2_BENIGN_MELANOCYTIC	fdr	0.05	187	53	48	39	47	180	41	54	45	40
F5_SEXUAL	fdr	0.05	183	27	41	44	71	136	34	32	38	32
PD2ND_EXMORE	fdr	0.05	103	24	28	26	25	109	28	37	27	17
I9_IHD	fdr	0.1	510	144	135	109	122	549	130	162	131	126
M13_ATLOAXSUBLUX	fdr	0.1	199	51	51	56	41	203	40	40	64	59
PD2ND_EXMORE	fdr	0.1	184	47	42	51	44	213	57	65	56	35
CD2_BENIGN_MELANOCYTIC	fdr	0.1	335	93	81	81	80	328	76	90	82	80
F5_SEXUAL	fdr	0.1	285	47	68	68	102	244	57	56	71	60
M13_ATLOAXSUBLUX	fdr	0.2	435	105	105	125	100	490	119	103	149	119
I9_IHD	fdr	0.2	1015	270	261	235	249	1053	264	307	241	241
PD2ND_EXMORE	fdr	0.2	409	103	106	107	93	457	123	135	110	89
CD2_BENIGN_MELANOCYTIC	fdr	0.2	638	174	161	153	150	666	156	188	166	156
F5_SEXUAL	fdr	0.2	516	113	121	119	163	496	110	124	133	129
F5_SLEEPTERRORS	nominal	0.05	1036	284	272	234	246	1066	272	280	256	258
I9_INTRACRA	nominal	0.05	1196	329	305	285	277	1178	291	271	328	288
M13_BAKERCYST	nominal	0.05	1102	276	278	279	269	1151	295	303	288	265
PD_DEMENTIA_EXMORE	nominal	0.05	1054	234	232	285	303	1109	275	324	265	245
CD2_BENIGN_MELANOCYTIC_EAR	nominal	0.05	1035	240	259	273	263	1095	265	308	266	256
PD_DEMENTIA_EXMORE	fdr	0.05	110	33	29	27	21	143	36	58	28	21
I9_INTRACRA	fdr	0.05	167	42	45	41	39	173	36	37	59	41
M13_BAKERCYST	fdr	0.05	143	34	41	34	34	155	48	34	32	41
F5_SLEEPTERRORS	fdr	0.05	111	31	31	23	26	121	28	31	29	33
CD2_BENIGN_MELANOCYTIC_EAR	fdr	0.05	88	21	27	18	22	94	27	31	15	21
I9_INTRACRA	fdr	0.1	292	77	79	69	67	305	72	66	94	73
PD_DEMENTIA_EXMORE	fdr	0.1	202	47	54	56	45	228	50	88	49	41
M13_BAKERCYST	fdr	0.1	236	56	70	60	50	239	61	60	58	60
F5_SLEEPTERRORS	fdr	0.1	176	50	46	44	36	198	50	54	46	48
CD2_BENIGN_MELANOCYTIC_EAR	fdr	0.1	167	39	44	36	48	173	41	59	33	40
I9_INTRACRA	fdr	0.2	574	154	143	144	133	598	143	125	176	154
PD_DEMENTIA_EXMORE	fdr	0.2	425	98	105	111	111	472	115	161	105	91
M13_BAKERCYST	fdr	0.2	469	112	134	115	108	503	131	142	119	111
F5_SLEEPTERRORS	fdr	0.2	422	112	105	108	97	473	123	125	120	105
CD2_BENIGN_MELANOCYTIC_EAR	fdr	0.2	366	81	94	100	91	419	89	130	102	98
F5_SLEEPWAKE	nominal	0.05	1137	290	275	301	271	1139	293	310	278	258
M13_BEHCET	nominal	0.05	1073	267	275	258	273	1096	288	285	262	261
PHANTOMLIMB	nominal	0.05	1119	304	293	278	244	1176	300	301	290	285
CD2_BENIGN_MELANOCYTIC_EYELID	nominal	0.05	1188	330	305	280	273	1215	285	320	328	282
I9_LBBB	nominal	0.05	1145	283	287	288	287	1265	354	371	283	257
M13_BEHCET	fdr	0.05	104	33	29	22	20	117	38	26	27	26
CD2_BENIGN_MELANOCYTIC_EYELID	fdr	0.05	154	57	59	21	17	124	33	30	32	29
F5_SLEEPWAKE	fdr	0.05	147	44	31	39	33	153	44	38	33	38
I9_LBBB	fdr	0.05	97	26	23	22	26	144	45	37	31	31
PHANTOMLIMB	fdr	0.05	132	41	33	35	23	133	34	28	35	36
F5_SLEEPWAKE	fdr	0.1	244	70	54	64	56	262	70	69	66	57
M13_BEHCET	fdr	0.1	192	57	62	37	36	215	55	54	55	51
CD2_BENIGN_MELANOCYTIC_EYELID	fdr	0.1	256	79	88	53	36	230	56	61	65	48
I9_LBBB	fdr	0.1	196	45	47	46	58	245	75	80	47	43
PHANTOMLIMB	fdr	0.1	231	67	61	57	46	237	58	61	60	58
F5_SLEEPWAKE	fdr	0.2	477	128	115	118	116	518	129	145	130	114
M13_BEHCET	fdr	0.2	432	118	113	103	98	463	130	116	115	102
PHANTOMLIMB	fdr	0.2	503	140	142	117	104	538	130	135	139	134
CD2_BENIGN_MELANOCYTIC_EYELID	fdr	0.2	540	153	149	123	115	529	135	131	147	116
I9_LBBB	fdr	0.2	494	111	137	120	126	553	168	170	107	108
F5_SLEEPWALKING	nominal	0.05	1153	283	297	278	295	1219	303	368	266	282
PHLEBI_THROMBOP_LOWER_EXTREMITI_UNSPE	nominal	0.05	1051	286	244	270	251	1085	248	263	322	252
CD2_BENIGN_MELANOCYTIC_FACE	nominal	0.05	1121	307	307	257	250	1180	304	299	311	266
I9_LYMPHADE	nominal	0.05	1127	322	331	243	231	1112	263	282	279	288
M13_BICIPITALTEND	nominal	0.05	1054	273	276	238	267	1192	313	311	273	295
F5_SLEEPWALKING	fdr	0.05	136	38	33	29	36	155	49	46	33	27
M13_BICIPITALTEND	fdr	0.05	96	20	24	25	27	114	26	32	30	26
CD2_BENIGN_MELANOCYTIC_FACE	fdr	0.05	100	35	25	23	17	104	34	23	25	22
I9_LYMPHADE	fdr	0.05	186	69	58	28	31	122	27	15	37	43
PHLEBI_THROMBOP_LOWER_EXTREMITI_UNSPE	fdr	0.05	92	28	22	23	19	101	19	19	36	27
CD2_BENIGN_MELANOCYTIC_FACE	fdr	0.1	214	67	50	55	42	204	59	50	56	39
F5_SLEEPWALKING	fdr	0.1	231	59	67	49	56	256	77	79	53	47
M13_BICIPITALTEND	fdr	0.1	197	51	49	46	51	211	49	63	53	46
PHLEBI_THROMBOP_LOWER_EXTREMITI_UNSPE	fdr	0.1	174	48	43	44	39	201	35	41	70	55
I9_LYMPHADE	fdr	0.1	286	96	94	52	44	208	41	42	61	64
PHLEBI_THROMBOP_LOWER_EXTREMITI_UNSPE	fdr	0.2	382	100	89	100	93	452	96	104	144	108
CD2_BENIGN_MELANOCYTIC_FACE	fdr	0.2	477	133	129	116	99	498	137	116	139	106
F5_SLEEPWALKING	fdr	0.2	503	124	141	112	126	529	142	168	115	104
I9_LYMPHADE	fdr	0.2	531	174	164	97	96	479	110	115	121	133
M13_BICIPITALTEND	fdr	0.2	433	108	107	102	116	514	126	150	118	120
I9_LYMPHOTH	nominal	0.05	1091	277	311	236	267	1080	243	257	276	304
M13_BIOMECHLESIO	nominal	0.05	1134	315	301	267	251	1050	259	294	255	242
PHLEBI_THROMBOP_OTHER_DEEP_VESSE_LOWER_EXTREMITI	nominal	0.05	1135	305	308	255	267	1146	302	281	293	270
CD2_BENIGN_MELANOCYTIC_LIP	nominal	0.05	984	250	272	229	233	1001	249	253	256	243
F5_SLEEP_NOS	nominal	0.05	1192	313	318	304	257	1185	306	328	296	255
M13_BIOMECHLESIO	fdr	0.05	103	43	21	24	15	79	25	15	23	16
PHLEBI_THROMBOP_OTHER_DEEP_VESSE_LOWER_EXTREMITI	fdr	0.05	136	31	28	38	39	143	42	41	39	21
CD2_BENIGN_MELANOCYTIC_LIP	fdr	0.05	71	14	22	19	16	79	23	15	19	22
F5_SLEEP_NOS	fdr	0.05	168	62	53	26	27	159	47	40	41	31
I9_LYMPHOTH	fdr	0.05	129	34	45	20	30	147	20	36	39	52
M13_BIOMECHLESIO	fdr	0.1	201	75	46	48	32	159	42	37	47	33
PHLEBI_THROMBOP_OTHER_DEEP_VESSE_LOWER_EXTREMITI	fdr	0.1	242	57	67	55	63	259	77	62	67	53
F5_SLEEP_NOS	fdr	0.1	281	83	77	64	57	283	83	71	75	54
CD2_BENIGN_MELANOCYTIC_LIP	fdr	0.1	130	28	37	31	34	146	36	34	37	39
I9_LYMPHOTH	fdr	0.1	214	52	68	37	57	227	32	59	57	79
M13_BIOMECHLESIO	fdr	0.2	446	136	111	120	79	413	105	116	103	89
PHLEBI_THROMBOP_OTHER_DEEP_VESSE_LOWER_EXTREMITI	fdr	0.2	504	123	138	115	128	513	134	123	138	118
I9_LYMPHOTH	fdr	0.2	472	118	143	99	112	478	95	118	123	142
CD2_BENIGN_MELANOCYTIC_LIP	fdr	0.2	333	83	99	73	78	348	86	92	89	81
F5_SLEEP_NOS	fdr	0.2	574	161	156	141	116	568	161	149	144	114
I9_MI_COMPLICATIONS	nominal	0.05	1009	270	253	251	235	1093	266	296	264	267
CD2_BENIGN_MELANOCYTIC_LOWERLIMB	nominal	0.05	1115	262	255	297	301	1160	252	262	330	316
F5_SOCPHOB	nominal	0.05	1194	302	322	247	323	1278	307	359	303	309
PHLEBI_THROMBOP_SUPERF_VESSE_LOWER_EXTREMITI	nominal	0.05	1092	262	255	277	298	1183	282	288	327	286
M13_BONECONTINUITY	nominal	0.05	1097	264	299	262	272	1077	256	268	260	293
F5_SOCPHOB	fdr	0.05	141	40	34	24	43	156	47	34	40	35
PHLEBI_THROMBOP_SUPERF_VESSE_LOWER_EXTREMITI	fdr	0.05	137	37	24	42	34	143	36	33	38	36
CD2_BENIGN_MELANOCYTIC_LOWERLIMB	fdr	0.05	129	26	21	35	47	154	31	38	43	42
I9_MI_COMPLICATIONS	fdr	0.05	78	21	17	19	21	111	29	34	14	34
M13_BONECONTINUITY	fdr	0.05	117	39	31	25	22	117	26	29	26	36
CD2_BENIGN_MELANOCYTIC_LOWERLIMB	fdr	0.1	233	50	43	66	74	262	51	66	81	64
F5_SOCPHOB	fdr	0.1	254	68	64	49	73	281	72	80	70	59
I9_MI_COMPLICATIONS	fdr	0.1	150	43	32	39	36	188	48	57	35	48
PHLEBI_THROMBOP_SUPERF_VESSE_LOWER_EXTREMITI	fdr	0.1	232	62	47	61	62	246	58	54	67	67
M13_BONECONTINUITY	fdr	0.1	194	56	54	45	39	198	37	48	51	62
CD2_BENIGN_MELANOCYTIC_LOWERLIMB	fdr	0.2	503	117	113	128	145	544	106	125	164	149
F5_SOCPHOB	fdr	0.2	544	147	139	111	147	599	148	163	155	133
I9_MI_COMPLICATIONS	fdr	0.2	348	89	83	95	81	448	113	135	99	101
PHLEBI_THROMBOP_SUPERF_VESSE_LOWER_EXTREMITI	fdr	0.2	484	113	107	129	135	517	116	120	144	137
M13_BONECONTINUITY	fdr	0.2	429	112	113	100	104	449	103	103	114	129
I9_MI_STRICT	nominal	0.05	1598	432	428	366	372	1690	394	475	417	404
M13_BONEDENSOTH	nominal	0.05	977	242	265	236	234	1029	254	292	246	237
CD2_BENIGN_MELANOCYTIC_NOS	nominal	0.05	1058	260	275	261	262	1110	273	286	259	292
PNEUMO_SEPTHICHE	nominal	0.05	1152	299	290	277	286	1108	261	269	306	272
F5_SOLVENT	nominal	0.05	1044	270	269	245	260	1139	280	298	297	264
I9_MI_STRICT	fdr	0.05	302	99	88	54	61	337	85	85	77	90
CD2_BENIGN_MELANOCYTIC_NOS	fdr	0.05	109	26	28	25	30	103	18	25	26	34
PNEUMO_SEPTHICHE	fdr	0.05	129	38	39	25	27	135	22	32	40	41
F5_SOLVENT	fdr	0.05	125	36	28	27	34	143	33	44	35	31
M13_BONEDENSOTH	fdr	0.05	97	28	28	21	20	104	35	24	19	26
I9_MI_STRICT	fdr	0.1	501	152	133	105	111	555	129	148	145	133
PNEUMO_SEPTHICHE	fdr	0.1	220	60	61	47	52	235	46	58	70	61
CD2_BENIGN_MELANOCYTIC_NOS	fdr	0.1	187	47	46	49	45	192	36	49	57	50
F5_SOLVENT	fdr	0.1	208	57	51	45	55	243	60	70	63	50
M13_BONEDENSOTH	fdr	0.1	160	43	42	40	35	167	49	35	41	42
I9_MI_STRICT	fdr	0.2	952	265	254	212	221	1048	254	294	264	236
M13_BONEDENSOTH	fdr	0.2	342	97	85	89	71	359	98	92	92	77
PNEUMO_SEPTHICHE	fdr	0.2	506	138	128	122	118	497	110	122	142	123
CD2_BENIGN_MELANOCYTIC_NOS	fdr	0.2	421	98	101	114	108	452	91	123	121	117
F5_SOLVENT	fdr	0.2	433	110	119	97	107	508	131	138	123	116
F5_SOMATOFORM	nominal	0.05	1157	296	302	275	284	1211	290	332	307	282
M13_BONEDISNAS	nominal	0.05	1085	310	295	232	248	1121	282	297	290	252
CD2_BENIGN_MELANOCYTIC_SCALPNECK	nominal	0.05	1047	224	269	281	273	1138	260	323	276	279
I9_MYOCARD	nominal	0.05	1136	276	282	286	292	1114	257	293	277	287
POLLENALLERG	nominal	0.05	1434	364	383	329	358	1416	331	367	362	356
F5_SOMATOFORM	fdr	0.05	139	39	27	37	36	145	30	41	41	33
M13_BONEDISNAS	fdr	0.05	113	35	31	19	28	133	39	23	38	33
I9_MYOCARD	fdr	0.05	115	29	29	32	25	129	33	33	25	38
POLLENALLERG	fdr	0.05	258	88	75	41	54	242	69	50	59	64
CD2_BENIGN_MELANOCYTIC_SCALPNECK	fdr	0.05	111	23	27	29	32	128	25	40	31	32
F5_SOMATOFORM	fdr	0.1	251	66	55	68	62	251	51	74	65	61
M13_BONEDISNAS	fdr	0.1	207	64	53	38	52	218	68	44	58	48
CD2_BENIGN_MELANOCYTIC_SCALPNECK	fdr	0.1	195	33	57	53	52	225	51	65	55	54
I9_MYOCARD	fdr	0.1	218	59	60	53	46	232	51	61	53	67
POLLENALLERG	fdr	0.1	429	118	122	82	107	404	102	111	99	92
F5_SOMATOFORM	fdr	0.2	503	122	127	133	121	566	125	144	157	140
M13_BONEDISNAS	fdr	0.2	433	126	112	97	98	470	125	108	127	110
CD2_BENIGN_MELANOCYTIC_SCALPNECK	fdr	0.2	381	70	102	103	106	457	91	123	128	115
I9_MYOCARD	fdr	0.2	481	122	132	113	114	491	117	127	115	132
POLLENALLERG	fdr	0.2	765	205	210	158	192	783	182	202	198	201
I9_NONISCHCARDMYOP	nominal	0.05	1393	373	378	303	339	1349	300	324	359	366
CD2_BENIGN_MELANOCYTIC_TRUNK	nominal	0.05	1247	334	353	268	292	1273	311	381	289	292
M13_BONEHYPERTRPH	nominal	0.05	1066	266	279	265	256	1178	301	333	282	262
F5_SPEECH	nominal	0.05	1069	239	282	259	289	1095	280	303	256	256
POLYCYTVERA	nominal	0.05	1127	275	278	290	284	1148	280	283	305	280
POLYCYTVERA	fdr	0.05	142	30	33	38	41	152	28	31	49	44
I9_NONISCHCARDMYOP	fdr	0.05	209	68	49	39	53	215	42	41	60	72
CD2_BENIGN_MELANOCYTIC_TRUNK	fdr	0.05	172	49	42	31	50	160	51	44	31	34
F5_SPEECH	fdr	0.05	125	21	37	31	36	127	40	40	25	22
M13_BONEHYPERTRPH	fdr	0.05	95	22	25	23	25	115	27	37	32	19
M13_BONEHYPERTRPH	fdr	0.1	209	54	58	49	48	235	58	74	61	42
F5_SPEECH	fdr	0.1	213	38	60	55	60	225	60	67	50	48
POLYCYTVERA	fdr	0.1	235	50	58	61	66	249	47	58	75	69
I9_NONISCHCARDMYOP	fdr	0.1	354	111	88	66	89	348	70	87	93	98
CD2_BENIGN_MELANOCYTIC_TRUNK	fdr	0.1	304	86	78	59	81	279	81	76	60	62
I9_NONISCHCARDMYOP	fdr	0.2	727	214	199	150	164	726	148	172	200	206
M13_BONEHYPERTRPH	fdr	0.2	440	105	125	105	105	486	115	150	128	93
F5_SPEECH	fdr	0.2	448	100	123	104	121	489	127	148	120	94
POLYCYTVERA	fdr	0.2	511	123	130	125	133	519	113	129	137	140
CD2_BENIGN_MELANOCYTIC_TRUNK	fdr	0.2	590	171	167	113	139	612	165	179	138	130
I9_NONISCHCARDMYOP_STRICT	nominal	0.05	1351	327	362	323	339	1281	306	331	326	318
M13_BURSCYSTOTH	nominal	0.05	1067	269	273	274	251	1081	268	251	302	260
PRIM_COXARTHROSIS	nominal	0.05	1510	431	409	340	330	1483	369	389	355	370
F5_STIMUL	nominal	0.05	1238	357	345	294	242	1205	329	343	265	268
CD2_BENIGN_MELANOCYTIC_UPPERLIMB	nominal	0.05	1124	294	302	261	267	1084	274	284	263	263
M13_BURSCYSTOTH	fdr	0.05	118	27	42	22	27	121	30	37	24	30
PRIM_COXARTHROSIS	fdr	0.05	317	114	95	52	56	253	72	67	56	58
I9_NONISCHCARDMYOP_STRICT	fdr	0.05	235	52	42	59	82	195	48	42	56	49
F5_STIMUL	fdr	0.05	169	63	59	19	28	178	51	52	36	39
CD2_BENIGN_MELANOCYTIC_UPPERLIMB	fdr	0.05	153	55	43	32	23	143	37	34	38	34
M13_BURSCYSTOTH	fdr	0.1	198	51	71	36	40	207	50	59	50	48
F5_STIMUL	fdr	0.1	260	86	85	46	43	279	82	82	56	59
I9_NONISCHCARDMYOP_STRICT	fdr	0.1	368	81	75	95	117	324	81	80	81	82
PRIM_COXARTHROSIS	fdr	0.1	457	145	136	86	90	410	98	117	101	94
CD2_BENIGN_MELANOCYTIC_UPPERLIMB	fdr	0.1	247	75	68	54	50	246	58	65	68	55
M13_BURSCYSTOTH	fdr	0.2	420	107	118	102	93	457	112	119	122	104
F5_STIMUL	fdr	0.2	557	176	165	121	95	575	166	170	121	118
PRIM_COXARTHROSIS	fdr	0.2	868	262	248	179	179	867	208	243	211	205
I9_NONISCHCARDMYOP_STRICT	fdr	0.2	689	170	174	162	183	678	166	181	166	165
CD2_BENIGN_MELANOCYTIC_UPPERLIMB	fdr	0.2	491	127	132	117	115	489	122	136	118	113
F5_STRESSOTH	nominal	0.05	1234	333	354	268	279	1220	329	343	297	251
I9_OTHANEUR	nominal	0.05	1016	263	251	240	262	1079	251	285	286	257
PRIM_KNEEARTHROSIS	nominal	0.05	1706	448	425	446	387	1676	414	437	406	419
CD2_BENIGN_MENINGES	nominal	0.05	1236	297	320	281	338	1196	253	318	310	315
M13_BURSELBOWOTH	nominal	0.05	1003	223	256	257	267	1043	263	270	239	271
F5_STRESSOTH	fdr	0.05	124	44	42	20	18	150	37	36	48	29
PRIM_KNEEARTHROSIS	fdr	0.05	340	91	70	92	87	313	82	77	71	83
CD2_BENIGN_MENINGES	fdr	0.05	216	37	47	50	82	194	51	43	54	46
M13_BURSELBOWOTH	fdr	0.05	98	28	27	17	26	109	30	25	27	27
I9_OTHANEUR	fdr	0.05	95	24	23	17	31	117	27	36	28	26
F5_STRESSOTH	fdr	0.1	236	83	68	46	39	267	60	67	89	51
PRIM_KNEEARTHROSIS	fdr	0.1	583	162	127	149	145	535	122	141	133	139
CD2_BENIGN_MENINGES	fdr	0.1	337	67	78	79	113	313	69	79	92	73
I9_OTHANEUR	fdr	0.1	187	44	46	41	56	214	44	65	55	50
M13_BURSELBOWOTH	fdr	0.1	178	47	42	43	46	195	53	41	51	50
I9_OTHANEUR	fdr	0.2	419	97	104	104	114	471	110	129	121	111
PRIM_KNEEARTHROSIS	fdr	0.2	1055	279	265	268	243	1048	250	266	270	262
F5_STRESSOTH	fdr	0.2	559	163	165	109	122	593	158	180	152	103
CD2_BENIGN_MENINGES	fdr	0.2	620	136	151	153	180	603	117	158	180	148
M13_BURSELBOWOTH	fdr	0.2	393	97	96	99	101	433	105	114	103	111
I9_OTHARR	nominal	0.05	1467	393	411	327	336	1401	358	346	358	339
PSORI_STRICT	nominal	0.05	1184	345	317	269	253	1147	304	317	271	255
CD2_BENIGN_MENINGES_CEREBRAL	nominal	0.05	1257	306	317	295	339	1223	281	334	309	299
F5_SUBSNOALCO	nominal	0.05	1357	394	396	266	301	1315	356	374	282	303
M13_BURSITISHIPOTH	nominal	0.05	1009	284	287	212	226	1127	291	296	255	285
I9_OTHARR	fdr	0.05	275	72	90	49	64	221	61	46	54	60
PSORI_STRICT	fdr	0.05	140	46	44	29	21	131	40	25	40	26
CD2_BENIGN_MENINGES_CEREBRAL	fdr	0.05	214	35	48	46	85	201	50	48	55	48
F5_SUBSNOALCO	fdr	0.05	221	78	68	39	36	196	62	48	43	43
M13_BURSITISHIPOTH	fdr	0.05	90	29	30	11	20	101	21	19	27	34
I9_OTHARR	fdr	0.1	449	120	140	88	101	375	103	83	93	96
PSORI_STRICT	fdr	0.1	243	74	68	56	45	233	66	59	64	44
CD2_BENIGN_MENINGES_CEREBRAL	fdr	0.1	329	58	75	82	114	302	65	82	79	76
F5_SUBSNOALCO	fdr	0.1	363	122	120	59	62	350	103	100	73	74
M13_BURSITISHIPOTH	fdr	0.1	170	55	59	24	32	200	46	51	50	53
I9_OTHARR	fdr	0.2	789	201	237	168	183	778	192	203	187	196
CD2_BENIGN_MENINGES_CEREBRAL	fdr	0.2	613	136	152	138	187	619	125	171	170	153
M13_BURSITISHIPOTH	fdr	0.2	389	120	103	84	82	459	120	121	108	110
PSORI_STRICT	fdr	0.2	528	150	159	118	101	536	145	148	129	114
F5_SUBSNOALCO	fdr	0.2	735	223	229	138	145	726	197	217	152	160
I9_OTHILLHEART	nominal	0.05	1094	265	319	236	274	1154	297	314	266	277
M13_BURSITISKNEEOTH	nominal	0.05	1058	271	241	276	270	1021	238	292	238	253
PULM_INFECTIONS	nominal	0.05	1407	386	392	311	318	1381	400	408	283	290
CD2_BENIGN_MENINGES_NOS	nominal	0.05	1051	270	255	264	262	1150	334	313	248	255
F5_UNSORG	nominal	0.05	1098	284	262	274	278	1113	298	284	264	267
PULM_INFECTIONS	fdr	0.05	248	75	69	51	53	228	59	62	54	53
F5_UNSORG	fdr	0.05	116	31	28	30	27	140	35	33	32	40
I9_OTHILLHEART	fdr	0.05	121	38	40	22	21	127	28	30	31	38
CD2_BENIGN_MENINGES_NOS	fdr	0.05	132	29	24	44	35	144	52	33	30	29
M13_BURSITISKNEEOTH	fdr	0.05	89	26	11	26	26	89	23	28	18	20
M13_BURSITISKNEEOTH	fdr	0.1	172	44	28	50	50	173	46	52	42	33
PULM_INFECTIONS	fdr	0.1	379	111	103	81	84	391	100	117	95	79
F5_UNSORG	fdr	0.1	208	54	61	46	47	237	60	54	61	62
CD2_BENIGN_MENINGES_NOS	fdr	0.1	214	53	44	69	48	244	81	64	52	47
I9_OTHILLHEART	fdr	0.1	220	62	69	43	46	235	53	62	57	63
M13_BURSITISKNEEOTH	fdr	0.2	409	102	94	108	105	395	90	122	94	89
PULM_INFECTIONS	fdr	0.2	717	215	190	151	161	776	220	242	165	149
I9_OTHILLHEART	fdr	0.2	449	120	138	94	97	505	131	139	116	119
CD2_BENIGN_MENINGES_NOS	fdr	0.2	438	106	102	120	110	506	145	148	113	100
F5_UNSORG	fdr	0.2	447	122	114	105	106	493	128	116	133	116
I9_OTHINTRACRA	nominal	0.05	1130	253	288	292	297	1139	261	284	300	294
M13_BURSITISOTH	nominal	0.05	1077	252	295	270	260	1124	286	296	279	263
Q17_ABSENCE_OF_ONE_KIDNEY	nominal	0.05	1038	253	256	265	264	1068	256	267	274	271
CD2_BENIGN_MENINGES_SPINAL	nominal	0.05	1122	264	295	276	287	1080	253	275	277	275
F5_VASCDEM	nominal	0.05	1263	334	321	301	307	1304	340	363	312	289
Q17_ABSENCE_OF_ONE_KIDNEY	fdr	0.05	82	20	18	26	18	85	17	19	27	22
CD2_BENIGN_MENINGES_SPINAL	fdr	0.05	105	27	28	23	27	106	24	33	27	22
F5_VASCDEM	fdr	0.05	184	51	55	44	34	209	55	70	47	37
M13_BURSITISOTH	fdr	0.05	111	24	18	39	30	139	20	34	42	43
I9_OTHINTRACRA	fdr	0.05	130	24	20	45	41	128	30	31	31	36
I9_OTHINTRACRA	fdr	0.1	217	42	44	67	64	223	53	53	55	62
Q17_ABSENCE_OF_ONE_KIDNEY	fdr	0.1	169	36	42	43	48	158	32	41	46	39
CD2_BENIGN_MENINGES_SPINAL	fdr	0.1	218	47	50	52	69	207	43	62	60	42
F5_VASCDEM	fdr	0.1	312	88	87	70	67	352	88	114	81	69
M13_BURSITISOTH	fdr	0.1	210	43	47	63	57	252	48	69	71	64
I9_OTHINTRACRA	fdr	0.2	482	89	106	146	141	504	108	118	127	151
Q17_ABSENCE_OF_ONE_KIDNEY	fdr	0.2	394	90	92	103	109	435	93	107	125	110
CD2_BENIGN_MENINGES_SPINAL	fdr	0.2	452	101	106	117	128	439	91	121	121	106
F5_VASCDEM	fdr	0.2	619	171	172	143	133	694	190	197	170	137
M13_BURSITISOTH	fdr	0.2	424	87	111	112	114	477	107	134	125	111
M13_BURSOPATHY	nominal	0.05	1192	305	311	283	293	1202	315	302	295	290
CD2_BENIGN_MOUTH_NOS	nominal	0.05	1044	254	267	255	268	1133	265	304	284	280
I9_OTHOTH	nominal	0.05	1115	304	282	255	274	1100	267	302	271	260
Q17_ABSENCE_OF_ONE_KIDNEY_WIDE	nominal	0.05	1002	234	234	259	275	1062	264	255	275	268
FALLS	nominal	0.05	1303	322	363	309	309	1355	334	389	323	309
CD2_BENIGN_MOUTH_NOS	fdr	0.05	133	32	27	40	34	136	38	34	29	35
Q17_ABSENCE_OF_ONE_KIDNEY_WIDE	fdr	0.05	97	11	24	31	31	102	19	25	27	31
I9_OTHOTH	fdr	0.05	140	46	35	32	27	137	31	38	33	35
M13_BURSOPATHY	fdr	0.05	138	37	41	32	28	161	41	41	40	39
FALLS	fdr	0.05	160	44	45	31	40	154	38	38	32	46
CD2_BENIGN_MOUTH_NOS	fdr	0.1	232	55	54	63	60	254	63	67	62	62
Q17_ABSENCE_OF_ONE_KIDNEY_WIDE	fdr	0.1	180	32	48	49	51	184	40	48	49	47
I9_OTHOTH	fdr	0.1	231	75	58	49	49	247	56	60	67	64
M13_BURSOPATHY	fdr	0.1	268	72	83	57	56	278	63	77	75	63
FALLS	fdr	0.1	287	67	89	63	68	295	65	81	74	75
M13_BURSOPATHY	fdr	0.2	558	141	146	136	135	571	141	153	141	136
CD2_BENIGN_MOUTH_NOS	fdr	0.2	454	105	124	114	111	513	122	144	126	121
Q17_ABSENCE_OF_ONE_KIDNEY_WIDE	fdr	0.2	406	87	96	108	115	440	109	109	118	104
I9_OTHOTH	fdr	0.2	460	142	120	97	101	494	112	125	136	121
FALLS	fdr	0.2	617	149	173	155	140	690	165	202	161	162
M13_CALCANSPUR	nominal	0.05	1106	289	319	248	250	1115	278	312	265	260
Q17_ACCESSORY_BREAST	nominal	0.05	1024	248	258	251	267	1097	280	306	253	258
FE	nominal	0.05	1208	306	322	286	294	1232	299	301	305	327
CD2_BENIGN_MOUTH_PHARYNX	nominal	0.05	1137	275	335	263	264	1190	257	325	314	294
I9_OTHPER	nominal	0.05	1180	323	287	275	295	1221	276	273	359	313
M13_CALCANSPUR	fdr	0.05	140	44	53	18	25	126	34	39	26	27
CD2_BENIGN_MOUTH_PHARYNX	fdr	0.05	140	47	45	22	26	151	42	41	36	32
Q17_ACCESSORY_BREAST	fdr	0.05	87	19	15	30	23	81	25	21	13	22
FE	fdr	0.05	191	49	49	48	45	201	47	39	52	63
I9_OTHPER	fdr	0.05	118	30	29	28	31	145	21	32	45	47
M13_CALCANSPUR	fdr	0.1	251	76	88	38	49	216	57	69	46	44
CD2_BENIGN_MOUTH_PHARYNX	fdr	0.1	253	77	77	50	49	241	65	65	64	47
I9_OTHPER	fdr	0.1	218	54	56	50	58	252	46	54	77	75
Q17_ACCESSORY_BREAST	fdr	0.1	173	39	32	51	51	175	45	47	37	46
FE	fdr	0.1	311	80	84	75	72	319	75	72	82	90
FE	fdr	0.2	571	155	152	129	135	624	145	162	153	164
M13_CALCANSPUR	fdr	0.2	491	130	160	89	112	482	113	137	121	111
CD2_BENIGN_MOUTH_PHARYNX	fdr	0.2	509	130	155	107	117	508	117	129	144	118
I9_OTHPER	fdr	0.2	511	135	132	118	126	548	120	123	162	143
Q17_ACCESSORY_BREAST	fdr	0.2	380	83	93	98	106	417	96	119	97	105
CD2_BENIGN_NASOPHARYNX	nominal	0.05	1068	264	278	256	270	1055	262	271	269	253
FELTY	nominal	0.05	1157	310	302	258	287	1159	279	318	260	302
I9_PAD	nominal	0.05	1597	463	447	331	356	1568	399	441	353	375
Q17_ALPORT	nominal	0.05	1097	254	290	275	278	1096	281	334	238	243
M13_CALCBURS	nominal	0.05	1090	283	271	266	270	1110	302	308	274	226
Q17_ALPORT	fdr	0.05	138	39	42	29	28	137	35	45	23	34
I9_PAD	fdr	0.05	295	92	94	46	63	285	60	85	67	73
FELTY	fdr	0.05	179	64	45	37	33	132	34	28	36	34
M13_CALCBURS	fdr	0.05	99	21	29	22	27	133	27	41	38	27
CD2_BENIGN_NASOPHARYNX	fdr	0.05	107	26	18	31	32	114	24	24	33	33
I9_PAD	fdr	0.1	489	149	139	94	107	501	108	153	120	120
Q17_ALPORT	fdr	0.1	229	54	64	63	48	220	54	72	42	52
M13_CALCBURS	fdr	0.1	200	46	60	42	52	240	55	71	61	53
FELTY	fdr	0.1	266	82	68	54	62	225	52	61	54	58
CD2_BENIGN_NASOPHARYNX	fdr	0.1	196	50	40	55	51	189	39	49	56	45
CD2_BENIGN_NASOPHARYNX	fdr	0.2	437	104	102	117	114	441	104	103	129	105
I9_PAD	fdr	0.2	930	267	257	204	202	955	226	284	221	224
Q17_ALPORT	fdr	0.2	462	103	133	112	114	463	123	147	87	106
M13_CALCBURS	fdr	0.2	452	124	119	99	110	492	116	142	132	102
FELTY	fdr	0.2	509	147	137	101	124	506	120	137	116	133
CD2_BENIGN_NOS	nominal	0.05	1019	271	236	253	259	1044	287	298	220	239
I9_PAROXTAC	nominal	0.05	1280	292	331	343	314	1248	287	339	322	300
Q17_ANKYLOGLOSSIA	nominal	0.05	1089	254	290	285	260	1121	265	307	274	275
FEMHER_BILATERAL	nominal	0.05	1179	303	325	277	274	1207	280	314	322	291
M13_CALCIFICTEND	nominal	0.05	1279	348	335	276	320	1255	307	367	284	297
CD2_BENIGN_NOS	fdr	0.05	113	37	35	21	20	78	26	25	10	17
Q17_ANKYLOGLOSSIA	fdr	0.05	117	31	25	26	35	132	27	34	39	32
FEMHER_BILATERAL	fdr	0.05	152	39	46	42	25	139	33	33	36	37
I9_PAROXTAC	fdr	0.05	174	34	63	36	41	183	48	46	50	39
M13_CALCIFICTEND	fdr	0.05	167	43	53	29	42	190	45	60	36	49
CD2_BENIGN_NOS	fdr	0.1	214	70	59	42	43	167	50	52	27	38
Q17_ANKYLOGLOSSIA	fdr	0.1	212	55	55	49	53	230	44	62	67	57
FEMHER_BILATERAL	fdr	0.1	246	57	70	68	51	250	54	62	74	60
I9_PAROXTAC	fdr	0.1	293	69	91	67	66	316	80	83	87	66
M13_CALCIFICTEND	fdr	0.1	311	86	92	58	75	308	74	99	62	73
CD2_BENIGN_NOS	fdr	0.2	411	126	105	87	93	381	100	115	84	82
Q17_ANKYLOGLOSSIA	fdr	0.2	442	109	117	106	110	478	107	145	116	110
FEMHER_BILATERAL	fdr	0.2	530	135	144	137	114	555	126	145	160	124
I9_PAROXTAC	fdr	0.2	602	144	159	158	141	646	158	175	168	145
M13_CALCIFICTEND	fdr	0.2	626	171	176	132	147	632	153	196	137	146
CD2_BENIGN_OESOPHAGUS	nominal	0.05	1178	304	299	269	306	1128	273	316	263	276
M13_CALCIOSSIMUSCLE	nominal	0.05	1086	282	295	243	266	1109	251	266	293	299
Q17_AORTIC_STENOSIS	nominal	0.05	1135	251	285	306	293	1123	269	302	276	276
FE_MODE	nominal	0.05	1249	339	327	290	293	1238	306	313	316	303
I9_PERICAOTH	nominal	0.05	1131	280	307	272	272	1059	259	294	249	257
I9_PERICAOTH	fdr	0.05	154	56	39	27	32	117	30	25	30	32
M13_CALCIOSSIMUSCLE	fdr	0.05	107	29	32	18	28	115	28	23	35	29
CD2_BENIGN_OESOPHAGUS	fdr	0.05	146	30	35	29	52	109	19	33	32	25
FE_MODE	fdr	0.05	189	60	49	37	43	197	43	45	51	58
Q17_AORTIC_STENOSIS	fdr	0.05	139	29	29	42	39	141	42	41	19	39
CD2_BENIGN_OESOPHAGUS	fdr	0.1	264	62	73	51	78	225	44	62	67	52
I9_PERICAOTH	fdr	0.1	244	78	62	46	58	222	47	57	55	63
M13_CALCIOSSIMUSCLE	fdr	0.1	195	52	53	39	51	195	39	41	62	53
FE_MODE	fdr	0.1	303	94	78	61	70	318	66	79	88	85
Q17_AORTIC_STENOSIS	fdr	0.1	221	43	49	62	67	235	60	73	47	55
CD2_BENIGN_OESOPHAGUS	fdr	0.2	482	131	131	93	127	477	111	122	133	111
M13_CALCIOSSIMUSCLE	fdr	0.2	434	122	117	82	113	475	105	107	122	141
FE_MODE	fdr	0.2	574	156	157	128	133	606	139	159	160	148
Q17_AORTIC_STENOSIS	fdr	0.2	469	99	113	126	131	501	115	148	114	124
I9_PERICAOTH	fdr	0.2	446	123	125	103	95	434	100	119	106	109
CD2_BENIGN_ORBIT_NOS	nominal	0.05	1109	278	284	258	289	1145	291	300	273	281
I9_PERICARD	nominal	0.05	1100	251	242	306	301	1130	263	293	276	298
Q17_AORTIC_STENOSIS_WIDE	nominal	0.05	1157	250	273	322	312	1184	295	306	279	304
FE_STRICT	nominal	0.05	1212	311	296	303	302	1249	311	310	325	303
M13_CALCTENDINITIS	nominal	0.05	1126	316	289	267	254	1130	282	282	299	267
I9_PERICARD	fdr	0.05	103	28	23	33	19	115	34	23	33	25
FE_STRICT	fdr	0.05	192	51	43	48	50	188	39	39	46	64
CD2_BENIGN_ORBIT_NOS	fdr	0.05	112	21	23	30	38	122	26	34	29	33
M13_CALCTENDINITIS	fdr	0.05	144	63	47	14	20	121	23	26	40	32
Q17_AORTIC_STENOSIS_WIDE	fdr	0.05	99	19	20	30	30	130	33	40	22	35
I9_PERICARD	fdr	0.1	187	42	38	57	50	204	54	44	56	50
Q17_AORTIC_STENOSIS_WIDE	fdr	0.1	208	43	40	61	64	241	59	68	56	58
M13_CALCTENDINITIS	fdr	0.1	245	92	72	38	43	217	50	48	68	51
CD2_BENIGN_ORBIT_NOS	fdr	0.1	182	36	41	47	58	224	50	67	50	57
FE_STRICT	fdr	0.1	313	86	76	74	77	317	71	73	78	95
I9_PERICARD	fdr	0.2	404	85	84	126	109	438	105	105	118	110
M13_CALCTENDINITIS	fdr	0.2	489	158	136	92	103	481	122	110	142	107
Q17_AORTIC_STENOSIS_WIDE	fdr	0.2	492	104	101	148	139	516	122	138	130	126
FE_STRICT	fdr	0.2	578	156	141	141	140	619	148	147	165	159
CD2_BENIGN_ORBIT_NOS	fdr	0.2	423	102	108	106	107	486	119	141	109	117
FG_CARDMYO	nominal	0.05	1388	309	353	352	374	1399	308	376	364	351
I9_PHLETHROM	nominal	0.05	1356	383	350	317	306	1376	336	349	313	378
Q17_APVR	nominal	0.05	1184	262	288	294	340	1146	255	269	306	316
CD2_BENIGN_OROPHA_OTHER	nominal	0.05	1133	303	310	271	249	1069	272	272	276	249
M13_CARTILAGE	nominal	0.05	1061	298	309	238	216	991	250	258	249	234
I9_PHLETHROM	fdr	0.05	279	85	84	48	62	244	66	54	56	68
FG_CARDMYO	fdr	0.05	235	52	50	49	84	223	48	56	59	60
Q17_APVR	fdr	0.05	151	28	29	34	60	113	28	20	30	35
CD2_BENIGN_OROPHA_OTHER	fdr	0.05	132	40	50	22	20	125	27	23	43	32
M13_CARTILAGE	fdr	0.05	157	61	54	21	21	89	21	22	24	22
I9_PHLETHROM	fdr	0.1	416	123	120	82	91	417	105	103	96	113
FG_CARDMYO	fdr	0.1	363	87	83	79	114	379	81	106	100	92
CD2_BENIGN_OROPHA_OTHER	fdr	0.1	224	65	73	42	44	213	47	48	73	45
M13_CARTILAGE	fdr	0.1	240	90	81	32	37	170	37	41	48	44
Q17_APVR	fdr	0.1	269	55	49	65	100	234	56	43	63	72
FG_CARDMYO	fdr	0.2	731	173	168	187	203	763	162	222	186	193
I9_PHLETHROM	fdr	0.2	748	205	200	167	176	803	201	196	188	218
M13_CARTILAGE	fdr	0.2	443	142	140	81	80	388	89	98	106	95
CD2_BENIGN_OROPHA_OTHER	fdr	0.2	475	133	145	99	98	448	106	108	134	100
Q17_APVR	fdr	0.2	554	113	132	124	185	523	109	108	150	156
M13_CERVICALGIA	nominal	0.05	1357	349	400	274	334	1369	318	394	316	341
FG_CVD	nominal	0.05	1691	464	463	373	391	1632	406	437	389	400
I9_PHLETHROMBDVTLOW	nominal	0.05	1347	389	372	291	295	1330	330	328	317	355
Q17_ARNOLD_CHIARI_SYNDROME	nominal	0.05	1125	287	279	289	270	1091	282	284	281	244
CD2_BENIGN_OTHERDIGESTIVE	nominal	0.05	1089	255	278	285	271	1051	231	315	254	251
FG_CVD	fdr	0.05	341	116	99	58	68	317	83	78	77	79
I9_PHLETHROMBDVTLOW	fdr	0.05	238	90	78	31	39	193	41	54	46	52
M13_CERVICALGIA	fdr	0.05	198	72	58	25	43	199	55	55	43	46
Q17_ARNOLD_CHIARI_SYNDROME	fdr	0.05	110	30	23	35	22	120	30	31	29	30
CD2_BENIGN_OTHERDIGESTIVE	fdr	0.05	102	20	35	23	24	114	28	30	32	24
FG_CVD	fdr	0.1	558	165	171	110	112	555	134	151	136	134
I9_PHLETHROMBDVTLOW	fdr	0.1	371	124	111	61	75	326	70	82	86	88
CD2_BENIGN_OTHERDIGESTIVE	fdr	0.1	219	48	67	57	47	205	51	60	56	38
M13_CERVICALGIA	fdr	0.1	346	107	99	62	78	357	80	120	83	74
Q17_ARNOLD_CHIARI_SYNDROME	fdr	0.1	208	57	48	55	48	230	52	62	58	58
M13_CERVICALGIA	fdr	0.2	703	185	205	143	170	742	169	222	176	175
FG_CVD	fdr	0.2	1038	284	300	225	229	1044	258	287	254	245
I9_PHLETHROMBDVTLOW	fdr	0.2	716	217	202	144	153	686	166	171	165	184
CD2_BENIGN_OTHERDIGESTIVE	fdr	0.2	456	102	121	123	110	462	94	137	109	122
Q17_ARNOLD_CHIARI_SYNDROME	fdr	0.2	488	130	117	123	118	482	120	125	124	113
CD2_BENIGN_OTHER_NOS	nominal	0.05	1034	269	270	254	241	1050	272	299	250	229
Q17_ARTERIOVENOUS_MALFORMATION_OF_CEREBRAL_VESSELS	nominal	0.05	1139	285	281	284	289	1143	257	302	293	291
FG_DOAAC	nominal	0.05	1571	438	443	350	340	1629	384	423	413	409
M13_CERVICDISC	nominal	0.05	1577	441	502	300	334	1574	407	459	351	357
I9_POSTAMI	nominal	0.05	1489	384	383	336	386	1553	354	463	357	379
FG_DOAAC	fdr	0.05	302	100	89	49	64	308	78	69	79	82
CD2_BENIGN_OTHER_NOS	fdr	0.05	89	31	23	15	20	108	38	34	19	17
I9_POSTAMI	fdr	0.05	256	74	71	48	63	282	77	82	58	65
M13_CERVICDISC	fdr	0.05	310	107	119	39	45	307	89	105	52	61
Q17_ARTERIOVENOUS_MALFORMATION_OF_CEREBRAL_VESSELS	fdr	0.05	127	33	45	21	28	119	30	30	26	33
CD2_BENIGN_OTHER_NOS	fdr	0.1	159	51	42	31	35	186	58	59	41	28
FG_DOAAC	fdr	0.1	506	151	159	94	102	529	118	132	142	137
I9_POSTAMI	fdr	0.1	428	111	114	92	111	476	116	141	111	108
M13_CERVICDISC	fdr	0.1	487	160	173	76	78	496	139	167	93	97
Q17_ARTERIOVENOUS_MALFORMATION_OF_CEREBRAL_VESSELS	fdr	0.1	210	53	67	40	50	219	48	60	55	56
CD2_BENIGN_OTHER_NOS	fdr	0.2	371	111	95	78	87	424	105	136	100	83
FG_DOAAC	fdr	0.2	943	265	280	192	206	1004	228	263	254	259
M13_CERVICDISC	fdr	0.2	916	280	310	152	174	955	245	295	201	214
I9_POSTAMI	fdr	0.2	854	210	223	188	233	921	225	279	213	204
Q17_ARTERIOVENOUS_MALFORMATION_OF_CEREBRAL_VESSELS	fdr	0.2	458	129	113	101	115	488	113	127	129	119
M13_CERVICOBRACHSDR	nominal	0.05	1328	386	384	255	303	1360	361	372	335	292
CD2_BENIGN_OVARY	nominal	0.05	1184	303	322	281	278	1282	323	316	320	323
FG_OTHHEART	nominal	0.05	1631	401	466	385	379	1657	394	433	408	422
I9_PROGVASC	nominal	0.05	1180	299	321	290	270	1113	278	302	266	267
Q17_ARTERIOVENOUS_MALFORMATION_OF_PERIPHERAL_VESSELS	nominal	0.05	1136	257	268	295	316	1089	262	266	290	271
FG_OTHHEART	fdr	0.05	322	98	97	60	67	322	72	80	81	89
I9_PROGVASC	fdr	0.05	121	33	21	37	30	118	35	27	23	33
CD2_BENIGN_OVARY	fdr	0.05	142	43	38	33	28	170	46	41	38	45
M13_CERVICOBRACHSDR	fdr	0.05	226	81	74	35	36	213	57	47	61	48
Q17_ARTERIOVENOUS_MALFORMATION_OF_PERIPHERAL_VESSELS	fdr	0.05	142	32	31	32	47	117	22	25	37	33
CD2_BENIGN_OVARY	fdr	0.1	267	75	77	58	57	296	67	73	72	84
FG_OTHHEART	fdr	0.1	515	149	155	107	104	546	125	153	132	136
I9_PROGVASC	fdr	0.1	227	55	51	66	55	231	59	61	57	54
M13_CERVICOBRACHSDR	fdr	0.1	359	116	121	56	66	380	93	105	101	81
Q17_ARTERIOVENOUS_MALFORMATION_OF_PERIPHERAL_VESSELS	fdr	0.1	245	50	62	63	70	210	44	49	64	53
CD2_BENIGN_OVARY	fdr	0.2	576	153	157	131	135	633	155	150	160	168
FG_OTHHEART	fdr	0.2	967	246	287	223	211	1041	247	293	251	250
I9_PROGVASC	fdr	0.2	497	121	119	131	126	490	123	131	122	114
M13_CERVICOBRACHSDR	fdr	0.2	685	212	205	125	143	731	190	199	180	162
Q17_ARTERIOVENOUS_MALFORMATION_OF_PERIPHERAL_VESSELS	fdr	0.2	501	107	127	129	138	495	115	130	135	115
FIBROLIV	nominal	0.05	1096	271	294	254	277	1151	283	326	281	261
I9_PULMEMB	nominal	0.05	1377	340	364	318	355	1342	317	356	345	324
M13_CERVICOCRANSDR	nominal	0.05	1168	345	333	243	247	1165	286	320	287	272
Q17_ASD	nominal	0.05	1107	273	274	274	286	1080	253	246	304	277
CD2_BENIGN_PANCREAS	nominal	0.05	1170	283	299	276	312	1175	273	281	293	328
M13_CERVICOCRANSDR	fdr	0.05	190	76	64	25	25	161	46	39	41	35
Q17_ASD	fdr	0.05	88	19	29	14	26	90	23	29	19	19
I9_PULMEMB	fdr	0.05	198	49	54	46	49	188	49	53	46	40
FIBROLIV	fdr	0.05	87	27	27	16	17	106	24	23	31	28
CD2_BENIGN_PANCREAS	fdr	0.05	174	51	50	33	40	162	41	33	44	44
I9_PULMEMB	fdr	0.1	354	86	98	75	95	341	81	96	94	70
M13_CERVICOCRANSDR	fdr	0.1	312	105	107	48	52	261	68	68	62	63
Q17_ASD	fdr	0.1	184	41	46	42	55	183	45	49	49	40
FIBROLIV	fdr	0.1	205	61	58	41	45	206	48	55	53	50
CD2_BENIGN_PANCREAS	fdr	0.1	294	78	67	63	86	294	66	61	85	82
I9_PULMEMB	fdr	0.2	734	177	192	169	196	742	170	203	192	177
M13_CERVICOCRANSDR	fdr	0.2	538	169	165	106	98	539	132	157	138	112
Q17_ASD	fdr	0.2	435	98	108	110	119	433	102	98	129	104
CD2_BENIGN_PANCREAS	fdr	0.2	568	131	143	133	161	583	126	141	153	163
FIBROLIV	fdr	0.2	459	121	131	98	109	512	122	151	119	120
CD2_BENIGN_PARATHYROID	nominal	0.05	1109	273	278	296	262	1109	266	259	314	270
I9_PVT	nominal	0.05	1058	264	284	238	272	1081	292	302	244	243
Q17_ATRIAL_SEPTAL_DEFECT_SECUNDUM_TYPE	nominal	0.05	1072	264	284	274	250	1054	252	248	274	280
FOOD_ALLERGY	nominal	0.05	1090	289	302	236	263	1171	232	286	326	327
M13_CHONDROMALACIA	nominal	0.05	1091	246	286	271	288	1126	245	287	293	301
I9_PVT	fdr	0.05	138	37	39	34	28	141	38	34	35	34
Q17_ATRIAL_SEPTAL_DEFECT_SECUNDUM_TYPE	fdr	0.05	107	21	36	23	27	101	28	23	26	24
FOOD_ALLERGY	fdr	0.05	124	36	36	29	23	146	20	24	50	52
M13_CHONDROMALACIA	fdr	0.05	110	27	28	30	25	99	26	30	20	23
CD2_BENIGN_PARATHYROID	fdr	0.05	109	32	33	24	20	121	29	21	40	31
Q17_ATRIAL_SEPTAL_DEFECT_SECUNDUM_TYPE	fdr	0.1	205	44	64	47	50	190	50	47	50	43
I9_PVT	fdr	0.1	223	60	63	49	51	234	62	65	56	51
CD2_BENIGN_PARATHYROID	fdr	0.1	209	56	56	48	49	232	53	43	81	55
FOOD_ALLERGY	fdr	0.1	210	59	61	43	47	239	37	52	78	72
M13_CHONDROMALACIA	fdr	0.1	208	47	54	54	53	194	40	59	47	48
CD2_BENIGN_PARATHYROID	fdr	0.2	458	125	109	116	108	487	118	106	154	109
I9_PVT	fdr	0.2	456	120	115	112	109	500	129	144	119	108
Q17_ATRIAL_SEPTAL_DEFECT_SECUNDUM_TYPE	fdr	0.2	419	91	121	113	94	411	99	102	109	101
M13_CHONDROMALACIA	fdr	0.2	448	99	126	123	100	462	105	122	117	118
FOOD_ALLERGY	fdr	0.2	443	123	123	100	97	485	93	104	146	142
FTD	nominal	0.05	1101	284	308	271	238	1170	296	252	320	302
M13_CHRONDROPATHIES	nominal	0.05	1171	324	324	268	255	1218	282	307	312	317
Q17_AVSD	nominal	0.05	1060	278	261	258	263	1074	250	265	282	277
I9_RAYNAUD	nominal	0.05	1219	309	316	290	304	1228	281	304	336	307
CD2_BENIGN_PAROTID	nominal	0.05	1108	290	289	265	264	1145	298	324	262	261
Q17_AVSD	fdr	0.05	111	33	27	19	32	99	22	23	22	32
FTD	fdr	0.05	132	37	41	30	24	128	33	25	41	29
M13_CHRONDROPATHIES	fdr	0.05	160	60	45	30	25	148	40	27	33	48
CD2_BENIGN_PAROTID	fdr	0.05	112	26	25	28	33	151	31	41	34	45
I9_RAYNAUD	fdr	0.05	125	37	29	30	29	141	30	29	40	42
FTD	fdr	0.1	238	63	67	58	50	249	67	50	76	56
I9_RAYNAUD	fdr	0.1	245	72	59	59	55	275	61	65	72	77
Q17_AVSD	fdr	0.1	192	56	50	41	45	199	44	46	51	58
M13_CHRONDROPATHIES	fdr	0.1	258	83	68	52	55	262	61	64	59	78
CD2_BENIGN_PAROTID	fdr	0.1	208	56	49	52	51	262	60	75	61	66
Q17_AVSD	fdr	0.2	418	116	113	105	84	425	106	97	123	99
FTD	fdr	0.2	476	122	130	119	105	489	122	101	147	119
I9_RAYNAUD	fdr	0.2	524	141	132	131	120	560	127	128	161	144
CD2_BENIGN_PAROTID	fdr	0.2	464	129	117	106	112	552	132	149	132	139
M13_CHRONDROPATHIES	fdr	0.2	498	136	145	110	107	569	135	148	134	152
I9_RBBB	nominal	0.05	1145	275	314	264	292	1138	254	298	300	286
M13_CHRONSYNOVITISHANDWRIST	nominal	0.05	1107	302	278	262	265	1126	296	321	268	241
Q17_BALANC_REARR_STRUCTURAL_MARKERS_NOT_ELSEW_CLASSIFIED	nominal	0.05	1088	264	255	292	277	1122	238	283	296	305
G6_ADEM	nominal	0.05	1144	304	281	292	267	1225	309	312	326	278
CD2_BENIGN_PELVIC_BONES_SACRUM_COCCYX	nominal	0.05	1059	214	249	277	319	1150	297	319	274	260
I9_RBBB	fdr	0.05	138	32	43	27	36	131	33	35	27	36
Q17_BALANC_REARR_STRUCTURAL_MARKERS_NOT_ELSEW_CLASSIFIED	fdr	0.05	123	27	28	31	37	118	24	25	31	38
CD2_BENIGN_PELVIC_BONES_SACRUM_COCCYX	fdr	0.05	96	21	23	27	25	119	34	32	23	30
G6_ADEM	fdr	0.05	133	32	24	47	30	158	51	31	39	37
M13_CHRONSYNOVITISHANDWRIST	fdr	0.05	169	60	40	36	33	149	54	43	29	23
I9_RBBB	fdr	0.1	253	59	68	54	72	232	50	63	53	66
G6_ADEM	fdr	0.1	225	52	48	73	52	283	80	70	77	56
Q17_BALANC_REARR_STRUCTURAL_MARKERS_NOT_ELSEW_CLASSIFIED	fdr	0.1	212	49	45	57	61	201	37	49	52	63
M13_CHRONSYNOVITISHANDWRIST	fdr	0.1	268	85	68	61	54	247	77	70	59	41
CD2_BENIGN_PELVIC_BONES_SACRUM_COCCYX	fdr	0.1	198	42	44	52	60	231	58	59	61	53
I9_RBBB	fdr	0.2	506	114	143	111	138	486	102	132	127	125
M13_CHRONSYNOVITISHANDWRIST	fdr	0.2	499	157	123	116	103	514	150	147	124	93
Q17_BALANC_REARR_STRUCTURAL_MARKERS_NOT_ELSEW_CLASSIFIED	fdr	0.2	454	104	110	121	119	462	88	112	128	134
CD2_BENIGN_PELVIC_BONES_SACRUM_COCCYX	fdr	0.2	437	92	93	110	142	496	125	138	124	109
G6_ADEM	fdr	0.2	486	127	110	138	111	588	147	161	154	126
I9_REVASC	nominal	0.05	1670	427	487	365	391	1681	378	491	373	439
CD2_BENIGN_PENIS	nominal	0.05	1153	325	283	276	269	1140	297	300	293	250
M13_CHURGSTRAUSS	nominal	0.05	1084	293	264	272	255	1115	273	282	318	242
G6_AD_STRICT	nominal	0.05	1475	351	415	338	371	1492	416	397	345	334
Q17_BICORNUATE_UTERUS	nominal	0.05	1109	268	316	257	268	1172	280	314	290	288
I9_REVASC	fdr	0.05	321	84	94	64	79	325	78	92	73	82
M13_CHURGSTRAUSS	fdr	0.05	116	39	25	25	27	115	29	18	37	31
G6_AD_STRICT	fdr	0.05	284	76	74	61	73	282	90	90	59	43
CD2_BENIGN_PENIS	fdr	0.05	137	43	40	29	25	157	42	43	41	31
Q17_BICORNUATE_UTERUS	fdr	0.05	149	39	42	36	32	165	47	36	42	40
I9_REVASC	fdr	0.1	545	140	170	104	131	546	126	159	124	137
M13_CHURGSTRAUSS	fdr	0.1	201	61	43	50	47	195	47	46	61	41
G6_AD_STRICT	fdr	0.1	464	110	133	109	112	466	134	153	105	74
CD2_BENIGN_PENIS	fdr	0.1	239	70	60	62	47	266	73	74	69	50
Q17_BICORNUATE_UTERUS	fdr	0.1	245	63	72	56	54	268	75	64	73	56
I9_REVASC	fdr	0.2	1020	255	296	219	250	1054	244	316	236	258
M13_CHURGSTRAUSS	fdr	0.2	419	116	91	116	96	472	109	121	150	92
G6_AD_STRICT	fdr	0.2	842	198	233	194	217	870	245	257	195	173
Q17_BICORNUATE_UTERUS	fdr	0.2	507	125	150	116	116	568	141	146	142	139
CD2_BENIGN_PENIS	fdr	0.2	496	152	120	118	106	532	144	148	148	92
I9_RHEUFEV	nominal	0.05	986	254	267	235	230	1060	268	274	271	247
Q17_BICUSP_AORTIC_VALVE	nominal	0.05	1168	258	280	305	325	1149	266	291	301	291
CD2_BENIGN_PERIPH_AUTO_NEURO	nominal	0.05	1093	260	274	275	284	1072	261	278	281	252
M13_CLAWCLUBHANDFOOT	nominal	0.05	1076	261	281	269	265	1081	254	281	287	259
G6_ALCODEGEN	nominal	0.05	1070	278	330	225	237	1143	294	340	225	284
Q17_BICUSP_AORTIC_VALVE	fdr	0.05	140	31	27	45	37	134	42	26	38	28
CD2_BENIGN_PERIPH_AUTO_NEURO	fdr	0.05	93	26	29	18	20	101	29	28	21	23
G6_ALCODEGEN	fdr	0.05	138	44	44	25	25	128	41	34	27	26
M13_CLAWCLUBHANDFOOT	fdr	0.05	124	35	36	25	28	113	29	22	34	28
I9_RHEUFEV	fdr	0.05	94	32	30	13	19	95	23	23	24	25
I9_RHEUFEV	fdr	0.1	166	51	52	27	36	178	39	50	46	43
Q17_BICUSP_AORTIC_VALVE	fdr	0.1	238	50	54	68	66	235	61	51	70	53
M13_CLAWCLUBHANDFOOT	fdr	0.1	203	56	55	45	47	186	50	33	57	46
CD2_BENIGN_PERIPH_AUTO_NEURO	fdr	0.1	177	41	56	36	44	187	47	62	40	38
G6_ALCODEGEN	fdr	0.1	246	68	87	40	51	226	55	71	51	49
I9_RHEUFEV	fdr	0.2	368	89	120	82	77	399	97	109	110	83
Q17_BICUSP_AORTIC_VALVE	fdr	0.2	486	100	124	130	132	507	124	121	145	117
M13_CLAWCLUBHANDFOOT	fdr	0.2	437	102	120	110	105	440	108	110	128	94
CD2_BENIGN_PERIPH_AUTO_NEURO	fdr	0.2	409	102	123	91	93	416	105	125	99	87
G6_ALCODEGEN	fdr	0.2	500	133	169	93	105	510	139	146	113	112
G6_ALCOPOLY	nominal	0.05	1119	318	303	255	243	1124	295	310	275	244
CD2_BENIGN_PHARYNX_NOS	nominal	0.05	1144	275	302	284	283	1185	299	302	308	276
M13_CONNECTNAS	nominal	0.05	1191	310	332	272	277	1223	267	285	338	333
Q17_BILATERAL_CRYPTORCHIDISM	nominal	0.05	973	227	256	238	252	1013	251	286	234	242
I9_RHEUFEVHRT	nominal	0.05	1039	284	277	239	239	1070	243	290	280	257
G6_ALCOPOLY	fdr	0.05	133	40	39	21	33	138	34	42	32	30
I9_RHEUFEVHRT	fdr	0.05	109	38	28	18	25	122	28	30	30	34
Q17_BILATERAL_CRYPTORCHIDISM	fdr	0.05	76	15	18	15	28	74	21	21	14	18
M13_CONNECTNAS	fdr	0.05	182	65	49	34	34	148	28	30	44	46
CD2_BENIGN_PHARYNX_NOS	fdr	0.05	119	25	40	19	35	127	36	38	30	23
CD2_BENIGN_PHARYNX_NOS	fdr	0.1	228	51	73	47	57	236	57	76	59	44
G6_ALCOPOLY	fdr	0.1	223	59	71	36	57	241	61	73	56	51
Q17_BILATERAL_CRYPTORCHIDISM	fdr	0.1	150	33	37	40	40	162	44	45	36	37
I9_RHEUFEVHRT	fdr	0.1	200	62	60	34	44	217	45	62	59	51
M13_CONNECTNAS	fdr	0.1	269	86	74	63	46	253	52	53	79	69
G6_ALCOPOLY	fdr	0.2	445	129	127	85	104	465	106	137	113	109
CD2_BENIGN_PHARYNX_NOS	fdr	0.2	484	110	141	120	113	536	142	141	144	109
M13_CONNECTNAS	fdr	0.2	556	163	152	121	120	555	119	112	172	152
Q17_BILATERAL_CRYPTORCHIDISM	fdr	0.2	344	77	101	81	85	363	92	106	76	89
I9_RHEUFEVHRT	fdr	0.2	432	129	127	83	93	475	117	136	117	105
I9_RHEUFEVWITHOUTHEART	nominal	0.05	1074	297	302	253	222	1016	228	254	287	247
Q17_CHROMOSOMAL_ABNORMALITI_NOT_ELSEW_CLASSIFIED	nominal	0.05	1095	270	276	284	265	1067	255	254	275	283
M13_CONTRACTUREJOINT	nominal	0.05	1041	268	263	249	261	1026	258	309	229	230
G6_ALS	nominal	0.05	1125	279	283	271	292	1120	258	268	299	295
CD2_BENIGN_PINEAL	nominal	0.05	1161	263	269	320	309	1170	280	288	296	306
Q17_CHROMOSOMAL_ABNORMALITI_NOT_ELSEW_CLASSIFIED	fdr	0.05	108	24	22	25	37	97	19	21	30	27
CD2_BENIGN_PINEAL	fdr	0.05	131	33	26	43	29	128	31	26	42	29
I9_RHEUFEVWITHOUTHEART	fdr	0.05	121	43	36	18	24	95	14	16	25	40
G6_ALS	fdr	0.05	134	27	42	31	34	112	20	29	33	30
M13_CONTRACTUREJOINT	fdr	0.05	112	26	25	33	28	110	33	32	26	19
Q17_CHROMOSOMAL_ABNORMALITI_NOT_ELSEW_CLASSIFIED	fdr	0.1	193	46	46	48	53	190	42	42	58	48
I9_RHEUFEVWITHOUTHEART	fdr	0.1	209	65	72	31	41	182	23	46	54	59
CD2_BENIGN_PINEAL	fdr	0.1	243	61	44	74	64	231	52	53	76	50
G6_ALS	fdr	0.1	221	46	69	52	54	215	45	60	53	57
M13_CONTRACTUREJOINT	fdr	0.1	196	47	52	46	51	182	48	52	46	36
I9_RHEUFEVWITHOUTHEART	fdr	0.2	404	114	127	82	81	394	67	88	128	111
Q17_CHROMOSOMAL_ABNORMALITI_NOT_ELSEW_CLASSIFIED	fdr	0.2	430	106	110	105	109	447	100	91	136	120
M13_CONTRACTUREJOINT	fdr	0.2	424	106	103	104	111	403	99	119	102	83
CD2_BENIGN_PINEAL	fdr	0.2	509	122	109	149	129	508	117	123	146	122
G6_ALS	fdr	0.2	481	112	127	117	125	490	106	119	127	138
M13_CRYSTALARTH	nominal	0.05	1052	271	246	272	263	1167	264	273	328	302
I9_RHEUOTHHRT	nominal	0.05	1085	296	278	249	262	1195	306	308	297	284
G6_ALZHEIMER	nominal	0.05	1501	363	394	358	386	1526	413	410	357	346
Q17_CLEFT_AND_CARIES	nominal	0.05	1085	296	276	263	250	1103	276	267	291	269
CD2_BENIGN_PITUITARY_CRANIPHAR	nominal	0.05	1081	284	269	270	258	1114	273	283	295	263
G6_ALZHEIMER	fdr	0.05	299	67	75	73	84	294	94	87	58	55
I9_RHEUOTHHRT	fdr	0.05	114	36	24	27	27	130	30	35	33	32
Q17_CLEFT_AND_CARIES	fdr	0.05	120	36	29	31	24	138	43	25	41	29
M13_CRYSTALARTH	fdr	0.05	100	21	27	25	27	136	24	29	47	36
CD2_BENIGN_PITUITARY_CRANIPHAR	fdr	0.05	98	25	15	29	29	140	47	37	31	25
I9_RHEUOTHHRT	fdr	0.1	218	66	48	53	51	246	57	66	69	54
Q17_CLEFT_AND_CARIES	fdr	0.1	195	51	58	46	40	219	58	44	66	51
G6_ALZHEIMER	fdr	0.1	473	107	119	121	126	480	142	154	101	83
M13_CRYSTALARTH	fdr	0.1	203	53	49	47	54	251	50	56	83	62
CD2_BENIGN_PITUITARY_CRANIPHAR	fdr	0.1	192	42	34	58	58	231	61	68	58	44
I9_RHEUOTHHRT	fdr	0.2	483	140	117	119	107	542	139	127	156	120
M13_CRYSTALARTH	fdr	0.2	421	103	100	107	111	511	106	126	157	122
Q17_CLEFT_AND_CARIES	fdr	0.2	415	105	109	113	88	453	120	99	126	108
G6_ALZHEIMER	fdr	0.2	874	200	218	216	240	896	254	261	192	189
CD2_BENIGN_PITUITARY_CRANIPHAR	fdr	0.2	416	103	92	116	105	466	117	125	124	100
CD2_BENIGN_PROSTATE	nominal	0.05	1080	268	265	277	270	1091	237	269	298	287
G6_ANOXBRAINDAM	nominal	0.05	1023	238	245	264	276	1062	259	265	283	255
I9_RHEUVALV	nominal	0.05	1070	276	278	265	251	1113	284	270	291	268
M13_DEFORMACQ	nominal	0.05	1218	346	341	264	267	1158	315	319	279	245
Q17_CLEFT_HARD_PALATE_NOS	nominal	0.05	1011	267	256	224	264	1019	292	246	241	240
CD2_BENIGN_PROSTATE	fdr	0.05	111	23	28	34	26	110	24	24	32	30
Q17_CLEFT_HARD_PALATE_NOS	fdr	0.05	79	18	13	14	34	92	40	21	16	15
M13_DEFORMACQ	fdr	0.05	157	48	47	30	32	155	40	46	36	33
I9_RHEUVALV	fdr	0.05	115	36	39	17	23	110	36	27	22	25
G6_ANOXBRAINDAM	fdr	0.05	88	21	27	26	14	103	27	29	23	24
CD2_BENIGN_PROSTATE	fdr	0.1	192	41	51	52	48	207	43	42	64	58
Q17_CLEFT_HARD_PALATE_NOS	fdr	0.1	155	43	35	30	47	171	57	39	40	35
M13_DEFORMACQ	fdr	0.1	297	87	83	70	57	282	74	81	67	60
I9_RHEUVALV	fdr	0.1	195	57	56	33	49	198	54	50	50	44
G6_ANOXBRAINDAM	fdr	0.1	175	46	44	48	37	202	48	54	58	42
CD2_BENIGN_PROSTATE	fdr	0.2	442	101	117	115	109	434	95	94	123	122
G6_ANOXBRAINDAM	fdr	0.2	387	98	89	108	92	437	99	111	135	92
I9_RHEUVALV	fdr	0.2	415	114	106	90	105	450	117	115	113	105
Q17_CLEFT_HARD_PALATE_NOS	fdr	0.2	387	110	98	79	100	407	122	100	103	82
M13_DEFORMACQ	fdr	0.2	577	158	175	120	124	575	159	165	128	123
G6_ATROPHCIRCUM	nominal	0.05	1107	294	250	296	267	1121	280	299	278	264
I9_SAH	nominal	0.05	1269	331	336	292	310	1198	287	320	294	297
M13_DEFORMDORSO	nominal	0.05	1417	392	392	297	336	1356	351	389	307	309
CD2_BENIGN_RECTOSIGMOID_JUNC	nominal	0.05	1101	237	302	263	299	1162	259	314	307	282
Q17_CLEFT_LIP	nominal	0.05	1221	333	325	280	283	1136	306	284	301	245
M13_DEFORMDORSO	fdr	0.05	249	81	73	48	47	203	58	60	32	53
I9_SAH	fdr	0.05	176	52	42	38	44	159	40	43	42	34
CD2_BENIGN_RECTOSIGMOID_JUNC	fdr	0.05	110	27	38	22	23	132	29	32	41	30
Q17_CLEFT_LIP	fdr	0.05	137	33	36	33	35	120	36	28	34	22
G6_ATROPHCIRCUM	fdr	0.05	118	35	21	30	32	158	47	52	31	28
M13_DEFORMDORSO	fdr	0.1	380	119	108	70	83	338	91	106	63	78
I9_SAH	fdr	0.1	301	82	83	63	73	279	62	75	79	63
CD2_BENIGN_RECTOSIGMOID_JUNC	fdr	0.1	209	45	59	49	56	223	57	57	62	47
G6_ATROPHCIRCUM	fdr	0.1	210	56	46	59	49	271	80	79	58	54
Q17_CLEFT_LIP	fdr	0.1	259	69	65	66	59	232	64	61	67	40
G6_ATROPHCIRCUM	fdr	0.2	446	120	93	133	100	519	143	138	127	111
I9_SAH	fdr	0.2	617	162	164	139	152	586	132	146	157	151
M13_DEFORMDORSO	fdr	0.2	741	208	215	153	165	728	187	224	155	162
CD2_BENIGN_RECTOSIGMOID_JUNC	fdr	0.2	451	94	128	99	130	489	101	140	129	119
Q17_CLEFT_LIP	fdr	0.2	530	143	151	120	116	502	138	132	131	101
CD2_BENIGN_RECTUM	nominal	0.05	1283	319	367	283	314	1283	314	355	294	320
M13_DEFORMDORSONAS	nominal	0.05	1087	268	250	294	275	1131	264	279	283	305
I9_SAHANEUR	nominal	0.05	1273	312	317	304	340	1307	322	342	307	336
Q17_CLEFT_LIP_CLEFT_PALATE	nominal	0.05	1180	359	319	257	245	1206	329	292	308	277
G6_ATYFAC	nominal	0.05	1133	306	302	248	277	1102	254	270	302	276
I9_SAHANEUR	fdr	0.05	158	40	40	30	48	175	44	34	43	54
CD2_BENIGN_RECTUM	fdr	0.05	202	52	56	35	59	208	49	49	48	62
G6_ATYFAC	fdr	0.05	153	61	45	24	23	138	26	36	36	40
Q17_CLEFT_LIP_CLEFT_PALATE	fdr	0.05	142	45	35	37	25	173	55	31	55	32
M13_DEFORMDORSONAS	fdr	0.05	99	21	18	29	31	118	36	29	23	30
CD2_BENIGN_RECTUM	fdr	0.1	341	80	98	72	91	357	89	97	82	89
I9_SAHANEUR	fdr	0.1	285	71	67	70	77	322	79	76	87	80
G6_ATYFAC	fdr	0.1	265	91	75	49	50	247	55	65	62	65
Q17_CLEFT_LIP_CLEFT_PALATE	fdr	0.1	257	82	65	55	55	291	90	58	85	58
M13_DEFORMDORSONAS	fdr	0.1	185	46	31	51	57	212	61	57	45	49
CD2_BENIGN_RECTUM	fdr	0.2	653	152	185	145	171	673	166	189	155	163
M13_DEFORMDORSONAS	fdr	0.2	431	97	95	122	117	499	122	128	126	123
I9_SAHANEUR	fdr	0.2	625	153	159	141	172	693	158	187	168	180
Q17_CLEFT_LIP_CLEFT_PALATE	fdr	0.2	516	161	144	106	105	551	158	128	143	122
G6_ATYFAC	fdr	0.2	543	167	143	112	121	511	123	125	128	135
CD2_BENIGN_RECTUM_ANAL	nominal	0.05	1271	326	329	287	329	1236	304	343	296	293
G6_AUTONOM	nominal	0.05	1041	252	282	257	250	1103	244	265	297	297
M13_DEQUERVAIN	nominal	0.05	1154	303	337	253	261	1258	293	328	327	310
I9_SECONDRIGHT	nominal	0.05	1112	286	259	271	296	1107	246	286	285	290
Q17_CLEFT_LIP_OR_LIP_AND_PALATE	nominal	0.05	1140	310	294	259	277	1217	324	312	322	259
CD2_BENIGN_RECTUM_ANAL	fdr	0.05	209	52	60	31	66	206	51	51	47	57
I9_SECONDRIGHT	fdr	0.05	97	23	23	25	26	117	25	26	29	37
M13_DEQUERVAIN	fdr	0.05	165	62	60	21	22	183	43	49	42	49
Q17_CLEFT_LIP_OR_LIP_AND_PALATE	fdr	0.05	120	34	25	34	27	140	48	29	42	21
G6_AUTONOM	fdr	0.05	102	25	22	25	30	132	30	29	41	32
CD2_BENIGN_RECTUM_ANAL	fdr	0.1	328	81	91	60	96	317	85	86	71	75
I9_SECONDRIGHT	fdr	0.1	205	48	49	59	49	220	43	55	57	65
M13_DEQUERVAIN	fdr	0.1	271	90	90	45	46	320	75	83	83	79
Q17_CLEFT_LIP_OR_LIP_AND_PALATE	fdr	0.1	223	57	47	66	53	247	76	61	69	41
G6_AUTONOM	fdr	0.1	173	40	42	44	47	219	43	56	67	53
CD2_BENIGN_RECTUM_ANAL	fdr	0.2	610	150	163	128	169	619	148	182	146	143
M13_DEQUERVAIN	fdr	0.2	530	163	160	109	98	651	143	174	179	155
I9_SECONDRIGHT	fdr	0.2	458	117	116	113	112	483	92	135	123	133
G6_AUTONOM	fdr	0.2	407	108	114	90	95	464	97	119	137	111
Q17_CLEFT_LIP_OR_LIP_AND_PALATE	fdr	0.2	489	134	115	121	119	559	163	140	149	107
CD2_BENIGN_RENALPELVIS	nominal	0.05	1112	266	266	281	299	1034	241	274	266	253
G6_AUTOTHUNS	nominal	0.05	1023	221	264	264	274	1093	262	286	271	274
I9_SEQULAE	nominal	0.05	1307	350	345	303	309	1224	290	328	307	299
M13_DERMATOMYOTH	nominal	0.05	1086	230	250	297	309	1137	245	318	302	272
Q17_CLEFT_PALATE	nominal	0.05	1180	328	308	266	278	1161	318	288	286	269
G6_AUTOTHUNS	fdr	0.05	70	16	14	22	18	86	22	18	18	28
Q17_CLEFT_PALATE	fdr	0.05	122	38	30	25	29	131	38	24	43	26
I9_SEQULAE	fdr	0.05	200	68	62	32	38	155	40	34	42	39
M13_DERMATOMYOTH	fdr	0.05	107	16	17	38	36	110	24	21	32	33
CD2_BENIGN_RENALPELVIS	fdr	0.05	97	24	27	25	21	102	33	18	28	23
G6_AUTOTHUNS	fdr	0.1	156	34	33	42	47	173	41	37	45	50
I9_SEQULAE	fdr	0.1	334	103	103	63	65	278	66	75	72	65
Q17_CLEFT_PALATE	fdr	0.1	231	71	63	41	56	241	62	54	71	54
M13_DERMATOMYOTH	fdr	0.1	193	31	48	56	58	204	37	54	60	53
CD2_BENIGN_RENALPELVIS	fdr	0.1	169	42	50	44	33	180	49	35	52	44
CD2_BENIGN_RENALPELVIS	fdr	0.2	430	105	119	104	102	438	105	109	111	113
G6_AUTOTHUNS	fdr	0.2	378	84	93	94	107	438	96	115	110	117
I9_SEQULAE	fdr	0.2	657	188	181	139	149	625	138	175	161	151
M13_DERMATOMYOTH	fdr	0.2	445	80	113	132	120	457	92	121	128	116
Q17_CLEFT_PALATE	fdr	0.2	508	144	139	110	115	528	136	130	142	120
CD2_BENIGN_RESPIRATORY_NOS	nominal	0.05	993	245	252	251	245	1046	257	238	275	276
G6_BASDEGENOTH	nominal	0.05	1088	263	266	287	272	1070	263	243	299	265
M13_DERMATOPOLYNAS	nominal	0.05	1054	224	245	269	316	1131	253	275	303	300
I9_STENOSIS	nominal	0.05	1124	296	305	271	252	1133	285	301	281	266
Q17_CLUBFOOT	nominal	0.05	1012	272	229	269	242	1055	271	281	246	257
G6_BASDEGENOTH	fdr	0.05	116	33	30	28	25	118	34	26	30	28
CD2_BENIGN_RESPIRATORY_NOS	fdr	0.05	68	13	11	20	24	91	15	17	26	33
Q17_CLUBFOOT	fdr	0.05	112	29	22	32	29	124	25	24	39	36
I9_STENOSIS	fdr	0.05	133	38	35	29	31	154	35	32	43	44
M13_DERMATOPOLYNAS	fdr	0.05	112	28	20	22	42	141	26	34	38	43
G6_BASDEGENOTH	fdr	0.1	204	59	49	47	49	196	47	51	50	48
CD2_BENIGN_RESPIRATORY_NOS	fdr	0.1	142	30	26	39	47	165	28	39	46	52
M13_DERMATOPOLYNAS	fdr	0.1	186	40	38	43	65	229	44	55	69	61
Q17_CLUBFOOT	fdr	0.1	192	51	44	56	41	213	42	58	57	56
I9_STENOSIS	fdr	0.1	232	68	66	47	51	253	59	62	63	69
CD2_BENIGN_RESPIRATORY_NOS	fdr	0.2	364	84	80	94	106	453	102	116	110	125
G6_BASDEGENOTH	fdr	0.2	439	117	107	111	104	446	103	103	123	117
I9_STENOSIS	fdr	0.2	479	126	147	111	95	540	142	140	128	130
M13_DERMATOPOLYNAS	fdr	0.2	399	78	85	108	128	468	94	117	131	126
Q17_CLUBFOOT	fdr	0.2	422	110	89	122	101	444	103	118	106	117
G6_BELLPA	nominal	0.05	1187	315	283	305	284	1214	308	308	304	294
I9_STR	nominal	0.05	1336	373	381	282	300	1308	317	352	327	312
M13_DIASTASIS	nominal	0.05	1097	233	259	298	307	1098	269	311	261	257
Q17_COARCTATION_OF_THE_AORTA	nominal	0.05	1107	301	311	245	250	1180	271	305	322	282
CD2_BENIGN_RETINA	nominal	0.05	1140	313	279	273	275	1159	329	301	277	252
G6_BELLPA	fdr	0.05	162	51	47	36	28	150	43	36	34	37
M13_DIASTASIS	fdr	0.05	124	19	13	45	47	108	33	24	26	25
Q17_COARCTATION_OF_THE_AORTA	fdr	0.05	107	35	32	18	22	153	39	33	50	31
CD2_BENIGN_RETINA	fdr	0.05	168	63	40	34	31	147	50	45	24	28
I9_STR	fdr	0.05	237	91	69	34	43	203	46	51	44	62
G6_BELLPA	fdr	0.1	283	77	76	67	63	275	67	68	66	74
M13_DIASTASIS	fdr	0.1	220	36	39	68	77	204	47	59	51	47
Q17_COARCTATION_OF_THE_AORTA	fdr	0.1	218	66	64	46	42	279	72	67	87	53
CD2_BENIGN_RETINA	fdr	0.1	264	85	70	60	49	262	75	69	59	59
I9_STR	fdr	0.1	391	133	110	71	77	340	82	92	75	91
G6_BELLPA	fdr	0.2	567	143	146	137	141	584	138	147	155	144
I9_STR	fdr	0.2	734	217	206	158	153	717	171	202	174	170
M13_DIASTASIS	fdr	0.2	459	82	100	132	145	446	93	127	119	107
Q17_COARCTATION_OF_THE_AORTA	fdr	0.2	480	134	131	111	104	556	139	134	165	118
CD2_BENIGN_RETINA	fdr	0.2	531	156	137	130	108	527	154	139	134	100
I9_STR_EMBOLIC	nominal	0.05	1102	314	270	264	254	1100	286	261	301	252
M13_DIFFASCITIS	nominal	0.05	1132	339	283	256	254	1073	258	244	310	261
CD2_BENIGN_RETROPERITONEUM_PERITONEUM	nominal	0.05	1076	268	247	284	277	1087	278	278	278	253
Q17_COMPLEX_CARD_DEFEC	nominal	0.05	1008	263	275	212	258	1042	229	264	270	279
G6_BENIGN_MUSCULAR_DYSTROPHY	nominal	0.05	1179	263	290	316	310	1215	285	347	292	291
M13_DIFFASCITIS	fdr	0.05	135	55	31	18	31	114	24	22	31	37
I9_STR_EMBOLIC	fdr	0.05	145	58	31	31	25	102	24	18	32	28
G6_BENIGN_MUSCULAR_DYSTROPHY	fdr	0.05	166	30	26	55	55	177	54	47	37	39
CD2_BENIGN_RETROPERITONEUM_PERITONEUM	fdr	0.05	91	21	17	28	25	108	36	24	20	28
Q17_COMPLEX_CARD_DEFEC	fdr	0.05	83	18	29	11	25	85	11	18	25	31
M13_DIFFASCITIS	fdr	0.1	237	87	55	41	54	194	41	34	62	57
I9_STR_EMBOLIC	fdr	0.1	238	86	53	47	52	189	41	46	55	47
CD2_BENIGN_RETROPERITONEUM_PERITONEUM	fdr	0.1	171	40	38	47	46	191	56	51	38	46
G6_BENIGN_MUSCULAR_DYSTROPHY	fdr	0.1	279	57	52	87	83	287	77	81	61	68
Q17_COMPLEX_CARD_DEFEC	fdr	0.1	162	46	48	35	33	160	24	46	43	47
I9_STR_EMBOLIC	fdr	0.2	480	150	119	108	103	469	114	107	138	110
M13_DIFFASCITIS	fdr	0.2	465	147	126	86	106	437	102	104	121	110
CD2_BENIGN_RETROPERITONEUM_PERITONEUM	fdr	0.2	385	99	87	104	95	421	113	114	100	94
Q17_COMPLEX_CARD_DEFEC	fdr	0.2	341	99	92	75	75	370	74	102	103	91
G6_BENIGN_MUSCULAR_DYSTROPHY	fdr	0.2	547	119	120	157	151	568	140	169	121	138
M13_DISCINFECTION	nominal	0.05	1189	360	327	236	266	1175	294	296	305	280
G6_BENINTRAHYP	nominal	0.05	1069	273	267	268	261	1136	311	283	286	256
CD2_BENIGN_RIBS_STERNUM_CLAVICLE	nominal	0.05	1050	253	277	237	283	1089	239	316	269	265
Q17_CONGENITAL_ABSENCE_OCCLUSION_OR_NARROWING_OF_THE_EAR_CANAL	nominal	0.05	1185	360	307	279	239	1103	273	279	308	243
I9_STR_EMBOLIC_WITH_FLIMMER	nominal	0.05	1189	325	327	264	273	1128	292	279	281	276
M13_DISCINFECTION	fdr	0.05	171	68	55	22	26	141	33	31	42	35
Q17_CONGENITAL_ABSENCE_OCCLUSION_OR_NARROWING_OF_THE_EAR_CANAL	fdr	0.05	164	72	47	25	20	131	33	30	38	30
G6_BENINTRAHYP	fdr	0.05	83	17	19	23	24	97	23	17	23	34
CD2_BENIGN_RIBS_STERNUM_CLAVICLE	fdr	0.05	104	28	26	21	29	132	23	38	36	35
I9_STR_EMBOLIC_WITH_FLIMMER	fdr	0.05	137	49	36	30	22	116	37	26	30	23
Q17_CONGENITAL_ABSENCE_OCCLUSION_OR_NARROWING_OF_THE_EAR_CANAL	fdr	0.1	254	94	75	51	34	217	51	55	66	45
M13_DISCINFECTION	fdr	0.1	268	96	85	33	54	246	55	61	72	58
I9_STR_EMBOLIC_WITH_FLIMMER	fdr	0.1	243	77	65	53	48	203	48	49	60	46
G6_BENINTRAHYP	fdr	0.1	151	32	35	44	40	189	43	46	48	52
CD2_BENIGN_RIBS_STERNUM_CLAVICLE	fdr	0.1	188	52	51	38	47	222	39	63	58	62
Q17_CONGENITAL_ABSENCE_OCCLUSION_OR_NARROWING_OF_THE_EAR_CANAL	fdr	0.2	513	173	139	106	95	504	127	125	142	110
I9_STR_EMBOLIC_WITH_FLIMMER	fdr	0.2	511	144	134	124	109	457	119	105	126	107
M13_DISCINFECTION	fdr	0.2	543	174	161	96	112	549	129	139	159	122
CD2_BENIGN_RIBS_STERNUM_CLAVICLE	fdr	0.2	402	95	106	92	109	452	92	128	116	116
G6_BENINTRAHYP	fdr	0.2	424	98	99	117	110	475	124	111	124	116
CD2_BENIGN_SALIVARY	nominal	0.05	1167	297	302	282	286	1237	309	346	287	295
G6_BLEPHAROSPASM	nominal	0.05	1091	309	296	232	254	1135	262	283	295	295
I9_STR_SAH	nominal	0.05	1308	368	367	274	299	1292	328	358	301	305
M13_DISCITIS	nominal	0.05	1087	308	295	239	245	1083	262	278	274	269
Q17_CONGENITAL_AORTIC_VALVE_STENOSIS	nominal	0.05	998	256	233	263	246	1141	299	284	291	267
CD2_BENIGN_SALIVARY	fdr	0.05	135	31	31	32	41	161	32	44	36	49
G6_BLEPHAROSPASM	fdr	0.05	107	25	29	23	30	135	36	31	33	35
M13_DISCITIS	fdr	0.05	159	65	46	24	24	119	38	23	27	31
I9_STR_SAH	fdr	0.05	222	84	66	32	40	166	39	41	33	53
Q17_CONGENITAL_AORTIC_VALVE_STENOSIS	fdr	0.05	89	24	19	28	18	111	33	33	25	20
CD2_BENIGN_SALIVARY	fdr	0.1	244	64	56	59	65	268	52	74	69	73
I9_STR_SAH	fdr	0.1	355	114	99	71	71	294	71	77	64	82
G6_BLEPHAROSPASM	fdr	0.1	203	61	57	39	46	223	55	57	52	59
M13_DISCITIS	fdr	0.1	245	86	77	40	42	216	56	47	55	58
Q17_CONGENITAL_AORTIC_VALVE_STENOSIS	fdr	0.1	179	48	42	53	36	206	52	61	53	40
CD2_BENIGN_SALIVARY	fdr	0.2	521	132	128	125	136	580	130	167	140	143
I9_STR_SAH	fdr	0.2	652	197	181	144	130	651	156	188	150	157
M13_DISCITIS	fdr	0.2	470	156	138	81	95	446	118	99	112	117
G6_BLEPHAROSPASM	fdr	0.2	446	126	125	98	97	473	111	114	124	124
Q17_CONGENITAL_AORTIC_VALVE_STENOSIS	fdr	0.2	389	92	95	99	103	468	128	124	122	94
CD2_BENIGN_SALIVARY_KNOWN	nominal	0.05	1104	284	280	272	268	1172	296	323	265	288
G6_BRACHPLE	nominal	0.05	1277	342	356	283	296	1264	320	343	303	298
I9_THAORTANEUR	nominal	0.05	1298	307	343	334	314	1354	289	317	376	372
M13_DISSYNOTENDNAS	nominal	0.05	1084	301	290	249	244	1110	282	324	256	248
Q17_CONGENITAL_CATARACT	nominal	0.05	994	222	266	244	262	1013	244	267	250	252
G6_BRACHPLE	fdr	0.05	215	74	59	44	38	215	62	53	56	44
I9_THAORTANEUR	fdr	0.05	185	38	53	47	47	220	43	47	65	65
Q17_CONGENITAL_CATARACT	fdr	0.05	84	22	20	19	23	95	25	29	18	23
CD2_BENIGN_SALIVARY_KNOWN	fdr	0.05	114	29	22	28	35	150	32	44	32	42
M13_DISSYNOTENDNAS	fdr	0.05	113	32	36	20	25	119	37	31	22	29
CD2_BENIGN_SALIVARY_KNOWN	fdr	0.1	217	54	50	53	60	260	53	78	64	65
M13_DISSYNOTENDNAS	fdr	0.1	200	61	58	41	40	211	59	63	42	47
G6_BRACHPLE	fdr	0.1	346	102	105	75	64	334	96	87	80	71
I9_THAORTANEUR	fdr	0.1	323	72	91	84	76	373	65	89	121	98
Q17_CONGENITAL_CATARACT	fdr	0.1	136	33	34	32	37	168	41	48	42	37
CD2_BENIGN_SALIVARY_KNOWN	fdr	0.2	483	128	118	120	117	564	128	160	138	138
G6_BRACHPLE	fdr	0.2	646	183	179	132	152	642	170	163	157	152
M13_DISSYNOTENDNAS	fdr	0.2	418	122	119	90	87	461	123	142	98	98
I9_THAORTANEUR	fdr	0.2	684	148	198	170	168	728	144	179	204	201
Q17_CONGENITAL_CATARACT	fdr	0.2	351	80	88	89	94	409	96	115	113	85
CD2_BENIGN_SALIVARY_NOS	nominal	0.05	1141	268	272	297	304	1134	274	291	295	274
I9_THROMBANG	nominal	0.05	1147	294	303	275	275	1121	258	303	275	285
M13_DORSALGIA	nominal	0.05	1537	442	487	254	354	1624	436	469	335	384
Q17_CONGENITAL_DISLOCATION_OF_HIP_UNILATERAL	nominal	0.05	1058	251	273	269	265	1128	284	278	282	284
G6_CARPTU	nominal	0.05	1675	475	504	352	344	1753	463	477	403	410
CD2_BENIGN_SALIVARY_NOS	fdr	0.05	133	27	28	39	39	133	34	33	35	31
I9_THROMBANG	fdr	0.05	123	37	44	21	21	112	19	23	32	38
M13_DORSALGIA	fdr	0.05	303	105	101	34	63	311	95	93	61	62
G6_CARPTU	fdr	0.05	317	105	112	47	53	347	87	105	72	83
Q17_CONGENITAL_DISLOCATION_OF_HIP_UNILATERAL	fdr	0.05	90	20	12	27	31	122	33	27	31	31
CD2_BENIGN_SALIVARY_NOS	fdr	0.1	231	56	53	60	62	231	54	60	63	54
I9_THROMBANG	fdr	0.1	225	67	70	48	40	197	34	51	50	62
M13_DORSALGIA	fdr	0.1	474	149	167	61	97	498	135	162	103	98
G6_CARPTU	fdr	0.1	537	158	190	92	97	585	140	173	136	136
Q17_CONGENITAL_DISLOCATION_OF_HIP_UNILATERAL	fdr	0.1	181	39	33	58	51	221	50	52	60	59
CD2_BENIGN_SALIVARY_NOS	fdr	0.2	488	111	118	134	125	486	129	126	126	105
I9_THROMBANG	fdr	0.2	493	143	141	105	104	464	103	124	114	123
M13_DORSALGIA	fdr	0.2	906	272	303	133	198	980	265	297	204	214
Q17_CONGENITAL_DISLOCATION_OF_HIP_UNILATERAL	fdr	0.2	415	93	86	119	117	487	121	123	125	118
G6_CARPTU	fdr	0.2	1017	296	336	190	195	1140	285	323	268	264
CD2_BENIGN_SCROTUM	nominal	0.05	1094	291	295	264	244	1062	240	282	273	267
I9_THROMBICV	nominal	0.05	1041	253	270	248	270	1009	238	229	260	282
M13_DORSALGIANAS	nominal	0.05	1352	381	396	264	311	1340	324	377	313	326
G6_CAUDA	nominal	0.05	1033	259	270	249	255	1030	230	265	265	270
Q17_CONGENITAL_MITRAL_VALVE_REGURGITATION	nominal	0.05	1089	269	274	272	274	1082	257	271	267	287
I9_THROMBICV	fdr	0.05	120	37	45	15	23	138	29	25	37	47
CD2_BENIGN_SCROTUM	fdr	0.05	119	32	44	20	23	95	18	31	22	24
Q17_CONGENITAL_MITRAL_VALVE_REGURGITATION	fdr	0.05	91	19	18	28	26	91	21	18	25	27
M13_DORSALGIANAS	fdr	0.05	234	75	75	36	48	212	53	59	48	52
G6_CAUDA	fdr	0.05	99	25	26	25	23	119	29	26	29	35
CD2_BENIGN_SCROTUM	fdr	0.1	209	53	63	43	50	181	42	55	43	41
I9_THROMBICV	fdr	0.1	193	50	65	35	43	207	46	43	59	59
M13_DORSALGIANAS	fdr	0.1	384	123	126	62	73	344	83	94	79	88
Q17_CONGENITAL_MITRAL_VALVE_REGURGITATION	fdr	0.1	197	46	48	52	51	193	50	44	51	48
G6_CAUDA	fdr	0.1	178	51	52	39	36	201	42	55	50	54
CD2_BENIGN_SCROTUM	fdr	0.2	441	112	130	94	105	443	93	128	117	105
M13_DORSALGIANAS	fdr	0.2	709	211	233	109	156	690	167	203	158	162
G6_CAUDA	fdr	0.2	390	95	101	98	96	430	92	120	113	105
I9_THROMBICV	fdr	0.2	399	105	119	86	89	419	102	82	114	121
Q17_CONGENITAL_MITRAL_VALVE_REGURGITATION	fdr	0.2	438	110	110	100	118	437	96	117	106	118
