phenocode	rg_father	se_father	p_father	rg_mother	se_mother	p_mother	h2	h2_se
AB1_ACTINOMYCOSIS_WIDE	-0.0796	0.3528	0.8216	-0.1716	0.3273	0.6	0.0385	0.0038
AB1_ACTINOMYCOSIS	NA	NA	NA	NA	NA	NA	0.0385	0.0038
AB1_AMOEBIASIS_WIDE	NA	NA	NA	NA	NA	NA	0.0385	0.0038
AB1_AMOEBIASIS	NA	NA	NA	NA	NA	NA	NA	NA
AB1_ANOGENITAL_HERPES_SIMPLEX_WIDE	-0.0025	0.0833	0.9757	0.1588	0.0847	0.0607	0.0385	0.0038
AB1_ANOGENITAL_HERPES_SIMPLEX	-0.0296	0.0896	0.7413	0.1563	0.0815	0.055	0.0385	0.0038
AB1_ANUG_WIDE	0.1116	0.1271	0.3799	-0.0339	0.0968	0.7267	0.0385	0.0038
AB1_ARTHROPOD_WIDE	0.233	0.1236	0.0595	0.2785	0.1007	0.0057	0.0385	0.0038
AB1_ASPERGILLOSIS	0.0107	0.1346	0.9365	-0.0128	0.1009	0.8993	0.0385	0.0038
AB1_ATYPICAL_CNS_VIRUS	NA	NA	NA	NA	NA	NA	0.0385	0.0038
AB1_BACTINF_NOS_WIDE	0.0843	0.0944	0.3721	0.0736	0.0806	0.3611	0.0385	0.0038
AB1_BACTINF_NOS	0.0486	0.0995	0.625	0.0737	0.0868	0.396	0.0385	0.0038
AB1_BACT_BIR_OTHER_INF_AGENTS_WIDE	NA	NA	NA	NA	NA	NA	0.0385	0.0038
AB1_BACT_BIR_OTHER_INF_AGENTS	NA	NA	NA	NA	NA	NA	0.0385	0.0038
AB1_BACT_INTEST_OTH_WIDE	0.3386	0.1454	0.0199	0.1042	0.107	0.3302	0.0385	0.0038
AB1_BACT_INTEST_OTH	0.3256	0.1264	0.01	0.0698	0.1002	0.4863	0.0385	0.0038
AB1_CANDIDIASIS_WIDE	0.364	0.1039	0.0005	0.2743	0.0848	0.0012	0.0385	0.0038
AB1_CANDIDIASIS	0.367	0.1817	0.0434	0.2696	0.1278	0.035	0.0385	0.0038
AB1_CHLAMYDIA_OTHER_WIDE	0.3063	0.1148	0.0076	0.2161	0.079	0.0063	0.0385	0.0038
AB1_CHLAMYDIA_OTHER	0.3884	0.1329	0.0035	0.2478	0.099	0.0123	0.0385	0.0038
AB1_CHLAMY_OTHER_WIDE	NA	NA	NA	NA	NA	NA	0.0385	0.0038
AB1_CHOLERA_WIDE	-0.9896	5.5061	0.8574	0.1138	0.7781	0.8838	0.0385	0.0038
AB1_CHROMOMYCOCIS_WIDE	0.3424	0.8557	0.6891	0.2129	0.4867	0.6617	0.0385	0.0038
AB1_DENGUE_FEVER_WIDE	0.3155	0.3019	0.2961	-0.053	0.1774	0.7652	0.0385	0.0038
AB1_DENGUE_FEVER	0.2779	0.172	0.1063	-0.087	0.1276	0.4954	0.0385	0.0038
AB1_DERMATOPHYTOSIS_WIDE	0.1552	0.0641	0.0155	0.0743	0.0475	0.1173	0.0385	0.0038
AB1_DERMATOPHYTOSIS	0.0793	0.1315	0.5462	0.0881	0.1005	0.3806	0.0385	0.0038
AB1_DIBTHERIA_WIDE	NA	NA	NA	NA	NA	NA	NA	NA
AB1_DIBTHERIA	0.4764	0.461	0.3014	0.0331	0.2184	0.8794	0.0385	0.0038
AB1_EARLY_SYPHILIS_WIDE	-0.0081	0.1799	0.9642	0.0474	0.139	0.733	0.0385	0.0038
AB1_EARLY_SYPHILIS	0.0712	0.2469	0.7729	0.1399	0.219	0.523	0.0385	0.0038
AB1_EBV	-0.0037	0.1174	0.9752	-0.0277	0.0914	0.7616	0.0385	0.0038
AB1_ENTEROBIASIS_WIDE	0.24	0.32	0.4532	0.0888	0.2248	0.6927	0.0385	0.0038
AB1_ENTEROBIASIS	NA	NA	NA	NA	NA	NA	0.0385	0.0038
AB1_ERYSIPELAS_WIDE	0.1929	0.0582	0.0009	0.0413	0.0402	0.3043	0.0385	0.0038
AB1_ERYSIPELAS	0.1962	0.061	0.0013	0.0427	0.0429	0.3195	0.0385	0.0038
AB1_ERYSIPLEOID_WIDE	0.0874	0.4929	0.8593	0.2771	0.7282	0.7035	0.0385	0.0038
AB1_GASTROENTERITIS_NOS_WIDE	0.2472	0.0485	3.3735e-07	0.236	0.0408	7.4548e-09	0.0385	0.0038
AB1_GASTROENTERITIS_NOS	0.2185	0.0575	0.0001	0.2484	0.0449	3.1066e-08	0.0385	0.0038
AB1_GONOCOCCAL_WIDE	0.1919	0.1171	0.1012	0.126	0.101	0.2121	0.0385	0.0038
AB1_GONOCOCCAL	0.169	0.1057	0.1099	0.1156	0.0887	0.1921	0.0385	0.0038
AB1_HELMINTHIASES_NOS_WIDE	NA	NA	NA	NA	NA	NA	0.0385	0.0038
AB1_HELMINTIASES_WIDE	0.2359	0.2193	0.2822	0.3399	0.2155	0.1147	0.0385	0.0038
AB1_HELMINTIASES	0.2206	0.338	0.514	0.7467	0.878	0.395	0.0385	0.0038
AB1_HEPATITIS_A	NA	NA	NA	NA	NA	NA	0.0385	0.0038
AB1_HEPATITIS_B	NA	NA	NA	NA	NA	NA	0.0385	0.0038
AB1_HERPES_SIMPLEX_WIDE	0.3551	0.1551	0.022	0.1956	0.1078	0.0696	0.0385	0.0038
AB1_HERPES_SIMPLEX	0.284	0.3786	0.4531	0.223	0.2899	0.4417	0.0385	0.0038
AB1_HIV_INFECT_PARASITES_WIDE	0.1683	0.1954	0.3889	0.192	0.1547	0.2146	0.0385	0.0038
AB1_HIV_INFECT_PARASITES	0.1527	0.2035	0.453	0.2477	0.1704	0.1461	0.0385	0.0038
AB1_HIV_NOS	0.3164	0.2505	0.2066	0.1444	0.1694	0.3939	0.0385	0.0038
AB1_INFECT_PARASIT_WIDE	0.3105	0.0467	3.0831e-11	0.2097	0.0376	2.4551e-08	0.0385	0.0038
AB1_INTESTINAL_INFECTIONS_WIDE	0.25	0.0453	3.5033e-08	0.2239	0.0387	6.9977e-09	0.0385	0.0038
AB1_INTESTINAL_INFECTIONS	0.2338	0.0523	7.7329e-06	0.2175	0.0404	7.2217e-08	0.0385	0.0038
AB1_INT_HELMINTIASES_NOS_WIDE	-0.1672	0.1314	0.2033	0.07	0.0978	0.4742	0.0385	0.0038
AB1_LATE_SYPHILIS_WIDE	-0.1222	0.2643	0.6439	0.0169	0.2039	0.9341	0.0385	0.0038
AB1_LATE_SYPHILIS	-0.1182	0.162	0.4656	-0.0483	0.1361	0.7225	0.0385	0.0038
AB1_LISTERIOSIS	0.0153	0.1044	0.8836	-0.0153	0.0753	0.8386	0.0385	0.0038
AB1_LYME	-0.1068	0.1005	0.2879	-0.0128	0.0773	0.8686	0.0385	0.0038
AB1_MALARIA_FALCIPARIUM	-0.0094	0.1107	0.9323	0.0803	0.1057	0.4475	0.0385	0.0038
AB1_MALARIA_NOS_WIDE	-0.3134	0.2453	0.2013	0.0785	0.163	0.6303	0.0385	0.0038
AB1_MALARIA_NOS	-0.2071	0.1741	0.2341	-0.0148	0.1278	0.9076	0.0385	0.0038
AB1_MALARIA	-0.0612	0.0974	0.5302	-0.0348	0.0887	0.695	0.0385	0.0038
AB1_MEASLES	0.1877	0.4437	0.6723	0.202	0.4249	0.6346	0.0385	0.0038
AB1_MENINGOCOCCAL	NA	NA	NA	NA	NA	NA	0.0385	0.0038
AB1_MUMPS	-0.285	0.541	0.5983	-0.0599	0.2841	0.8331	0.0385	0.0038
AB1_MYCOSES_WIDE	0.2422	0.0622	9.7850e-05	0.1416	0.0488	0.0037	0.0385	0.0038
AB1_MYCOSES	0.3666	0.1732	0.0343	0.3032	0.147	0.0392	0.0385	0.0038
AB1_MYSOSIS_NOS_WIDE	NA	NA	NA	NA	NA	NA	0.0385	0.0038
AB1_MYSOSIS_NOS	NA	NA	NA	NA	NA	NA	0.0385	0.0038
AB1_OTHER_BACTERIAL_WIDE	0.1385	0.0592	0.0194	0.0584	0.046	0.2047	0.0385	0.0038
AB1_OTHER_BACTERIAL	0.1256	0.0631	0.0465	0.0494	0.0491	0.3137	0.0385	0.0038
AB1_OTHER_BACT_INOTHER_WIDE	-0.0449	0.1151	0.6965	0.3017	0.0994	0.0024	0.0385	0.0038
AB1_OTHER_BACT_INOTHER	-0.0646	0.1108	0.5595	0.1694	0.0849	0.0459	0.0385	0.0038
AB1_OTHER_CESTODE	0.3265	0.3692	0.3765	0.3667	0.4124	0.374	0.0385	0.0038
AB1_OTHER_CHLAMYDIAE_WIDE	NA	NA	NA	NA	NA	NA	0.0385	0.0038
AB1_OTHER_CHLAMYDIAE	NA	NA	NA	NA	NA	NA	0.0385	0.0038
AB1_OTHER_CONDITIONS	0.3501	0.2145	0.1026	0.1128	0.1526	0.46	0.0385	0.0038
AB1_OTHER_INFECTIONS_WIDE	NA	NA	NA	NA	NA	NA	0.0385	0.0038
AB1_OTHER_INFECTIONS	NA	NA	NA	NA	NA	NA	0.0385	0.0038
AB1_OTHER_INFESTATIONS_WIDE	NA	NA	NA	NA	NA	NA	0.0385	0.0038
AB1_OTHER_INFESTATIONS	-0.5027	0.4645	0.2791	-0.018	0.1998	0.9284	0.0385	0.0038
AB1_OTHER_MOSQUITO_FEVER_WIDE	NA	NA	NA	NA	NA	NA	0.0385	0.0038
AB1_OTHER_MOSQUITO_FEVER	-0.0096	0.3597	0.9787	0.304	0.6573	0.6437	0.0385	0.0038
AB1_OTHER_MYCOBAC	0.3598	0.3384	0.2877	-0.1974	0.2102	0.3476	0.0385	0.0038
AB1_OTHER_PROTOZOAL_WIDE	NA	NA	NA	NA	NA	NA	NA	NA
AB1_OTHER_PROTOZOAL	NA	NA	NA	NA	NA	NA	NA	NA
AB1_OTHER_SEPSIS	0.1224	0.0986	0.2145	0.1271	0.0792	0.1085	0.0385	0.0038
AB1_OTHER_SPIROCHAETAL_WIDE	-0.1028	0.099	0.2988	-0.0269	0.0759	0.7228	0.0385	0.0038
AB1_OTHER_SPIROCHAETAL	-0.1062	0.101	0.2931	-0.0102	0.0776	0.8956	0.0385	0.0038
AB1_OTHER_SUPERF_MYCOSIS_WIDE	0.233	0.0923	0.0116	0.1473	0.0639	0.0212	0.0385	0.0038
AB1_OTHER_SUPERF_MYCOSIS	0.2792	0.1648	0.0903	0.2232	0.1411	0.1136	0.0385	0.0038
AB1_OTHER_VIRAL_WIDE	0.2821	0.1051	0.0073	0.2242	0.0855	0.0087	0.0385	0.0038
AB1_OTHER_VIRAL	0.2001	0.1213	0.0989	0.2556	0.1052	0.0152	0.0385	0.0038
AB1_OTHER_ZOONOTIC_WIDE	0.4548	0.6047	0.452	0.5854	0.6744	0.3854	0.0385	0.0038
AB1_PARASITIC_NOS	NA	NA	NA	NA	NA	NA	0.0385	0.0038
AB1_PEDICULOSIS_ACARIASIS_OTHERINFEST_WIDE	0.3348	0.1158	0.0038	0.2878	0.0918	0.0017	0.0385	0.0038
AB1_PEDICULOSIS_ACARIASIS_OTHERINFEST	0.1987	0.1868	0.2875	0.1875	0.1644	0.254	0.0385	0.0038
AB1_PEDICULOSIS_AND_PHTHIRIAASIS_WIDE	0.3007	0.2389	0.2081	0.0329	0.1506	0.8268	0.0385	0.0038
AB1_PEDICULOSIS_AND_PHTHIRIAASIS	0.3221	0.235	0.1705	-0.0884	0.1488	0.5525	0.0385	0.0038
AB1_PNEUMOCYSTOSIS	0.0897	0.2853	0.7532	0.479	0.7151	0.503	0.0385	0.0038
AB1_POLIOMYELITIS	NA	NA	NA	NA	NA	NA	0.0385	0.0038
AB1_PROTOZOAL	-0.0188	0.2323	0.9356	0.2113	0.3022	0.4844	0.0385	0.0038
AB1_RELAP_FEVER_WIDE	-0.0426	0.2083	0.8379	0.0895	0.1616	0.5796	0.0385	0.0038
AB1_RELAP_FEVER	-0.0596	0.2673	0.8235	0.0938	0.2234	0.6747	0.0385	0.0038
AB1_RESP_TUBERCU_CONF	-0.0169	0.1258	0.8933	0.1409	0.0991	0.155	0.0385	0.0038
AB1_RESP_TUBERCU_NONCONF	0.1376	0.1493	0.3567	0.0857	0.1143	0.4533	0.0385	0.0038
AB1_RICKETTSIOSES_WIDE	NA	NA	NA	NA	NA	NA	0.0385	0.0038
AB1_RICKETTSIOSES	NA	NA	NA	NA	NA	NA	0.0385	0.0038
AB1_RUBELLA	-0.4456	0.3696	0.228	-0.3012	0.2388	0.2073	0.0385	0.0038
AB1_SALMONELLA_OTH_WIDE	-0.0263	0.144	0.8548	0.062	0.1103	0.5737	0.0385	0.0038
AB1_SALMONELLA_OTH	0.0036	0.1488	0.9806	0.0859	0.1201	0.4745	0.0385	0.0038
AB1_SCABIES_WIDE	0.3877	0.1069	0.0003	0.29	0.0846	0.0006	0.0385	0.0038
AB1_SCABIES	0.3147	0.2051	0.1248	0.1413	0.1583	0.3721	0.0385	0.0038
AB1_SCARLET_FEVER_WIDE	0.2517	0.2629	0.3384	-0.0071	0.1527	0.963	0.0385	0.0038
AB1_SCARLET_FEVER	0.221	0.216	0.3062	0.0378	0.1519	0.8035	0.0385	0.0038
AB1_SCHISTOSOMIASIS_WIDE	0.311	0.3548	0.3807	0.1414	0.224	0.5279	0.0385	0.0038
AB1_SEPSIS_BACT_IMPL_WIDE	0.3679	0.071	2.1671e-07	0.1448	0.0586	0.0135	0.0385	0.0038
AB1_SEPSIS_CONDITION_WIDE	0.2116	0.0574	0.0002	0.2161	0.0464	3.1427e-06	0.0385	0.0038
AB1_SEPSIS_FUNGAL_IMPL_WIDE	0.3212	0.2057	0.1184	0.4325	0.2042	0.0341	0.0385	0.0038
AB1_SEPSIS_IMPLICIT_WIDE	0.2535	0.0614	3.6381e-05	0.209	0.0479	1.2920e-05	0.0385	0.0038
AB1_SEPSIS_PARAS_IMPL_WIDE	-0.1739	0.1833	0.3428	0.0306	0.1256	0.8076	0.0385	0.0038
AB1_SEPSIS_VIRAL_IMPL_WIDE	0.3082	0.0826	0.0002	0.1326	0.0619	0.0321	0.0385	0.0038
AB1_SEQULAE_INF_NOS	NA	NA	NA	NA	NA	NA	0.0385	0.0038
AB1_SEQULAE_POLIO_WIDE	0.0052	0.2086	0.9802	0.1476	0.1875	0.4312	0.0385	0.0038
AB1_SEQULAE_POLIO	0.1497	0.3913	0.702	0.3905	0.6602	0.5541	0.0385	0.0038
AB1_SEQULAE_TUBERCU	0.0153	0.1858	0.9343	0.026	0.1634	0.8734	0.0385	0.0038
AB1_SEQULEAE_OF_INFECTIONS_AND_PARASITES	NA	NA	NA	NA	NA	NA	0.0385	0.0038
AB1_SEXUAL_TRANSMISSION_NOS_WIDE	0.2339	0.1175	0.0465	0.1583	0.0913	0.0828	0.0385	0.0038
AB1_SEXUAL_TRANSMISSION_NOS	0.3217	0.2091	0.1239	0.3024	0.1798	0.0926	0.0385	0.0038
AB1_SEXUAL_TRANSMISSION_WIDE	0.2577	0.0752	0.0006	0.1921	0.0613	0.0017	0.0385	0.0038
AB1_SEXUAL_TRANSMISSION	0.3186	0.0992	0.0013	0.2937	0.0829	0.0004	0.0385	0.0038
AB1_SHIGELLOSIS_WIDE	-0.1223	0.1287	0.342	0.0289	0.1102	0.7934	0.0385	0.0038
AB1_SHIGELLOSIS	-0.2293	0.1845	0.2138	-0.2193	0.156	0.1596	0.0385	0.0038
AB1_SPIROCHE_OTHER_WIDE	-0.1059	0.0982	0.281	-0.0178	0.0754	0.8131	0.0385	0.0038
AB1_STREPTO_SEPSIS	-0.0015	0.1829	0.9936	0.1467	0.1569	0.3497	0.0385	0.0038
AB1_STREPTSTAPHYCOCC_INOTHER_WIDE	-0.0877	0.2612	0.7369	-0.0311	0.1461	0.8314	0.0385	0.0038
AB1_STREPTSTAPHYCOCC_INOTHER	NA	NA	NA	NA	NA	NA	NA	NA
AB1_SYPHILIS_NOS_WIDE	0.0204	0.219	0.9259	-0.0444	0.1672	0.7905	0.0385	0.0038
AB1_SYPHILIS_NOS	NA	NA	NA	NA	NA	NA	0.0385	0.0038
AB1_SYPHILIS_WIDE	NA	NA	NA	NA	NA	NA	NA	NA
AB1_SYPHILIS	NA	NA	NA	NA	NA	NA	NA	NA
AB1_TICK_BORNE_ENCEPHALITIS_WIDE	0.0198	0.3624	0.9564	0.2391	0.5875	0.684	0.0385	0.0038
AB1_TICK_BORNE_ENCEPHALITIS	NA	NA	NA	NA	NA	NA	NA	NA
AB1_TOXOPLASMOSIS	-0.0788	0.1453	0.5879	-0.1999	0.1488	0.1791	0.0385	0.0038
AB1_TRICHOMONIASIS_WIDE	0.1048	0.2265	0.6435	-0.1781	0.2565	0.4874	0.0385	0.0038
AB1_TRICHOMONIASIS	0.0206	0.1874	0.9124	-0.0688	0.1604	0.6681	0.0385	0.0038
AB1_TUBERCULOSIS	0.0585	0.1458	0.6885	0.0596	0.1113	0.5922	0.0385	0.0038
AB1_TUBERCU_MILIARY	-0.1494	0.1379	0.2785	0.1506	0.1052	0.1524	0.0385	0.0038
AB1_TUBERCU_OTH_ORG	NA	NA	NA	NA	NA	NA	NA	NA
AB1_TULARAEMIA_WIDE	-0.1278	0.1428	0.3707	-0.1662	0.1302	0.2016	0.0385	0.0038
AB1_TULARAEMIA	NA	NA	NA	NA	NA	NA	0.0385	0.0038
AB1_TYPHOIDPARATHYPHOID_WIDE	0.2394	0.2843	0.3997	0.0919	0.1847	0.6187	0.0385	0.0038
AB1_TYPHOIDPARATHYPHOID	NA	NA	NA	NA	NA	NA	0.0385	0.0038
AB1_VARICELLA_WIDE	-0.1693	0.1622	0.2965	-0.0758	0.116	0.5134	0.0385	0.0038
AB1_VARICELLA	-0.1689	0.1653	0.3069	-0.1089	0.1273	0.3922	0.0385	0.0038
AB1_VIRAAL_CONJUNCT_WIDE	0.1688	0.1641	0.3037	0.0545	0.1242	0.6605	0.0385	0.0038
AB1_VIRAAL_CONJUNCT	NA	NA	NA	NA	NA	NA	NA	NA
AB1_VIRAL_CNS_WIDE	0.3907	0.318	0.2193	0.1853	0.1584	0.2422	0.0385	0.0038
AB1_VIRAL_CNS	0.3241	0.2539	0.2018	0.1386	0.1322	0.2942	0.0385	0.0038
AB1_VIRAL_ENCEPHALITIS_NOS	NA	NA	NA	NA	NA	NA	0.0385	0.0038
AB1_VIRAL_HEMOR_FEVER_NOS_WIDE	0.1353	0.1194	0.2573	0.2567	0.0985	0.0092	0.0385	0.0038
AB1_VIRAL_HEMOR_FEVER_NOS	0.0549	0.1238	0.6573	0.3009	0.1066	0.0048	0.0385	0.0038
AB1_VIRAL_HEPATITIS	0.2674	0.0919	0.0036	0.3225	0.0819	8.3118e-05	0.0385	0.0038
AB1_VIRAL_INOTHER_WIDE	NA	NA	NA	NA	NA	NA	0.0385	0.0038
AB1_VIRAL_INOTHER	NA	NA	NA	NA	NA	NA	0.0385	0.0038
AB1_VIRAL_MENINGITIS	0.2077	0.2031	0.3065	0.3034	0.1657	0.0672	0.0385	0.0038
AB1_VIRAL_NOS_WIDE	0.3769	0.1701	0.0267	0.3356	0.1466	0.0221	0.0385	0.0038
AB1_VIRAL_NOS	0.3979	0.4697	0.397	0.663	0.6905	0.337	0.0385	0.0038
AB1_VIRAL_OTHER_INTEST_INFECTIONS_WIDE	0.1768	0.0896	0.0484	0.1575	0.0784	0.0445	0.0385	0.0038
AB1_VIRAL_OTHER_INTEST_INFECTIONS	0.1281	0.1024	0.211	0.1028	0.0815	0.207	0.0385	0.0038
AB1_VIRAL_SKIN_MUCOUS_MEMBRANE_WIDE	0.0939	0.0822	0.253	0.0355	0.067	0.5963	0.0385	0.0038
AB1_VIRAL_SKIN_MUCOUS_MEMBRANE	-0.1686	0.1967	0.3914	0.1348	0.1475	0.361	0.0385	0.0038
AB1_VIRAL_SKIN_NOS_WIDE	0.2882	0.2155	0.1811	0.328	0.1941	0.0911	0.0385	0.0038
AB1_VIRAL_SKIN_NOS	0.0054	0.1507	0.9712	0.1975	0.1216	0.1045	0.0385	0.0038
AB1_VIRAL_WARTS_WIDE	-0.09	0.1133	0.4272	0.0817	0.086	0.3426	0.0385	0.0038
AB1_VIRAL_WARTS	-0.2856	0.1926	0.1381	0.0812	0.1462	0.5786	0.0385	0.0038
AB1_VIRAN_CNS_INFECTIONS_NOS_WIDE	0.1296	0.251	0.6057	-0.0345	0.2006	0.8634	0.0385	0.0038
AB1_VIRAN_CNS_INFECTIONS_NOS	NA	NA	NA	NA	NA	NA	0.0385	0.0038
AB1_WHOOPCOUGH_WIDE	-0.2852	0.9988	0.7752	0.5992	1.9692	0.7609	0.0385	0.0038
AB1_WHOOPCOUGH	NA	NA	NA	NA	NA	NA	0.0385	0.0038
AB1_YAWNS_WIDE	-0.164	0.2587	0.5261	-0.2228	0.1999	0.2652	0.0385	0.0038
AB1_ZOONOTIC_BACTERIAL_WIDE	0.0198	0.1936	0.9185	-0.0223	0.1471	0.8793	0.0385	0.0038
AB1_ZOONOTIC_BACTERIAL	NA	NA	NA	NA	NA	NA	0.0385	0.0038
AB1_ZOSTER_WIDE	-0.03	0.0894	0.7373	-0.0759	0.0718	0.2908	0.0385	0.0038
AB1_ZOSTER	-0.104	0.1605	0.5171	0.0497	0.1127	0.6595	0.0385	0.0038
ABDOM_HERNIA_POSTOP	0.2505	0.0571	1.1362e-05	0.1297	0.046	0.0048	0.0385	0.0038
ABDOM_HERNIA	0.1782	0.0446	6.5579e-05	0.13	0.0351	0.0002	0.0385	0.0038
ABPA	-0.0171	0.1183	0.8852	-0.1551	0.0979	0.1131	0.0385	0.0038
ACUTE_DRUGADVERS_INTERSTITIAL_LUNG_DISORD	0.0367	0.171	0.8302	0.3331	0.1679	0.0473	0.0385	0.0038
AD_AM_EXMORE	0.2556	0.1106	0.0208	0.2231	0.0889	0.0121	0.0385	0.0038
AD_EO_EXMORE	NA	NA	NA	NA	NA	NA	NA	NA
AD_LO_EXMORE	0.2128	0.1004	0.034	0.1615	0.082	0.049	0.0385	0.0038
AD_U_EXMORE	0.4586	2.5262	0.8559	0.2739	2.8568	0.9236	0.0385	0.0038
ALCODELIRIUM	0.312	0.0948	0.001	0.2238	0.0741	0.0025	0.0385	0.0038
ALCOHOLACUTE10	0.2173	0.0644	0.0007	0.2312	0.0515	7.2443e-06	0.0385	0.0038
ALCOPANCACU	0.2053	0.1309	0.1167	0.2385	0.1078	0.0269	0.0385	0.0038
ALCOPANCCHRON	0.1285	0.1103	0.244	0.2004	0.0661	0.0025	0.0385	0.0038
ALCO_PRESCRIPTION	0.2062	0.0734	0.005	0.2148	0.0598	0.0003	0.0385	0.0038
ALLERGIC_CONTACT_DERMA_DRUGS_CONTACT_W_SKIN	0.1274	0.2033	0.5311	0.1805	0.1482	0.2233	0.0385	0.0038
ALLERG_ASTHMA	0.1667	0.0528	0.0016	0.0998	0.0398	0.0121	0.0385	0.0038
ALLERG_RHINITIS	0.0871	0.0627	0.1647	0.0351	0.0432	0.417	0.0385	0.0038
AMN2	-0.1305	0.0793	0.0998	-0.0423	0.0622	0.4965	0.0385	0.0038
ANAPH_SHOCK_ADVER_EFFECT_CORRE_DRUG_MEDICAM_PROPE_ADMINISTE	0.2146	0.1814	0.237	0.1453	0.1425	0.3081	0.0385	0.0038
ANOSMIA	0.1704	0.3169	0.5908	0.3118	0.3796	0.4115	0.0385	0.0038
ANTIDEPRESSANTS	0.073	0.037	0.0484	0.1628	0.0314	2.1337e-07	0.0385	0.0038
APPENDACUT_COMPLIC	-0.1978	0.1555	0.2034	-0.0126	0.1282	0.9217	0.0385	0.0038
APPENDACUT_NOCOMPLIC	0.1441	0.0538	0.0074	0.1402	0.0458	0.0022	0.0385	0.0038
ARTHRO_SPEC	0.8605	4.7839	0.8573	0.1068	0.7009	0.8789	0.0385	0.0038
ARTRHO_POSTDYSENTERIC	-0.1824	0.3585	0.6109	-0.3266	0.4115	0.4273	0.0385	0.0038
ASTHMA_ACUTE_RESPIRATORY_INFECTIONS	0.2744	0.0527	1.9595e-07	0.2325	0.0356	6.2645e-11	0.0385	0.0038
ASTHMA_ALLERG	0.2007	0.0583	0.0006	0.1065	0.0454	0.0189	0.0385	0.0038
ASTHMA_CHILD_EXMORE	0.1099	0.0598	0.0659	0.081	0.0439	0.0649	0.0385	0.0038
ASTHMA_EOSINOPHIL_SUGG	0.011	0.0736	0.8817	0.0102	0.0509	0.8405	0.0385	0.0038
ASTHMA_INFECTIONS	0.2654	0.0496	8.9144e-08	0.2221	0.0346	1.4438e-10	0.0385	0.0038
ASTHMA_MIXED_EXMORE	0.1939	0.1116	0.0822	0.2672	0.0952	0.005	0.0385	0.0038
ASTHMA_NAS	0.2333	0.05	3.0236e-06	0.1909	0.0354	6.8210e-08	0.0385	0.0038
ASTHMA_OBESITY	0.2147	0.046	3.0363e-06	0.2173	0.0387	1.8876e-08	0.0385	0.0038
ASTHMA_OPPORTUNIST_INFECTIONS	0.1779	0.1251	0.155	0.0627	0.0944	0.5067	0.0385	0.0038
ASTHMA_PNEUMONIA	0.3128	0.0592	1.2402e-07	0.2305	0.0435	1.1553e-07	0.0385	0.0038
AUD_SWEDISH	0.2358	0.0396	2.6251e-09	0.2573	0.0333	1.1151e-14	0.0385	0.0038
AUD	0.2477	0.0426	6.2892e-09	0.2634	0.0352	7.0739e-14	0.0385	0.0038
AUTOHEP	-0.1204	0.1871	0.52	0.1272	0.1549	0.4116	0.0385	0.0038
AUTOIMMUNE_HYPERTHYROIDISM	-0.067	0.0707	0.3432	0.0313	0.0571	0.5832	0.0385	0.0038
AUTOIMMUNE_NONTHYROID	0.0009	0.0442	0.9838	0.0615	0.0393	0.1177	0.0385	0.0038
AUTOIMMUNE	0.0003	0.0366	0.9941	0.0932	0.0305	0.0023	0.0385	0.0038
BACT_INTEST_INFECTION_NOS	0.6643	0.4776	0.1642	0.3501	0.2969	0.2383	0.0385	0.0038
BLEEDING	0.2281	0.0648	0.0004	0.1435	0.0525	0.0063	0.0385	0.0038
BMI_IRN	0.1816	0.0252	6.3077e-13	0.0745	0.0249	0.0028	0.0385	0.0038
BRONCHITIS	0.2501	0.0552	5.9169e-06	0.2769	0.0476	5.9584e-09	0.0385	0.0038
C3_ACCESSORY_SINUS_WIDE	0.0141	0.1714	0.9345	0.0114	0.1372	0.9339	0.0385	0.0038
C3_ADRENAL_GLAND_WIDE	NA	NA	NA	NA	NA	NA	0.0385	0.0038
C3_ALL_WIDE	-0.0808	0.1446	0.5763	0.0804	0.1183	0.4967	0.0385	0.0038
C3_AML_MDS	NA	NA	NA	NA	NA	NA	0.0385	0.0038
C3_AML_WIDE	NA	NA	NA	NA	NA	NA	0.0385	0.0038
C3_ANUS_ANALCANAL_WIDE	0.1157	0.1944	0.5517	-0.1047	0.1582	0.508	0.0385	0.0038
C3_ASTROCYTOMA_WIDE	0.0746	0.2733	0.785	-0.3169	0.3759	0.3992	0.0385	0.0038
C3_BASAL_CELL_CARCINOMA_WIDE	-0.0093	0.0376	0.8041	-0.0698	0.031	0.0243	0.0385	0.0038
C3_BASEOFTONGUE_WIDE	-0.0344	0.3024	0.9095	-0.1118	0.3532	0.7516	0.0385	0.0038
C3_BILIARY_GALLBLADDER_WIDE	0.1549	0.1279	0.2257	-0.0139	0.105	0.8947	0.0385	0.0038
C3_BLADDER_WIDE	0.1302	0.0975	0.1815	0.0391	0.0704	0.5787	0.0385	0.0038
C3_BONE_CARTILAGE	NA	NA	NA	NA	NA	NA	0.0385	0.0038
C3_BRAIN_WIDE	0.0221	0.1163	0.8492	-0.1653	0.0899	0.066	0.0385	0.0038
C3_BREAST_ERNEG_WIDE	-0.0652	0.0693	0.3467	-0.1799	0.0584	0.0021	0.0385	0.0038
C3_BREAST_ERPLUS_WIDE	-0.1122	0.0494	0.0233	-0.1301	0.0378	0.0006	0.0385	0.0038
C3_BREAST_WIDE	-0.1019	0.0457	0.0257	-0.151	0.0347	1.3731e-05	0.0385	0.0038
C3_BRONCHUS_LUNG_WIDE	0.0666	0.0588	0.2576	0.1082	0.0475	0.0227	0.0385	0.0038
C3_CANCER_WIDE	-0.0912	0.0448	0.0417	-0.127	0.0373	0.0007	0.0385	0.0038
C3_CANCER	-0.0947	0.0441	0.0318	-0.1161	0.0368	0.0016	0.0385	0.0038
C3_CERVIX_ADENO	NA	NA	NA	NA	NA	NA	NA	NA
C3_CERVIX_SQUAM	0.4384	0.3604	0.2238	-0.3593	0.3147	0.2536	0.0385	0.0038
C3_CERVIX_UTERI_WIDE	NA	NA	NA	NA	NA	NA	NA	NA
C3_CHONDROSARCOMA_WIDE	NA	NA	NA	NA	NA	NA	NA	NA
C3_CIRCULATING_LYMPHOID_WIDE	0.0244	0.198	0.9019	-0.0774	0.1568	0.6215	0.0385	0.0038
C3_CIRCULATING_LYMPHOID	-0.0471	0.1564	0.7631	-0.1917	0.1413	0.175	0.0385	0.0038
C3_CLL_WIDE	-0.0689	0.0887	0.4371	0.0461	0.0694	0.5066	0.0385	0.0038
C3_CML_WIDE	NA	NA	NA	NA	NA	NA	0.0385	0.0038
C3_COLON_ADENO	-0.077	0.0937	0.4107	-0.0639	0.0673	0.3422	0.0385	0.0038
C3_COLON_WIDE	-0.1542	0.0897	0.0855	-0.1075	0.0604	0.075	0.0385	0.0038
C3_COLORECTAL_ADENO	-0.1425	0.0633	0.0242	-0.0722	0.0477	0.1302	0.0385	0.0038
C3_COLORECTAL_NEUROENDO	-0.1972	0.1263	0.1183	0.0612	0.0908	0.5006	0.0385	0.0038
C3_COLORECTAL	-0.1584	0.0629	0.0118	-0.0577	0.0453	0.2031	0.0385	0.0038
C3_CORPUS_UTERI_WIDE	-0.1534	0.0872	0.0786	-0.1247	0.0676	0.0651	0.0385	0.0038
C3_DIGESTIVE_ORGANS	-0.0791	0.068	0.2446	-0.0471	0.053	0.3736	0.0385	0.0038
C3_DLBCL_WIDE	-0.0875	0.1424	0.5391	-0.0581	0.1051	0.5803	0.0385	0.0038
C3_ENDOCRINE	0.081	0.0879	0.3572	-0.1009	0.0534	0.0589	0.0385	0.0038
C3_EPENDYDOMA	-0.0499	0.1235	0.6863	-0.1785	0.0947	0.0595	0.0385	0.0038
C3_EYE_ADNEXA_WIDE	0.0253	0.2033	0.9009	-0.07	0.1523	0.6457	0.0385	0.0038
C3_EYE_BRAIN_NEURO	-0.0452	0.118	0.7018	-0.2134	0.094	0.0232	0.0385	0.0038
C3_FEMALE_GENITAL	-0.2374	0.104	0.0224	-0.3086	0.0907	0.0007	0.0385	0.0038
C3_FIBROSARCOMA_WIDE	NA	NA	NA	NA	NA	NA	NA	NA
C3_GALLBLADDER_WIDE	NA	NA	NA	NA	NA	NA	0.0385	0.0038
C3_GASTRINT_STROM	-0.1914	0.1915	0.3175	-0.051	0.1353	0.7063	0.0385	0.0038
C3_GBM_ASTROCYTOMA	-0.0455	0.1511	0.7633	-0.0694	0.1136	0.5415	0.0385	0.0038
C3_GBM	-0.0685	0.149	0.6456	0.0083	0.1046	0.9371	0.0385	0.0038
C3_GUM_WIDE	0.109	0.1219	0.3709	0.1683	0.1023	0.0998	0.0385	0.0038
C3_HEAD_AND_NECK	0.0753	0.112	0.5014	0.0733	0.0976	0.4522	0.0385	0.0038
C3_HEPATOCELLU_CARC_WIDE	0.226	0.2049	0.2701	-0.0543	0.152	0.7211	0.0385	0.0038
C3_HYPOPHARYNX_WIDE	0.0852	0.1552	0.5829	0.0868	0.106	0.4132	0.0385	0.0038
C3_KAPOSI_SARCOMA_WIDE	-0.014	0.1874	0.9403	0.0367	0.1352	0.7861	0.0385	0.0038
C3_KIDNEY_CHROMOPHOBE	-0.0973	0.3972	0.8065	-0.2051	0.4162	0.6221	0.0385	0.0038
C3_KIDNEY_CLEAR_CELL_CARCINOMA	0.0369	0.1601	0.8177	0.0391	0.1257	0.7555	0.0385	0.0038
C3_KIDNEY_NOTRENALPELVIS_WIDE	0.0404	0.0954	0.6718	-0.0719	0.0796	0.366	0.0385	0.0038
C3_KIDNEY_PAPILLARYADENO	0.0543	0.2118	0.7978	-0.1823	0.1975	0.356	0.0385	0.0038
C3_LARYNX_WIDE	0.2003	0.1938	0.3013	0.3162	0.1949	0.1047	0.0385	0.0038
C3_LEIOMYOSARCOMA_WIDE	-0.0097	0.3101	0.9751	0.4565	0.9705	0.6381	0.0385	0.0038
C3_LIPOSARCOMA_WIDE	-0.0251	0.1578	0.8735	0.0261	0.1101	0.8124	0.0385	0.0038
C3_LIP_WIDE	0.0715	0.1418	0.614	-0.0021	0.1132	0.985	0.0385	0.0038
C3_LIQUID_CANCER	-0.0297	0.0634	0.6391	-0.0958	0.0626	0.1256	0.0385	0.0038
C3_LUNG_NEUROENDO	-0.2087	0.2477	0.3994	0.1547	0.235	0.5105	0.0385	0.0038
C3_LUNG_NONSMALL_WIDE	0.0511	0.0669	0.4456	0.112	0.0594	0.0592	0.0385	0.0038
C3_MACROGLOBULINEMIA_WIDE	-0.1167	0.1541	0.4488	0.0058	0.1165	0.9606	0.0385	0.0038
C3_MALE_GENITAL	0.0257	0.0512	0.6162	-0.0132	0.0359	0.7122	0.0385	0.0038
C3_MANTLE_CELL_LYMPHOMA_WIDE	0.0021	0.1635	0.9896	-0.0751	0.1427	0.5986	0.0385	0.0038
C3_MARGINAL_ZONE_LYMPHOMA_WIDE	-0.0827	0.1266	0.5138	-0.0758	0.1032	0.463	0.0385	0.0038
C3_MELANOMA_SKIN_WIDE	-0.0703	0.0722	0.3301	-0.1028	0.0495	0.038	0.0385	0.0038
C3_MELANOMA_WIDE	-0.0354	0.0672	0.5983	-0.0795	0.0494	0.1076	0.0385	0.0038
C3_MENINGES_WIDE	0.1968	0.1648	0.2324	0.0487	0.1197	0.6839	0.0385	0.0038
C3_MENINGIOMA_WIDE	0.156	0.0939	0.0967	0.0645	0.0791	0.415	0.0385	0.0038
C3_MESOTHELIOMA_WIDE	0.0178	0.1987	0.9287	-0.0643	0.1508	0.6701	0.0385	0.0038
C3_MESTOTHEL_SOFTTISSUE	0.0702	0.2221	0.752	-0.1779	0.1965	0.3653	0.0385	0.0038
C3_MGUS_WIDE	0.236	0.1592	0.1381	-0.06	0.1161	0.6056	0.0385	0.0038
C3_MULT_MYELOMA_WIDE	0.0239	0.0917	0.7942	-0.1016	0.0746	0.1735	0.0385	0.0038
C3_MYELODYSP_SYNDR_WIDE	0.0057	0.1995	0.9771	-0.0559	0.1601	0.7271	0.0385	0.0038
C3_MYELOMA_MONOCLONAL	-0.0721	0.0836	0.3884	-0.1121	0.069	0.1042	0.0385	0.0038
C3_NASAL_CAVITY_SINUSES_WIDE	NA	NA	NA	NA	NA	NA	NA	NA
C3_NASOPHARYNX_WIDE	NA	NA	NA	NA	NA	NA	0.0385	0.0038
C3_NONHODGKIN_WIDE	-0.2384	0.1025	0.02	-0.1478	0.0896	0.0992	0.0385	0.0038
C3_NSCLC_ADENO	-0.0167	0.112	0.8818	0.0428	0.0934	0.6468	0.0385	0.0038
C3_NSCLC_SQUAM	0.0903	0.092	0.3265	0.233	0.0847	0.0059	0.0385	0.0038
C3_OESOPHAGUS_WIDE	0.2673	0.2119	0.2071	-0.0743	0.1393	0.5937	0.0385	0.0038
C3_ORALCAVITY_WIDE	-0.0793	0.1465	0.5884	0.1181	0.119	0.3212	0.0385	0.0038
C3_OROPHARYNG_WIDE	NA	NA	NA	NA	NA	NA	NA	NA
C3_OROPHARYNX_WIDE	0.086	0.2274	0.7051	0.0515	0.1957	0.7923	0.0385	0.0038
C3_OSTEOSARCOMA_WIDE	0.1122	0.2366	0.6353	0.1027	0.1559	0.5101	0.0385	0.0038
C3_OTHER_SKIN_WIDE	-0.0108	0.0375	0.7737	-0.0711	0.0325	0.0286	0.0385	0.0038
C3_OVARY_ENDOMETROID_WIDE	-0.0645	0.2157	0.7648	-0.1202	0.1753	0.4927	0.0385	0.0038
C3_OVARY_ENDOMETROID	-0.1154	0.3438	0.7371	-0.0923	0.2364	0.6964	0.0385	0.0038
C3_OVARY_GRANULOSA	-0.1163	0.1541	0.4503	-0.0116	0.122	0.9244	0.0385	0.0038
C3_OVARY_MUCINO_WIDE	-0.1533	0.176	0.3837	-0.3457	0.1777	0.0517	0.0385	0.0038
C3_OVARY_MUCINO	-0.1197	0.163	0.4628	-0.1673	0.1381	0.2257	0.0385	0.0038
C3_OVARY_SEROUS_WIDE	-0.3811	0.3344	0.2544	-0.4867	0.3417	0.1543	0.0385	0.0038
C3_OVARY_SEROUS	-0.1114	0.2281	0.6253	-0.417	0.355	0.2401	0.0385	0.0038
C3_OVARY_WIDE	-0.2395	0.1195	0.045	-0.2988	0.1124	0.0079	0.0385	0.0038
C3_PALATE_WIDE	-0.0195	0.1998	0.9224	0.0414	0.1592	0.7948	0.0385	0.0038
C3_PANCREAS_ADENO_DUCTAL	NA	NA	NA	NA	NA	NA	0.0385	0.0038
C3_PANCREAS_ADENO	NA	NA	NA	NA	NA	NA	0.0385	0.0038
C3_PANCREAS_DUCTAL	NA	NA	NA	NA	NA	NA	0.0385	0.0038
C3_PANCREAS_NEUROENDOCRINE	0.5618	0.6619	0.396	0.0155	0.2268	0.9457	0.0385	0.0038
C3_PANCREAS_WIDE	0.0495	0.164	0.7628	-0.093	0.1293	0.4716	0.0385	0.0038
C3_PAROTIDGLAND_WIDE	NA	NA	NA	NA	NA	NA	0.0385	0.0038
C3_PENIS_WIDE	NA	NA	NA	NA	NA	NA	NA	NA
C3_PERIPHERAL_NERVES_AUTONOMIC3_NERVESYSTEM_WIDE	0.0977	0.205	0.6336	-0.0883	0.1611	0.5837	0.0385	0.0038
C3_PROSTATE_WIDE	0.0374	0.0501	0.4555	-0.018	0.0353	0.611	0.0385	0.0038
C3_RECTOSIGMOID_JUNCTION_WIDE	0.0031	0.1664	0.9852	-0.1134	0.1406	0.4201	0.0385	0.0038
C3_RECTUM_ADENO_MUCINO	-0.1956	0.0724	0.0069	-0.0809	0.0589	0.1696	0.0385	0.0038
C3_RECTUM_ADENO	-0.185	0.0721	0.0103	-0.0774	0.0602	0.1983	0.0385	0.0038
C3_RECTUM_MUCINO	-0.3429	0.5671	0.5454	-0.1064	0.2728	0.6965	0.0385	0.0038
C3_RECTUM_NEUROENDOCRINE	-0.0939	0.1546	0.5433	0.0844	0.117	0.4707	0.0385	0.0038
C3_RECTUM_WIDE	-0.2026	0.0686	0.0031	-0.0956	0.0539	0.0764	0.0385	0.0038
C3_RENAL_CELL_CARCINOMA	NA	NA	NA	NA	NA	NA	NA	NA
C3_RENAL_PELVIS_WIDE	NA	NA	NA	NA	NA	NA	0.0385	0.0038
C3_RESPIRATORY_INTRATHORACIC	0.0447	0.0603	0.4585	0.1028	0.0497	0.0385	0.0385	0.0038
C3_RETROPERITONEUM_PERITONEUM_WIDE	-0.1789	0.1473	0.2244	-0.1032	0.1208	0.3931	0.0385	0.0038
C3_RHABDOMYOSARCOMA_WIDE	0.0418	0.2174	0.8477	0.0822	0.1738	0.6362	0.0385	0.0038
C3_SCLC_WIDE	-0.0409	0.1069	0.7022	0.1656	0.0872	0.0576	0.0385	0.0038
C3_SKIN	-0.0226	0.0394	0.5671	-0.0829	0.0323	0.0103	0.0385	0.0038
C3_SMALL_INTESTINE_ADENO	NA	NA	NA	NA	NA	NA	NA	NA
C3_SMALL_INTESTINE_NEUROENDOCRINE	-0.1799	0.1045	0.0851	0.0179	0.0815	0.8266	0.0385	0.0038
C3_SMALL_INTESTINE_WIDE	-0.292	0.1417	0.0393	-0.0442	0.0893	0.6208	0.0385	0.0038
C3_SOLID_CANCER	-0.0847	0.0441	0.0547	-0.1211	0.0366	0.0009	0.0385	0.0038
C3_SPINAL_CORD_CRANIAL_AND_OTHER_CNS_WIDE	0.1232	0.2316	0.5949	-0.0781	0.1818	0.6676	0.0385	0.0038
C3_SQUAMOUS_CELL_CARCINOMA_SKIN_WIDE	-0.0273	0.0626	0.6631	-0.0669	0.0562	0.2339	0.0385	0.0038
C3_SQUAMOUS_CELL_CARCINOMA_SKIN	-0.0262	0.0733	0.7211	-0.0769	0.0622	0.2167	0.0385	0.0038
C3_STOMACH_ADENO	0.0366	0.2078	0.8601	0.0494	0.1725	0.7748	0.0385	0.0038
C3_STOMACH_NEUROENDOCRINE	0.0549	0.1003	0.5841	-0.0784	0.0854	0.3583	0.0385	0.0038
C3_STOMACH_WIDE	-0.0895	0.1728	0.6048	0.009	0.1501	0.9524	0.0385	0.0038
C3_TESTIS_NONSEMINOMA_WIDE	-0.0555	0.123	0.652	0.104	0.0947	0.2721	0.0385	0.0038
C3_TESTIS_SEMINOMA_WIDE	-0.0285	0.0992	0.774	0.0874	0.0825	0.2896	0.0385	0.0038
C3_TESTIS_WIDE	0.0017	0.127	0.9891	0.0894	0.1174	0.4464	0.0385	0.0038
C3_THYMUS_WIDE	0.1898	0.2104	0.3669	0.0309	0.1683	0.8545	0.0385	0.0038
C3_THYROID_FOLLICULAR_WIDE	0.1618	0.1973	0.4121	0.1174	0.148	0.4277	0.0385	0.0038
C3_THYROID_GLAND_WIDE	0.1106	0.0857	0.1966	-0.0752	0.0546	0.1687	0.0385	0.0038
C3_THYROID_MEDULLARY_WIDE	0.2401	0.0979	0.0142	-0.14	0.0793	0.0774	0.0385	0.0038
C3_THYROID_PAPILLARY_ADENO	0.0386	0.0952	0.6848	-0.0879	0.058	0.1296	0.0385	0.0038
C3_TONGUE_WIDE	-0.28	0.1914	0.1435	0.0608	0.1232	0.6217	0.0385	0.0038
C3_TONSIL_BASEOFTONGUE_WIDE	0.1975	0.6878	0.7739	0.2365	0.6708	0.7244	0.0385	0.0038
C3_TONSIL_BASEOFTONGUE	0.2927	0.3938	0.4573	0.186	0.2977	0.5321	0.0385	0.0038
C3_TONSIL	0.2356	0.206	0.2527	0.204	0.1704	0.2313	0.0385	0.0038
C3_UNCERTAIN_SECONDARY	-0.1774	0.1055	0.0927	-0.0697	0.0928	0.4522	0.0385	0.0038
C3_URETER_WIDE	0.299	0.3007	0.32	-0.0498	0.2019	0.8054	0.0385	0.0038
C3_URINARY_TRACT	0.0363	0.1018	0.7212	-0.1055	0.0901	0.2418	0.0385	0.0038
C3_VAGINA_WIDE	0.1806	0.3619	0.6178	-0.1874	0.3195	0.5574	0.0385	0.0038
C3_VULVA_WIDE	-0.1136	0.4067	0.7801	-0.3416	0.5732	0.5512	0.0385	0.0038
C3_WILMS_TUMOR_WIDE	-0.125	0.1852	0.4997	0.0089	0.1319	0.9464	0.0385	0.0038
CAMPYLOENTERITIS	0.4116	0.2011	0.0406	-0.0599	0.1309	0.6471	0.0385	0.0038
CARDIAC_ARRHYTM	0.0944	0.035	0.007	0.0873	0.028	0.0018	0.0385	0.0038
CARDIOMYOPATHY_DRUGS_OTHER_EXTER_AGENTS	-0.0574	0.1182	0.6273	-0.0423	0.1088	0.6974	0.0385	0.0038
CD2_BENIGN_ADRENAL	0.1088	0.1143	0.341	0.0466	0.0857	0.5866	0.0385	0.0038
CD2_BENIGN_ANUS_ANAL_CANAL	0.1804	0.4253	0.6715	-0.016	0.2486	0.9487	0.0385	0.0038
CD2_BENIGN_APPENDIX	NA	NA	NA	NA	NA	NA	0.0385	0.0038
CD2_BENIGN_ASCENDING_COLON	-0.0842	0.0895	0.3468	0.035	0.0677	0.6053	0.0385	0.0038
CD2_BENIGN_BLADDER	0.0255	0.1173	0.828	-0.0515	0.102	0.6135	0.0385	0.0038
CD2_BENIGN_BONE_CARTILAGE_NOS	NA	NA	NA	NA	NA	NA	NA	NA
CD2_BENIGN_BONE_CARTILAGE	NA	NA	NA	NA	NA	NA	0.0385	0.0038
CD2_BENIGN_BONE_LONG_LOWER	NA	NA	NA	NA	NA	NA	NA	NA
CD2_BENIGN_BONE_LOWER_JAW	-0.4142	0.3359	0.2175	-0.1215	0.1929	0.5289	0.0385	0.0038
CD2_BENIGN_BONE_SCAPULA_LONG_UPPER	-0.1318	0.7506	0.8606	0.6061	2.7147	0.8233	0.0385	0.0038
CD2_BENIGN_BONE_SHORT_LOWER	0.1914	0.1688	0.2569	-0.001	0.1334	0.9941	0.0385	0.0038
CD2_BENIGN_BONE_SHORT_UPPER	NA	NA	NA	NA	NA	NA	NA	NA
CD2_BENIGN_BONE_SKULL_FACE	-0.8535	2.8038	0.7608	0.2207	0.6887	0.7486	0.0385	0.0038
CD2_BENIGN_BRAIN_CNS	0.0189	0.1224	0.8772	0.2449	0.1092	0.0249	0.0385	0.0038
CD2_BENIGN_BRAIN_INFRATENT	0.0766	0.1861	0.6807	0.1776	0.1644	0.2798	0.0385	0.0038
CD2_BENIGN_BRAIN_NOS	-0.014	0.2287	0.9512	-0.0597	0.1355	0.6595	0.0385	0.0038
CD2_BENIGN_BRAIN_SUPRATENT	0.0494	0.2193	0.8217	0.4472	0.3249	0.1687	0.0385	0.0038
CD2_BENIGN_BREAST	0.282	0.1102	0.0105	0.0148	0.0835	0.859	0.0385	0.0038
CD2_BENIGN_BRONCHUS_LUNG	-0.1959	0.3931	0.6183	0.0249	0.2214	0.9106	0.0385	0.0038
CD2_BENIGN_CAECUM	0.1816	0.0912	0.0465	0.2161	0.0671	0.0013	0.0385	0.0038
CD2_BENIGN_CAROTIDBODY	-0.1725	0.3006	0.566	-0.1006	0.2213	0.6495	0.0385	0.0038
CD2_BENIGN_CERVIX_UTERI	0.28	0.2061	0.1742	0.0271	0.154	0.8602	0.0385	0.0038
CD2_BENIGN_CHOROID	0.4387	0.3003	0.1441	0.0028	0.1569	0.986	0.0385	0.0038
CD2_BENIGN_CILIARY	-0.0402	0.1139	0.7239	-0.0315	0.0861	0.7143	0.0385	0.0038
CD2_BENIGN_CNS_NOS	0.0605	0.1608	0.7067	0.0325	0.1336	0.8079	0.0385	0.0038
CD2_BENIGN_COLON_NOS	0.1609	0.0743	0.0304	0.155	0.0528	0.0033	0.0385	0.0038
CD2_BENIGN_COLON	0.131	0.0547	0.0167	0.1394	0.04	0.0005	0.0385	0.0038
CD2_BENIGN_COLORECANI	0.1178	0.0526	0.0253	0.118	0.04	0.0032	0.0385	0.0038
CD2_BENIGN_CONJUNCTIVA	0.3464	0.3215	0.2812	-0.0225	0.1684	0.8936	0.0385	0.0038
CD2_BENIGN_CONNECTIVE_SOFT	0.7082	1.5132	0.6398	0.3902	0.8064	0.6285	0.0385	0.0038
CD2_BENIGN_CONNSOFT_ABD	0.1108	0.1402	0.4295	0.118	0.1305	0.3659	0.0385	0.0038
CD2_BENIGN_CONNSOFT_PELVIS	-0.0371	0.1071	0.729	0.1181	0.0963	0.2199	0.0385	0.0038
CD2_BENIGN_CONNSOFT_THX	0.1527	0.3187	0.6318	0.1281	0.2554	0.6159	0.0385	0.0038
CD2_BENIGN_CONNSOFT_TRUNK	0.1217	0.1986	0.5403	-0.0833	0.1493	0.5769	0.0385	0.0038
CD2_BENIGN_CONNSOFT_UPPERLIMB	NA	NA	NA	NA	NA	NA	0.0385	0.0038
CD2_BENIGN_CORNEA	0.0231	0.2451	0.9251	0.1996	0.2362	0.3981	0.0385	0.0038
CD2_BENIGN_CORPUS_UTERI	NA	NA	NA	NA	NA	NA	0.0385	0.0038
CD2_BENIGN_CRANIAL_NERVE	0.0204	0.1205	0.8656	0.0994	0.091	0.275	0.0385	0.0038
CD2_BENIGN_DESCENDING_COLON	NA	NA	NA	NA	NA	NA	0.0385	0.0038
CD2_BENIGN_DIGESTIVE_NOS	NA	NA	NA	NA	NA	NA	0.0385	0.0038
CD2_BENIGN_DUODENUM	0.1496	0.2573	0.5608	0.1017	0.2183	0.6411	0.0385	0.0038
CD2_BENIGN_EAR_NASAL_SINUS	NA	NA	NA	NA	NA	NA	NA	NA
CD2_BENIGN_EAR_RESP	NA	NA	NA	NA	NA	NA	0.0385	0.0038
CD2_BENIGN_ENDOCRINE_NOS	NA	NA	NA	NA	NA	NA	0.0385	0.0038
CD2_BENIGN_ENDOCRINE_OTH	0.0869	0.0964	0.3673	0.0023	0.0701	0.9737	0.0385	0.0038
CD2_BENIGN_ENDOCRINE_PANCREAS	0.0009	0.1972	0.9964	0.3731	0.2516	0.1382	0.0385	0.0038
CD2_BENIGN_EPIDIDYMIS	0.1355	0.1524	0.3739	-0.0044	0.1056	0.9666	0.0385	0.0038
CD2_BENIGN_EXTRAHEPATIC_BILE	-0.1611	0.1808	0.3727	-0.063	0.1396	0.652	0.0385	0.0038
CD2_BENIGN_EYE	NA	NA	NA	NA	NA	NA	0.0385	0.0038
CD2_BENIGN_FEMALE_GEN_NOS	NA	NA	NA	NA	NA	NA	NA	NA
CD2_BENIGN_FEMALE_GEN_OTH	0.2171	0.211	0.3034	0.0054	0.1136	0.9622	0.0385	0.0038
CD2_BENIGN_FLOOROFMOUTH	-0.1067	0.1258	0.3963	0.011	0.108	0.9193	0.0385	0.0038
CD2_BENIGN_HEAMANGIOMA_LYMPHANGIOMA	0.0603	0.1031	0.559	-0.0184	0.0812	0.8202	0.0385	0.0038
CD2_BENIGN_HEART	-0.0909	0.1429	0.5245	0.111	0.1198	0.354	0.0385	0.0038
CD2_BENIGN_HEMANGIOMA	0.101	0.1025	0.3243	-0.0014	0.0794	0.9855	0.0385	0.0038
CD2_BENIGN_HYPOPHARYNX	NA	NA	NA	NA	NA	NA	0.0385	0.0038
CD2_BENIGN_INTRATHORACIC_NOS	0.0892	0.117	0.446	-0.0421	0.078	0.5888	0.0385	0.0038
CD2_BENIGN_INTRATHORACIC	-0.1479	0.1743	0.3959	0.0724	0.146	0.6201	0.0385	0.0038
CD2_BENIGN_KIDNEY	NA	NA	NA	NA	NA	NA	0.0385	0.0038
CD2_BENIGN_LARYNX	NA	NA	NA	NA	NA	NA	0.0385	0.0038
CD2_BENIGN_LEIOMYOMA_UTERI	0.0157	0.0366	0.6677	-0.0199	0.0332	0.5483	0.0385	0.0038
CD2_BENIGN_LIPOMATOUS	0.2031	0.0704	0.0039	0.0909	0.059	0.1233	0.0385	0.0038
CD2_BENIGN_LIPO_INTRATHO	0.1845	0.1981	0.3516	0.2762	0.1854	0.1363	0.0385	0.0038
CD2_BENIGN_LIPO_NOS	-0.0841	0.1116	0.4512	0.0082	0.0898	0.9276	0.0385	0.0038
CD2_BENIGN_LIPO_SKIN_HEADFACENECK	0.1496	0.183	0.4137	-0.1488	0.1589	0.3489	0.0385	0.0038
CD2_BENIGN_LIPO_SKIN_LIMBS	0.0393	0.1532	0.7978	0.2991	0.185	0.1059	0.0385	0.0038
CD2_BENIGN_LIPO_SKIN_NOS	NA	NA	NA	NA	NA	NA	0.0385	0.0038
CD2_BENIGN_LIPO_SKIN_TRUNK	0.2912	0.0771	0.0002	0.1094	0.0641	0.0876	0.0385	0.0038
CD2_BENIGN_LIP	1.1339	6.0128	0.8504	-0.086	1.088	0.937	0.0385	0.0038
CD2_BENIGN_LIVER	0.2776	0.2217	0.2106	0.2424	0.1691	0.1518	0.0385	0.0038
CD2_BENIGN_LIVE_BILE	0.1971	0.1679	0.2404	0.1827	0.1312	0.1636	0.0385	0.0038
CD2_BENIGN_LYMPHANGIOMA	NA	NA	NA	NA	NA	NA	0.0385	0.0038
CD2_BENIGN_LYMPHNODES	NA	NA	NA	NA	NA	NA	0.0385	0.0038
CD2_BENIGN_MALE_GEN	0.0987	0.1085	0.363	-0.0774	0.0834	0.3533	0.0385	0.0038
CD2_BENIGN_MEDIASTINUM	NA	NA	NA	NA	NA	NA	0.0385	0.0038
CD2_BENIGN_MELANOCYTIC_EAR	NA	NA	NA	NA	NA	NA	0.0385	0.0038
CD2_BENIGN_MELANOCYTIC_EYELID	-0.2273	0.1897	0.2309	-0.0615	0.123	0.6171	0.0385	0.0038
CD2_BENIGN_MELANOCYTIC_FACE	0.1287	0.1478	0.3839	-0.1007	0.1084	0.3528	0.0385	0.0038
CD2_BENIGN_MELANOCYTIC_LIP	NA	NA	NA	NA	NA	NA	0.0385	0.0038
CD2_BENIGN_MELANOCYTIC_LOWERLIMB	0.1403	0.145	0.3332	-0.1695	0.1127	0.1324	0.0385	0.0038
CD2_BENIGN_MELANOCYTIC_NOS	0.0346	0.1002	0.73	-0.0082	0.0755	0.9135	0.0385	0.0038
CD2_BENIGN_MELANOCYTIC_SCALPNECK	-0.0568	0.2551	0.8237	0.2484	0.3375	0.4618	0.0385	0.0038
CD2_BENIGN_MELANOCYTIC_TRUNK	0.0068	0.0923	0.9415	-0.0288	0.0754	0.7028	0.0385	0.0038
CD2_BENIGN_MELANOCYTIC_UPPERLIMB	0.3237	0.1897	0.0879	-0.0647	0.1159	0.5766	0.0385	0.0038
CD2_BENIGN_MELANOCYTIC	-0.0366	0.0749	0.6248	-0.1047	0.0585	0.0735	0.0385	0.0038
CD2_BENIGN_MENINGES_CEREBRAL	-0.012	0.0825	0.8842	0.0688	0.0726	0.3433	0.0385	0.0038
CD2_BENIGN_MENINGES_NOS	NA	NA	NA	NA	NA	NA	0.0385	0.0038
CD2_BENIGN_MENINGES_SPINAL	0.2637	1.1442	0.8177	0.2148	2.9759	0.9425	0.0385	0.0038
CD2_BENIGN_MENINGES	0.0112	0.0831	0.8927	0.0541	0.0744	0.4672	0.0385	0.0038
CD2_BENIGN_MOUTH_NOS	-0.0809	0.2041	0.6918	0.2101	0.1657	0.2048	0.0385	0.0038
CD2_BENIGN_MOUTH_PHARYNX	0.1747	0.1258	0.165	0.05	0.0884	0.5713	0.0385	0.0038
CD2_BENIGN_NASOPHARYNX	NA	NA	NA	NA	NA	NA	0.0385	0.0038
CD2_BENIGN_NOS	NA	NA	NA	NA	NA	NA	0.0385	0.0038
CD2_BENIGN_OESOPHAGUS	NA	NA	NA	NA	NA	NA	NA	NA
CD2_BENIGN_ORBIT_NOS	0.0058	0.1362	0.9662	0.0394	0.113	0.7275	0.0385	0.0038
CD2_BENIGN_OROPHA_OTHER	-0.0609	0.1906	0.7492	0.1481	0.1576	0.3474	0.0385	0.0038
CD2_BENIGN_OTHERDIGESTIVE	-0.0663	0.1144	0.5621	0.1149	0.0904	0.2036	0.0385	0.0038
CD2_BENIGN_OTHER_NOS	NA	NA	NA	NA	NA	NA	0.0385	0.0038
CD2_BENIGN_OVARY	-0.0476	0.0934	0.6107	0.0224	0.0772	0.7723	0.0385	0.0038
CD2_BENIGN_PANCREAS	0.014	0.1101	0.8991	-0.1056	0.0977	0.2798	0.0385	0.0038
CD2_BENIGN_PARATHYROID	-0.0676	0.1279	0.5971	-0.0363	0.1004	0.7174	0.0385	0.0038
CD2_BENIGN_PAROTID	0.164	0.1135	0.1486	0.0542	0.0966	0.5745	0.0385	0.0038
CD2_BENIGN_PELVIC_BONES_SACRUM_COCCYX	NA	NA	NA	NA	NA	NA	NA	NA
CD2_BENIGN_PENIS	0.0929	0.1248	0.4565	0.0456	0.0957	0.6339	0.0385	0.0038
CD2_BENIGN_PERIPH_AUTO_NEURO	NA	NA	NA	NA	NA	NA	0.0385	0.0038
CD2_BENIGN_PHARYNX_NOS	-0.0029	0.1655	0.9859	-0.0428	0.1322	0.7464	0.0385	0.0038
CD2_BENIGN_PINEAL	NA	NA	NA	NA	NA	NA	NA	NA
CD2_BENIGN_PITUITARY_CRANIPHAR	0.1784	0.1301	0.1704	-0.0583	0.1071	0.5864	0.0385	0.0038
CD2_BENIGN_PROSTATE	0.2283	0.2233	0.3066	0.0008	0.1764	0.9964	0.0385	0.0038
CD2_BENIGN_RECTOSIGMOID_JUNC	-0.1833	0.351	0.6015	-0.0673	0.2212	0.761	0.0385	0.0038
CD2_BENIGN_RECTUM_ANAL	0.1402	0.0872	0.1078	0.0953	0.0677	0.1588	0.0385	0.0038
CD2_BENIGN_RECTUM	0.1234	0.0826	0.1352	0.096	0.0646	0.1372	0.0385	0.0038
CD2_BENIGN_RENALPELVIS	-0.2581	0.1549	0.0956	-0.0058	0.1207	0.9614	0.0385	0.0038
CD2_BENIGN_RESPIRATORY_NOS	0.4667	1.4325	0.7445	-0.041	0.3508	0.9069	0.0385	0.0038
CD2_BENIGN_RETINA	-0.1417	0.1842	0.442	0.0822	0.1259	0.5137	0.0385	0.0038
CD2_BENIGN_RETROPERITONEUM_PERITONEUM	NA	NA	NA	NA	NA	NA	0.0385	0.0038
CD2_BENIGN_RIBS_STERNUM_CLAVICLE	NA	NA	NA	NA	NA	NA	0.0385	0.0038
CD2_BENIGN_SALIVARY_KNOWN	0.1964	0.1346	0.1443	0.0716	0.1126	0.5245	0.0385	0.0038
CD2_BENIGN_SALIVARY_NOS	0.1464	0.1563	0.3489	0.1009	0.1245	0.418	0.0385	0.0038
CD2_BENIGN_SALIVARY	0.1926	0.1108	0.0823	0.0668	0.0951	0.4829	0.0385	0.0038
CD2_BENIGN_SCROTUM	0.1086	0.1706	0.5243	-0.1737	0.1292	0.1787	0.0385	0.0038
CD2_BENIGN_SIGMOID_COLON	0.1575	0.0864	0.0683	0.1594	0.0575	0.0056	0.0385	0.0038
CD2_BENIGN_SKIN	0.0568	0.1064	0.5935	-0.0805	0.0882	0.3614	0.0385	0.0038
CD2_BENIGN_SMALL_INTESTINE_OTH	NA	NA	NA	NA	NA	NA	0.0385	0.0038
CD2_BENIGN_SMALL_INTESTINE	NA	NA	NA	NA	NA	NA	NA	NA
CD2_BENIGN_SPINAL_CORD	0.0062	0.1416	0.9653	0.0931	0.1161	0.4224	0.0385	0.0038
CD2_BENIGN_STOMACH	-0.3913	0.2022	0.053	0.0903	0.1284	0.4818	0.0385	0.0038
CD2_BENIGN_TESTIS	-0.185	0.1776	0.2975	-0.0365	0.1366	0.789	0.0385	0.0038
CD2_BENIGN_THYMUS	0.0795	0.2282	0.7275	0.0025	0.196	0.9898	0.0385	0.0038
CD2_BENIGN_THYROID	NA	NA	NA	NA	NA	NA	NA	NA
CD2_BENIGN_TONGUE	0.0236	0.201	0.9065	-0.0622	0.1484	0.6753	0.0385	0.0038
CD2_BENIGN_TONSIL	0.1472	0.1123	0.1901	-0.0426	0.0905	0.6379	0.0385	0.0038
CD2_BENIGN_TRANSVERSE_COLON	0.1499	0.0939	0.1104	0.1355	0.0755	0.0727	0.0385	0.0038
CD2_BENIGN_URINARY_NOS	NA	NA	NA	NA	NA	NA	0.0385	0.0038
CD2_BENIGN_URINARY	NA	NA	NA	NA	NA	NA	0.0385	0.0038
CD2_BENIGN_UTERINE_TUBES_LIGAMENTS	-0.1633	0.2409	0.498	-0.2254	0.2105	0.2843	0.0385	0.0038
CD2_BENIGN_UTERUS_NOS	-0.086	0.1366	0.5287	-0.0702	0.1022	0.4924	0.0385	0.0038
CD2_BENIGN_UTERUS_OTH	-0.0043	0.1605	0.9787	-0.0846	0.1197	0.4794	0.0385	0.0038
CD2_BENIGN_VAGINA	0.0761	0.1648	0.644	0.1025	0.1072	0.3391	0.0385	0.0038
CD2_BENIGN_VULVA	0.3715	0.2095	0.0762	-0.0521	0.1286	0.6854	0.0385	0.0038
CD2_BENIGN	0.1295	0.0489	0.0081	0.0559	0.0378	0.1397	0.0385	0.0038
CD2_EYE_NOS	0.1682	0.1738	0.3331	0.1077	0.1213	0.3747	0.0385	0.0038
CD2_INSITU_BLADDER	0.1835	0.3132	0.558	-0.3204	0.2861	0.2627	0.0385	0.0038
CD2_INSITU_BREAST_INTRADUCTAL	-0.2714	0.095	0.0043	-0.0375	0.0715	0.5998	0.0385	0.0038
CD2_INSITU_BREAST_LOBULAR	-0.2963	0.8037	0.7124	-0.1958	0.5514	0.7224	0.0385	0.0038
CD2_INSITU_BREAST_NOS	NA	NA	NA	NA	NA	NA	0.0385	0.0038
CD2_INSITU_BREAST	0.1065	0.178	0.5495	-0.1157	0.1527	0.4484	0.0385	0.0038
CD2_INSITU_CERVIX_UTERI_ENDOCERVIX	NA	NA	NA	NA	NA	NA	NA	NA
CD2_INSITU_CERVIX_UTERI_EXOCERVIX	0.1289	0.2285	0.5727	0.2006	0.1664	0.228	0.0385	0.0038
CD2_INSITU_CERVIX_UTERI_NOS	NA	NA	NA	NA	NA	NA	0.0385	0.0038
CD2_INSITU_CERVIX_UTERI	0.1473	0.1387	0.2882	0.1054	0.1203	0.3811	0.0385	0.0038
CD2_INSITU_COLON	0.0083	0.1381	0.9523	0.1006	0.1119	0.3686	0.0385	0.0038
CD2_INSITU_DIGESTIVE	-0.4131	0.4549	0.3638	0.1141	0.2424	0.638	0.0385	0.0038
CD2_INSITU_EAR_RESP	NA	NA	NA	NA	NA	NA	0.0385	0.0038
CD2_INSITU_ENDOMETRIUM	-0.6823	2.7658	0.8051	0.2685	1.1563	0.8164	0.0385	0.0038
CD2_INSITU_GENITAL	0.0591	0.1346	0.6607	-0.0197	0.101	0.8456	0.0385	0.0038
CD2_INSITU_LARYNX	0.3201	0.429	0.4556	0.1753	0.3337	0.5995	0.0385	0.0038
CD2_INSITU_LIPORALPHARYNX	0.2751	0.1419	0.0526	-0.0662	0.0918	0.4714	0.0385	0.0038
CD2_INSITU_MELANOMA_FACE	0.262	0.1682	0.1193	0.0723	0.1075	0.5012	0.0385	0.0038
CD2_INSITU_MELANOMA_LOWERLIMB	NA	NA	NA	NA	NA	NA	NA	NA
CD2_INSITU_MELANOMA_NOS	0.1738	0.2346	0.4587	0.07	0.1806	0.6986	0.0385	0.0038
CD2_INSITU_MELANOMA_SCALPNECK	-0.0978	0.126	0.4375	-0.0067	0.0828	0.9358	0.0385	0.0038
CD2_INSITU_MELANOMA_TRUNK	-0.0344	0.125	0.7831	0.0295	0.1017	0.7715	0.0385	0.0038
CD2_INSITU_MELANOMA_UPPERLIMB	-0.1467	0.1782	0.4105	0.0079	0.131	0.9522	0.0385	0.0038
CD2_INSITU_MELANOMA	-0.0365	0.1132	0.7472	0.0687	0.0912	0.4517	0.0385	0.0038
CD2_INSITU_ORALCAVITY	-0.0148	0.1952	0.9395	-0.1716	0.1727	0.3203	0.0385	0.0038
CD2_INSITU_ORAL	0.3382	0.5168	0.5128	0.0453	0.2103	0.8293	0.0385	0.0038
CD2_INSITU_OROPHARYNX	-0.0063	0.1277	0.9608	-0.178	0.1053	0.0909	0.0385	0.0038
CD2_INSITU_OTHER_NOS	0.1555	0.2028	0.4431	-0.1973	0.1418	0.1643	0.0385	0.0038
CD2_INSITU_PENIS	0.1298	0.1842	0.4811	0.1261	0.1582	0.4255	0.0385	0.0038
CD2_INSITU_PROSTATE	0.3017	0.8217	0.7135	0.0044	0.2328	0.9849	0.0385	0.0038
CD2_INSITU_RECTUM	NA	NA	NA	NA	NA	NA	NA	NA
CD2_INSITU_SKIN_EAR	0.0737	0.1743	0.6725	-0.0871	0.1484	0.5572	0.0385	0.0038
CD2_INSITU_SKIN_EYELID	0.1292	0.1457	0.3753	-0.0169	0.1221	0.8896	0.0385	0.0038
CD2_INSITU_SKIN_FACE	0.1304	0.0815	0.1096	0.0289	0.0686	0.674	0.0385	0.0038
CD2_INSITU_SKIN_LIP	0.1626	0.1545	0.2926	-0.156	0.1156	0.1772	0.0385	0.0038
CD2_INSITU_SKIN_LOWERLIMB	NA	NA	NA	NA	NA	NA	NA	NA
CD2_INSITU_SKIN_NOS	0.2205	0.2324	0.3428	-0.1024	0.1854	0.5808	0.0385	0.0038
CD2_INSITU_SKIN_SCALPNECK	-0.0247	0.1393	0.8591	0.1062	0.1124	0.3447	0.0385	0.0038
CD2_INSITU_SKIN_TRUNK	-0.0217	0.1522	0.8869	-0.0774	0.1144	0.4984	0.0385	0.0038
CD2_INSITU_SKIN_UPPERLIMB	0.2844	0.2607	0.2753	0.0658	0.1553	0.6717	0.0385	0.0038
CD2_INSITU_SKIN	0.2221	0.1189	0.0617	0.0514	0.1058	0.6269	0.0385	0.0038
CD2_INSITU_VAGINA	0.2023	0.1968	0.3039	-0.0543	0.1419	0.7021	0.0385	0.0038
CD2_INSITU_VULVA	0.2208	0.1898	0.2447	-0.0855	0.1338	0.5227	0.0385	0.0038
CD2_INSITU	0.025	0.0891	0.7789	-0.011	0.0695	0.8742	0.0385	0.0038
CHARCOT	-0.1275	0.1351	0.3452	-0.081	0.0981	0.409	0.0385	0.0038
CHILDHOOD_ALLERGY	0.0913	0.0842	0.2782	0.0686	0.0523	0.1901	0.0385	0.0038
CHIRBIL_NAS	0.1683	0.1696	0.3209	-0.0911	0.1221	0.4556	0.0386	0.0044
CHIRBIL_PRIM	0.1112	0.0985	0.2588	-0.0177	0.0812	0.8279	0.0385	0.0038
CHIRHEP_NAS	0.0988	0.0966	0.3063	0.0644	0.0799	0.4205	0.0385	0.0038
CHONDRO_OTH	-0.0573	0.1258	0.6486	-0.1301	0.1098	0.2364	0.0385	0.0038
CHRONHEP_NAS	NA	NA	NA	NA	NA	NA	NA	NA
CHRONIC_DRUGADVERS_INTERSTITIAL_LUNG_DISORD	0.1367	0.1898	0.4715	0.2505	0.1969	0.2033	0.0385	0.0038
CHRONLARGE	-0.1381	0.1032	0.1806	-0.0699	0.0667	0.2943	0.0385	0.0038
CHRONMYELOPRO	-0.0375	0.1174	0.7496	-0.192	0.1085	0.0768	0.0385	0.0038
CHRONNAS	-0.0169	0.0765	0.8251	0.063	0.0539	0.2421	0.0385	0.0038
CHRONOTH	-0.056	0.069	0.4173	-0.0629	0.0497	0.2061	0.0385	0.0038
CHRONSMALL	-0.119	0.0811	0.142	-0.0554	0.0532	0.2974	0.0385	0.0038
CHRYSTAL_NOS	NA	NA	NA	NA	NA	NA	0.0385	0.0038
CIRRHOSIS_BROAD	0.1349	0.075	0.0719	0.1165	0.059	0.0483	0.0385	0.0038
CML	NA	NA	NA	NA	NA	NA	0.0385	0.0038
CMV_HEPATITIS	0.179	0.2113	0.3968	0.1324	0.1679	0.4302	0.0385	0.0038
CMV_NOS	NA	NA	NA	NA	NA	NA	NA	NA
CMV_PNEUMONIA	0.1255	0.2557	0.6236	0.2573	0.2024	0.2036	0.0385	0.0038
COLONPSEUDOP	-0.0629	0.1361	0.6442	-0.0388	0.1084	0.7206	0.0385	0.0038
CONGEN_HEART_ARTER	0.0088	0.1169	0.9399	0.0224	0.0816	0.7841	0.0385	0.0038
COPD_EARLY	0.2733	0.053	2.5131e-07	0.226	0.0444	3.6936e-07	0.0385	0.0038
COPD_INSUFFICIENCY	0.3379	0.0854	7.6209e-05	0.2401	0.0623	0.0001	0.0385	0.0038
COPD_LATER	0.1993	0.071	0.005	0.1298	0.0497	0.0091	0.0385	0.0038
COPD_OPPORTUNIST_INFECTIONS	0.3175	0.1037	0.0022	0.0574	0.0872	0.5106	0.0385	0.0038
CPAP	0.2777	0.0649	1.8779e-05	0.2709	0.0502	6.7361e-08	0.0385	0.0038
CREST	NA	NA	NA	NA	NA	NA	NA	NA
CROHN_ARTHR	NA	NA	NA	NA	NA	NA	NA	NA
CURRENT_SMOKER	0.2511	0.0368	9.1381e-12	0.1784	0.0284	3.4340e-10	0.0385	0.0038
C_DIFFICILE_ENTEROCOLITIS	0.1083	0.1596	0.4973	-0.046	0.1325	0.7286	0.0385	0.0038
C_STROKE	0.2007	0.051	8.3840e-05	0.1313	0.0361	0.0003	0.0385	0.0038
D3_ACQCOAFACDEF	0.0346	0.1458	0.8126	0.0713	0.1161	0.5391	0.0385	0.0038
D3_ACQHAEMOLYTICANAEMIANAS	0.2446	0.1622	0.1315	-0.0168	0.1161	0.885	0.0385	0.0038
D3_ACQHAEMOLYTICANAEMIA	NA	NA	NA	NA	NA	NA	NA	NA
D3_ACQPUREREDCLLAPLASIA	NA	NA	NA	NA	NA	NA	NA	NA
D3_ACUTEPOSTBLEEDANAEMIA	0.3393	0.4053	0.4026	-0.0613	0.2117	0.7723	0.0385	0.0038
D3_AGRANULOCYTOSIS	-0.1211	0.1233	0.3261	0.1344	0.1014	0.1852	0.0385	0.0038
D3_AIHA_OTHER	0.2441	0.6598	0.7114	0.4353	1.0033	0.6644	0.0385	0.0038
D3_ALLERGPURPURA	0.0524	0.1517	0.7299	0.1303	0.1276	0.3074	0.0385	0.0038
D3_ANAEMIAINCHRONICDISEASE	NA	NA	NA	NA	NA	NA	0.0385	0.0038
D3_ANAEMIANAS	0.0425	0.0882	0.6298	0.0698	0.0658	0.2888	0.0385	0.0038
D3_ANAEMIA_B12_DEF	0.0033	0.0716	0.9635	0.0461	0.0604	0.4455	0.0385	0.0038
D3_ANAEMIA_FOLATEDEF	-0.0013	0.1357	0.9925	-0.1505	0.1073	0.1606	0.0385	0.0038
D3_ANAEMIA_IRONDEF_BLOODLOSS	0.0329	0.1235	0.7901	0.1243	0.0912	0.1727	0.0385	0.0038
D3_ANAEMIA_IRONDEF_NAS	0.1154	0.0856	0.1772	0.1507	0.0512	0.0033	0.0385	0.0038
D3_ANAEMIA_IRONDEF	0.0776	0.0807	0.3363	0.1525	0.051	0.0028	0.0385	0.0038
D3_ANAEMIA	0.0846	0.0531	0.1114	0.1662	0.0399	3.1368e-05	0.0385	0.0038
D3_BLOODNAS	NA	NA	NA	NA	NA	NA	NA	NA
D3_BLOODOTHER	0.1457	0.3491	0.6764	0.3562	0.517	0.4908	0.0385	0.0038
D3_COAGDEFNAS	0.032	0.0729	0.6608	0.0523	0.0844	0.5353	0.0385	0.0038
D3_COAGDEF_PURPUR_HAEMORRHAGIC	0.0529	0.1012	0.6009	0.2262	0.0971	0.0198	0.0385	0.0038
D3_COAGDEF	0.1401	0.11	0.2025	0.1998	0.0969	0.0391	0.0385	0.0038
D3_COAGOTHER	0.0295	0.0865	0.7332	0.1697	0.1594	0.287	0.0385	0.0038
D3_COMBIMMUDEF	-0.0979	0.4139	0.813	-0.0839	0.3588	0.815	0.0385	0.0038
D3_COMPLEMENTDEF	NA	NA	NA	NA	NA	NA	NA	NA
D3_CRYOGLOBU	0.3091	0.3743	0.409	0.0521	0.2017	0.7961	0.0385	0.0038
D3_CVIDNAS	0.2421	0.1877	0.197	-0.1443	0.1249	0.248	0.0385	0.0038
D3_CVID_BCELL	0.2728	0.4705	0.5621	-0.1273	0.2703	0.6377	0.0385	0.0038
D3_CVID	0.1673	0.1623	0.3027	-0.0782	0.1175	0.5054	0.0385	0.0038
D3_CYCLIC_NEUTROPENIA	0.1441	0.159	0.3647	0.2204	0.1401	0.1157	0.0385	0.0038
D3_CYSTSPLEEN	-0.0465	0.2032	0.8189	-0.047	0.1529	0.7586	0.0385	0.0038
D3_DEF_IGG	-0.0579	0.1802	0.748	0.0884	0.132	0.503	0.0385	0.0038
D3_DEF_IIGA	0.0429	0.2629	0.8704	0.1124	0.2658	0.6725	0.0385	0.0038
D3_DISSEINTRAVASCCOAG	NA	NA	NA	NA	NA	NA	NA	NA
D3_FAMIERYTHROCYTOCIS	0.0176	0.1294	0.8916	-0.1324	0.0892	0.1375	0.0385	0.0038
D3_HAEMOLYTICANAEMIA	NA	NA	NA	NA	NA	NA	0.0385	0.0038
D3_HAEMORRHAGCIRGUANTICO	NA	NA	NA	NA	NA	NA	NA	NA
D3_HAEMORRHAGICNAS	NA	NA	NA	NA	NA	NA	0.0385	0.0038
D3_HEREDFVIIIDEF	-0.1083	0.2425	0.6551	0.277	0.248	0.264	0.0385	0.0038
D3_HEREDHAEMOLYTICANAEMIAOTHER	-0.0374	0.1794	0.8348	0.0556	0.1315	0.6726	0.0385	0.0038
D3_HEREDHYPOGAMMA	0.0004	0.1956	0.9982	-0.1903	0.1769	0.282	0.0385	0.0038
D3_HEREDOTHCLOFACTORS	0.2221	0.1499	0.1385	0.0739	0.1141	0.5168	0.0385	0.0038
D3_HERESPHERO	0.0451	0.1148	0.6944	0.0096	0.0953	0.9198	0.0385	0.0038
D3_HYPERSPLENISM	0.0868	0.2481	0.7265	0.1112	0.1881	0.5542	0.0385	0.0038
D3_IMMUDEFANTIBODYNAS	-0.2048	0.1205	0.0892	-0.0208	0.0864	0.8103	0.0385	0.0038
D3_IMMUDEFANTIBODY	-0.1757	0.2065	0.3949	0.1766	0.1511	0.2427	0.0385	0.0038
D3_IMMUDEFNAS	NA	NA	NA	NA	NA	NA	NA	NA
D3_IMMUDEFOTHER	NA	NA	NA	NA	NA	NA	0.0385	0.0038
D3_IMMUDEFWITHMAJORDEF	NA	NA	NA	NA	NA	NA	0.0385	0.0038
D3_IMMUDEF	-0.0981	0.1596	0.5386	0.1372	0.1167	0.2395	0.0385	0.0038
D3_IMMUNEMECHANISM	-0.0503	0.0657	0.4444	0.0415	0.0506	0.4116	0.0385	0.0038
D3_INFARCTSPLEEN	-0.0647	0.191	0.7349	0.0022	0.1403	0.9876	0.0385	0.0038
D3_ITP	NA	NA	NA	NA	NA	NA	0.0385	0.0038
D3_KELA_IMMUDEF	-0.0379	0.1572	0.8096	0.0688	0.1201	0.5668	0.0385	0.0038
D3_NEFELOF	NA	NA	NA	NA	NA	NA	0.0385	0.0038
D3_NOCT_HAEMOGLOBINURIA	-0.2362	0.1604	0.1409	-0.0276	0.1054	0.7933	0.0385	0.0038
D3_NONAIHA_OTHER	NA	NA	NA	NA	NA	NA	NA	NA
D3_NONHEREDHYPOGAMMA	NA	NA	NA	NA	NA	NA	NA	NA
D3_NUTRIANAEMIAOTHER	NA	NA	NA	NA	NA	NA	0.0385	0.0038
D3_OTHDISLYMPHORETANDRETICULOHIST	-0.3374	0.6674	0.6131	0.0964	0.3111	0.7566	0.0385	0.0038
D3_OTHERAPLASTICANAEMIA	-0.2285	0.3291	0.4874	-0.1078	0.2283	0.6367	0.0385	0.0038
D3_OTHERBLOOD	0.1713	0.1056	0.1048	0.1409	0.0953	0.1393	0.0385	0.0038
D3_OTHERWHITECELL	0.1318	0.1593	0.4078	-0.0528	0.1321	0.6894	0.0385	0.0038
D3_OTHHAEMOGLOPAT	-0.1872	0.3853	0.6271	0.0927	0.2787	0.7394	0.0385	0.0038
D3_OTHNONTHROMBOCYTOPENPURPURA	0.0111	0.1298	0.9316	0.1929	0.1021	0.0588	0.0385	0.0038
D3_OTHPRIMTHROMBOCYTOPENIA	-0.0081	0.2085	0.969	0.1896	0.2087	0.3636	0.0385	0.0038
D3_PURPURA_AND3_OTHER_HAEMORRHAGIC	0.1104	0.1301	0.3962	0.2023	0.1173	0.0847	0.0385	0.0038
D3_QUALIPATELETDEF	0.1436	0.2611	0.5822	0.3437	0.2936	0.2417	0.0385	0.0038
D3_SARCOIDOSIS	-0.0381	0.0572	0.5046	0.0223	0.044	0.6132	0.0385	0.0038
D3_SCIDA	NA	NA	NA	NA	NA	NA	0.0385	0.0038
D3_SCNDPOLYCYTHAEMIA	0.0428	0.0982	0.663	0.1233	0.078	0.1137	0.0385	0.0038
D3_SCNDTHROMBOCYTOPENIA	NA	NA	NA	NA	NA	NA	NA	NA
D3_SICKLECELLDIS	-0.0903	0.1479	0.5413	0.0502	0.1072	0.6397	0.0385	0.0038
D3_SIDEROANAEMIAHERED	0.082	0.1494	0.583	0.1597	0.1204	0.1847	0.0385	0.0038
D3_SIDEROANAMIEAOTHER	0.0281	0.2987	0.925	-0.1744	0.2409	0.469	0.0385	0.0038
D3_SIDEROANASCND	0.0959	0.1688	0.5698	-0.1493	0.1432	0.297	0.0385	0.0038
D3_SPLEENDISEASE	NA	NA	NA	NA	NA	NA	NA	NA
D3_SPLEENNAS	-0.0458	0.2902	0.8747	0.1192	0.2073	0.5654	0.0385	0.0038
D3_THALASSAEMIA	0.026	0.1791	0.8845	0.1499	0.1396	0.2829	0.0385	0.0038
D3_THROMBOCYTOPENIANAS	0.1283	0.1613	0.4265	0.0613	0.1272	0.6297	0.0385	0.0038
D3_VITAMIN_B12_DEFICIENCY_ANEMIA_DUE_TO_INTRINSIC_FACTOR_DEFICIENCY	-0.1121	0.2767	0.6854	0.2227	0.2993	0.4569	0.0385	0.0038
D3_VONVILLEBRAND	0.1366	0.1204	0.2565	0.2148	0.1012	0.0339	0.0385	0.0038
D3_WHITEBLOODCELLNAS	0.1615	0.191	0.3978	0.0539	0.1475	0.7148	0.0385	0.0038
DERMATOPOLY_FG	0.1596	0.2106	0.4485	0.0013	0.1379	0.9926	0.0385	0.0038
DM_MACULOPATHY	0.1205	0.135	0.3721	0.0007	0.0989	0.9947	0.0385	0.0038
DM_NEOVASCULAR_GLAUCOMA	-0.0012	0.2772	0.9966	0.0586	0.1929	0.7612	0.0385	0.0038
DM_NEPHROPATHY_EXMORE	0.0446	0.1133	0.6937	0.0921	0.082	0.2611	0.0385	0.0038
DM_NEPHROPATHY	0.0101	0.1203	0.9331	0.0739	0.0913	0.4188	0.0385	0.0038
DM_NEUROPATHY	0.0372	0.1281	0.7717	-0.1106	0.0954	0.2461	0.0385	0.0038
DM_RETINOPATHY_EXMORE	0.0016	0.1024	0.9872	0.0183	0.0657	0.7809	0.0385	0.0038
DM_RETINOPATHY_STRICT	0.0015	0.0923	0.9868	0.0011	0.0696	0.9878	0.0385	0.0038
DM_RETINOPATHY	-0.0232	0.0982	0.8137	0.0026	0.0648	0.9677	0.0385	0.0038
DRUGADVERS_ACUTE_PANCREATIT	0.0792	0.2204	0.7191	0.0451	0.176	0.7976	0.0385	0.0038
DRUGADVERS_ADRENOCORTICAL_INSUFFICIENCY	0.0103	0.1187	0.9309	-0.0249	0.1118	0.8238	0.0385	0.0038
DRUGADVERS_APLAST_ANAEM	-0.0856	0.1798	0.6339	-0.0127	0.1369	0.9263	0.0385	0.0038
DRUGADVERS_CATAR	-0.175	0.1394	0.2094	-0.0086	0.099	0.9311	0.0385	0.0038
DRUGADVERS_DYSTON	NA	NA	NA	NA	NA	NA	0.0385	0.0038
DRUGADVERS_GOUT	0.0499	0.123	0.6848	0.117	0.1164	0.3148	0.0385	0.0038
DRUGADVERS_HEADA_NOT_ELSEW_CLASSIFIED	NA	NA	NA	NA	NA	NA	0.0385	0.0038
DRUGADVERS_INTERSTITIAL_LUNG_DISORD_UNSPE	0.0403	0.1399	0.7732	0.0374	0.1087	0.731	0.0385	0.0038
DRUGADVERS_NEUTROPENIA	-0.0874	0.1306	0.5032	0.0882	0.1046	0.399	0.0385	0.0038
DRUGADVERS_OSTEOPO	NA	NA	NA	NA	NA	NA	0.0385	0.0038
DRUGADVERS_SYSTEMIC_LUPUS_ERYTHEMAT	NA	NA	NA	NA	NA	NA	NA	NA
DRUGADVERS_TREMOR	0.1128	0.1858	0.5439	-0.0624	0.1487	0.6748	0.0385	0.0038
DRY_AMD	0.0181	0.0661	0.7844	0.0765	0.0492	0.1197	0.0385	0.0038
DUODENAL_ULCER_ACUTE_W_HAEMORRHAGE	-0.1948	0.1506	0.1958	-0.1233	0.1445	0.3936	0.0385	0.0038
DUODENAL_ULCER_UNSPE_ACUTE_CHRONIC_WO_HAEMORRHAGE_PERFORATION	0.1348	0.1511	0.3724	0.2039	0.139	0.1424	0.0385	0.0038
E4_ACIDOSIS	0.0328	0.1068	0.759	0.1029	0.089	0.2476	0.0385	0.0038
E4_ACROMEG	NA	NA	NA	NA	NA	NA	0.0385	0.0038
E4_ADDISON	0.0012	0.151	0.9936	-0.0019	0.1228	0.9875	0.0385	0.0038
E4_ADREACT	-0.0114	0.2616	0.9653	-0.1907	0.3178	0.5485	0.0385	0.0038
E4_ADREMEDHYPER	-0.2409	0.2142	0.2606	-0.1182	0.153	0.4396	0.0385	0.0038
E4_ADRENAS	0.383	0.3103	0.2171	0.0096	0.1889	0.9593	0.0385	0.0038
E4_ADRENOGEN	NA	NA	NA	NA	NA	NA	NA	NA
E4_ALKALOSIS	NA	NA	NA	NA	NA	NA	0.0385	0.0038
E4_AMINOTRANSPORT	-0.0211	0.108	0.8451	-0.0977	0.0918	0.287	0.0385	0.0038
E4_AMINO	-0.0216	0.1192	0.8559	-0.1373	0.1011	0.1743	0.0385	0.0038
E4_AMYLNAS	-0.1613	0.1675	0.3355	-0.1304	0.1224	0.287	0.0385	0.0038
E4_AMYL_ORGAN	-0.4152	0.2363	0.079	-0.3012	0.195	0.1224	0.0385	0.0038
E4_AMYL_SCNDSYST	NA	NA	NA	NA	NA	NA	0.0385	0.0038
E4_ANTIDIU	0.0131	0.166	0.9371	-0.085	0.1325	0.5211	0.0385	0.0038
E4_AROMAMINO	0.4194	0.5869	0.4749	0.1611	0.3049	0.5973	0.0385	0.0038
E4_ATROTHY	-0.1126	0.1302	0.3869	0.021	0.1038	0.8399	0.0385	0.0038
E4_AUTOPOLYFAI	-0.2919	0.1299	0.0246	0.1468	0.107	0.1701	0.0385	0.0038
E4_CARBONAS	-0.0108	0.1542	0.9444	0.0103	0.0895	0.9087	0.0385	0.0038
E4_CARBO	-0.1098	0.2061	0.5944	0.0196	0.1193	0.8692	0.0385	0.0038
E4_CARCISDR	NA	NA	NA	NA	NA	NA	NA	NA
E4_CENTRAL_NERVOUS_SYSTEM_DISORDER_CAUSING_PRECOCIOUS_PUBERTY	NA	NA	NA	NA	NA	NA	0.0385	0.0038
E4_CONGEIOD	-0.0691	0.117	0.5547	0.2428	0.0987	0.0139	0.0385	0.0038
E4_CONGENITAL_HYPOTHYROIDISM_WITHOUT_GOITER	NA	NA	NA	NA	NA	NA	NA	NA
E4_CORTICOTROPIN_DEFICIENCY	-0.2055	0.1559	0.1876	-0.0977	0.1135	0.3897	0.0385	0.0038
E4_CUSHING	0.1508	0.19	0.4275	-0.0314	0.1462	0.8298	0.0385	0.0038
E4_CYSTFIBRO_INT	0.0128	0.0925	0.8903	0.0203	0.0785	0.7962	0.0385	0.0038
E4_CYSTFIBRO_NAS	0.0533	0.1158	0.645	0.0467	0.0981	0.6345	0.0385	0.0038
E4_CYSTFIBRO	0.1187	0.13	0.3614	-0.0206	0.103	0.8415	0.0385	0.0038
E4_DELPUB	0.0889	0.1435	0.5357	-0.0238	0.1072	0.824	0.0385	0.0038
E4_DIABINSIPIDUS	0.1327	0.2928	0.6504	0.3013	0.3599	0.4026	0.0385	0.0038
E4_DISPUB	NA	NA	NA	NA	NA	NA	0.0385	0.0038
E4_DYSPOLYGL	-0.2277	0.1264	0.0716	0.0956	0.0952	0.3152	0.0385	0.0038
E4_ENDINOTH	0.1556	0.3288	0.6361	-0.0096	0.2195	0.965	0.0385	0.0038
E4_ENDODISNAS	NA	NA	NA	NA	NA	NA	NA	NA
E4_ENDODIS	NA	NA	NA	NA	NA	NA	NA	NA
E4_ENDOGLAND	0.0155	0.0859	0.8567	0.1166	0.0697	0.0943	0.0385	0.0038
E4_ENDOMETPOSTOP	-0.0188	0.13	0.8849	0.003	0.0703	0.9662	0.0385	0.0038
E4_FABRY_KIDNEY	0.1347	0.1033	0.1922	-0.0684	0.0814	0.4006	0.0385	0.0038
E4_FE_DEF	0.2754	0.1764	0.1185	-0.0075	0.1228	0.9514	0.0385	0.0038
E4_FH_IHD	0.2627	0.0984	0.0076	0.3031	0.0735	3.6750e-05	0.0385	0.0038
E4_FH	0.2956	0.1163	0.0111	0.2776	0.082	0.0007	0.0385	0.0038
E4_FLUIDELECTRONAS	NA	NA	NA	NA	NA	NA	0.0385	0.0038
E4_FLUIDELECTRO	0.1293	0.0701	0.0651	0.1204	0.0629	0.0555	0.0385	0.0038
E4_FLUIDOVER	0.1916	0.2593	0.46	-0.113	0.1993	0.5709	0.0385	0.0038
E4_GILBERT	NA	NA	NA	NA	NA	NA	NA	NA
E4_GLUCOPANCREAS	0.1555	0.1154	0.1778	0.3127	0.1122	0.0053	0.0385	0.0038
E4_GOITREDIFF	0.2394	0.1264	0.0582	0.1933	0.1012	0.0562	0.0385	0.0038
E4_GOITREMULTINOD	0.052	0.063	0.4091	0.0627	0.0355	0.0773	0.0385	0.0038
E4_GOITRENAS	0.0896	0.0818	0.2734	0.057	0.0539	0.2904	0.0385	0.0038
E4_GOITRENOD	0.431	0.2084	0.0386	0.293	0.2344	0.2112	0.0385	0.0038
E4_GRAVES_OPHT_STRICT	0.0051	0.1312	0.9692	-0.063	0.1142	0.5813	0.0385	0.0038
E4_GRAVES_STRICT	-0.0369	0.0631	0.559	0.0722	0.0471	0.1253	0.0385	0.0038
E4_HYPERALDO	0.1178	0.1682	0.4837	0.0503	0.1286	0.6955	0.0385	0.0038
E4_HYPERALISEQ	0.1034	0.131	0.4301	0.0671	0.1015	0.5086	0.0385	0.0038
E4_HYPERALI	0.138	0.2021	0.4947	0.1175	0.1391	0.3983	0.0385	0.0038
E4_HYPERCALCEMIA	-0.2477	0.2359	0.2937	0.1321	0.1634	0.4188	0.0385	0.0038
E4_HYPERCHOL	0.2349	0.0471	6.1540e-07	0.0786	0.0415	0.0582	0.0385	0.0038
E4_HYPERCHYLO	0.3269	0.3263	0.3163	0.0513	0.183	0.779	0.0385	0.0038
E4_HYPERGLYCER	-0.0537	0.0959	0.5752	0.1176	0.081	0.1466	0.0385	0.0038
E4_HYPERKALAEMIA	-0.0316	0.1563	0.8397	0.1477	0.1354	0.2755	0.0385	0.0038
E4_HYPERLIPMIX	0.2179	0.1001	0.0295	0.1556	0.077	0.0432	0.0385	0.0038
E4_HYPERLIPNAS	0.2493	0.0658	0.0002	0.1024	0.056	0.0675	0.0385	0.0038
E4_HYPEROSMHNAT	NA	NA	NA	NA	NA	NA	0.0385	0.0038
E4_HYPERPARA	-0.0296	0.0795	0.7098	0.13	0.0607	0.0322	0.0385	0.0038
E4_HYPERPITNAS	0.1074	0.1814	0.5538	0.1184	0.1456	0.4163	0.0385	0.0038
E4_HYPERPIT	NA	NA	NA	NA	NA	NA	0.0385	0.0038
E4_HYPERPRO_ADVERSE	NA	NA	NA	NA	NA	NA	0.0385	0.0038
E4_HYPERPRO	NA	NA	NA	NA	NA	NA	NA	NA
E4_HYPERURI	NA	NA	NA	NA	NA	NA	NA	NA
E4_HYPOCALCEMIA	NA	NA	NA	NA	NA	NA	0.0385	0.0038
E4_HYPOCOMA	NA	NA	NA	NA	NA	NA	0.0385	0.0038
E4_HYPODRUG	NA	NA	NA	NA	NA	NA	0.0385	0.0038
E4_HYPOGONADOTROPIC_HYPOGONADISM	-0.0309	0.1905	0.8712	0.2568	0.1979	0.1945	0.0385	0.0038
E4_HYPOKALAEMIA	0.1457	0.0999	0.1445	0.1264	0.0666	0.0578	0.0385	0.0038
E4_HYPOOSMNAT	0.0388	0.0696	0.5772	0.072	0.0657	0.2731	0.0385	0.0038
E4_HYPOPARA	NA	NA	NA	NA	NA	NA	0.0385	0.0038
E4_HYPOPIT	0.1637	0.2994	0.5844	0.3459	0.3863	0.3705	0.0385	0.0038
E4_HYPOTHALDYSF	-0.6644	1.8234	0.7156	-0.7338	2.1649	0.7347	0.0385	0.0038
E4_HYTHYPOSTINF	0.0009	0.1498	0.9951	0.0104	0.1104	0.9246	0.0385	0.0038
E4_HYTHYSUBS	NA	NA	NA	NA	NA	NA	0.0385	0.0038
E4_HYTHY_AI_DX	-0.3058	0.1797	0.0887	-0.0701	0.1291	0.5873	0.0385	0.0038
E4_HYTHY_AI_STRICT	0.0113	0.037	0.76	0.0972	0.0265	0.0002	0.0385	0.0038
E4_IDIOPATHIC_HYPERCALCIURIA	0.1479	0.1454	0.3093	0.174	0.1088	0.1097	0.0385	0.0038
E4_IDIOPATHIC_HYPOPARATHYROIDISM	-0.3294	0.2902	0.2562	-0.1992	0.1964	0.3106	0.0385	0.0038
E4_IODHYPSUB	-0.1826	0.1772	0.3028	-0.1118	0.1444	0.4389	0.0385	0.0038
E4_IRON_MET	0.0953	0.1919	0.6193	-0.1272	0.1742	0.4652	0.0385	0.0038
E4_ISOLATED_GROWTH_HORMONE_DEFICIENCY	0.1901	0.1807	0.2929	0.0884	0.144	0.5393	0.0385	0.0038
E4_KWASHIORKOR	-0.2661	0.1889	0.1588	0.3065	0.162	0.0584	0.0385	0.0038
E4_LACTOCON	-0.0184	0.1402	0.8954	0.0364	0.1056	0.7308	0.0385	0.0038
E4_LACTONAS	0.0177	0.1328	0.8938	0.0148	0.1879	0.9373	0.0385	0.0038
E4_LIPODEF	NA	NA	NA	NA	NA	NA	0.0385	0.0038
E4_LIPODYST	-0.0628	0.1509	0.6773	0.1931	0.145	0.1828	0.0385	0.0038
E4_LIPOMATOSIS	0.2528	0.3003	0.3999	0.1114	0.1938	0.5653	0.0385	0.0038
E4_LIPOPROTNAS	0.2402	0.1088	0.0272	0.3424	0.0959	0.0004	0.0385	0.0038
E4_LIPOPROT	0.2259	0.0425	1.0867e-07	0.1	0.0384	0.0093	0.0385	0.0038
E4_LOCALADIP	0.3552	0.1804	0.049	0.0467	0.1241	0.707	0.0385	0.0038
E4_MALNUTRITION	-0.5183	1.1853	0.6619	0.2343	0.564	0.6778	0.0385	0.0038
E4_MARAKWASH	0.0729	0.2642	0.7826	0.0687	0.196	0.7259	0.0385	0.0038
E4_MARASMUS	0.0653	0.1242	0.5992	0.0263	0.1076	0.8069	0.0385	0.0038
E4_MERETOJA_DISEASE	-0.0245	0.0778	0.7528	0.0081	0.0567	0.8872	0.0385	0.0038
E4_METABOLIA	0.2115	0.0477	9.4396e-06	0.1078	0.0405	0.0077	0.0385	0.0038
E4_METABONAS	NA	NA	NA	NA	NA	NA	0.0385	0.0038
E4_MG_DEF	0.186	0.192	0.3324	0.2881	0.1887	0.1268	0.0385	0.0038
E4_MG_MET	NA	NA	NA	NA	NA	NA	0.0385	0.0038
E4_MINERAL_METNAS	0.1613	0.1459	0.2689	0.0055	0.1024	0.9574	0.0385	0.0038
E4_MINERAL_MET	NA	NA	NA	NA	NA	NA	NA	NA
E4_NONTOXIC_THYROID	0.1211	0.0638	0.0578	0.0762	0.0367	0.0377	0.0385	0.0038
E4_NUTRI_DEF_NAS	NA	NA	NA	NA	NA	NA	0.0385	0.0038
E4_OBESITYCAL	0.2046	0.0375	4.9114e-08	0.1106	0.0294	0.0002	0.0385	0.0038
E4_OBESITYDRUG	0.0353	0.2537	0.8894	0.0232	0.2008	0.9081	0.0385	0.0038
E4_OBESITYNAS	0.2287	0.042	5.0007e-08	0.094	0.0302	0.0018	0.0385	0.0038
E4_OBESITYXTRMALV	0.4125	0.1156	0.0004	0.103	0.0779	0.1862	0.0385	0.0038
E4_OBESITY	0.2007	0.0359	2.3093e-08	0.1005	0.0267	0.0002	0.0385	0.0038
E4_ODANDRO	0.2159	0.119	0.0696	-0.0742	0.0965	0.4418	0.0385	0.0038
E4_OVARDYSNAS	NA	NA	NA	NA	NA	NA	0.0385	0.0038
E4_OVARDYS	0.143	0.0934	0.126	-0.0458	0.0662	0.4891	0.0385	0.0038
E4_OVARFAIL	NA	NA	NA	NA	NA	NA	0.0385	0.0038
E4_PANCSECNAS	0.1631	0.1834	0.3738	0.2241	0.1613	0.1646	0.0385	0.0038
E4_PANHYPOPITUITARISM	NA	NA	NA	NA	NA	NA	0.0385	0.0038
E4_PARANAS	-0.214	0.1741	0.2191	-0.1477	0.1356	0.2763	0.0385	0.0038
E4_PARATHYRO	-0.0321	0.0826	0.6974	0.1237	0.062	0.0461	0.0385	0.0038
E4_PCOS_BROAD	0.0666	0.0715	0.3515	0.0164	0.0588	0.781	0.0385	0.0038
E4_PCOS_CONCORTIUM	0.2921	0.0708	3.6695e-05	0.2248	0.0432	1.9733e-07	0.0385	0.0038
E4_PCOS	0.0151	0.0748	0.8404	-0.0303	0.0578	0.5996	0.0385	0.0038
E4_PHOS_MET	-0.3586	0.4664	0.4419	-0.3942	0.5066	0.4365	0.0385	0.0038
E4_PITUDISNAS	0.0332	0.1316	0.8007	0.1219	0.1067	0.2531	0.0385	0.0038
E4_PITUITARY_DEPENDENT_CUSHINGS_DISEASE	-0.1029	0.1295	0.4266	0.0845	0.1018	0.4065	0.0385	0.0038
E4_PLASMAPROT	NA	NA	NA	NA	NA	NA	NA	NA
E4_PORBILIRNAS	-0.0542	0.1497	0.7174	-0.119	0.122	0.3293	0.0385	0.0038
E4_PORBILIR	NA	NA	NA	NA	NA	NA	NA	NA
E4_PORPHYNAS	-0.0716	0.2749	0.7945	-0.1107	0.254	0.6629	0.0385	0.0038
E4_PRECOXCENTPUB	-0.3018	0.3584	0.3998	-0.1949	0.2431	0.4226	0.0385	0.0038
E4_PREPUB	NA	NA	NA	NA	NA	NA	0.0385	0.0038
E4_PRIMARY_ADRENOCORTICAL_INSUFFICIENCY	-0.2002	0.2814	0.4767	0.0612	0.1667	0.7134	0.0385	0.0038
E4_PRIMARY_HYPERPARATHYROIDISM	-0.0693	0.0842	0.4108	0.1539	0.0584	0.0084	0.0385	0.0038
E4_PROTMALMODMILD	-0.2602	0.3259	0.4246	0.0742	0.2474	0.7642	0.0385	0.0038
E4_PROTMALNAS	NA	NA	NA	NA	NA	NA	0.0385	0.0038
E4_PROTMALSEVERNAS	0.0732	0.1394	0.5992	-0.0369	0.0924	0.6899	0.0385	0.0038
E4_PUBDISNAS	-0.1659	0.2292	0.469	-0.2405	0.2097	0.2515	0.0385	0.0038
E4_SEQUMAL	-0.4538	0.7321	0.5354	0.1011	0.2798	0.7179	0.0385	0.0038
E4_SHORT_STATURE_STARTING_BEFORE_BIRTH	-0.1354	0.2835	0.6329	0.0024	0.2014	0.9905	0.0385	0.0038
E4_SPHIGLOLIPNAS	0.0784	0.1057	0.4583	-0.0856	0.0853	0.3155	0.0385	0.0038
E4_SPHINGOLIP	0.1815	0.1355	0.1803	-0.1104	0.1041	0.2887	0.0385	0.0038
E4_TESTICDYSNAS	NA	NA	NA	NA	NA	NA	0.0385	0.0038
E4_TESTICHYPO	NA	NA	NA	NA	NA	NA	0.0385	0.0038
E4_THIA_DEF	0.1663	0.1851	0.3691	0.2187	0.1597	0.171	0.0385	0.0038
E4_THYCRISIS	-0.0648	0.3212	0.8401	0.2225	0.3749	0.5529	0.0385	0.0038
E4_THYMUSDISNAS	-0.2751	0.1475	0.0621	-0.1447	0.1047	0.1672	0.0385	0.0038
E4_THYMUSDIS	-0.2256	0.2308	0.3284	-0.2062	0.1738	0.2355	0.0385	0.0038
E4_THYROIDITACU	0.5377	1.0306	0.6019	0.0682	0.3127	0.8272	0.0385	0.0038
E4_THYROIDITAUTOIM	-0.2392	0.163	0.1421	-0.0231	0.1319	0.8611	0.0385	0.0038
E4_THYROIDITCHRON	-0.1669	0.1896	0.3787	0.0301	0.1444	0.835	0.0385	0.0038
E4_THYROIDITDRUG	-0.2293	0.222	0.3018	0.0924	0.1793	0.6062	0.0385	0.0038
E4_THYROIDITNAS	-0.3473	0.3322	0.2958	-0.1836	0.2131	0.3889	0.0385	0.0038
E4_THYROIDITSUBAC	-0.0925	0.1731	0.5931	0.1461	0.1448	0.3129	0.0385	0.0038
E4_THYROIDNASOTH	-0.0121	0.2058	0.9529	0.1686	0.1774	0.3417	0.0385	0.0038
E4_THYROID	0.0218	0.0335	0.5161	0.107	0.0271	7.9098e-05	0.0385	0.0038
E4_THYROTROPIN_DEFICIENCY	NA	NA	NA	NA	NA	NA	0.0385	0.0038
E4_THYTOXFAC	0.4098	0.2712	0.1308	0.2715	0.2083	0.1924	0.0385	0.0038
E4_THYTOXGOITDIF	-0.0317	0.0513	0.5372	0.0341	0.0371	0.3585	0.0385	0.0038
E4_THYTOXGOITMULT	0.068	0.0938	0.4686	0.0302	0.0622	0.6275	0.0385	0.0038
E4_THYTOXNOD	NA	NA	NA	NA	NA	NA	NA	NA
E4_VIT_A_DEF	0.515	0.2614	0.0489	0.26	0.1583	0.1005	0.0385	0.0038
E4_VIT_B_DEF	-0.1104	0.1729	0.5231	-0.0051	0.1386	0.9706	0.0385	0.0038
E4_VIT_D_DEF	0.1707	0.1936	0.378	0.14	0.1472	0.3417	0.0385	0.0038
E4_VOLUME	0.0573	0.145	0.6928	-0.0627	0.1174	0.5934	0.0385	0.0038
EHEC	NA	NA	NA	NA	NA	NA	0.0385	0.0038
ENTEROPATH_E_COLI	0.0359	0.2227	0.8721	0.1377	0.1806	0.4459	0.0385	0.0038
EOSINOPHIL_DISEASE	0.0907	0.3399	0.7896	-0.3452	0.503	0.4925	0.0385	0.0038
EPILEPTIC_SEIZU_RELATED_DRUGS	-0.1717	0.4244	0.6857	-0.0922	0.2699	0.7327	0.0385	0.0038
EPISEIZALCO	0.4562	0.3099	0.1411	0.2913	0.2297	0.2048	0.0385	0.0038
ERECTILE_DYSFUNCTION	0.1697	0.0963	0.0782	0.0521	0.0636	0.4126	0.0385	0.0038
EVER_SMOKER	0.2777	0.0358	9.4697e-15	0.203	0.029	2.4497e-12	0.0385	0.0038
F5_ADHD	0.2559	0.0683	0.0002	0.2024	0.058	0.0005	0.0385	0.0038
F5_AGORAPHOBIA	0.044	0.0879	0.6166	0.1648	0.0676	0.0148	0.0385	0.0038
F5_ALCOHOLAC	0.255	0.0512	6.5207e-07	0.2307	0.042	3.9633e-08	0.0385	0.0038
F5_ALCOHOL_DEPENDENCE	0.2639	0.0487	6.0062e-08	0.2288	0.0374	9.5149e-10	0.0385	0.0038
F5_ALLANXIOUS	0.0871	0.0426	0.0407	0.1344	0.0337	6.4934e-05	0.0385	0.0038
F5_ALZHDEMENT	0.1093	0.1193	0.3592	0.1641	0.1065	0.1232	0.0385	0.0038
F5_ANAPER	-0.0427	0.1075	0.6912	-0.0538	0.0817	0.5107	0.0385	0.0038
F5_ANOREX	0.0044	0.1539	0.977	-0.0323	0.1205	0.7886	0.0385	0.0038
F5_ANXIETY	0.1244	0.0472	0.0084	0.143	0.0384	0.0002	0.0385	0.0038
F5_ANXPER	0.079	0.1518	0.603	0.0355	0.117	0.7618	0.0385	0.0038
F5_BEHAVE	0.1316	0.0525	0.0121	0.1077	0.0431	0.0125	0.0385	0.0038
F5_BEHEMOCHILD	0.2359	0.0598	8.0273e-05	0.235	0.0554	2.2285e-05	0.0385	0.0038
F5_BIPO	0.1549	0.0613	0.0116	0.233	0.0499	3.0806e-06	0.0385	0.0038
F5_BULIMIA	0.223	0.1368	0.1031	0.2398	0.1002	0.0167	0.0385	0.0038
F5_CANNABIS	0.3215	0.1051	0.0022	0.2627	0.0874	0.0027	0.0385	0.0038
F5_COCAINE	0.2963	0.4072	0.4668	0.6731	0.6984	0.3352	0.0385	0.0038
F5_DELIRIUM	0.3335	0.193	0.084	0.1769	0.1319	0.18	0.0385	0.0038
F5_DELUSIO	-0.0286	0.0872	0.7427	0.0166	0.0694	0.8112	0.0385	0.0038
F5_DEMENTIA_INCLAVO	0.0126	0.066	0.8491	0.0942	0.058	0.1047	0.0385	0.0038
F5_DEMENTIA	0.015	0.0682	0.8264	0.0914	0.0584	0.1176	0.0385	0.0038
F5_DEMINOTH	NA	NA	NA	NA	NA	NA	0.0385	0.0038
F5_DEMNAS	-0.0988	0.1359	0.467	0.0119	0.0929	0.8982	0.0385	0.0038
F5_DEPPER	-0.022	0.2369	0.926	0.3585	0.2578	0.1643	0.0385	0.0038
F5_DEPRESSION_DYSTHYMIA	0.1053	0.0363	0.0037	0.203	0.0281	5.3308e-13	0.0385	0.0038
F5_DEPRESSION_PSYCHOTIC	-0.043	0.0942	0.6481	0.2543	0.0842	0.0025	0.0385	0.0038
F5_DEPRESSION_RECURRENT	0.0839	0.04	0.0358	0.1717	0.0317	5.9902e-08	0.0385	0.0038
F5_DEPRESSIO	0.1043	0.0402	0.0094	0.2282	0.0319	8.7490e-13	0.0385	0.0038
F5_DISPER	0.4092	0.1253	0.0011	0.2856	0.0945	0.0025	0.0385	0.0038
F5_DISSOCIATIVE	0.3559	0.1253	0.0045	0.1758	0.0954	0.0653	0.0385	0.0038
F5_EATOTH	0.2681	0.4275	0.5306	0.1813	0.2975	0.5421	0.0385	0.0038
F5_EMOCHILD	0.1997	0.1024	0.0511	0.252	0.0969	0.0093	0.0385	0.0038
F5_EMOPER	0.2131	0.0559	0.0001	0.3096	0.0505	9.0386e-10	0.0385	0.0038
F5_GAD	-0.0474	0.068	0.4857	0.1162	0.0518	0.0247	0.0385	0.0038
F5_GENDER	0.0194	0.1252	0.8769	0.0188	0.091	0.8365	0.0385	0.0038
F5_HABIT	-0.0451	0.1393	0.746	0.4973	0.1544	0.0013	0.0385	0.0038
F5_HALLUCIN	0.1219	0.132	0.3556	0.1341	0.1018	0.1877	0.0385	0.0038
F5_HISPER	NA	NA	NA	NA	NA	NA	0.0385	0.0038
F5_HYPERKIN	NA	NA	NA	NA	NA	NA	NA	NA
F5_HYPERSOMNIA	0.3078	0.2183	0.1585	0.0758	0.1473	0.6068	0.0385	0.0038
F5_INSOMNIA	0.1119	0.0539	0.0377	0.0786	0.0446	0.0779	0.0385	0.0038
F5_KELAMENT	0.041	0.0598	0.4926	0.1226	0.0459	0.0076	0.0385	0.0038
F5_KELARET	-0.103	0.266	0.6985	-0.0313	0.2188	0.8863	0.0385	0.0038
F5_MANIA	0.0535	0.0973	0.5826	-0.0082	0.0832	0.9218	0.0385	0.0038
F5_MENTALUNSPE	0.1497	0.1068	0.1609	0.29	0.0946	0.0022	0.0385	0.0038
F5_MENTORG	-0.1179	0.1326	0.3739	0.0853	0.1016	0.4009	0.0385	0.0038
F5_MILDRET	NA	NA	NA	NA	NA	NA	0.0385	0.0038
F5_MIXEDDEV	0.2072	0.1974	0.294	0.142	0.1455	0.3291	0.0385	0.0038
F5_MIXPER	0.0604	0.0927	0.5148	0.269	0.0861	0.0018	0.0385	0.0038
F5_MODRET	0.2381	0.2606	0.3611	0.1287	0.1911	0.5008	0.0385	0.0038
F5_MOODOTH	0.2203	0.0898	0.0142	0.3189	0.0832	0.0001	0.0385	0.0038
F5_MOOD	0.0963	0.0388	0.0129	0.2298	0.032	6.3931e-13	0.0385	0.0038
F5_NEUROTICOTH	-0.039	0.122	0.7491	0.2167	0.0914	0.0177	0.0385	0.0038
F5_NIGHTMARES	NA	NA	NA	NA	NA	NA	0.0385	0.0038
F5_OCD	-0.0306	0.0792	0.6995	0.0158	0.0686	0.8175	0.0385	0.0038
F5_OPIOIDS	0.2535	0.0857	0.0031	0.274	0.0764	0.0003	0.0385	0.0038
F5_OTHERSUB	0.2974	0.0767	0.0001	0.2703	0.0597	6.0442e-06	0.0385	0.0038
F5_OTHPER	0.0676	0.0731	0.3554	0.1964	0.0668	0.0033	0.0385	0.0038
F5_OTHRET	NA	NA	NA	NA	NA	NA	NA	NA
F5_PANIC	0.158	0.0638	0.0133	0.1796	0.0491	0.0003	0.0385	0.0038
F5_PARAPER	-0.1147	0.161	0.4764	0.2365	0.1437	0.0999	0.0385	0.0038
F5_PERSBEHORG	NA	NA	NA	NA	NA	NA	NA	NA
F5_PERSMOOD	0.0595	0.0586	0.3104	0.2474	0.0489	4.2839e-07	0.0385	0.0038
F5_PERSOCHANGE	0.0992	0.1443	0.4916	0.1114	0.1114	0.3174	0.0385	0.0038
F5_PERSOTH	0.0778	0.1582	0.623	0.1521	0.1222	0.2131	0.0385	0.0038
F5_PERVASIVE	NA	NA	NA	NA	NA	NA	0.0385	0.0038
F5_PHOBANX	-0.0004	0.066	0.9952	0.0815	0.0504	0.1057	0.0385	0.0038
F5_PHYSBEHOTH	-0.2413	0.1565	0.123	-0.0028	0.1111	0.9801	0.0385	0.0038
F5_PSYCHDEVOTH	0.1059	0.1327	0.4249	0.3584	0.1129	0.0015	0.0385	0.0038
F5_PSYCHDEV	0.0387	0.1119	0.7295	0.1619	0.1043	0.1208	0.0385	0.0038
F5_PSYCHOTH	-0.0043	0.0685	0.9495	0.1021	0.0539	0.058	0.0385	0.0038
F5_PSYTRANS	-0.051	0.0757	0.5007	0.1223	0.0619	0.0483	0.0385	0.0038
F5_PTSD	0.2661	0.0942	0.0047	0.3395	0.072	2.4125e-06	0.0385	0.0038
F5_SCHIZOAFF	-0.035	0.0894	0.6954	-0.0209	0.0662	0.7517	0.0385	0.0038
F5_SCHIZOTYP	-0.1645	0.1188	0.1662	0.0737	0.0828	0.3734	0.0385	0.0038
F5_SCHIZPER	-0.3606	0.2539	0.1556	0.0074	0.1537	0.9614	0.0385	0.0038
F5_SCHOLA	0.0928	0.0926	0.3163	0.0059	0.0798	0.9412	0.0385	0.0038
F5_SCHZPHR	-0.084	0.0759	0.2687	0.0174	0.0563	0.7574	0.0385	0.0038
F5_SEDAHYP	0.336	0.1022	0.001	0.2052	0.0846	0.0154	0.0385	0.0038
F5_SEVRET	0.0015	0.1918	0.9937	0.0257	0.1742	0.8829	0.0385	0.0038
F5_SEXDYS	NA	NA	NA	NA	NA	NA	0.0385	0.0038
F5_SEXPREF	0.084	0.1341	0.5309	0.1445	0.098	0.1406	0.0385	0.0038
F5_SEXUAL	0.1968	0.1876	0.2941	-0.0362	0.1166	0.7565	0.0385	0.0038
F5_SLEEPTERRORS	0.1658	0.2504	0.5079	0.2956	0.2472	0.2317	0.0385	0.0038
F5_SLEEPWAKE	0.0361	0.1553	0.8161	-0.0619	0.1278	0.6281	0.0385	0.0038
F5_SLEEPWALKING	0.0974	0.2458	0.6919	0.2027	0.241	0.4003	0.0385	0.0038
F5_SLEEP_NOS	0.0734	0.147	0.6177	0.3014	0.1445	0.037	0.0385	0.0038
F5_SOCPHOB	0.0137	0.0726	0.8498	0.0893	0.0584	0.1263	0.0385	0.0038
F5_SOLVENT	0.1006	0.1337	0.4517	0.0998	0.1046	0.3401	0.0385	0.0038
F5_SOMATOFORM	0.1678	0.0689	0.0149	0.156	0.0645	0.0156	0.0385	0.0038
F5_SPEECH	0.0809	0.1411	0.5667	0.052	0.1407	0.7116	0.0385	0.0038
F5_STIMUL	0.309	0.0961	0.0013	0.1986	0.0726	0.0062	0.0385	0.0038
F5_STRESSOTH	0.2237	0.0648	0.0006	0.2714	0.0532	3.4437e-07	0.0385	0.0038
F5_SUBSNOALCO	0.3505	0.0572	9.1239e-10	0.2694	0.0442	1.0487e-09	0.0385	0.0038
F5_UNSORG	0.1787	0.2089	0.3923	0.1194	0.1478	0.4191	0.0385	0.0038
F5_VASCDEM	0.1895	0.0959	0.0481	0.1049	0.0795	0.187	0.0385	0.0038
FALLS	0.2683	0.0462	6.3568e-09	0.1977	0.0344	9.1076e-09	0.0385	0.0038
FELTY	0.3777	0.131	0.0039	-0.0047	0.1051	0.9643	0.0385	0.0038
FEMHER_BILATERAL	0.1396	0.1199	0.2439	0.045	0.097	0.6425	0.0385	0.0038
FE_MODE	0.0875	0.1105	0.4286	0.1061	0.0912	0.2446	0.0385	0.0038
FE_STRICT	0.0276	0.1161	0.8123	0.1005	0.0932	0.2807	0.0385	0.0038
FE	0.0935	0.1058	0.3772	0.1241	0.0861	0.1494	0.0385	0.0038
FG_CARDMYO	-0.0096	0.0687	0.8887	0.0194	0.0453	0.668	0.0385	0.0038
FG_CVD	0.147	0.0389	0.0002	0.1169	0.0258	5.7228e-06	0.0385	0.0038
FG_DOAAC	0.1636	0.0416	8.3967e-05	0.1278	0.0316	5.1667e-05	0.0385	0.0038
FG_OTHHEART	0.0965	0.0377	0.0105	0.0954	0.0281	0.0007	0.0385	0.0038
FIBROLIV	0.1595	0.312	0.6091	-0.1278	0.2768	0.6443	0.0385	0.0038
FOOD_ALLERGY	0.1413	0.1568	0.3673	0.0389	0.1194	0.7443	0.0385	0.0038
FTD	0.1316	0.3364	0.6957	0.2188	0.3255	0.5014	0.0385	0.0038
G6_ADEM	0.161	0.1505	0.2847	-0.0299	0.1225	0.8074	0.0385	0.0038
G6_AD_STRICT	0.0294	0.0933	0.7526	0.0814	0.0818	0.3193	0.0385	0.0038
G6_ALCODEGEN	0.0965	0.2036	0.6355	0.2967	0.237	0.2106	0.0385	0.0038
G6_ALCOPOLY	0.3872	0.3116	0.2141	0.3064	0.2599	0.2384	0.0385	0.0038
G6_ALS	-0.0823	0.2668	0.7578	-0.2415	0.3073	0.4319	0.0385	0.0038
G6_ALZHEIMER	0.0602	0.0789	0.4457	0.0675	0.072	0.3489	0.0385	0.0038
G6_ANOXBRAINDAM	NA	NA	NA	NA	NA	NA	0.0385	0.0038
G6_ATROPHCIRCUM	0.0448	0.1819	0.8055	0.2099	0.1585	0.1853	0.0385	0.0038
G6_ATYFAC	0.224	0.1672	0.1804	0.0458	0.127	0.7184	0.0385	0.0038
G6_AUTONOM	NA	NA	NA	NA	NA	NA	0.0385	0.0038
G6_AUTOTHUNS	NA	NA	NA	NA	NA	NA	0.0385	0.0038
G6_BASDEGENOTH	0.0337	0.2271	0.8822	-0.1166	0.2069	0.5731	0.0385	0.0038
G6_BELLPA	0.1604	0.0754	0.0334	0.1379	0.0564	0.0144	0.0385	0.0038
G6_BENIGN_MUSCULAR_DYSTROPHY	-0.0045	0.1115	0.9676	0.084	0.0844	0.3198	0.0385	0.0038
G6_BENINTRAHYP	0.2067	0.1564	0.1864	0.2003	0.1341	0.1354	0.0385	0.0038
G6_BLEPHAROSPASM	0.5563	0.7152	0.4366	0.1526	0.2918	0.601	0.0385	0.0038
G6_BRACHPLE	0.2645	0.0805	0.001	0.1606	0.0683	0.0187	0.0385	0.0038
G6_CARPTU	0.2808	0.0367	1.8505e-14	0.1878	0.028	2.1459e-11	0.0385	0.0038
G6_CAUDA	0.6399	0.9965	0.5208	-0.0947	0.2987	0.7512	0.0385	0.0038
G6_CAUSALGIA	0.0383	0.1607	0.8115	0.0598	0.1046	0.5671	0.0385	0.0038
G6_CERCYST	0.162	0.206	0.4316	0.3117	0.2179	0.1527	0.0385	0.0038
G6_CEROEDEMA	-0.5903	1.1412	0.6049	-0.013	0.2416	0.9572	0.0385	0.0038
G6_CERVROOT	0.3129	0.2007	0.1189	0.1829	0.1501	0.223	0.0385	0.0038
G6_CLUSTHEADACHE_STRICT_INCLAVO	0.1046	0.0918	0.2544	0.1588	0.0736	0.0309	0.0385	0.0038
G6_CLUSTHEADACHE_WIDE	0.1017	0.0854	0.2335	0.1036	0.077	0.1786	0.0385	0.0038
G6_CNSABSC	NA	NA	NA	NA	NA	NA	0.0385	0.0038
G6_CNSOTH	0.0827	0.1309	0.5277	-0.1188	0.1046	0.2559	0.0385	0.0038
G6_CONMYOP	0.1162	0.2392	0.627	0.3392	0.2357	0.1501	0.0385	0.0038
G6_CPETAL	0.4192	0.1343	0.0018	0.1117	0.1002	0.2652	0.0385	0.0038
G6_CP	0.3145	0.4148	0.4484	0.0566	0.2322	0.8073	0.0385	0.0038
G6_CRAINOTH	0.2222	0.1693	0.1893	0.116	0.1215	0.3399	0.0385	0.0038
G6_DEGENOTH	0.1832	0.2	0.3596	-0.1759	0.1772	0.3207	0.0385	0.0038
G6_DEGENSEN	NA	NA	NA	NA	NA	NA	0.0385	0.0038
G6_DISBROTHUNS	NA	NA	NA	NA	NA	NA	0.0385	0.0038
G6_DISGLO	0.0786	0.1964	0.6892	0.1619	0.1831	0.3768	0.0385	0.0038
G6_DISOTHUNS	NA	NA	NA	NA	NA	NA	0.0385	0.0038
G6_DISSOTH	0.119	0.1872	0.5248	0.0363	0.1369	0.7909	0.0385	0.0038
G6_DRUGMYOP	NA	NA	NA	NA	NA	NA	NA	NA
G6_DRUGPOLY	NA	NA	NA	NA	NA	NA	0.0385	0.0038
G6_DYSTON	0.0519	0.1051	0.6214	0.0309	0.0781	0.692	0.0385	0.0038
G6_ENCEPATH	NA	NA	NA	NA	NA	NA	0.0385	0.0038
G6_ENCEPHOTH	0.2397	0.1791	0.1807	0.1083	0.1325	0.4137	0.0385	0.0038
G6_ENCEPHTOX	-0.0713	0.1409	0.6127	0.1657	0.1116	0.1377	0.0385	0.0038
G6_EPIPAROX	0.264	0.04	4.0887e-11	0.1889	0.0282	2.0856e-11	0.0385	0.0038
G6_EPLEPSY	0.1545	0.0706	0.0286	0.1644	0.0522	0.0016	0.0385	0.0038
G6_FACOTH	NA	NA	NA	NA	NA	NA	0.0385	0.0038
G6_FEMLAPOP	0.4719	1.333	0.7233	0.4741	1.3393	0.7233	0.0385	0.0038
G6_FEMLE	0.3912	0.2316	0.0913	0.3382	0.1868	0.0702	0.0385	0.0038
G6_FEMMEPOP	0.0156	0.1695	0.9267	-0.0149	0.1194	0.9006	0.0385	0.0038
G6_GUILBAR	-0.2684	0.1652	0.1041	-0.084	0.1031	0.4155	0.0385	0.0038
G6_HCCOMM	-0.0089	0.1134	0.9377	-0.1095	0.084	0.1925	0.0385	0.0038
G6_HCINOTH	0.1227	0.1291	0.3421	0.0693	0.1083	0.5223	0.0385	0.0038
G6_HCNP	0.0112	0.0711	0.8744	-0.055	0.0538	0.3066	0.0385	0.0038
G6_HCOBSTR	NA	NA	NA	NA	NA	NA	NA	NA
G6_HCOTHUNS	-0.0219	0.1455	0.8802	-0.0781	0.1112	0.4827	0.0385	0.0038
G6_HCPOSTRAU	0.0054	0.1415	0.9695	-0.0484	0.0921	0.5995	0.0385	0.0038
G6_HEADACHE	0.3033	0.0554	4.5023e-08	0.1957	0.044	8.4918e-06	0.0385	0.0038
G6_HEMIPLE	0.5869	0.2347	0.0124	0.2609	0.1471	0.076	0.0385	0.0038
G6_HERATAXIA	-0.2297	0.3794	0.5448	-0.1377	0.2605	0.5972	0.0385	0.0038
G6_HEREMOSEN	NA	NA	NA	NA	NA	NA	0.0385	0.0038
G6_HERIPOTHUN	0.2381	0.3664	0.5157	0.2236	0.3269	0.494	0.0385	0.0038
G6_HORNER	-0.3624	1.1648	0.7557	-0.2884	0.9647	0.765	0.0385	0.0038
G6_HYDROCEPH	0.0577	0.0793	0.4673	-0.0492	0.0627	0.4327	0.0385	0.0038
G6_ICNEUROP	NA	NA	NA	NA	NA	NA	0.0385	0.0038
G6_IDIOAUT	-0.5589	0.7706	0.4682	-0.0261	0.2111	0.9018	0.0385	0.0038
G6_INFLAMYOP	0.0788	0.1517	0.6037	-0.1104	0.1132	0.3291	0.0385	0.0038
G6_IPNEUROP	0.1063	0.1253	0.3964	0.0543	0.1133	0.6319	0.0385	0.0038
G6_LSPLEX	0.3743	0.1296	0.0039	0.106	0.0959	0.2692	0.0385	0.0038
G6_LSROOT	NA	NA	NA	NA	NA	NA	0.0385	0.0038
G6_MEDLEOTH	0.3158	0.1124	0.005	0.3396	0.0896	0.0002	0.0385	0.0038
G6_MENINGBACT	0.0498	0.4161	0.9047	0.9364	3.0717	0.7605	0.0385	0.0038
G6_MENINGOTH	NA	NA	NA	NA	NA	NA	NA	NA
G6_MENINGVIR	NA	NA	NA	NA	NA	NA	0.0385	0.0038
G6_MERALGIA	NA	NA	NA	NA	NA	NA	0.0385	0.0038
G6_MIGRAINE_NO_AURA_ADVERSE	-0.118	0.1642	0.4724	0.0567	0.1396	0.6847	0.0385	0.0038
G6_MIGRAINE_NO_AURA_TRIPTAN	0.1644	0.0505	0.0011	0.1095	0.0438	0.0125	0.0385	0.0038
G6_MIGRAINE_NO_AURA	0.1979	0.0513	0.0001	0.1495	0.0422	0.0004	0.0385	0.0038
G6_MIGRAINE_WITH_AURA_ADVERSE	0.1719	0.2354	0.4653	-0.0181	0.1716	0.9162	0.0385	0.0038
G6_MIGRAINE_WITH_AURA_TRIPTAN	0.2254	0.0643	0.0005	0.2124	0.049	1.4352e-05	0.0385	0.0038
G6_MIGRAINE_WITH_AURA	0.2304	0.0577	6.5070e-05	0.1783	0.0474	0.0002	0.0385	0.0038
G6_MIGRAINE	0.2142	0.0443	1.3302e-06	0.1659	0.0361	4.2873e-06	0.0385	0.0038
G6_MITOCMY	0.0014	0.1696	0.9935	-0.0113	0.1322	0.9319	0.0385	0.0038
G6_MONNEURMPLX	0.0254	0.2249	0.9101	0.1401	0.2043	0.4927	0.0385	0.0038
G6_MONOLOWOTHUNS	NA	NA	NA	NA	NA	NA	NA	NA
G6_MONONPOTHUS	NA	NA	NA	NA	NA	NA	0.0385	0.0038
G6_MONOOTHUNS	0.1348	0.1673	0.4205	0.2022	0.1463	0.1669	0.0385	0.0038
G6_MONOPLE	0.1918	0.2168	0.3765	0.2224	0.1926	0.2483	0.0385	0.0038
G6_MS	-0.0406	0.0691	0.5572	0.0373	0.0579	0.5191	0.0385	0.0038
G6_MULTIPLE_SYSTEM_ATROPHY	NA	NA	NA	NA	NA	NA	0.0385	0.0038
G6_MUSCOTHUNS	NA	NA	NA	NA	NA	NA	0.0385	0.0038
G6_MUSDYST	-0.0328	0.1536	0.8311	0.2735	0.7008	0.6963	0.0385	0.0038
G6_MYASTHENIA_ADVERSE	0.3555	0.1856	0.0554	-0.0601	0.1364	0.6593	0.0385	0.0038
G6_MYASTHENIA	0.1682	0.1911	0.3787	-0.1434	0.145	0.3228	0.0385	0.0038
G6_MYOMUSCINOTH	NA	NA	NA	NA	NA	NA	0.0385	0.0038
G6_MYONEUOTHUNS	0.0511	0.1592	0.748	-0.069	0.1352	0.6096	0.0385	0.0038
G6_MYONEU	NA	NA	NA	NA	NA	NA	NA	NA
G6_MYOPOTHUNS	-0.0726	0.1873	0.6983	0.1607	0.1775	0.3654	0.0385	0.0038
G6_MYOTDIS	NA	NA	NA	NA	NA	NA	0.0385	0.0038
G6_MYOTONIC_DYSTROPHY	-0.1042	0.1006	0.3003	0.0778	0.0913	0.3943	0.0385	0.0038
G6_NARCOCATA	NA	NA	NA	NA	NA	NA	NA	NA
G6_NERPLEX	0.3473	0.0407	1.4761e-17	0.2258	0.0324	3.3678e-12	0.0385	0.0038
G6_NEUATR	NA	NA	NA	NA	NA	NA	0.0385	0.0038
G6_NEUINFL	0.1631	0.1821	0.3705	0.3056	0.1839	0.0966	0.0385	0.0038
G6_NEURAMYO	-0.3037	0.8007	0.7044	0.1128	0.3618	0.7552	0.0385	0.0038
G6_NEURODEGENERATIVE	0.0172	0.0748	0.8186	0.0562	0.0652	0.389	0.0385	0.0038
G6_NEUROINFSEQ	-0.0272	0.2071	0.8954	0.0923	0.1745	0.5971	0.0385	0.0038
G6_NEUROOTH	0.2273	0.0865	0.0086	0.0575	0.0734	0.4336	0.0385	0.0038
G6_NMO	0.2744	0.3924	0.4843	0.0996	0.2155	0.6438	0.0385	0.0038
G6_OTHDEMYEL	-0.1356	0.1133	0.2313	0.0495	0.0821	0.546	0.0385	0.0038
G6_OTHINMUSC	-0.0093	0.1504	0.9507	-0.051	0.1208	0.673	0.0385	0.0038
G6_OTHNEU	0.2909	0.0717	4.9408e-05	0.1381	0.0543	0.0109	0.0385	0.0038
G6_PARALOTHUNS	NA	NA	NA	NA	NA	NA	0.0385	0.0038
G6_PARDIPLE	-0.0277	0.1615	0.8638	-0.0894	0.1343	0.5059	0.0385	0.0038
G6_PARKINSON	-0.1063	0.0652	0.1028	-0.0104	0.0553	0.8505	0.0385	0.0038
G6_PERIPHOTH	-0.4036	0.3314	0.2232	0.0314	0.1787	0.8606	0.0385	0.0038
G6_PHANTOM	0.3681	0.5566	0.5085	0.5893	0.7482	0.4309	0.0385	0.0038
G6_PLANTAR	0.1566	0.1214	0.1971	0.0215	0.1014	0.8319	0.0385	0.0038
G6_POLYOTHUNS	0.0815	0.093	0.3809	0.0805	0.0716	0.2604	0.0385	0.0038
G6_POSTOPNEURO	0.384	0.1277	0.0026	0.2336	0.1046	0.0256	0.0385	0.0038
G6_POSTPOLIO	0.1234	0.1982	0.5334	0.1296	0.159	0.415	0.0385	0.0038
G6_POSTVIRFAT	0.0789	0.312	0.8003	0.2065	0.3332	0.5354	0.0385	0.0038
G6_POSTZOST	0.4209	0.4957	0.3958	-0.0092	0.2325	0.9685	0.0385	0.0038
G6_PROGRESSIVE_SUPRANUCLEAR_OPHTHALMOPLEGIA	NA	NA	NA	NA	NA	NA	NA	NA
G6_RADLES	0.2637	0.1024	0.01	0.2126	0.0756	0.0049	0.0385	0.0038
G6_RLS	0.0794	0.0864	0.3584	-0.0144	0.0678	0.8319	0.0385	0.0038
G6_ROOTPLEXOTHUNS	0.2594	0.066	8.4728e-05	0.1701	0.0599	0.0045	0.0385	0.0038
G6_SCIALE	0.3923	0.2331	0.0923	0.1441	0.1349	0.2854	0.0385	0.0038
G6_SLEEPAPNO_INCLAVO	0.2238	0.0342	6.3051e-11	0.1493	0.0298	5.5667e-07	0.0385	0.0038
G6_SLEEPAPNO	0.2041	0.034	1.9159e-09	0.1504	0.029	2.1841e-07	0.0385	0.0038
G6_SLEEPDISOTH	0.2872	0.1163	0.0136	0.2255	0.0934	0.0157	0.0385	0.0038
G6_SPASMODIC_TORTICOLLIS	0.0356	0.0993	0.7197	0.0875	0.0767	0.2542	0.0385	0.0038
G6_SPINAMUSCOTH	NA	NA	NA	NA	NA	NA	NA	NA
G6_SPINOTH	0.1991	0.3615	0.5817	-0.0979	0.2527	0.6984	0.0385	0.0038
G6_STATUSEPI	0.1655	0.1699	0.3299	0.3169	0.1461	0.0301	0.0385	0.0038
G6_TARSTUN	0.3607	0.1779	0.0426	0.29	0.1289	0.0245	0.0385	0.0038
G6_TETRAPLE	-0.1285	0.168	0.4442	-0.1302	0.1437	0.3647	0.0385	0.0038
G6_THROOT	NA	NA	NA	NA	NA	NA	0.0385	0.0038
G6_TRINEU	0.1503	0.1797	0.4029	0.2539	0.1455	0.0811	0.0385	0.0038
G6_TRIOTHUNS	-0.0969	0.383	0.8002	0.3256	0.4058	0.4224	0.0385	0.0038
G6_ULLNLE	0.454	0.0876	2.2023e-07	0.2218	0.0579	0.0001	0.0385	0.0038
G6_XTRAPYROTH	0.0747	0.0813	0.358	0.0339	0.0621	0.5847	0.0385	0.0038
G6_XTRAPYR	-0.0266	0.0725	0.7139	-0.0004	0.0537	0.994	0.0385	0.0038
GASTRIC_ULCER_ACUTE_W_HAEMORRHAGE	-0.0109	0.1245	0.93	-0.0028	0.0935	0.9759	0.0385	0.0038
GENERALI_SKIN_ERUPT_DRUGS_MEDICAM	-0.1082	0.2138	0.6129	-0.1489	0.1663	0.3707	0.0385	0.0038
GEST_DIABETES	0.2678	0.0494	6.1080e-08	0.2502	0.0425	3.8817e-09	0.0385	0.0038
GE_MODE	0.0973	0.0935	0.2981	0.0349	0.0761	0.6461	0.0385	0.0038
GE_STRICT	0.0171	0.1442	0.9058	0.0161	0.1141	0.8877	0.0385	0.0038
GE	0.1591	0.089	0.0739	0.0913	0.0742	0.2182	0.0385	0.0038
GOUT_IDIO	0.1393	0.0788	0.0771	0.1376	0.075	0.0666	0.0385	0.0038
GOUT_KIDNEY	NA	NA	NA	NA	NA	NA	0.0385	0.0038
GOUT_NOS	0.1351	0.0536	0.0117	0.1288	0.0474	0.0066	0.0385	0.0038
GOUT_SCND	NA	NA	NA	NA	NA	NA	NA	NA
GOUT_STRICT	0.1237	0.049	0.0116	0.1314	0.045	0.0035	0.0385	0.0038
GRAVES_OPHT	0.0372	0.1141	0.7441	-0.0147	0.098	0.8807	0.0385	0.0038
H7_ADHESIOIRIS	0.1504	0.1925	0.4346	0.1257	0.1639	0.4432	0.0385	0.0038
H7_ALLERGICCONJUNCTIVITIS	-0.0094	0.0477	0.8435	-0.0841	0.0358	0.0187	0.0385	0.0038
H7_AMBLYANOPSIA	0.1125	0.4489	0.8021	0.0709	0.3929	0.8567	0.0385	0.0038
H7_AMD	0.0031	0.0529	0.9531	0.0542	0.0384	0.1576	0.0385	0.0038
H7_ANISOMETROPIA	0.1701	0.5179	0.7425	-0.3175	0.7322	0.6646	0.0385	0.0038
H7_ANOMAPUPFUNC	0.0378	0.1681	0.8219	0.1154	0.1174	0.3257	0.0385	0.0038
H7_APHAKIA	NA	NA	NA	NA	NA	NA	NA	NA
H7_ASTIGMATISM	0.396	0.6458	0.5397	0.1246	0.3517	0.7231	0.0385	0.0038
H7_BCKRNDRETINOPAT	0.0876	0.2092	0.6754	-0.054	0.1847	0.7701	0.0385	0.0038
H7_BINOCUMOVNAS	NA	NA	NA	NA	NA	NA	NA	NA
H7_BINOCUMOVOTH	-0.0431	0.1857	0.8165	-0.0013	0.1513	0.9934	0.0385	0.0038
H7_BINODISTOTH	0.2994	0.2029	0.14	0.0782	0.1296	0.5461	0.0385	0.0038
H7_BLEPHAROCHALASIS	0.1408	0.0447	0.0016	0.0897	0.0395	0.0232	0.0385	0.0038
H7_BLINDANDVISIMPAIRMENT	NA	NA	NA	NA	NA	NA	0.0385	0.0038
H7_BLINDMONOCULAR	NA	NA	NA	NA	NA	NA	0.0385	0.0038
H7_BULLKERATOPATHY	-0.1437	0.2481	0.5624	0.027	0.1928	0.8888	0.0385	0.0038
H7_CATARACTOTHER	0.039	0.0543	0.4724	0.0457	0.0385	0.235	0.0385	0.0038
H7_CATARACTSENILE	0.0202	0.0442	0.6485	0.0353	0.0311	0.257	0.0385	0.0038
H7_CENTRRETARTOCC	NA	NA	NA	NA	NA	NA	0.0385	0.0038
H7_CHALAZION	0.1077	0.1007	0.2848	0.0376	0.0719	0.6013	0.0385	0.0038
H7_CHORDETACH	0.1789	0.1659	0.2809	-0.0273	0.1257	0.828	0.0385	0.0038
H7_CHORHAEMORRHAGE	-0.4261	0.2226	0.0556	-0.1679	0.1394	0.2284	0.0385	0.0038
H7_CHORIORETINFLAM	0.2958	0.2261	0.1908	-0.2912	0.1919	0.1291	0.0385	0.0038
H7_CHORNAS	NA	NA	NA	NA	NA	NA	0.0385	0.0038
H7_CHOROIDOTH	NA	NA	NA	NA	NA	NA	0.0385	0.0038
H7_CHOROIDRETINA	0.0178	0.0564	0.7518	0.024	0.0443	0.5881	0.0385	0.0038
H7_CHORSCAR	-0.2275	0.1879	0.226	-0.1852	0.1666	0.2662	0.0385	0.0038
H7_CONJUHAEMOR	0.0694	0.1194	0.5613	0.0972	0.0972	0.3176	0.0385	0.0038
H7_CONJUNAS	NA	NA	NA	NA	NA	NA	0.0385	0.0038
H7_CONJUNCTDEGDEPOT	-0.0648	0.2171	0.7653	0.0386	0.1803	0.8305	0.0385	0.0038
H7_CONJUNCTIVITISACUNONATOPIC	0.0936	0.1024	0.3607	0.0613	0.0718	0.3939	0.0385	0.0038
H7_CONJUNCTIVITISATOPIC	0.2119	0.1868	0.2568	0.1703	0.1757	0.3325	0.0385	0.0038
H7_CONJUNCTIVITISCHRON	-0.0467	0.3349	0.889	0.1893	0.3996	0.6357	0.0385	0.0038
H7_CONJUNCTIVITIS	0.0172	0.0504	0.7334	-0.0465	0.0384	0.2256	0.0385	0.0038
H7_CONJUNCTSCAR	-0.0749	0.132	0.5704	-0.0399	0.0957	0.6769	0.0385	0.0038
H7_CONJUVASC	-0.0336	0.1138	0.7681	-0.079	0.0893	0.3763	0.0385	0.0038
H7_CONVERGINSUFF	-0.0287	0.1534	0.8518	0.1175	0.1358	0.3869	0.0385	0.0038
H7_CONVERSTRAB	-0.0328	0.0728	0.6524	-0.0274	0.0561	0.6252	0.0385	0.0038
H7_CORNEALDEFORM	-0.1064	0.0957	0.2662	-0.0341	0.0682	0.6174	0.0385	0.0038
H7_CORNEALDYSTROPHY	0.1374	0.1446	0.342	0.0061	0.119	0.9592	0.0385	0.0038
H7_CORNEALMEMBRANE	0.0488	0.1439	0.7343	0.0945	0.1273	0.4581	0.0385	0.0038
H7_CORNEALNAS	0.0326	0.1304	0.8023	0.0127	0.1107	0.9085	0.0385	0.0038
H7_CORNEALOEDEMA	NA	NA	NA	NA	NA	NA	0.0385	0.0038
H7_CORNEALOTH	-0.0125	0.1076	0.9075	0.0527	0.0678	0.4369	0.0385	0.0038
H7_CORNEALSCAR	NA	NA	NA	NA	NA	NA	0.0385	0.0038
H7_CORNEAPIGMENT	0.6032	1.0608	0.5696	-0.1795	0.3932	0.648	0.0385	0.0038
H7_CORNULCER	0.0596	0.0985	0.5453	0.0894	0.0768	0.2446	0.0385	0.0038
H7_COULOURVISDEF	0.3327	0.619	0.5909	-0.2173	0.3921	0.5795	0.0385	0.0038
H7_CYSTIRIS	-0.091	0.1412	0.5194	0.0375	0.1185	0.7517	0.0385	0.0038
H7_DACRYOADENITIS	-0.3774	0.3379	0.264	-0.0078	0.1928	0.9676	0.0385	0.0038
H7_DEGENMYOPIA	-0.1555	0.1204	0.1965	-0.1126	0.0981	0.2512	0.0385	0.0038
H7_DIPLOPIA	0.2327	0.1224	0.0573	0.2647	0.0991	0.0075	0.0385	0.0038
H7_DISORDERLENSNAS	-0.3336	0.561	0.552	0.0692	0.1857	0.7093	0.0385	0.0038
H7_DIVERGSTRAB	-0.047	0.084	0.5757	0.0597	0.0627	0.3414	0.0385	0.0038
H7_ECTROPION	0.15	0.1273	0.2386	0.1283	0.0902	0.1552	0.0385	0.0038
H7_ENTROPION	0.1036	0.076	0.173	-0.029	0.0545	0.5938	0.0385	0.0038
H7_EPIPHORA	0.1234	0.1591	0.4378	-0.0186	0.1277	0.884	0.0385	0.0038
H7_EPISCLERITIS	NA	NA	NA	NA	NA	NA	NA	NA
H7_EXOPTHALMUS	-0.1515	0.2021	0.4534	-0.0437	0.1617	0.7867	0.0385	0.0038
H7_EYEADNEXOTH	-0.1097	0.3359	0.744	0.1172	0.3294	0.7221	0.0385	0.0038
H7_EYELIDDEGEN	0.0558	0.1961	0.7759	0.0598	0.1655	0.7178	0.0385	0.0038
H7_EYELIDDIS	0.1334	0.0501	0.0077	0.0927	0.0393	0.0182	0.0385	0.0038
H7_EYELIDFUNC	NA	NA	NA	NA	NA	NA	0.0385	0.0038
H7_EYELIDINFLAMMATION	0.01	0.1231	0.9351	-0.0842	0.0996	0.3975	0.0385	0.0038
H7_EYELIDINOTH	0.1238	0.1478	0.4024	0.0445	0.1061	0.6751	0.0385	0.0038
H7_EYELIDNAS	0.1065	0.1387	0.4426	0.0171	0.0975	0.861	0.0385	0.0038
H7_EYEOTH	0.2358	0.1064	0.0267	0.2918	0.0885	0.001	0.0385	0.0038
H7_EYEPOSTOP	-0.1442	0.1425	0.3114	-0.0341	0.1163	0.769	0.0385	0.0038
H7_GLAUCCLOSEPRIM	0.0072	0.0809	0.9293	-0.068	0.0603	0.2594	0.0385	0.0038
H7_GLAUCNAS	-0.1938	0.0906	0.0325	-0.1177	0.0688	0.0871	0.0385	0.0038
H7_GLAUCOMAMEDICATION	-0.0223	0.0816	0.7841	-0.0506	0.0541	0.3497	0.0385	0.0038
H7_GLAUCOMA_JOAG	0.0171	0.1414	0.904	0.0832	0.1076	0.4394	0.0385	0.0038
H7_GLAUCOMA_NTG	-0.1034	0.0542	0.0563	-0.0611	0.044	0.1645	0.0385	0.0038
H7_GLAUCOMA_POAG	-0.0283	0.0445	0.5251	-0.0773	0.0309	0.0122	0.0385	0.0038
H7_GLAUCOMA_XFG	0.0029	0.0652	0.9646	-0.0663	0.0488	0.1744	0.0385	0.0038
H7_GLAUCOMA	-0.0211	0.0451	0.6398	-0.0492	0.0307	0.1085	0.0385	0.0038
H7_GLAUCSECDRUG	-0.0035	0.168	0.9835	0.1338	0.1386	0.3344	0.0385	0.0038
H7_GLAUCSECINFLAM	NA	NA	NA	NA	NA	NA	NA	NA
H7_GLAUCSECTRAUMA	0.2219	0.2897	0.4438	-0.1311	0.2202	0.5516	0.0385	0.0038
H7_GLAUCSUSP	0.0146	0.0534	0.7844	-0.0021	0.0391	0.9575	0.0385	0.0038
H7_GLOBEDEGENERATED	0.2321	0.1747	0.1839	-0.0407	0.1005	0.6856	0.0385	0.0038
H7_GLOBENAS	-0.0698	0.1958	0.7216	-0.3669	0.1952	0.0602	0.0385	0.0038
H7_GLOBE	-0.0542	0.1884	0.7735	-0.2483	0.1769	0.1605	0.0385	0.0038
H7_HEREDRETINADYST	0.0264	0.1038	0.7992	0.0304	0.0862	0.7243	0.0385	0.0038
H7_HERPESKERATITIS	NA	NA	NA	NA	NA	NA	0.0385	0.0038
H7_HETEROPHORIA	0.185	0.0846	0.0288	0.1067	0.0673	0.1128	0.0385	0.0038
H7_HETEROTRONAS	-0.1662	0.3389	0.6239	-0.0061	0.2181	0.9777	0.0385	0.0038
H7_HORDEOLUM	0.2662	0.2785	0.3392	0.1064	0.1915	0.5786	0.0385	0.0038
H7_HYPERMETRO	0.1899	0.1194	0.1118	0.1545	0.0923	0.0942	0.0385	0.0038
H7_INTERHETEROTRO	0.1263	0.1078	0.2414	0.0547	0.079	0.4884	0.0385	0.0038
H7_INTERNUCOPHTHALMOPLEGIA	-0.1024	0.1601	0.5225	-0.0951	0.1493	0.5241	0.0385	0.0038
H7_IRIDOACUTE	0.0919	0.0998	0.357	-0.0821	0.0767	0.2845	0.0385	0.0038
H7_IRIDOCHRONIC	0.0916	0.1596	0.5658	-0.133	0.1189	0.2631	0.0385	0.0038
H7_IRIDOCYCLITISINOTH	0.1997	0.1757	0.2557	-0.1243	0.125	0.3199	0.0385	0.0038
H7_IRIDOCYCLITIS	0.1309	0.0989	0.1857	-0.0841	0.0718	0.2414	0.0385	0.0038
H7_IRIDOCYC_ANTER	0.1198	0.0989	0.2258	-0.0944	0.0737	0.2003	0.0385	0.0038
H7_IRIDOLENS	-0.3754	0.2633	0.154	-0.19	0.1849	0.3042	0.0385	0.0038
H7_IRIDONAS	NA	NA	NA	NA	NA	NA	0.0385	0.0038
H7_IRISCILIARYNAS	0.0853	0.197	0.6649	0.0056	0.1545	0.9713	0.0385	0.0038
H7_JUVENILE_CATARACT	0.431	0.2506	0.0855	0.2168	0.1698	0.2017	0.0385	0.0038
H7_KERATITISINOTH	0.01	0.194	0.959	0.0036	0.1515	0.9809	0.0385	0.0038
H7_KERATITISOTH	0.2066	0.1551	0.1828	0.0268	0.127	0.8329	0.0385	0.0038
H7_KERATITIS	0.073	0.0868	0.4001	0.0808	0.0592	0.1721	0.0385	0.0038
H7_KERATOCONUS	0.0304	0.0881	0.7302	0.0704	0.074	0.3414	0.0385	0.0038
H7_LACRIMALSYSTEM	0.0188	0.0752	0.8029	0.0075	0.0571	0.8952	0.0385	0.0038
H7_LACRIMINFLAMACU	-0.139	0.2106	0.5092	-0.0995	0.1982	0.6157	0.0385	0.0038
H7_LACRIMINFLAMCHRON	0.0088	0.18	0.961	0.2154	0.1838	0.2412	0.0385	0.0038
H7_LACRINAS	0.2734	0.2734	0.3172	-0.0189	0.1758	0.9146	0.0385	0.0038
H7_LAGOPHTALMOS	0.2697	0.6705	0.6875	0.0866	0.302	0.7742	0.0385	0.0038
H7_LENSDISLOCATIO	NA	NA	NA	NA	NA	NA	0.0385	0.0038
H7_LIDLACRIMALORBIT	0.1017	0.0638	0.1108	0.0498	0.0467	0.2865	0.0385	0.0038
H7_MACULADEGEN	-0.0025	0.0539	0.9632	0.0888	0.0451	0.0489	0.0385	0.0038
H7_MILDVISIMPBINOC	NA	NA	NA	NA	NA	NA	NA	NA
H7_MODVISIMPBINOC	NA	NA	NA	NA	NA	NA	NA	NA
H7_MODVISIMPMONOC	-0.1586	0.1872	0.3969	-0.3471	0.2027	0.0868	0.0385	0.0038
H7_MYOPIA	-0.127	0.0608	0.0368	-0.1388	0.0488	0.0045	0.0385	0.0038
H7_NYSTAGMUS	NA	NA	NA	NA	NA	NA	0.0385	0.0038
H7_OCUMUSCLE	0.0569	0.0735	0.4388	0.0525	0.062	0.3968	0.0385	0.0038
H7_OCUPAIN	0.4894	0.1625	0.0026	0.3717	0.1278	0.0036	0.0385	0.0038
H7_OPTATROPHY	NA	NA	NA	NA	NA	NA	0.0385	0.0038
H7_OPTICDISCOTH	-0.0901	0.1548	0.5603	0.2168	0.1177	0.0656	0.0385	0.0038
H7_OPTIC_ATROPHY	NA	NA	NA	NA	NA	NA	0.0385	0.0038
H7_OPTNERVE	0.0884	0.1002	0.3778	0.0224	0.0838	0.7895	0.0385	0.0038
H7_OPTNERVNAS	0.2636	0.5791	0.649	0.2206	0.4429	0.6184	0.0385	0.0038
H7_OPTNEURITIS	-0.1846	0.1643	0.2611	-0.2646	0.1805	0.1426	0.0385	0.0038
H7_OPTNEUROTH	0.1811	0.1207	0.1334	0.1819	0.0996	0.0677	0.0385	0.0038
H7_ORBITINFLAMACU	NA	NA	NA	NA	NA	NA	NA	NA
H7_ORBITINFLAMCHRON	-0.1371	0.1402	0.328	-0.0436	0.1141	0.7026	0.0385	0.0038
H7_ORBITNAS	-0.0215	0.1923	0.9112	0.1107	0.1653	0.503	0.0385	0.0038
H7_ORBIT	0.0371	0.0938	0.6925	0.0546	0.0816	0.5031	0.0385	0.0038
H7_OTHENDOPHTHALMITIS	0.0101	0.1945	0.9586	0.1645	0.1802	0.3613	0.0385	0.0038
H7_OTHERCONJ	0.0335	0.115	0.7709	0.0352	0.0809	0.6641	0.0385	0.0038
H7_OTHIRISCILIARY	0.2557	0.5404	0.6361	-0.1467	0.3534	0.678	0.0385	0.0038
H7_OTHRETARTOCC	NA	NA	NA	NA	NA	NA	0.0385	0.0038
H7_PAPILLOEDEMA	0.0525	0.1758	0.765	0.0522	0.1224	0.6702	0.0385	0.0038
H7_PARASTRA3	NA	NA	NA	NA	NA	NA	NA	NA
H7_PARASTRA4	NA	NA	NA	NA	NA	NA	0.0385	0.0038
H7_PARASTRA6	0.1381	0.1231	0.2619	0.1748	0.0951	0.0661	0.0385	0.0038
H7_PARASTRAB	0.3339	0.3327	0.3156	0.23	0.2612	0.3786	0.0385	0.0038
H7_PARASTRANAS	NA	NA	NA	NA	NA	NA	0.0385	0.0038
H7_PERIPHRETINADEGEN	-0.2071	0.1376	0.1323	0.0244	0.0878	0.7812	0.0385	0.0038
H7_POSTOPEYENAS	-0.2009	0.1574	0.2019	-0.0787	0.1221	0.5195	0.0385	0.0038
H7_PRESBYOPIA	NA	NA	NA	NA	NA	NA	NA	NA
H7_PROLIFRETINOPATHOTH	0.0579	0.4269	0.8921	-0.2767	0.5719	0.6285	0.0385	0.0038
H7_PTERYGIUM	-0.019	0.0864	0.8264	0.0203	0.0714	0.7758	0.0385	0.0038
H7_PTOSIS	0.1217	0.0868	0.1611	0.0948	0.0707	0.1797	0.0385	0.0038
H7_PURENDOPHTHALMITIS	NA	NA	NA	NA	NA	NA	0.0385	0.0038
H7_REFRAACCOMMODIS	0.0425	0.0925	0.6458	-0.0118	0.0792	0.8818	0.0385	0.0038
H7_RETARTOCCTRANS	NA	NA	NA	NA	NA	NA	0.0385	0.0038
H7_RETINAHAEMORR	NA	NA	NA	NA	NA	NA	0.0385	0.0038
H7_RETINALBREAK	-0.0205	0.0696	0.7677	-0.0715	0.054	0.1848	0.0385	0.0038
H7_RETINALDETACHBREAK	-0.0589	0.063	0.3497	-0.1204	0.0516	0.0196	0.0385	0.0038
H7_RETINALDETACHOTH	0.1093	0.2389	0.6472	-0.0504	0.1717	0.7689	0.0385	0.0038
H7_RETINALDETACHTRACTION	NA	NA	NA	NA	NA	NA	0.0385	0.0038
H7_RETINALDETACH	0.0431	0.0635	0.4972	-0.0917	0.0477	0.0545	0.0385	0.0038
H7_RETINALDISOTH	-0.0043	0.0554	0.9376	0.0956	0.0433	0.0274	0.0385	0.0038
H7_RETINANAS	0.2362	0.1556	0.1291	0.045	0.1074	0.6754	0.0385	0.0038
H7_RETINASEPAR	0.1052	0.1252	0.4007	0.1197	0.1024	0.2426	0.0385	0.0038
H7_RETINAVASC	0.2611	0.1239	0.0351	0.0246	0.093	0.7917	0.0385	0.0038
H7_RETINOCHISISCYST	-0.1229	0.1559	0.4305	-0.0434	0.1202	0.7181	0.0385	0.0038
H7_RETINODISINOTH	NA	NA	NA	NA	NA	NA	0.0385	0.0038
H7_RETIVASCOCCLUSION	0.2749	0.1304	0.035	0.0166	0.0939	0.8594	0.0385	0.0038
H7_RETROBULBNEURINOTH	0.3586	0.146	0.014	0.0568	0.1227	0.6431	0.0385	0.0038
H7_SCLERACORNEA	0.1148	0.0754	0.128	0.041	0.0527	0.4365	0.0385	0.0038
H7_SCLERITIS	NA	NA	NA	NA	NA	NA	NA	NA
H7_SEVVISIMPBINOC	NA	NA	NA	NA	NA	NA	NA	NA
H7_SEVVISIMPMONOC	NA	NA	NA	NA	NA	NA	0.0385	0.0038
H7_STENOLACRI	0.033	0.1115	0.767	-0.0133	0.0815	0.87	0.0385	0.0038
H7_STRABMECH	NA	NA	NA	NA	NA	NA	0.0385	0.0038
H7_STRABNAS	NA	NA	NA	NA	NA	NA	0.0385	0.0038
H7_STRABOTH	0.0162	0.0773	0.8339	0.0769	0.0575	0.1806	0.0385	0.0038
H7_VASCCILIARY	0.1743	0.2422	0.4718	-0.1046	0.1633	0.5219	0.0385	0.0038
H7_VERTISTRAB	NA	NA	NA	NA	NA	NA	NA	NA
H7_VISDISTNAS	0.1937	0.107	0.0703	0.0146	0.0914	0.8735	0.0385	0.0038
H7_VISFIELDDEF	-0.1642	0.1388	0.2369	0.0452	0.1023	0.6588	0.0385	0.0038
H7_VISIMPBILATERAL	0.0893	0.1582	0.5725	0.0411	0.1167	0.7248	0.0385	0.0038
H7_VISUALPATHNAS	0.138	0.2247	0.5391	-0.0298	0.1373	0.828	0.0385	0.0038
H7_VISUDISTURBSUB	0.1098	0.0831	0.1863	0.1299	0.0676	0.0548	0.0385	0.0038
H7_VISUDISTURB	0.1425	0.0772	0.065	0.1385	0.0562	0.0136	0.0385	0.0038
H7_VITRBODYGLOBE	0.1137	0.0594	0.0555	0.0575	0.0488	0.238	0.0385	0.0038
H7_VITRCRYSTAL	0.0488	0.1083	0.6523	0.0404	0.0792	0.6101	0.0385	0.0038
H7_VITROPACIT	0.261	0.2763	0.3448	0.1228	0.2369	0.6042	0.0385	0.0038
H7_VITROTH	0.0898	0.0637	0.1588	0.0718	0.0502	0.1524	0.0385	0.0038
H7_VITRPROLAPSE	0.044	0.1904	0.8173	0.0979	0.1687	0.5617	0.0385	0.0038
H7_XANTHELASMA	NA	NA	NA	NA	NA	NA	0.0385	0.0038
H8_ABNAUDPER	NA	NA	NA	NA	NA	NA	0.0385	0.0038
H8_ACOUSNERVDIS	0.02	0.124	0.872	0.1181	0.0876	0.178	0.0385	0.0038
H8_BPV	0.1908	0.0534	0.0004	0.0626	0.0516	0.2257	0.0385	0.0038
H8_CERUMEN	0.0372	0.1845	0.8403	-0.0655	0.1425	0.6456	0.0385	0.0038
H8_CHOLEASTOMA	0.2146	0.1058	0.0425	0.0074	0.0728	0.9187	0.0385	0.0038
H8_CHRON_SUPOTITIS	0.1666	0.1236	0.1774	0.1464	0.0908	0.1066	0.0385	0.0038
H8_DEGVASCEAR	0.0059	0.1944	0.9759	0.11	0.159	0.489	0.0385	0.0038
H8_DISCON	-0.187	0.334	0.5756	0.0467	0.2488	0.8512	0.0385	0.0038
H8_EARNAS	-0.1258	0.1378	0.3612	0.086	0.1011	0.3951	0.0385	0.0038
H8_EUSTNAS	-0.0826	0.3402	0.8082	-0.0691	0.2681	0.7967	0.0385	0.0038
H8_EUSTSALP	0.0616	0.0885	0.4863	-0.0233	0.0634	0.7132	0.0385	0.0038
H8_EXCESSIVE_EARWAX	-0.0193	0.0893	0.8286	-0.0925	0.0513	0.0711	0.0385	0.0038
H8_EXTDISINOTH	0.0566	0.1272	0.6567	0.137	0.0953	0.1508	0.0385	0.0038
H8_EXTDISNAS	0.1106	0.1199	0.3562	-0.022	0.0896	0.8056	0.0385	0.0038
H8_EXTERNAL	0.1631	0.0777	0.0357	0.0567	0.0602	0.3459	0.0385	0.0038
H8_EXTOTITIS	0.1924	0.0745	0.0099	0.0758	0.0595	0.2027	0.0385	0.0038
H8_EXT_ABSC	0.5254	0.2062	0.0108	0.1708	0.1262	0.1759	0.0385	0.0038
H8_EXT_CELLUL	0.0349	0.178	0.8446	0.1684	0.139	0.2256	0.0385	0.0038
H8_EXT_CHOL	-0.2722	0.2092	0.1931	-0.4599	0.2521	0.0682	0.0385	0.0038
H8_EXT_INFNAS	0.1986	0.1107	0.0729	-0.0004	0.0737	0.9952	0.0385	0.0038
H8_EXT_MALIGN	0.0585	0.1901	0.7585	0.1333	0.1494	0.3721	0.0385	0.0038
H8_EXT_NAS	0.1401	0.0812	0.0845	0.1534	0.0681	0.0243	0.0385	0.0038
H8_EXT_NONINF	-0.1108	0.2388	0.6428	0.0944	0.1982	0.6337	0.0385	0.0038
H8_EXT_OTH	0.1906	0.1063	0.0729	0.0836	0.0787	0.2879	0.0385	0.0038
H8_HL_CON_NAS	0.0582	0.1511	0.7001	0.1925	0.1244	0.1216	0.0385	0.0038
H8_HL_DEAFMUT	NA	NA	NA	NA	NA	NA	0.0385	0.0038
H8_HL_IDIOP	0.3357	0.1817	0.0647	0.2223	0.1433	0.1208	0.0385	0.0038
H8_HL_MIX_NAS	0.2462	0.1143	0.0313	0.0596	0.0708	0.3996	0.0385	0.0038
H8_HL_NAS	NA	NA	NA	NA	NA	NA	NA	NA
H8_HL_OTOTOX	-0.107	0.2512	0.6701	-0.0798	0.1929	0.679	0.0385	0.0038
H8_HL_PRESBY	0.085	0.0939	0.3653	0.0848	0.0803	0.2911	0.0385	0.0038
H8_HL_SEN_NAS	0.0548	0.0498	0.2714	0.0726	0.0371	0.0504	0.0385	0.0038
H8_INNERNAS	-0.1019	0.24	0.6711	0.1068	0.1971	0.5879	0.0385	0.0038
H8_LABYRFISTU	-0.0671	0.1196	0.5747	0.1686	0.1115	0.1305	0.0385	0.0038
H8_LABYRINTHITIS	NA	NA	NA	NA	NA	NA	0.0385	0.0038
H8_MASTACU	NA	NA	NA	NA	NA	NA	0.0385	0.0038
H8_MASTCHRON	0.1725	0.1244	0.1655	0.0283	0.1076	0.7927	0.0385	0.0038
H8_MASTNAS	NA	NA	NA	NA	NA	NA	0.0385	0.0038
H8_MED_SUPP	0.1972	0.0651	0.0024	0.1461	0.0477	0.0022	0.0385	0.0038
H8_MENIERE	0.1003	0.0957	0.2946	0.148	0.0739	0.0452	0.0385	0.0038
H8_MIDDLEADDH	0.3769	0.2743	0.1695	0.1951	0.1889	0.3017	0.0385	0.0038
H8_MIDDLEMASTOID	0.1221	0.0551	0.0268	0.0945	0.0426	0.0266	0.0385	0.0038
H8_MIDDMASTNAS	-0.1049	0.1748	0.5483	-0.1262	0.148	0.3939	0.0385	0.0038
H8_MYRINGACU	NA	NA	NA	NA	NA	NA	0.0385	0.0038
H8_MYRINGCHRON	0.1796	0.1461	0.2188	-0.0513	0.1039	0.6214	0.0385	0.0038
H8_MYRINGNAS	-0.0149	0.1351	0.9119	0.0712	0.1076	0.508	0.0385	0.0038
H8_NOISEINNER	NA	NA	NA	NA	NA	NA	NA	NA
H8_NONSUPPNAS	0.0802	0.0688	0.2438	0.0972	0.0522	0.0625	0.0385	0.0038
H8_OSSICABN	NA	NA	NA	NA	NA	NA	NA	NA
H8_OTALGIA	0.4045	0.2328	0.0823	0.1505	0.1466	0.3047	0.0385	0.0038
H8_OTHEREAR	0.0735	0.0525	0.162	0.1004	0.0365	0.0059	0.0385	0.0038
H8_OTHHEARINGLOSS	0.1597	0.096	0.0962	0.1431	0.0787	0.0689	0.0385	0.0038
H8_OTIMEDNAS	0.3161	0.1102	0.0041	0.0385	0.0833	0.6439	0.0385	0.0038
H8_OTORRHAGIA	NA	NA	NA	NA	NA	NA	0.0385	0.0038
H8_OTORRHOEA	0.0395	0.2345	0.8663	0.2964	0.2956	0.3159	0.0385	0.0038
H8_OTOSCLE	-0.147	0.0722	0.0419	0.0247	0.041	0.546	0.0385	0.0038
H8_PERCHRONDR	0.3659	0.4343	0.3995	0.1475	0.2691	0.5836	0.0385	0.0038
H8_PERFORATION	0.0589	0.0944	0.5329	0.1761	0.0771	0.0224	0.0385	0.0038
H8_PERIPHVERTIGO	0.0359	0.1443	0.8034	0.1505	0.1077	0.1621	0.0385	0.0038
H8_PINNADIS	-0.0856	0.1648	0.6035	-0.1667	0.1413	0.2382	0.0385	0.0038
H8_POLYPMIDD	0.0836	0.1278	0.513	0.0181	0.1028	0.8604	0.0385	0.0038
H8_POSTMASTCHOLEASTOMA	NA	NA	NA	NA	NA	NA	NA	NA
H8_POSTMASTNAS	-0.0111	0.1767	0.9497	0.024	0.1353	0.8593	0.0385	0.0038
H8_POSTOPNAS	-0.088	0.3241	0.786	-0.1254	0.3412	0.7133	0.0385	0.0038
H8_POSTOP	0.0268	0.2135	0.9002	0.103	0.1865	0.5809	0.0385	0.0038
H8_STENOEXTCAN	NA	NA	NA	NA	NA	NA	0.0385	0.0038
H8_SUP_ACUTE	0.1855	0.0828	0.0252	0.2078	0.0584	0.0004	0.0385	0.0038
H8_SUP_OTINAS	NA	NA	NA	NA	NA	NA	0.0385	0.0038
H8_TINNITUS	-0.1355	0.0845	0.1089	0.0032	0.0602	0.957	0.0385	0.0038
H8_TYMPSCLE	NA	NA	NA	NA	NA	NA	0.0385	0.0038
H8_VERTIGOCENT	NA	NA	NA	NA	NA	NA	0.0385	0.0038
H8_VERTIGO	0.1585	0.0574	0.0057	0.1049	0.0463	0.0234	0.0385	0.0038
H8_VESTIBNEUR	0.0952	0.0983	0.3325	0.1566	0.0823	0.0573	0.0385	0.0038
H8_VESTIFUNCNAS	-0.2508	0.1805	0.1645	0.0922	0.129	0.4747	0.0385	0.0038
HAEMOPHIL_SEPTICHE	0.117	0.222	0.5983	-0.052	0.1548	0.7371	0.0385	0.0038
HEIGHT_IRN	0.0324	0.029	0.263	-0.0675	0.0201	0.0008	0.0385	0.0038
HERING_BILATERAL	-0.0144	0.071	0.8393	-0.05	0.0568	0.3785	0.0385	0.0038
HERING_UNILATERAL	0.2277	0.1242	0.0667	0.1159	0.095	0.2226	0.0385	0.0038
HYPOTE_DRUGS	0.126	0.2158	0.5592	0.0102	0.1577	0.9485	0.0385	0.0038
HYPOTHY_REIMB	0.0589	0.0444	0.1849	0.0971	0.0388	0.0123	0.0385	0.0038
I9_ABAORTANEUR	0.1097	0.0657	0.0947	0.0274	0.0469	0.5596	0.0385	0.0038
I9_AF_REIMB	0.082	0.0378	0.0299	0.0449	0.0261	0.0851	0.0385	0.0038
I9_AF	0.0896	0.0356	0.0119	0.0623	0.0261	0.0171	0.0385	0.0038
I9_ANEURYSM	0.1003	0.0657	0.1264	-0.0006	0.0569	0.992	0.0385	0.0038
I9_ANGINA	0.2395	0.0371	1.0727e-10	0.1487	0.0319	3.1253e-06	0.0385	0.0038
I9_ANGIO	0.185	0.0363	3.3891e-07	0.1347	0.0319	2.4117e-05	0.0385	0.0038
I9_AORTANEUR	0.0748	0.0547	0.1713	0.0786	0.0461	0.0884	0.0385	0.0038
I9_AORTDIS	-0.1426	0.1269	0.2611	0.0959	0.1003	0.3387	0.0385	0.0038
I9_ARTEMBTHRLOW	0.1451	0.1056	0.1694	0.1581	0.0861	0.0662	0.0385	0.0038
I9_ARTEMBTHRNAS	0.002	0.191	0.9916	0.0006	0.1405	0.9964	0.0385	0.0038
I9_ARTEMBTHR	0.1813	0.1302	0.1637	0.1219	0.0997	0.2216	0.0385	0.0038
I9_ARTOTH	0.0114	0.1286	0.9295	0.0971	0.1102	0.3781	0.0385	0.0038
I9_ATHSCLE	0.1917	0.0502	0.0001	0.1004	0.0378	0.008	0.0385	0.0038
I9_AVBLOCK	-0.0282	0.062	0.6499	-0.0191	0.0428	0.6551	0.0385	0.0038
I9_CABG	0.1382	0.0419	0.001	0.0732	0.0342	0.0323	0.0385	0.0038
I9_CARDARR	0.0759	0.1127	0.5011	0.2024	0.0853	0.0176	0.0385	0.0038
I9_CARDMSEC	0.1001	0.1503	0.5056	0.0516	0.1341	0.7006	0.0385	0.0038
I9_CARDMYOALC	NA	NA	NA	NA	NA	NA	NA	NA
I9_CARDMYOHYP	-0.1051	0.145	0.4687	-0.0786	0.1283	0.5401	0.0385	0.0038
I9_CARDMYOINOTH	NA	NA	NA	NA	NA	NA	0.0385	0.0038
I9_CARDMYOOTH	-0.1019	0.1067	0.3398	0.1415	0.0879	0.1074	0.0385	0.0038
I9_CARDMYORESTR	0.0204	0.1185	0.8635	-0.333	0.0985	0.0007	0.0385	0.0038
I9_CARDMYO	0.0038	0.0695	0.956	0.062	0.0469	0.1868	0.0385	0.0038
I9_CAVS_OPERATED	0.0853	0.0523	0.1026	0.0772	0.0356	0.0302	0.0385	0.0038
I9_CEREBAMY	-0.0378	0.1564	0.809	-0.0176	0.1109	0.8738	0.0385	0.0038
I9_CEREBATHER	0.1955	0.2994	0.5138	-0.0541	0.2138	0.8002	0.0385	0.0038
I9_CEREBDOTH	0.2451	0.1017	0.0159	0.0652	0.0737	0.3763	0.0385	0.0038
I9_CEREBRART	0.1132	0.1538	0.4618	0.0455	0.1121	0.685	0.0385	0.0038
I9_CHD	0.1435	0.0367	9.2627e-05	0.1164	0.0316	0.0002	0.0385	0.0038
I9_CHRONIC_CONSTRICTIVE_PERICARDITIS	NA	NA	NA	NA	NA	NA	0.0385	0.0038
I9_CONDUCTIO	0.009	0.059	0.879	0.0574	0.0427	0.1792	0.0385	0.0038
I9_CORATHER	0.1757	0.0352	5.9884e-07	0.117	0.032	0.0003	0.0385	0.0038
I9_CVD_HARD	0.15	0.0366	4.1512e-05	0.111	0.0304	0.0003	0.0385	0.0038
I9_DILATED_CARDIOMYOPATHY	-0.0417	0.0675	0.5367	0.0322	0.0418	0.4413	0.0385	0.0038
I9_DISCER	-0.507	0.221	0.0218	-0.0576	0.1305	0.6591	0.0385	0.0038
I9_DISVEINLYMPH	0.112	0.0395	0.0046	0.1066	0.0311	0.0006	0.0385	0.0038
I9_EMBTHROAOR	NA	NA	NA	NA	NA	NA	0.0385	0.0038
I9_ENDOCARD	-0.1271	0.1606	0.4287	-0.2166	0.1494	0.1471	0.0385	0.0038
I9_E_DRONE	0.1941	0.0887	0.0287	0.0709	0.0697	0.3092	0.0385	0.0038
I9_HEARTFAIL_AND_CHD	0.1166	0.0479	0.015	0.0972	0.038	0.0105	0.0385	0.0038
I9_HEARTFAIL_AND_HYPERTCARDIOM	0.064	0.1203	0.5947	-0.0368	0.104	0.7233	0.0385	0.0038
I9_HEARTFAIL_AND_OVERWEIGHT	0.1367	0.0573	0.017	0.1343	0.0526	0.0106	0.0385	0.0038
I9_HEARTFAIL	0.1614	0.0477	0.0007	0.1248	0.0402	0.0019	0.0385	0.0038
I9_HYPERTENC	0.098	0.164	0.5504	0.0499	0.1327	0.707	0.0385	0.0038
I9_HYPERTROCARDMYOP	-0.0158	0.117	0.8926	-0.0098	0.0843	0.9072	0.0385	0.0038
I9_HYPOTE	0.1745	0.1145	0.1277	0.2632	0.1015	0.0095	0.0385	0.0038
I9_HYPTENSEC	0.0627	0.078	0.4217	0.0239	0.0574	0.6773	0.0385	0.0038
I9_HYPTENSESS	0.1172	0.036	0.0011	0.0532	0.0231	0.0214	0.0385	0.0038
I9_HYPTENSHD	0.1505	0.0542	0.0055	0.0735	0.0365	0.0442	0.0385	0.0038
I9_HYPTENSPOR	0.3165	0.3968	0.4251	0.1702	0.2768	0.5386	0.0385	0.0038
I9_HYPTENSPUL	NA	NA	NA	NA	NA	NA	NA	NA
I9_HYPTENSRD	-0.0487	0.0932	0.6015	0.0575	0.0747	0.4416	0.0385	0.0038
I9_HYPTENS	0.1023	0.0356	0.0041	0.0399	0.0224	0.0755	0.0385	0.0038
I9_ICH	0.1015	0.0872	0.2441	0.0633	0.0711	0.3734	0.0385	0.0038
I9_IHD	0.1912	0.0354	6.6944e-08	0.1339	0.031	1.5412e-05	0.0385	0.0038
I9_INTRACRA	0.1015	0.0847	0.2306	0.0256	0.059	0.6644	0.0385	0.0038
I9_LBBB	-0.0023	0.0966	0.9807	0.1793	0.0705	0.0109	0.0385	0.0038
I9_LYMPHADE	0.4243	0.1913	0.0265	0.196	0.1353	0.1473	0.0385	0.0038
I9_LYMPHOTH	NA	NA	NA	NA	NA	NA	0.0385	0.0038
I9_MI_COMPLICATIONS	NA	NA	NA	NA	NA	NA	NA	NA
I9_MI_STRICT	0.1584	0.0408	0.0001	0.1261	0.0338	0.0002	0.0385	0.0038
I9_MYOCARD	0.1386	0.132	0.2936	0.0403	0.1013	0.6909	0.0385	0.0038
I9_NONISCHCARDMYOP_STRICT	-0.0073	0.0795	0.9271	0.0903	0.055	0.1007	0.0385	0.0038
I9_NONISCHCARDMYOP	0.1555	0.0659	0.0184	0.1369	0.0546	0.0122	0.0385	0.0038
I9_OTHANEUR	0.0971	0.1644	0.555	0.2244	0.1482	0.13	0.0385	0.0038
I9_OTHARR	0.0729	0.0458	0.1118	0.0785	0.034	0.0209	0.0385	0.0038
I9_OTHILLHEART	NA	NA	NA	NA	NA	NA	0.0385	0.0038
I9_OTHINTRACRA	0.0388	0.1209	0.7482	-0.0979	0.0934	0.2942	0.0385	0.0038
I9_OTHOTH	0.2331	0.1824	0.2013	-0.048	0.1292	0.7103	0.0385	0.0038
I9_OTHPER	0.1451	0.1172	0.2159	0.2308	0.1016	0.0231	0.0385	0.0038
I9_PAD	0.2317	0.051	5.5706e-06	0.1022	0.0389	0.0086	0.0385	0.0038
I9_PAROXTAC	0.0444	0.0578	0.4422	0.0861	0.0452	0.057	0.0385	0.0038
I9_PERICAOTH	-0.0476	0.1604	0.7664	0.0419	0.112	0.7082	0.0385	0.0038
I9_PERICARD	-0.307	0.1596	0.0544	-0.0027	0.1072	0.98	0.0385	0.0038
I9_PHLETHROMBDVTLOW	0.1857	0.058	0.0014	-0.0098	0.0437	0.8233	0.0385	0.0038
I9_PHLETHROM	0.1429	0.06	0.0172	0.0574	0.0439	0.1915	0.0385	0.0038
I9_POSTAMI	0.1724	0.0491	0.0004	0.1182	0.0376	0.0017	0.0385	0.0038
I9_PROGVASC	-0.0474	0.1457	0.7449	0.1464	0.1327	0.27	0.0385	0.0038
I9_PULMEMB	0.1259	0.061	0.0391	0.0821	0.043	0.0563	0.0385	0.0038
I9_PVT	0.1641	0.1325	0.2157	0.2427	0.1145	0.0341	0.0385	0.0038
I9_RAYNAUD	-0.0544	0.093	0.5588	0.0081	0.0768	0.9156	0.0385	0.0038
I9_RBBB	0.0015	0.1229	0.9901	0.0197	0.0986	0.8418	0.0385	0.0038
I9_REVASC	0.1801	0.0353	3.3802e-07	0.1306	0.0311	2.6688e-05	0.0385	0.0038
I9_RHEUFEVHRT	0.1614	0.1556	0.2996	0.0017	0.1181	0.9886	0.0385	0.0038
I9_RHEUFEVWITHOUTHEART	0.2502	0.2054	0.2232	-0.0087	0.1493	0.9536	0.0385	0.0038
I9_RHEUFEV	0.2595	0.5162	0.6153	-0.0734	0.3372	0.8276	0.0385	0.0038
I9_RHEUOTHHRT	0.1721	0.1438	0.2316	0.0252	0.1265	0.842	0.0385	0.0038
I9_RHEUVALV	NA	NA	NA	NA	NA	NA	0.0385	0.0038
I9_SAHANEUR	0.1144	0.0602	0.0574	0.009	0.0479	0.8517	0.0385	0.0038
I9_SAH	0.1287	0.0945	0.1733	0.0212	0.064	0.74	0.0385	0.0038
I9_SECONDRIGHT	0.0296	0.1955	0.8796	0.004	0.1454	0.9782	0.0385	0.0038
I9_SEQULAE	0.145	0.0846	0.0865	0.1374	0.0604	0.0229	0.0385	0.0038
I9_STENOSIS	0.2908	0.1542	0.0592	0.0895	0.1038	0.3888	0.0385	0.0038
I9_STR_EMBOLIC_WITH_FLIMMER	0.3962	0.2787	0.1552	-0.1201	0.1585	0.4487	0.0385	0.0038
I9_STR_EMBOLIC	0.4567	0.4296	0.2878	-0.1076	0.2012	0.5927	0.0385	0.0038
I9_STR_SAH	0.1472	0.0668	0.0276	0.0694	0.0421	0.0993	0.0385	0.0038
I9_STR	0.1481	0.0691	0.032	0.0804	0.0441	0.0681	0.0385	0.0038
I9_THAORTANEUR	0.0155	0.0582	0.7897	0.1222	0.0502	0.0149	0.0385	0.0038
I9_THROMBANG	0.3244	0.3221	0.3137	0.0985	0.1996	0.6219	0.0385	0.0038
I9_THROMBICV	0.0656	0.2722	0.8095	-0.0336	0.2209	0.8791	0.0385	0.0038
I9_THROMBOTH	0.1574	0.0687	0.0219	0.0683	0.0583	0.2416	0.0385	0.0038
I9_TIA	0.2222	0.0665	0.0008	0.1108	0.047	0.0184	0.0385	0.0038
I9_UAP	0.2407	0.0469	2.8830e-07	0.1624	0.0419	0.0001	0.0385	0.0038
I9_VARICVEOES	0.1609	0.1148	0.1609	0.0461	0.0855	0.5894	0.0385	0.0038
I9_VARICVESOTH	0.1826	0.1325	0.1683	0.1803	0.1079	0.0948	0.0385	0.0038
I9_VARICVE	0.079	0.035	0.0238	0.0867	0.0302	0.0041	0.0385	0.0038
I9_VASCINT	0.1647	0.1797	0.3596	0.2656	0.1605	0.0981	0.0385	0.0038
I9_VASCSYND	0.3454	0.1834	0.0596	0.027	0.1228	0.8258	0.0385	0.0038
I9_VEINSOTH	0.0405	0.0461	0.3804	0.0699	0.0388	0.0714	0.0385	0.0038
I9_VHD	0.0478	0.0518	0.3556	0.0365	0.0424	0.3893	0.0385	0.0038
I9_VTE	0.1827	0.0526	0.0005	0.064	0.0343	0.0621	0.0385	0.0038
ILD_ENDPOINTS	0.0998	0.0934	0.285	-0.0009	0.0701	0.9901	0.0385	0.0038
ILD_INSUFFICIENCY	0.0276	0.123	0.8226	-0.0574	0.0847	0.4976	0.0385	0.0038
INCREASEDMUSCLETONE	NA	NA	NA	NA	NA	NA	NA	NA
INFLUENZA	0.1912	0.1173	0.1031	0.2898	0.0922	0.0017	0.0385	0.0038
INTERSTITIAL_CYSTIT_CHRONIC	NA	NA	NA	NA	NA	NA	0.0385	0.0038
INV_VENT	-0.0017	0.1634	0.9919	0.089	0.1392	0.5225	0.0385	0.0038
IPF	0.1188	0.0977	0.2239	-0.0261	0.0671	0.6971	0.0385	0.0038
J10_ABSCLUNGPNEUMO	-0.3051	0.3972	0.4425	0.3337	0.349	0.339	0.0385	0.0038
J10_ABSCMEDIASTINUM	NA	NA	NA	NA	NA	NA	0.0385	0.0038
J10_ACUTELOWERNAS	0.3069	0.111	0.0057	0.3071	0.0952	0.0012	0.0385	0.0038
J10_ACUTEUPPERINFEC	0.1882	0.0598	0.0016	0.2263	0.0508	8.5439e-06	0.0385	0.0038
J10_AIRWDISDUST	0.1725	0.1599	0.2804	0.2379	0.1504	0.1137	0.0385	0.0038
J10_ARDS	0.0309	0.1613	0.8481	0.2486	0.1584	0.1166	0.0385	0.0038
J10_ASBESTPNEUMOC	0.133	0.3518	0.7053	-0.027	0.2464	0.9129	0.0385	0.0038
J10_ASTHMACOPDKELA	0.1693	0.0449	0.0002	0.1545	0.0306	4.4741e-07	0.0385	0.0038
J10_ASTHMA_EXMORE	0.1979	0.0446	9.2066e-06	0.18	0.0314	9.9550e-09	0.0385	0.0038
J10_ASTHMA_MAIN_EXMORE	0.2019	0.0472	1.8528e-05	0.1721	0.0319	7.0860e-08	0.0385	0.0038
J10_BRONCHIECTASIS	0.3157	0.1075	0.0033	0.0434	0.0827	0.5998	0.0385	0.0038
J10_BRONCHIOLITIS	0.0899	0.1741	0.6059	0.2794	0.1481	0.0592	0.0385	0.0038
J10_BRONCHITIS	0.2932	0.0792	0.0002	0.2617	0.0647	5.2733e-05	0.0385	0.0038
J10_BRONCHNAS	0.1107	0.1759	0.5294	0.1133	0.1457	0.437	0.0385	0.0038
J10_BRONCH	0.0858	0.1172	0.464	0.1338	0.0945	0.1568	0.0385	0.0038
J10_CHEMGASRESP	NA	NA	NA	NA	NA	NA	0.0385	0.0038
J10_CHRONLARYNGITIS	0.1433	0.1183	0.226	0.1989	0.0929	0.0324	0.0385	0.0038
J10_CHRONRHINITIS	0.1264	0.0767	0.0992	0.0463	0.0544	0.3943	0.0385	0.0038
J10_CHRONSINUSITIS	0.1722	0.0518	0.0009	0.0801	0.0393	0.0417	0.0385	0.0038
J10_CHRONTONSADEN	0.2293	0.0433	1.2134e-07	0.1276	0.0361	0.0004	0.0385	0.0038
J10_CHYLOTHORAX	0.1141	0.1673	0.4951	0.1073	0.1401	0.4438	0.0385	0.0038
J10_COLD	0.2546	0.1133	0.0246	0.1022	0.0764	0.1812	0.0385	0.0038
J10_COPD	0.2382	0.0521	4.9223e-06	0.1798	0.0373	1.4016e-06	0.0385	0.0038
J10_EMPHYSEMA	0.1983	0.0897	0.0271	0.1798	0.0603	0.0029	0.0385	0.0038
J10_EPIGLOTTITIS	0.1364	0.1742	0.4334	0.0616	0.1145	0.5906	0.0385	0.0038
J10_EXTERLUNG	0.2654	0.3556	0.4555	0.1703	0.3119	0.5851	0.0385	0.0038
J10_FIBROTHORAX	0.2811	0.1865	0.1316	-0.0251	0.1195	0.8333	0.0385	0.0038
J10_HYPERSPNEUMONI	NA	NA	NA	NA	NA	NA	0.0385	0.0038
J10_INFLUENZA	0.2351	0.0837	0.0049	0.3327	0.0673	7.7749e-07	0.0385	0.0038
J10_INFLUPNEU	0.3061	0.0618	7.1921e-07	0.2223	0.0447	6.4665e-07	0.0385	0.0038
J10_INORGPNEUMOC	NA	NA	NA	NA	NA	NA	0.0385	0.0038
J10_LARYNGITIS	0.0675	0.0776	0.3842	0.0972	0.0548	0.0763	0.0385	0.0038
J10_LOWCHRON	0.1929	0.0464	3.2680e-05	0.1699	0.0308	3.4692e-08	0.0385	0.0038
J10_LOWERINF	0.2596	0.0694	0.0002	0.2721	0.0599	5.5683e-06	0.0385	0.0038
J10_NASALPOLYP	0.0051	0.0494	0.9176	-0.0144	0.0388	0.7112	0.0385	0.0038
J10_NECROTIC	NA	NA	NA	NA	NA	NA	NA	NA
J10_PERITONSABSC	0.2661	0.0584	5.1941e-06	0.0808	0.0427	0.0587	0.0385	0.0038
J10_PHARYNGITIS	0.172	0.1099	0.1175	0.2479	0.0868	0.0043	0.0385	0.0038
J10_PLEURAL_PLAQUE_WITHOUT_ASBESTOS	1.9491e-05	0.1616	0.9999	0.0096	0.1454	0.9472	0.0385	0.0038
J10_PLEURAL_PLAQUE_WITH_PRESENCE_OF_ASBESTOS	-0.1278	0.1018	0.2094	0.2093	0.094	0.026	0.0385	0.0038
J10_PLEURA	0.1702	0.097	0.0794	0.1539	0.0721	0.0326	0.0385	0.0038
J10_PLEUREFFUSION	0.0962	0.1262	0.4458	0.008	0.1096	0.9415	0.0385	0.0038
J10_PLEUROTH	0.2199	1.3936	0.8746	0.2734	1.3245	0.8365	0.0385	0.0038
J10_PLEURPLAGUE	-0.0915	0.0937	0.3291	0.1549	0.0833	0.0629	0.0385	0.0038
J10_PNEUMOBACT	0.3897	0.0824	2.2256e-06	0.1224	0.0621	0.0487	0.0385	0.0038
J10_PNEUMOHAEM	0.5387	5.8108	0.9261	0.2931	1.2573	0.8157	0.0385	0.0038
J10_PNEUMONIA	0.3172	0.0613	2.2716e-07	0.2168	0.0462	2.6787e-06	0.0385	0.0038
J10_PNEUMONISOLLIQ	NA	NA	NA	NA	NA	NA	0.0385	0.0038
J10_PNEUMONONBACT	0.3502	0.2037	0.0857	0.1796	0.1479	0.2246	0.0385	0.0038
J10_PNEUMOPNEUMO	NA	NA	NA	NA	NA	NA	0.0385	0.0038
J10_PNEUMOTHORAX	-0.0976	0.1485	0.511	0.108	0.1265	0.3933	0.0385	0.0038
J10_PULMEOS	0.0961	0.1161	0.4081	0.0338	0.089	0.7039	0.0385	0.0038
J10_PULMOEDEMA	0.0517	0.1507	0.7317	0.1458	0.1298	0.2611	0.0385	0.0038
J10_PYOTHORAX	NA	NA	NA	NA	NA	NA	0.0385	0.0038
J10_RESPCONDEXT	NA	NA	NA	NA	NA	NA	0.0385	0.0038
J10_RESPOTHER	0.2651	0.0832	0.0014	0.1491	0.0683	0.029	0.0385	0.0038
J10_SEPTDEV	0.1198	0.0545	0.028	-0.015	0.0429	0.7259	0.0385	0.0038
J10_SILICAPNEUMOC	0.2297	0.2443	0.3469	0.2933	0.2247	0.1918	0.0385	0.0038
J10_SIMPLBRONCH	0.1601	0.153	0.2954	0.1785	0.1215	0.1417	0.0385	0.0038
J10_SINUSITIS	0.2818	0.0628	7.2386e-06	0.1925	0.0439	1.1576e-05	0.0385	0.0038
J10_TONSILLECTOMY	0.2557	0.0473	6.2961e-08	0.1242	0.0352	0.0004	0.0385	0.0038
J10_TONSILLITIS	0.3397	0.0716	2.1159e-06	0.3171	0.0515	7.5006e-10	0.0385	0.0038
J10_UPPERDIS	0.2327	0.0439	1.1630e-07	0.1273	0.0349	0.0003	0.0385	0.0038
J10_UPPERINFEC	0.2436	0.0513	2.0126e-06	0.2574	0.0385	2.3739e-11	0.0385	0.0038
J10_VIRALPNEUMO	0.447	0.2017	0.0267	0.5018	0.1827	0.006	0.0385	0.0038
J10_VOCALLARYNX	0.2637	0.0591	7.9976e-06	0.1303	0.0461	0.0047	0.0385	0.0038
JOINTPAIN	0.3482	0.0443	3.8262e-15	0.2721	0.0331	1.9498e-16	0.0385	0.0038
JUVEN_ARTHR	-0.0878	0.0949	0.3551	-0.0178	0.0616	0.772	0.0385	0.0038
K11_ABRASION	0.1405	0.0847	0.0973	0.0923	0.0669	0.1674	0.0385	0.0038
K11_ABSCANAL	0.1274	0.0778	0.1018	0.0322	0.067	0.6307	0.0385	0.0038
K11_ACHAL	0.3138	0.218	0.15	0.2103	0.1838	0.2525	0.0385	0.0038
K11_ACUTGASTR	0.1078	0.1135	0.3422	0.3182	0.1249	0.0108	0.0385	0.0038
K11_ACUTPANC	0.2585	0.1074	0.0161	0.2791	0.0702	7.0574e-05	0.0385	0.0038
K11_ADHE	0.3721	0.2179	0.0877	0.2034	0.1488	0.1716	0.0385	0.0038
K11_ALCGASTR	0.1283	0.2505	0.6086	0.4689	0.4007	0.2419	0.0385	0.0038
K11_ALCOLIV	0.1614	0.0773	0.0368	0.1432	0.0589	0.015	0.0385	0.0038
K11_ANOMALI_DENTAL_ARCH_RELATIONS1	-0.1712	0.0955	0.0729	-0.1281	0.091	0.1592	0.0385	0.0038
K11_APHTA_RECUR_INCLAVO	-0.0723	0.1689	0.6688	0.1549	0.1241	0.2122	0.0385	0.0038
K11_APPENDACUT	0.0986	0.0581	0.0894	0.1219	0.0484	0.0117	0.0385	0.0038
K11_APPENDECTOMY	0.153	0.0702	0.0292	0.1697	0.0585	0.0037	0.0385	0.0038
K11_APPENDOTH	0.7105	0.3604	0.0487	0.3936	0.2263	0.082	0.0385	0.0038
K11_ASYMMETRY_JAW	-0.1818	0.2136	0.3945	0.0167	0.136	0.9022	0.0385	0.0038
K11_ATTRITION	0.2097	0.0609	0.0006	0.1494	0.0454	0.001	0.0385	0.0038
K11_BARRET	0.2016	0.1038	0.0521	0.0876	0.0731	0.2306	0.0385	0.0038
K11_BILIAOTH	0.3222	0.2875	0.2623	0.2314	0.213	0.2773	0.0385	0.0038
K11_CARIES_3	0.4174	0.0567	1.8428e-13	0.3904	0.0417	7.9453e-21	0.0385	0.0038
K11_CD_STRICT2	-0.0388	0.0716	0.588	-0.0242	0.0541	0.655	0.0385	0.0038
K11_CD_STRICT_PSC	-0.0317	0.1706	0.8524	-0.1406	0.1173	0.2308	0.0385	0.0038
K11_CHOLANGI_STRICT	0.0472	0.1941	0.8077	-0.0112	0.1115	0.9202	0.0385	0.0038
K11_CHOLANGI	-0.0465	0.1898	0.8066	0.1307	0.1246	0.2943	0.0385	0.0038
K11_CHOLECYSTECTOMY	0.0474	0.0481	0.3247	0.0804	0.0345	0.0198	0.0385	0.0038
K11_CHOLECYST	0.2398	0.0981	0.0145	0.1306	0.0776	0.0926	0.0385	0.0038
K11_CHOLELITH	0.0904	0.0442	0.0407	0.1187	0.0312	0.0001	0.0385	0.0038
K11_CHRONGASTR	0.1262	0.0932	0.1758	0.1266	0.0741	0.0875	0.0385	0.0038
K11_CHRONHEP	-0.0032	0.1327	0.9807	-0.0651	0.1014	0.5206	0.0385	0.0038
K11_CHRONPANC	0.0399	0.1113	0.7199	0.1482	0.0761	0.0515	0.0385	0.0038
K11_COELIAC	-0.0719	0.0638	0.2599	-0.0189	0.0471	0.6882	0.0385	0.0038
K11_CONSTIPATION	0.0311	0.0553	0.5737	0.1014	0.0422	0.0162	0.0385	0.0038
K11_CROSSBITE	0.1068	0.1014	0.2924	-0.0326	0.0912	0.7209	0.0385	0.0038
K11_CROWDI_TEETH	-0.1195	0.1481	0.4198	-0.0219	0.0988	0.8245	0.0385	0.0038
K11_DEEP_BITE_SURGERY	-0.1532	0.1201	0.2019	0.0305	0.0945	0.7471	0.0385	0.0038
K11_DEEP_BITE	-0.0732	0.07	0.2958	-0.0138	0.0576	0.8109	0.0385	0.0038
K11_DENTOFACIAL_ANOMALIES	0.0496	0.0702	0.4799	0.0534	0.0569	0.3483	0.0385	0.0038
K11_DIAHER	0.1248	0.0514	0.0151	0.1032	0.0384	0.0073	0.0385	0.0038
K11_DISLIVOTH	0.26	0.0905	0.0041	0.2817	0.0747	0.0002	0.0385	0.0038
K11_DISOESINOTH	-0.0418	0.1631	0.7976	0.1809	0.1402	0.1969	0.0385	0.0038
K11_DISTAL_BITE	-0.0377	0.1159	0.7448	-0.0048	0.0898	0.9577	0.0385	0.0038
K11_DIVERTIC	0.1684	0.037	5.3452e-06	0.079	0.0311	0.0112	0.0385	0.0038
K11_DULC	0.232	0.0844	0.006	0.182	0.0705	0.0098	0.0385	0.0038
K11_EMBED_TEETH	-0.0173	0.1354	0.8983	0.0415	0.1097	0.7051	0.0385	0.0038
K11_EMBIMPACT_TEETH	-0.0969	0.1014	0.3393	0.1151	0.0621	0.0641	0.0385	0.0038
K11_ENERCOLNONINF	0.0043	0.0518	0.9339	0.021	0.0372	0.5718	0.0385	0.0038
K11_EROSION_INCLAVO	0.1074	0.0654	0.1008	0.1398	0.0463	0.0025	0.0385	0.0038
K11_ERUPTION	-0.1091	0.2111	0.6051	0.0887	0.1829	0.6275	0.0385	0.0038
K11_FEMHER	0.1467	0.101	0.1463	0.0756	0.0777	0.3303	0.0385	0.0038
K11_FIBROCHIRLIV	0.1478	0.0926	0.1103	-0.0013	0.0705	0.9856	0.0385	0.0038
K11_FISTULA	0.0947	0.0584	0.1046	0.0104	0.042	0.8033	0.0385	0.0038
K11_FUNCDYSP	0.2832	0.0781	0.0003	0.1188	0.0622	0.0561	0.0385	0.0038
K11_GALLBLAOTH	0.1935	0.3072	0.5288	0.291	0.3328	0.3819	0.0385	0.0038
K11_GASTRODUOULC	0.3311	0.073	5.8191e-06	0.2299	0.0584	8.3886e-05	0.0385	0.0038
K11_GINGIVITIS_PERIODONTAL	0.4046	0.0644	3.3942e-10	0.2912	0.0447	7.4984e-11	0.0385	0.0038
K11_GINGIV_HYPERPLAS	0.0014	0.2392	0.9955	0.0107	0.1778	0.9519	0.0385	0.0038
K11_GJULC	NA	NA	NA	NA	NA	NA	0.0385	0.0038
K11_GULC	0.3267	0.0918	0.0004	0.2337	0.0786	0.0029	0.0385	0.0038
K11_HAEMORR	0.1722	0.0518	0.0009	0.1692	0.0393	1.6764e-05	0.0385	0.0038
K11_HEPFAIL	-0.0392	0.1759	0.8235	0.1324	0.1355	0.3284	0.0385	0.0038
K11_HERING	-0.0059	0.0373	0.874	-0.0019	0.0294	0.9498	0.0385	0.0038
K11_HERNIA	0.0973	0.0392	0.0131	0.0705	0.0323	0.0292	0.0385	0.0038
K11_HYPERTROPHY_TONGUE_PAPILLAE	NA	NA	NA	NA	NA	NA	0.0385	0.0038
K11_HYPOPLASIA_ENAMEL_INCLAVO	NA	NA	NA	NA	NA	NA	0.0385	0.0038
K11_HYPOPLASIA_ENAMEL_PRENATAL_INCLAVO	0.0201	0.2988	0.9464	0.1078	0.2174	0.6201	0.0385	0.0038
K11_HYPOPLASIA_ENAMEL_PRENATAL	NA	NA	NA	NA	NA	NA	NA	NA
K11_HYPOPLASIA_ENAMEL	-0.0031	0.2793	0.9912	0.2514	0.3747	0.5022	0.0385	0.0038
K11_HYPO_ONLY	-0.069	0.0976	0.4798	-0.0906	0.0792	0.2526	0.0385	0.0038
K11_IBD_STRICT_PSC	-0.0832	0.1526	0.5857	-0.065	0.0986	0.5097	0.0385	0.0038
K11_IBD_STRICT	-0.1119	0.0476	0.0189	-0.0095	0.0352	0.7877	0.0385	0.0038
K11_IBS	0.1562	0.0643	0.0152	0.2001	0.0502	6.7710e-05	0.0385	0.0038
K11_ILEUS	0.0902	0.1269	0.4771	0.2494	0.1094	0.0226	0.0385	0.0038
K11_IMPACTED_TEETH	-0.094	0.1025	0.3595	0.1487	0.0655	0.0232	0.0385	0.0038
K11_IMPACT	-0.0997	0.1836	0.5869	0.0224	0.1253	0.8579	0.0385	0.0038
K11_INTESTOTH	0.1644	0.0431	0.0001	0.1472	0.0338	1.3424e-05	0.0385	0.0038
K11_INTUSS	0.0643	0.1022	0.5291	0.025	0.0956	0.7937	0.0385	0.0038
K11_LICHEN_PLANUS_WIDE	0.0847	0.0593	0.1534	0.0477	0.0498	0.3381	0.0385	0.0038
K11_LIP_ORAL_MUCOSA	0.2401	0.0833	0.0039	0.073	0.0627	0.2438	0.0385	0.0038
K11_LIVDISINOTH	NA	NA	NA	NA	NA	NA	NA	NA
K11_LIVER	0.19	0.07	0.0066	0.2092	0.0523	6.4094e-05	0.0385	0.0038
K11_MAJOR_ANOMALI_JAW_SIZE	0.0548	0.1781	0.7582	-0.0017	0.1394	0.9904	0.0385	0.0038
K11_MALABSORB	NA	NA	NA	NA	NA	NA	0.0385	0.0038
K11_MANDIBULAR_HYPOPL	-0.0428	0.2223	0.8475	0.2745	0.2235	0.2195	0.0385	0.0038
K11_MAXIL_CANINE_FAILED_ERUPT_OBSTRUCTION_TOOTH	0.4687	0.2804	0.0946	0.1792	0.1647	0.2766	0.0385	0.0038
K11_MAXIL_CANINE_PALAT	NA	NA	NA	NA	NA	NA	0.0385	0.0038
K11_MAXIL_HYPOPL	0.3849	0.2261	0.0887	-0.0142	0.1367	0.9174	0.0385	0.0038
K11_MAXIL_MOLAR_FAILED_ERUPT_OBSTRUCTION_TOOTH	0.3795	0.8258	0.6459	0.2005	0.439	0.6479	0.0385	0.0038
K11_MAXIL_PROGN	-0.1687	0.1277	0.1863	-0.0054	0.0906	0.9528	0.0385	0.0038
K11_MESIAL_BITE	-0.3468	1.2409	0.7799	-0.2143	0.8264	0.7954	0.0385	0.0038
K11_MIH_CARIES	0.0794	0.1652	0.6309	0.1414	0.1508	0.3484	0.0385	0.0038
K11_MIH	NA	NA	NA	NA	NA	NA	0.0385	0.0038
K11_MISS_TEETH_ACCID_EXTR_PAROD	0.3272	0.0642	3.3825e-07	0.3109	0.0577	7.2185e-08	0.0385	0.0038
K11_MN_PROGN_AND_SURGRT	0.0665	0.2731	0.8076	0.2355	0.307	0.4429	0.0385	0.0038
K11_MN_PROGN	0.6285	1.1828	0.5952	0.1355	0.4046	0.7376	0.0385	0.0038
K11_MN_RETRGN_AND_SURG	-0.1968	0.1139	0.0841	0.0039	0.0832	0.9629	0.0385	0.0038
K11_MN_RETRGN	-0.1281	0.0777	0.0992	-0.022	0.0585	0.7062	0.0385	0.0038
K11_OESITIS_ADVERSE	0.3269	1.1234	0.7711	0.1914	0.7871	0.8078	0.0385	0.0038
K11_OESITIS	0.4327	0.1528	0.0046	0.1102	0.1023	0.2814	0.0385	0.0038
K11_OESOBST	NA	NA	NA	NA	NA	NA	0.0385	0.0038
K11_OESSTODUO	0.2447	0.0484	4.2875e-07	0.1929	0.0361	9.1375e-08	0.0385	0.0038
K11_OESULC_ADVERSE	0.0487	0.1888	0.7966	-0.1046	0.1281	0.4142	0.0385	0.0038
K11_OESULC	0.022	0.0868	0.7999	0.07	0.0636	0.2711	0.0385	0.0038
K11_OPEN_BITE_SURGERY	-0.2572	0.2061	0.212	-0.1678	0.1437	0.243	0.0385	0.0038
K11_OPEN_BITE	-0.1602	0.1046	0.1255	-0.1326	0.0804	0.099	0.0385	0.0038
K11_ORALCYST	0.1566	0.3011	0.6031	0.1854	0.2581	0.4724	0.0385	0.0038
K11_ORAL_LEUCOPLACIA_INCLAVO	0.2044	0.2334	0.3811	0.0797	0.1558	0.6092	0.0385	0.0038
K11_ORAL_LEUCOPLAC_RELAT_INCLAVO	0.236	0.1129	0.0365	-0.0038	0.0996	0.9697	0.0385	0.0038
K11_ORAL_LICHEN_PLANUS_INCLAVO	0.0239	0.0857	0.7801	0.0083	0.071	0.9073	0.0385	0.0038
K11_ORAL_LICHEN_PLANUS	0.179	0.1529	0.2417	0.0262	0.1185	0.8251	0.0385	0.0038
K11_ORAL	0.3501	0.0534	5.5375e-11	0.289	0.0425	1.0155e-11	0.0385	0.0038
K11_OTHABDHER	0.0257	0.1296	0.843	0.0443	0.103	0.6671	0.0385	0.0038
K11_OTHANRECT	0.1614	0.0823	0.0499	0.1082	0.057	0.0577	0.0385	0.0038
K11_OTHAPPEND	NA	NA	NA	NA	NA	NA	0.0385	0.0038
K11_OTHDIG	0.1021	0.0857	0.2335	0.0888	0.0713	0.2126	0.0385	0.0038
K11_OTHDISDIG	0.2713	0.0991	0.0062	0.1049	0.0766	0.171	0.0385	0.0038
K11_OTHDISOES	0.2919	0.1756	0.0964	0.2479	0.1457	0.0889	0.0385	0.0038
K11_OTHDISSTOMDUOD	-0.202	0.1843	0.2729	0.174	0.1337	0.1931	0.0385	0.0038
K11_OTHENTERCOL	0.0741	0.0706	0.2942	0.0077	0.056	0.8913	0.0385	0.0038
K11_OTHFUNC	0.2234	0.0634	0.0004	0.2263	0.0493	4.4286e-06	0.0385	0.0038
K11_OTHGASTR	0.4523	0.1274	0.0004	0.3343	0.0986	0.0007	0.0385	0.0038
K11_OTHILEUS	0.0676	0.1182	0.5676	0.2206	0.1032	0.0326	0.0385	0.0038
K11_OTHINFLIV	0.0229	0.1922	0.9052	0.2407	0.2	0.2287	0.0385	0.0038
K11_OTHINT	0.0824	0.1114	0.4593	0.0039	0.0829	0.9621	0.0385	0.0038
K11_OTHPERITON	0.4547	0.2446	0.063	0.0139	0.1397	0.9209	0.0385	0.0038
K11_OVERJET	-0.0036	0.1759	0.9836	0.1334	0.1526	0.3819	0.0385	0.0038
K11_PANCOTH	0.0495	0.1714	0.7729	0.2905	0.1507	0.0539	0.0385	0.0038
K11_PARALIL	NA	NA	NA	NA	NA	NA	0.0385	0.0038
K11_PARODON_PERIAPIC_CHRONIC	0.3753	0.0572	5.4501e-11	0.2538	0.0435	5.4277e-09	0.0385	0.0038
K11_PERFOES	NA	NA	NA	NA	NA	NA	0.0385	0.0038
K11_PERIAPICAL_ABSCESS	0.4388	0.0873	5.0185e-07	0.2619	0.0606	1.5718e-05	0.0385	0.0038
K11_PERIODONTOSIS	0.3175	0.4397	0.4703	0.173	0.269	0.5201	0.0385	0.0038
K11_PERIODON_CHRON_COMPL	0.3507	0.0655	8.6753e-08	0.2003	0.0452	9.3868e-06	0.0385	0.0038
K11_PERIODON_CHRON_INCLAVO	0.3647	0.0622	4.6255e-09	0.2393	0.0435	3.7211e-08	0.0385	0.0038
K11_PERITONITIS	NA	NA	NA	NA	NA	NA	NA	NA
K11_PERITON	NA	NA	NA	NA	NA	NA	NA	NA
K11_POSTOPDIS	NA	NA	NA	NA	NA	NA	0.0385	0.0038
K11_PSC_COLITIS_STRICT	-0.1777	0.1477	0.229	0.0421	0.1002	0.6743	0.0385	0.0038
K11_PULC	0.1794	0.3304	0.5872	0.0063	0.2209	0.9772	0.0385	0.0038
K11_PULPITIS	0.3891	0.0459	2.1505e-17	0.2742	0.0375	2.6898e-13	0.0385	0.0038
K11_PULP_NECROSIS	0.3905	0.074	1.3239e-07	0.2356	0.0622	0.0002	0.0385	0.0038
K11_PULP_PERIAPICAL_INCLAVO	0.4137	0.0471	1.6703e-18	0.2817	0.0338	7.5456e-17	0.0385	0.0038
K11_REFLUX	0.1966	0.0511	0.0001	0.1546	0.0376	3.9982e-05	0.0385	0.0038
K11_REIMB_202	0.0976	0.0544	0.0726	0.0667	0.044	0.1292	0.0385	0.0038
K11_RESORPTION	-0.0323	0.2165	0.8814	-0.0753	0.1986	0.7046	0.0385	0.0038
K11_RETROG_MAXILLAE	0.1081	0.1321	0.413	-0.0941	0.1126	0.4033	0.0385	0.0038
K11_SALIVARY	-0.0425	0.0983	0.6653	0.0855	0.0798	0.284	0.0385	0.0038
K11_SCISS_BITE	-0.1272	0.1048	0.2245	-0.1541	0.1031	0.1351	0.0385	0.0038
K11_STOMATITIS	0.0515	0.1299	0.6917	0.108	0.1003	0.2818	0.0385	0.0038
K11_SUPNUM_ONLY_INCLAVO	-0.239	0.1948	0.22	0.1547	0.1485	0.2973	0.0385	0.0038
K11_SUPNUM_ONLY	-0.0362	0.1356	0.7893	0.0769	0.101	0.4462	0.0385	0.0038
K11_TOXLIV	-0.1295	0.1925	0.501	0.0411	0.1407	0.7702	0.0385	0.0038
K11_UC_STRICT2	-0.1245	0.0508	0.0142	0.0186	0.0424	0.6607	0.0385	0.0038
K11_UC_STRICT_PSC	-0.12	0.156	0.4417	-0.0348	0.1043	0.7385	0.0385	0.0038
K11_UMBHER	0.1316	0.0479	0.006	0.1362	0.0356	0.0001	0.0385	0.0038
K11_VASCINT	0.1004	0.1211	0.4072	0.172	0.1005	0.0869	0.0385	0.0038
K11_VENTHER	0.1807	0.0505	0.0003	0.1101	0.0403	0.0063	0.0385	0.0038
K11_VOLVU	NA	NA	NA	NA	NA	NA	0.0385	0.0038
KELA_DIAB_INSUL_EXMORE	0.0827	0.0329	0.012	0.0807	0.0246	0.0011	0.0385	0.0038
KRA_PSY_ALCOH_EXMORE	0.2537	0.0634	6.2827e-05	0.2128	0.0504	2.3939e-05	0.0385	0.0038
KRA_PSY_ANXIETY_EXMORE	0.1247	0.0394	0.0016	0.1929	0.0314	7.9478e-10	0.0385	0.0038
KRA_PSY_ANYMENTAL_SUICID_PREG_NERV_EXMORE	0.2113	0.0474	8.4128e-06	0.3068	0.0401	1.8624e-14	0.0385	0.0038
KRA_PSY_ANYMENTAL	0.1497	0.0379	7.9389e-05	0.2351	0.0321	2.4810e-13	0.0385	0.0038
KRA_PSY_AUTISM_EXMORE	-0.2829	0.1273	0.0262	0.0524	0.0953	0.5824	0.0385	0.0038
KRA_PSY_BEHAV_EXMORE	0.2259	0.0863	0.0089	0.2363	0.0699	0.0007	0.0385	0.0038
KRA_PSY_CHILDEMOT_EXMORE	0.1241	0.091	0.1725	0.2031	0.0861	0.0184	0.0385	0.0038
KRA_PSY_CHILDOTH_EXMORE	0.0726	0.168	0.6657	0.4243	0.2141	0.0475	0.0385	0.0038
KRA_PSY_CHILDSOC_EXMORE	NA	NA	NA	NA	NA	NA	0.0385	0.0038
KRA_PSY_CODUCTEMOT_EXMORE	0.2684	0.1081	0.013	0.273	0.0896	0.0023	0.0385	0.0038
KRA_PSY_DEMENTIA_EXMORE	0.053	0.073	0.4677	0.0877	0.0627	0.1616	0.0385	0.0038
KRA_PSY_DEVWIDE_EXMORE	-0.353	0.1478	0.0169	0.0898	0.0982	0.3602	0.0385	0.0038
KRA_PSY_EATING_EXMORE	0.1506	0.1508	0.3178	0.2074	0.1203	0.0846	0.0385	0.0038
KRA_PSY_HYPERKIN_EXMORE	0.2138	0.0618	0.0005	0.2354	0.0521	6.3288e-06	0.0385	0.0038
KRA_PSY_MENTALRET_EXMORE	0.0413	0.1394	0.7672	0.0847	0.1068	0.4277	0.0385	0.0038
KRA_PSY_MOTOR_EXMORE	-0.1671	0.2297	0.467	-0.0551	0.1868	0.768	0.0385	0.0038
KRA_PSY_PERSON_EXMORE	0.1086	0.0422	0.0101	0.2308	0.0403	9.9441e-09	0.0385	0.0038
KRA_PSY_PUERPER_EXMORE	-0.108	0.1166	0.3543	0.0186	0.0881	0.8327	0.0385	0.0038
KRA_PSY_SCHIZODEL_EXMORE	0.025	0.0522	0.6322	0.0991	0.0426	0.0201	0.0385	0.0038
KRA_PSY_SLEEP_NONORG_EXMORE	0.0689	0.068	0.3112	0.1465	0.0518	0.0047	0.0385	0.0038
KRA_PSY_SPEELING_EXMORE	0.2012	0.1185	0.0895	0.1929	0.1118	0.0845	0.0385	0.0038
KRA_PSY_SUBSTANCE_EXMORE	0.2587	0.0382	1.2586e-11	0.272	0.0332	2.5523e-16	0.0385	0.0038
KRA_PSY_TIC_EXMORE	0.2959	0.1393	0.0336	0.0181	0.1025	0.8601	0.0385	0.0038
KRA_PSY_TIC	0.2864	0.143	0.0452	0.0035	0.1048	0.9732	0.0385	0.0038
L12_ABSCESS_CUT	0.3193	0.0692	3.8958e-06	0.194	0.0576	0.0008	0.0385	0.0038
L12_ACANTHNIGRICANS	NA	NA	NA	NA	NA	NA	NA	NA
L12_ACANTHOLYTIC	-0.2631	0.1717	0.1254	0.0159	0.1187	0.8937	0.0385	0.0038
L12_ACNEKELOID	0.0882	0.1479	0.5508	0.0832	0.1047	0.4266	0.0385	0.0038
L12_ACNE_CONGLOBLATA	0.2755	0.1611	0.0873	-0.0819	0.1253	0.5131	0.0385	0.0038
L12_ACNE_NAS	NA	NA	NA	NA	NA	NA	NA	NA
L12_ACNE_VARIOLIFORMIS	NA	NA	NA	NA	NA	NA	0.0385	0.0038
L12_ACNE	0.0051	0.0798	0.9491	0.011	0.0554	0.8428	0.0385	0.0038
L12_ACQKERAT	-0.0551	0.1971	0.7797	-0.1535	0.1781	0.3886	0.0385	0.0038
L12_ACRODERMATITIS	-0.0488	0.1265	0.6997	0.0474	0.1106	0.668	0.0385	0.0038
L12_ACTINKERA	0.0002	0.0498	0.9969	-0.0628	0.0414	0.1294	0.0385	0.0038
L12_ALLERGICCONTACT	0.0791	0.0867	0.3618	0.0792	0.0657	0.2285	0.0385	0.0038
L12_ALOPECANDRO	0.2454	0.1592	0.1232	0.0481	0.1039	0.6432	0.0385	0.0038
L12_ALOPECAREATA	0.1565	0.1763	0.3747	0.015	0.12	0.9005	0.0385	0.0038
L12_ALOPECIA_UNIVERSALIS	NA	NA	NA	NA	NA	NA	NA	NA
L12_APOCRINESWEAT	0.0609	0.1276	0.6333	-0.051	0.1086	0.6383	0.0385	0.0038
L12_ATOPIC	0.0459	0.0574	0.4235	0.0094	0.0388	0.8075	0.0385	0.0038
L12_ATROPHICSKINNAS	0.3373	0.1899	0.0757	-0.02	0.1224	0.8705	0.0385	0.0038
L12_ATROPHICSKIN	0.0392	0.1128	0.728	-0.0534	0.0816	0.5124	0.0385	0.0038
L12_BULLOTH	0.0284	0.1526	0.8526	0.1038	0.1211	0.3917	0.0385	0.0038
L12_BULLOUS	-0.0772	0.1413	0.5848	0.0253	0.1067	0.8128	0.0385	0.0038
L12_CALCINOSISCUTIS	NA	NA	NA	-0.086	0.5419	0.8739	NA	NA
L12_CELLULITIS	0.4047	0.1009	6.0897e-05	-0.0022	0.0756	0.9767	0.0385	0.0038
L12_CHLOASMA	-0.1276	0.1241	0.3036	-0.061	0.0966	0.5278	0.0385	0.0038
L12_CHRONICULCEROFSKIN	0.0838	0.1184	0.4791	0.0415	0.094	0.6587	0.0385	0.0038
L12_CORNSANDCALLOS	0.2368	0.1045	0.0234	0.2637	0.0903	0.0035	0.0385	0.0038
L12_CUTLAXSEN	0.4774	2.8753	0.8681	0.1038	0.6027	0.8633	0.0385	0.0038
L12_CUT_AUTOSENS	-0.0959	0.618	0.8766	-0.1089	0.693	0.8751	0.0385	0.0038
L12_DECUBITANSULCERANDPRESSURE	0.0915	0.2201	0.6777	0.1129	0.1769	0.5234	0.0385	0.0038
L12_DERMATHERP	0.0704	0.1525	0.6443	0.0842	0.1166	0.47	0.0385	0.0038
L12_DERMATITISECZEMA	0.0953	0.0574	0.0966	0.0507	0.0372	0.1732	0.0385	0.0038
L12_DERMATITISNAS	0.1144	0.0679	0.0921	0.0892	0.043	0.0377	0.0385	0.0038
L12_DERM_NUMMULAR	0.2407	0.1336	0.0717	0.0513	0.0848	0.5451	0.0385	0.0038
L12_DIAPER	0.0126	0.1725	0.9417	-0.0224	0.139	0.8718	0.0385	0.0038
L12_DISORDSKINAPPENDIX	0.1736	0.066	0.0085	0.0694	0.0535	0.1945	0.0385	0.0038
L12_DYSHIDROSIS	-0.1599	0.2962	0.5894	0.1022	0.297	0.7307	0.0385	0.0038
L12_ECCRINESWEAT	NA	NA	NA	NA	NA	NA	0.0385	0.0038
L12_EPIDERMALTHICKOTH	0.2284	0.2074	0.2708	0.0705	0.1483	0.6344	0.0385	0.0038
L12_EPIDERMTHICKNAS	0.1172	0.196	0.5498	0.1471	0.1668	0.3779	0.0385	0.0038
L12_ERTYTH_TOXIC	0.1866	0.1579	0.2371	-0.0546	0.1356	0.6873	0.0385	0.0038
L12_ERYTHEMAMULTIF	-0.1573	0.2199	0.4744	0.0792	0.1929	0.6814	0.0385	0.0038
L12_ERYTHEMANODOSUM	0.0267	0.1662	0.8725	0.0231	0.1437	0.8722	0.0385	0.0038
L12_ERYTHEMATOUSOTH	NA	NA	NA	NA	NA	NA	0.0385	0.0038
L12_ERYTHINOTH	-0.0259	0.1655	0.8759	-0.0845	0.1361	0.5348	0.0385	0.0038
L12_ERYTHRASMA	0.0954	0.1977	0.6295	-0.0806	0.1528	0.5978	0.0385	0.0038
L12_ERYTHRO_KELA	0.2545	0.4028	0.5275	-0.0038	0.2189	0.9862	0.0385	0.0038
L12_ERYTH_ANNULCENTRIFUG	0.3043	1.1102	0.784	-0.4721	1.5982	0.7677	0.0385	0.0038
L12_ERYT_INTERTRIG	0.1862	0.2452	0.4478	0.123	0.1699	0.4692	0.0385	0.0038
L12_EXFOLIATIVE	0.0096	0.2213	0.9653	-0.1487	0.2001	0.4575	0.0385	0.0038
L12_FACTITIALDERMAT	0.4577	0.3265	0.161	0.1746	0.1956	0.3722	0.0385	0.0038
L12_FEBRILENEUTROPHIL	-0.0624	0.1171	0.5944	-0.0571	0.0796	0.4731	0.0385	0.0038
L12_FOLICULAROTH	0.3087	0.1168	0.0082	0.0948	0.0856	0.2683	0.0385	0.0038
L12_FOLLICULARCYST	0.1576	0.0768	0.0402	0.144	0.0702	0.0402	0.0385	0.0038
L12_FOLLICULARNAS	NA	NA	NA	NA	NA	NA	0.0385	0.0038
L12_FOLLICULITDECALV	-0.1151	0.2443	0.6376	0.1634	0.18	0.364	0.0385	0.0038
L12_FOODDERMAT	-0.018	0.0962	0.8515	0.0256	0.0817	0.7542	0.0385	0.0038
L12_FOREIGNBODYGRANULOMA	0.1277	0.1211	0.2916	0.0828	0.0963	0.39	0.0385	0.0038
L12_GRANUANNU	-0.1231	0.1884	0.5136	0.1434	0.1348	0.2872	0.0385	0.0038
L12_GRANULOMASKINNAS	-0.0719	0.1351	0.5943	-0.0437	0.1011	0.6658	0.0385	0.0038
L12_GRANULOMATOUSSKIN	-0.1169	0.1772	0.5096	-0.0137	0.1233	0.9114	0.0385	0.0038
L12_GROVER	-0.2249	0.1276	0.078	-0.0343	0.1034	0.7397	0.0385	0.0038
L12_HAIRCOLOUR	0.1863	0.2201	0.3973	0.0327	0.1539	0.8318	0.0385	0.0038
L12_HAIRLOSSNONSCAR	0.3298	0.5292	0.5331	0.0642	0.2567	0.8024	0.0385	0.0038
L12_HAIRLOSSSCAR	-0.264	0.384	0.4917	0.1083	0.2782	0.697	0.0385	0.0038
L12_HAIRLOSS_NONSCARNAS	0.2955	0.2055	0.1504	-0.0554	0.142	0.6963	0.0385	0.0038
L12_HAIRLOSS_SCARNAS	-0.1122	0.1772	0.5266	0.0241	0.1319	0.8551	0.0385	0.0038
L12_HIDRADENITISSUP	0.2363	0.0748	0.0016	0.1107	0.0589	0.0603	0.0385	0.0038
L12_HIRSUTISM_ADVERSE	-0.1951	0.1478	0.1868	0.1479	0.1079	0.1706	0.0385	0.0038
L12_HIRSUTISM	-0.1163	0.1049	0.2676	0.015	0.0777	0.8465	0.0385	0.0038
L12_HYPERTICHNAS	NA	NA	NA	NA	NA	NA	0.0385	0.0038
L12_HYPERTROPHICNAS	NA	NA	NA	NA	NA	NA	0.0385	0.0038
L12_HYPETROPHICSCAR	0.2096	0.1258	0.0958	0.053	0.0902	0.5568	0.0385	0.0038
L12_IMPETIGO	NA	NA	NA	NA	NA	NA	0.0385	0.0038
L12_INFECT_DERM	0.1018	0.092	0.2684	0.0943	0.0628	0.1336	0.0385	0.0038
L12_INFECT_SKIN_OTHER	0.4487	0.2046	0.0283	0.2194	0.1423	0.1232	0.0385	0.0038
L12_INFECT_SKIN	0.3578	0.0642	2.4577e-08	0.1404	0.0515	0.0063	0.0385	0.0038
L12_INTERNALSUBSTANCEDERM	0.0474	0.3037	0.8759	0.0027	0.2228	0.9905	0.0385	0.0038
L12_LICHENPLANO	-0.1527	0.1918	0.4259	-0.2129	0.1538	0.1665	0.0385	0.0038
L12_LICHENSCLERATROPH	-0.0148	0.0936	0.8741	0.0124	0.0704	0.8607	0.0385	0.0038
L12_LICHENSIMPLEX	0.1861	0.1049	0.076	0.0726	0.0814	0.3722	0.0385	0.0038
L12_LICHSIMPANDPRURIGO	0.1971	0.0997	0.048	0.0531	0.0689	0.4409	0.0385	0.0038
L12_LIVEDOIDVASC	0.3124	0.4243	0.4616	0.0453	0.2268	0.8418	0.0385	0.0038
L12_LOCALCONNECTISSUENAS	-0.2117	0.1667	0.2042	-0.1379	0.1313	0.2937	0.0385	0.0038
L12_LOCALDCONNECTISSUEOTH	-0.1595	0.1159	0.1687	-0.0699	0.0997	0.483	0.0385	0.0038
L12_LOCALSCLERODERMA	-0.1781	0.1344	0.1851	-0.034	0.1102	0.7575	0.0385	0.0038
L12_LUPUS	0.158	0.1105	0.153	-0.0231	0.0934	0.8047	0.0385	0.0038
L12_LYMPHADENITIS	0.2881	0.1279	0.0242	0.1028	0.1071	0.3371	0.0385	0.0038
L12_NAILDIS	0.2919	0.1456	0.045	-0.106	0.1067	0.3204	0.0385	0.0038
L12_NAILNAS	NA	NA	NA	NA	NA	NA	0.0385	0.0038
L12_NAIL_DYSTROPHY	NA	NA	NA	NA	NA	NA	0.0385	0.0038
L12_NAIL_GRYPHOSIS	NA	NA	NA	NA	NA	NA	0.0385	0.0038
L12_NAIL_INGROW	0.2143	0.1052	0.0417	-0.1244	0.0749	0.0969	0.0385	0.0038
L12_NAIL_LYSIS	0.0918	0.1273	0.471	-0.2212	0.1043	0.034	0.0385	0.0038
L12_NECROLIPOIDIC	NA	NA	NA	NA	NA	NA	NA	NA
L12_NONIONRADISKINNAS	-0.4395	1.8236	0.8095	-0.3627	1.3527	0.7886	0.0385	0.0038
L12_OTHACUSKINSUNNAS	0.0153	0.2616	0.9535	0.0058	0.1841	0.9748	0.0385	0.0038
L12_OTHACUSKINSUN	NA	NA	NA	NA	NA	NA	0.0385	0.0038
L12_OTHERBULL	NA	NA	NA	NA	NA	NA	0.0385	0.0038
L12_OTHERCONTACT	0.2134	0.1447	0.1402	0.086	0.0921	0.35	0.0385	0.0038
L12_OTHERDISSKINANDSUBCUTIS	0.1219	0.1064	0.252	0.0487	0.0909	0.5922	0.0385	0.0038
L12_OTHERINFILTRATIVESKIN	-0.4279	0.5733	0.4555	-0.363	0.7623	0.634	0.0385	0.0038
L12_OTHERMELANIN	-0.1648	0.1718	0.3376	-0.0802	0.1334	0.5477	0.0385	0.0038
L12_OTHERSKINSUBCUTIS	0.1424	0.0717	0.0472	0.0342	0.057	0.5483	0.0385	0.0038
L12_OTHPIGMENTATION	-0.553	0.7721	0.4738	-0.0682	0.2646	0.7965	0.0385	0.0038
L12_PAPULOSQUAMOUS	0.1728	0.0539	0.0014	0.0982	0.0393	0.0124	0.0385	0.0038
L12_PAPULOSQUAOTH	0.1466	0.1304	0.2612	-0.0616	0.116	0.5954	0.0385	0.0038
L12_PAPULOSQUONAS	0.0462	0.0959	0.6299	0.0168	0.0851	0.8433	0.0385	0.0038
L12_PARAPSORI	-0.1183	0.2297	0.6065	0.008	0.1532	0.9584	0.0385	0.0038
L12_PARAPSO_PITYLICHCHRON	-0.0512	0.2143	0.8111	-0.0794	0.1512	0.5994	0.0385	0.0038
L12_PARAPSO_PITYLICHETVARACUT	0.3198	0.6597	0.6279	0.0519	0.3185	0.8707	0.0385	0.0038
L12_PARAPSO_PLAQUE	-0.1904	0.131	0.146	0.1229	0.1058	0.2453	0.0385	0.0038
L12_PARAPSO_RETIFORM	NA	NA	NA	NA	NA	NA	0.0385	0.0038
L12_PEMPHIGOID_BULL	-0.0479	0.1232	0.6976	0.0119	0.0925	0.8976	0.0385	0.0038
L12_PEMPHIGOID_CICA	-0.0275	0.1971	0.8889	0.0089	0.1371	0.948	0.0385	0.0038
L12_PEMPHIGOID_NAS	0.021	0.1554	0.8925	-0.004	0.1145	0.9718	0.0385	0.0038
L12_PEMPHIGUS_NAS	0.0349	0.1766	0.8433	-0.0273	0.1516	0.8571	0.0385	0.0038
L12_PEMPHIGUS_VULG	NA	NA	NA	NA	NA	NA	0.0385	0.0038
L12_PEMPHIGUS	NA	NA	NA	NA	NA	NA	0.0385	0.0038
L12_PEMPHIKELA	0.1399	0.2603	0.591	0.0875	0.2007	0.663	0.0385	0.0038
L12_PERIORALDERM	0.0525	0.2319	0.8207	0.0744	0.1729	0.6669	0.0385	0.0038
L12_PHOTOCONTDERMAT	0.2214	0.1525	0.1467	0.0658	0.1158	0.57	0.0385	0.0038
L12_PIGMENTNAS	-0.0188	0.1839	0.9188	0.2938	0.238	0.217	0.0385	0.0038
L12_PIGPURPDERM	-0.2781	0.1783	0.1187	-0.2211	0.1361	0.1043	0.0385	0.0038
L12_PILONIDALCYST	0.1864	0.0585	0.0015	0.0483	0.0444	0.2771	0.0385	0.0038
L12_PITYRIASISRUBRA	0.2427	0.2348	0.3013	0.0089	0.153	0.9535	0.0385	0.0038
L12_PITYROCHEA	0.0083	0.1472	0.9549	0.0985	0.1066	0.3552	0.0385	0.0038
L12_POIKOLOCIVAT	-0.0221	0.1581	0.8886	0.1697	0.1426	0.2341	0.0385	0.0038
L12_POLYMORPHLIGHTERUPT	-0.6765	0.9337	0.4688	-0.0172	0.1901	0.9278	0.0385	0.0038
L12_POSTINFHYPERPIGM	-0.3061	0.2644	0.247	0.1293	0.1992	0.5164	0.0385	0.0038
L12_PRURIGONAS	0.2784	0.17	0.1014	0.053	0.1164	0.6489	0.0385	0.0038
L12_PRURIGONOD	0.1462	0.1413	0.301	-0.0348	0.0965	0.7184	0.0385	0.0038
L12_PRURITUS	0.1618	0.0939	0.0849	0.1251	0.0729	0.086	0.0385	0.0038
L12_PSORIASIS	0.14	0.0544	0.0101	0.0946	0.0393	0.0161	0.0385	0.0038
L12_PSORI_ACRODERM	0.1355	0.105	0.1967	0.129	0.0815	0.1134	0.0385	0.0038
L12_PSORI_GUTTATE	0.0772	0.1804	0.6686	0.1089	0.1414	0.441	0.0385	0.0038
L12_PSORI_NAS	0.2261	0.1024	0.0272	0.2724	0.0836	0.0011	0.0385	0.0038
L12_PSORI_PUSTGEN	0.1388	0.1401	0.3218	0.1432	0.1191	0.2289	0.0385	0.0038
L12_PSORI_PUSTUPALM	0.1292	0.1056	0.2211	0.0737	0.0817	0.367	0.0385	0.0038
L12_PSORI_VULG	0.0919	0.0602	0.1268	0.0733	0.042	0.0811	0.0385	0.0038
L12_PYODERMA	0.0974	0.113	0.3883	0.0556	0.0793	0.4829	0.0385	0.0038
L12_PYOGENGRANUL	0.0517	0.2166	0.8113	-0.0495	0.1805	0.7837	0.0385	0.0038
L12_RADIODERMATITIS	0.1307	0.1467	0.373	0.0029	0.1287	0.9823	0.0385	0.0038
L12_RHINOPHYMA	0.0972	0.1342	0.4688	0.1043	0.0933	0.2635	0.0385	0.0038
L12_ROSACEANAS	0.2247	0.0959	0.0191	0.0682	0.0809	0.3994	0.0385	0.0038
L12_SCARCONDITIONS	0.1175	0.1848	0.525	-0.1551	0.1716	0.3663	0.0385	0.0038
L12_SEBORRHOEIC	0.1257	0.0888	0.1567	0.0786	0.067	0.241	0.0385	0.0038
L12_SEBORRKERAT	-0.0196	0.0918	0.8312	-0.0482	0.074	0.5152	0.0385	0.0038
L12_SKINRADIOTH	0.1032	0.2157	0.6322	-0.0471	0.1807	0.7942	0.0385	0.0038
L12_SKINSUBCUTISNAS	NA	NA	NA	NA	NA	NA	NA	NA
L12_STRIAEATROPHICAE	NA	NA	NA	NA	NA	NA	0.0385	0.0038
L12_SUNBURN	0.1385	0.1598	0.386	-0.0413	0.1194	0.7292	0.0385	0.0038
L12_SWEET_SDR	-0.0634	0.1182	0.5918	-0.0577	0.0801	0.4718	0.0385	0.0038
L12_TELOGEFFLU	NA	NA	NA	NA	NA	NA	0.0385	0.0038
L12_TRANSEPIDERMELIMINATION	-0.1126	0.3455	0.7446	-0.4008	0.6345	0.5276	0.0385	0.0038
L12_ULCERLOWLIMB	0.1069	0.0994	0.2822	0.0117	0.0685	0.8646	0.0385	0.0038
L12_URTICARIA	0.2079	0.0697	0.0029	0.1221	0.054	0.0238	0.0385	0.0038
L12_URTICA_ALLERG	0.1494	0.1389	0.2822	-0.0458	0.1206	0.7042	0.0385	0.0038
L12_URTICA_CHOLINERG	0.0281	0.1348	0.8349	-0.0036	0.1108	0.9738	0.0385	0.0038
L12_URTICA_COLDHEAT	NA	NA	NA	NA	NA	NA	0.0385	0.0038
L12_URTICA_DERTMATOG	0.0507	0.1005	0.6135	0.063	0.0786	0.4224	0.0385	0.0038
L12_URTICA_IDIOPAT	0.355	0.1951	0.0688	0.325	0.1366	0.0174	0.0385	0.0038
L12_URTICA_NAS	0.2702	0.0843	0.0014	0.1213	0.0655	0.064	0.0385	0.0038
L12_URTIGA_CONTACT	-0.1208	0.2523	0.6321	-0.1016	0.1985	0.6087	0.0385	0.0038
L12_VASCULITISNAS	0.2404	0.1658	0.1471	-0.0086	0.1137	0.9397	0.0385	0.0038
L12_VITILIGO	0.0272	0.1386	0.8446	0.0569	0.0978	0.5602	0.0385	0.0038
L12_XEROSCUT	0.2119	0.2333	0.3639	0.0299	0.1578	0.8498	0.0385	0.0038
LICHENOID_DRUG_REACTION	0.1815	0.176	0.3023	0.1649	0.1328	0.2145	0.0385	0.0038
LOCALIZED_SKIN_ERUPT_DRUGS_MEDICAM	NA	NA	NA	NA	NA	NA	0.0385	0.0038
LUNG_TRANSPLANTATION	NA	NA	NA	NA	NA	NA	0.0385	0.0038
M13_ABSCTENDON	NA	NA	NA	NA	NA	NA	0.0385	0.0038
M13_ACHILLESTEND	0.3277	0.0936	0.0005	0.1238	0.0649	0.0565	0.0385	0.0038
M13_ADHCAPSULITIS	0.2451	0.0701	0.0005	0.271	0.0515	1.4196e-07	0.0385	0.0038
M13_ALGONEURO	0.0944	0.1114	0.3969	0.0727	0.0904	0.4208	0.0385	0.0038
M13_ANKLEFOOT	0.1641	0.1735	0.3444	0.2386	0.1738	0.1699	0.0385	0.0038
M13_ANKYLOSISJOINT	-0.0075	0.2351	0.9745	0.0372	0.172	0.8286	0.0385	0.0038
M13_ANKYLOSPON_STRICT	0.0968	0.0974	0.3202	0.0423	0.0749	0.5719	0.0385	0.0038
M13_ANKYLOSPON	0.1195	0.0764	0.1178	0.0329	0.0553	0.5512	0.0385	0.0038
M13_ARTHINOTH	-0.0399	0.1285	0.7561	0.0897	0.0916	0.3275	0.0385	0.0038
M13_ARTHROPATHIES	0.2621	0.037	1.4177e-12	0.1617	0.0269	1.7819e-09	0.0385	0.0038
M13_ARTHROSIS_INCLAVO	0.2306	0.0368	3.6745e-10	0.131	0.0287	4.9218e-06	0.0385	0.0038
M13_ARTHROSIS_KNEE_PRIM_KNEESURG	0.1405	0.0398	0.0004	0.0731	0.0313	0.0195	0.0385	0.0038
M13_ARTHROSIS_KNEE	0.1978	0.0364	5.4361e-08	0.1084	0.0273	6.9998e-05	0.0385	0.0038
M13_ARTHROSIS_OTH	0.2778	0.0459	1.4169e-09	0.2184	0.0339	1.2433e-10	0.0385	0.0038
M13_ARTHROSIS_POLY	0.1987	0.0619	0.0013	0.1791	0.0426	2.6499e-05	0.0385	0.0038
M13_ARTHROSIS	0.2246	0.0359	4.0216e-10	0.145	0.0265	4.4248e-08	0.0385	0.0038
M13_ARTHTROSIS_COX_PRIM_HIPSURG	0.0808	0.0389	0.0378	0.0272	0.0309	0.3787	0.0385	0.0038
M13_ARTHTROSIS_COX_PRIM_ICD10	0.1189	0.0383	0.0019	0.0568	0.03	0.0582	0.0385	0.0038
M13_ARTHTROSIS_COX	0.1675	0.0383	1.2397e-05	0.0867	0.0274	0.0016	0.0385	0.0038
M13_ATLOAXSUBLUX	NA	NA	NA	NA	NA	NA	0.0385	0.0038
M13_BAKERCYST	0.4552	0.259	0.0788	0.1737	0.1641	0.2898	0.0385	0.0038
M13_BEHCET	-0.0547	0.1597	0.7321	-0.1044	0.1503	0.4874	0.0385	0.0038
M13_BICIPITALTEND	0.2123	0.0992	0.0323	0.2982	0.0931	0.0014	0.0385	0.0038
M13_BIOMECHLESIO	0.1065	0.1648	0.5181	0.0216	0.1122	0.8472	0.0385	0.0038
M13_BONECONTINUITY	0.1283	0.134	0.3384	0.0767	0.0937	0.4132	0.0385	0.0038
M13_BONEDENSOTH	NA	NA	NA	NA	NA	NA	0.0385	0.0038
M13_BONEDISNAS	NA	NA	NA	NA	NA	NA	0.0385	0.0038
M13_BONEHYPERTRPH	0.3438	0.2279	0.1314	0.2041	0.1771	0.2491	0.0385	0.0038
M13_BURSCYSTOTH	NA	NA	NA	NA	NA	NA	0.0385	0.0038
M13_BURSELBOWOTH	NA	NA	NA	NA	NA	NA	0.0385	0.0038
M13_BURSITISHIPOTH	NA	NA	NA	NA	NA	NA	NA	NA
M13_BURSITISKNEEOTH	NA	NA	NA	NA	NA	NA	0.0385	0.0038
M13_BURSITISOTH	0.3027	0.1798	0.0923	0.2201	0.1483	0.1377	0.0385	0.0038
M13_BURSOPATHY	0.3966	0.1395	0.0045	0.1971	0.1077	0.0671	0.0385	0.0038
M13_CALCANSPUR	0.5265	0.7408	0.4772	0.1524	0.3264	0.6406	0.0385	0.0038
M13_CALCBURS	0.153	0.1579	0.3327	0.139	0.1197	0.2455	0.0385	0.0038
M13_CALCIFICTEND	0.1981	0.07	0.0047	0.0913	0.052	0.0792	0.0385	0.0038
M13_CALCIOSSIMUSCLE	0.033	0.1776	0.8525	-0.0719	0.1373	0.6007	0.0385	0.0038
M13_CALCTENDINITIS	0.1787	0.1515	0.2381	0.1216	0.1109	0.2727	0.0385	0.0038
M13_CARTILAGE	NA	NA	NA	NA	NA	NA	0.0385	0.0038
M13_CERVICALGIA	0.3553	0.0664	8.6461e-08	0.1905	0.0571	0.0008	0.0385	0.0038
M13_CERVICDISC	0.279	0.0525	1.0428e-07	0.1541	0.0402	0.0001	0.0385	0.0038
M13_CERVICOBRACHSDR	0.2203	0.0672	0.001	0.2663	0.0524	3.7611e-07	0.0385	0.0038
M13_CERVICOCRANSDR	0.3442	0.101	0.0007	0.2323	0.0748	0.0019	0.0385	0.0038
M13_CHONDROMALACIA	0.7363	2.6588	0.7818	-0.0859	0.5538	0.8767	0.0385	0.0038
M13_CHRONDROPATHIES	0.2644	0.0805	0.001	0.0972	0.0667	0.1449	0.0385	0.0038
M13_CHRONSYNOVITISHANDWRIST	0.3479	0.216	0.1071	0.2251	0.144	0.1181	0.0385	0.0038
M13_CHURGSTRAUSS	0.0817	0.1531	0.5935	0.1363	0.114	0.2318	0.0385	0.0038
M13_CLAWCLUBHANDFOOT	0.0267	0.112	0.8115	-0.0252	0.0864	0.7708	0.0385	0.0038
M13_CONNECTNAS	0.0328	0.1687	0.8459	0.0161	0.0855	0.8502	0.0385	0.0038
M13_CONTRACTUREJOINT	0.4642	0.5064	0.3593	-0.0643	0.1982	0.7456	0.0385	0.0038
M13_CRYSTALARTH	0.2004	0.1676	0.232	-0.0089	0.1196	0.9407	0.0385	0.0038
M13_DEFORMACQ	0.3582	0.187	0.0555	0.1478	0.1292	0.2526	0.0385	0.0038
M13_DEFORMDORSONAS	-0.1776	0.1368	0.1942	0.0802	0.1047	0.4434	0.0385	0.0038
M13_DEFORMDORSO	0.1391	0.0566	0.014	0.1532	0.0427	0.0003	0.0385	0.0038
M13_DEQUERVAIN	0.2182	0.0755	0.0038	0.1878	0.0667	0.0049	0.0385	0.0038
M13_DERMATOMYOTH	-0.2293	0.2351	0.3295	-0.1517	0.1669	0.3635	0.0385	0.0038
M13_DERMATOPOLYNAS	NA	NA	NA	NA	NA	NA	NA	NA
M13_DIASTASIS	NA	NA	NA	NA	NA	NA	NA	NA
M13_DIFFASCITIS	0.0239	0.1229	0.8456	-0.152	0.09	0.0913	0.0385	0.0038
M13_DISCINFECTION	0.409	0.2071	0.0482	0.0475	0.1193	0.6906	0.0385	0.0038
M13_DISCITIS	0.2315	0.178	0.1934	0.0971	0.1305	0.4569	0.0385	0.0038
M13_DISSYNOTENDNAS	0.3528	0.1543	0.0222	0.3725	0.1523	0.0144	0.0385	0.0038
M13_DORSALGIANAS	0.3224	0.057	1.5431e-08	0.2432	0.0449	6.0351e-08	0.0385	0.0038
M13_DORSALGIA	0.3417	0.0393	3.3385e-18	0.2444	0.0317	1.3110e-14	0.0385	0.0038
M13_DORSOPATHYNAS	0.1301	0.1851	0.4821	0.3577	0.1936	0.0646	0.0385	0.0038
M13_DORSOPATHYOTH	0.3179	0.0382	8.3120e-17	0.2225	0.0298	8.7599e-14	0.0385	0.0038
M13_DORSOPATHY	0.31	0.0374	1.2394e-16	0.1928	0.0292	3.8023e-11	0.0385	0.0038
M13_DUPUTRYEN	0.202	0.0665	0.0024	0.0946	0.0565	0.0938	0.0385	0.0038
M13_EARLY_LUMBAR_PROLAPSE	0.218	0.0581	0.0002	0.1875	0.0456	3.8872e-05	0.0385	0.0038
M13_ENTEROARTHR	0.0659	0.097	0.4966	0.0292	0.0678	0.6668	0.0385	0.0038
M13_ENTESOPATHYLOWNAS	0.243	0.1	0.0151	0.145	0.0875	0.0976	0.0385	0.0038
M13_ENTESOPATHYLOW	0.3593	0.0711	4.3155e-07	0.1326	0.0565	0.0189	0.0385	0.0038
M13_ENTESOPATHYNAS	0.498	0.1705	0.0035	0.3792	0.1334	0.0045	0.0385	0.0038
M13_ENTESOPATHYOTH	0.3109	0.0548	1.4201e-08	0.2565	0.0369	3.5868e-12	0.0385	0.0038
M13_FATIGFRACT	NA	NA	NA	NA	NA	NA	NA	NA
M13_FATPADHYPERTROPHY	0.233	0.1765	0.1867	0.2143	0.1683	0.2028	0.0385	0.0038
M13_FIBROBLASTIC	0.2531	0.0655	0.0001	0.1108	0.0543	0.0413	0.0385	0.0038
M13_FIBROBLASTNAS	0.1172	0.1907	0.539	0.267	0.1861	0.1514	0.0385	0.0038
M13_FIBROMYALGIA	0.3162	0.0735	1.6765e-05	0.2707	0.065	3.1329e-05	0.0385	0.0038
M13_FINGERDEFORM	0.1725	0.1783	0.3332	0.1804	0.1591	0.2568	0.0385	0.0038
M13_FLATFOOT	0.0696	0.0625	0.2656	0.1132	0.0493	0.0215	0.0385	0.0038
M13_FOREIGNBODY	0.611	0.3612	0.0907	0.1917	0.1765	0.2774	0.0385	0.0038
M13_FORESTIER	NA	NA	NA	NA	NA	NA	NA	NA
M13_GANGLION	0.3484	0.0712	9.9049e-07	0.0892	0.0516	0.0841	0.0385	0.0038
M13_GIANTCELL	-0.023	0.1214	0.8498	0.0305	0.0959	0.7503	0.0385	0.0038
M13_GLUTEALTEND	0.2785	0.128	0.0295	0.2312	0.0947	0.0147	0.0385	0.0038
M13_GOUT	0.1686	0.05	0.0007	0.1066	0.0412	0.0096	0.0385	0.0038
M13_HALLUDEFORMOTH	NA	NA	NA	NA	NA	NA	0.0385	0.0038
M13_HALLUXRIGIDUS	0.0891	0.0537	0.0968	0.0972	0.0452	0.0314	0.0385	0.0038
M13_HALLUXVALGUS	0.1117	0.0339	0.001	0.0668	0.0298	0.0249	0.0385	0.0038
M13_HAMMERTOE	0.0934	0.0523	0.0743	0.0855	0.0405	0.0347	0.0385	0.0038
M13_HEBERDENS_NODES	NA	NA	NA	NA	NA	NA	0.0385	0.0038
M13_HTROMBMICROANG	0.0336	0.1866	0.8571	0.0216	0.1235	0.8613	0.0385	0.0038
M13_HYPERANG	-0.2076	0.2618	0.4278	0.1646	0.2124	0.4384	0.0385	0.0038
M13_HYPERMOBILITY	0.1929	0.1127	0.0872	0.165	0.0795	0.0379	0.0385	0.0038
M13_ILIOTIBBAND	0.3471	0.2926	0.2356	-0.1383	0.1745	0.4281	0.0385	0.0038
M13_IMPINGEMENT	0.3469	0.0558	5.0351e-10	0.2326	0.041	1.3811e-08	0.0385	0.0038
M13_INFBURSA	0.3085	0.2818	0.2736	0.1531	0.2033	0.4513	0.0385	0.0038
M13_INFTENOSYNOVITIS	0.0784	0.1488	0.598	-0.0186	0.1414	0.8956	0.0385	0.0038
M13_INTERHYDRARTHR	0.26	0.465	0.5761	-0.2194	0.4134	0.5957	0.0385	0.0038
M13_INTERVERTEB	0.2748	0.0425	1.0236e-10	0.179	0.0287	4.4962e-10	0.0385	0.0038
M13_JUVERHEU	-0.0659	0.1051	0.5304	-0.1743	0.0816	0.0326	0.0385	0.0038
M13_JUVOSTEOCHONRHIP	0.1039	0.2629	0.6927	0.2919	0.3019	0.3335	0.0385	0.0038
M13_KAWASAKI	-0.1292	0.2341	0.5811	-0.1556	0.21	0.4587	0.0385	0.0038
M13_KISSING	-0.0548	0.1068	0.6078	-0.0048	0.101	0.9618	0.0385	0.0038
M13_KNEEDERANGEMENTS	0.2418	0.0546	9.6740e-06	0.1512	0.0398	0.0001	0.0385	0.0038
M13_KNUCKLEPADS	0.1634	0.2788	0.5578	0.2467	0.2768	0.3728	0.0385	0.0038
M13_KYPHOSIS	NA	NA	NA	NA	NA	NA	0.0385	0.0038
M13_LATERALEPICOND	0.2758	0.0598	4.0022e-06	0.2381	0.0426	2.2911e-08	0.0385	0.0038
M13_LIMBDEFORM	0.1751	0.2395	0.4648	0.0209	0.1643	0.8987	0.0385	0.0038
M13_LIMBLENGTH	0.2158	0.2675	0.4198	-0.0674	0.1504	0.6539	0.0385	0.0038
M13_LIMBPAIN	0.3922	0.0433	1.3010e-19	0.2843	0.0353	7.3351e-16	0.0385	0.0038
M13_LOOSEJOINT	0.286	0.1643	0.0817	-0.0671	0.1166	0.5651	0.0385	0.0038
M13_LORDOSIS	NA	NA	NA	NA	NA	NA	0.0385	0.0038
M13_LOWBACKPAINORANDSCIATICA	0.3714	0.0485	1.9518e-14	0.2675	0.0346	1.1366e-14	0.0385	0.0038
M13_LOWBACKPAIN	0.3522	0.0457	1.2748e-14	0.2525	0.0353	8.6014e-13	0.0385	0.0038
M13_LUMBAR_PROLAPSE	0.2893	0.0439	4.2150e-11	0.1809	0.0311	5.7173e-09	0.0385	0.0038
M13_LUPUS_NEPHRITIS	0.3405	0.3388	0.315	0.4292	0.3879	0.2685	0.0385	0.0038
M13_MCTD	0.0492	0.1512	0.7449	-0.069	0.0801	0.3887	0.0385	0.0038
M13_MEDIALEPICOND	0.0902	0.0989	0.3621	0.2023	0.0777	0.0092	0.0385	0.0038
M13_MENISCUSDERANGEMENTS	0.2477	0.0417	2.8845e-09	0.106	0.0314	0.0007	0.0385	0.0038
M13_METATARSALGIA	0.1821	0.0847	0.0316	0.1444	0.067	0.0311	0.0385	0.0038
M13_MICROPOLYANG	NA	NA	NA	NA	NA	NA	0.0385	0.0038
M13_MONOARTHRITIS	0.2927	1.6566	0.8598	0.0604	0.492	0.9023	0.0385	0.0038
M13_MULTIFIBRO	0.3638	0.4799	0.4484	-0.0386	0.2141	0.8568	0.0385	0.0038
M13_MUSCLEATROPH	-0.0281	0.1316	0.8309	0.0637	0.1039	0.5396	0.0385	0.0038
M13_MUSCLEDISNAS	NA	NA	NA	NA	NA	NA	0.0385	0.0038
M13_MUSCLESTRAIN	0.3557	0.227	0.1171	0.0261	0.1334	0.8447	0.0385	0.0038
M13_MUSCLE	0.3155	0.1452	0.0297	0.2539	0.1175	0.0306	0.0385	0.0038
M13_MUSCONTRAC	0.7445	2.3041	0.7466	0.4516	1.3695	0.7416	0.0385	0.0038
M13_MUSCULOSKELEOTH	0.1675	0.0892	0.0604	0.0798	0.0592	0.1775	0.0385	0.0038
M13_MYALGIA	0.389	0.0661	3.9887e-09	0.2529	0.0569	8.7337e-06	0.0385	0.0038
M13_MYOSITISOSSIF	0.364	1.5674	0.8164	0.5771	2.313	0.803	0.0385	0.0038
M13_MYOSITIS	0.1616	0.5883	0.7835	0.6266	1.818	0.7304	0.0385	0.0038
M13_NECROFASC	0.1539	0.1488	0.3012	-0.0053	0.1033	0.9588	0.0385	0.0038
M13_NECROVASCNAS	NA	NA	NA	NA	NA	NA	0.0385	0.0038
M13_NEURALGIA	0.27	0.1203	0.0248	0.3349	0.0937	0.0003	0.0385	0.0038
M13_OLECRANONBURSITIS	0.2575	0.1437	0.0731	0.1484	0.1164	0.2025	0.0385	0.0038
M13_OSTEOCHONDROPATHY	0.1309	0.0955	0.1706	-0.0627	0.0724	0.3868	0.0385	0.0038
M13_OSTEOCHONDROSIS_OF_ANKLE_JUVENILE	NA	NA	NA	NA	NA	NA	NA	NA
M13_OSTEOCHONDRO	0.1107	0.0597	0.0639	0.1438	0.0433	0.0009	0.0385	0.0038
M13_OSTEOMALACIA	NA	NA	NA	NA	NA	NA	NA	NA
M13_OSTEOMYELITIS	0.2902	0.1772	0.1015	0.1843	0.1408	0.1906	0.0385	0.0038
M13_OSTEOMYELVERTEB	0.136	0.3777	0.7187	0.2223	0.3675	0.5452	0.0385	0.0038
M13_OSTEONECROSIS	-0.0693	0.1272	0.5858	-0.0036	0.1019	0.972	0.0385	0.0038
M13_OSTEOPATHYINOTH	0.0493	0.1973	0.8028	-0.0305	0.1738	0.8608	0.0385	0.0038
M13_OSTEOPOROSIS	-0.05	0.0593	0.3994	0.097	0.0423	0.0217	0.0385	0.0038
M13_OTERSPECARTHR	-0.087	0.1634	0.5944	-0.0098	0.1195	0.9345	0.0385	0.0038
M13_OTHERBONE	0.2647	0.078	0.0007	0.1173	0.0683	0.0857	0.0385	0.0038
M13_OTHERJOINT	0.2609	0.0372	2.3588e-12	0.1687	0.0266	2.0972e-10	0.0385	0.0038
M13_OVERLAP	-0.016	0.1168	0.8914	-0.1984	0.0868	0.0222	0.0385	0.0038
M13_OVERUSENAS	0.3163	0.2223	0.1547	0.0321	0.1471	0.8274	0.0385	0.0038
M13_PAGET	-0.0544	0.273	0.8421	0.1979	0.25	0.4285	0.0385	0.0038
M13_PALINDROMIC	0.1239	0.1538	0.4205	0.1353	0.1244	0.2769	0.0385	0.0038
M13_PANNICULITISNAS	0.5869	0.3603	0.1033	0.0709	0.1651	0.6675	0.0385	0.0038
M13_PANNICULITIS	0.1925	0.1348	0.1533	0.2374	0.1183	0.0448	0.0385	0.0038
M13_PATELLADISLOCATIO	0.1585	0.0677	0.0193	0.104	0.0531	0.0502	0.0385	0.0038
M13_PATELLAOTH	0.2178	0.0586	0.0002	0.0883	0.0439	0.0441	0.0385	0.0038
M13_PATELLARTEND	0.0273	0.1318	0.8357	0.037	0.1102	0.7369	0.0385	0.0038
M13_PERONEALTEND	NA	NA	NA	NA	NA	NA	0.0385	0.0038
M13_PLANTARFASC	0.1978	0.0784	0.0117	0.0768	0.0571	0.179	0.0385	0.0038
M13_POLNODOSA	NA	NA	NA	NA	NA	NA	0.0385	0.0038
M13_POLYARTERETAL	0.1443	0.3979	0.7168	0.0209	0.2452	0.932	0.0385	0.0038
M13_POLYARTHRITIS	-0.0124	0.1373	0.9279	0.0363	0.1026	0.7235	0.0385	0.0038
M13_POLYARTHROPATHIES	0.2156	0.0483	8.2366e-06	0.1494	0.0354	2.3975e-05	0.0385	0.0038
M13_POLYMYALGIA	0.0828	0.0828	0.3177	-0.0444	0.0624	0.4766	0.0385	0.0038
M13_POLYMYO	0.1319	0.1536	0.3902	-0.0178	0.102	0.8616	0.0385	0.0038
M13_POSTOPMUSCULOSKE	0.0999	0.0941	0.2888	0.1008	0.0765	0.1879	0.0385	0.0038
M13_POYARTOTH	0.2157	0.1623	0.1837	0.019	0.1242	0.8784	0.0385	0.0038
M13_PREPATELLARBURSITIS	0.0967	0.1258	0.4422	0.2748	0.093	0.0031	0.0385	0.0038
M13_PROGRESSIVE_OSSEOUS_MUSCLE_INFLAMMATION	0.2356	0.2021	0.2437	0.1938	0.1606	0.2274	0.0385	0.0038
M13_PROGRESSIVE_SYSTEMIC_SCLEROSIS	NA	NA	NA	NA	NA	NA	0.0385	0.0038
M13_PSOASTEND	NA	NA	NA	NA	NA	NA	0.0385	0.0038
M13_PSORIARTH	0.1884	0.077	0.0145	0.1834	0.0515	0.0004	0.0385	0.0038
M13_PYOGARTH	0.5487	0.4212	0.1927	0.1624	0.2295	0.479	0.0385	0.0038
M13_RADICULOPATHY	0.4093	0.0664	7.2159e-10	0.1953	0.0563	0.0005	0.0385	0.0038
M13_REACTARTH	0.3537	0.1829	0.0531	0.028	0.1228	0.8197	0.0385	0.0038
M13_RECUDISLOCATIO	0.2707	0.0752	0.0003	0.1445	0.0608	0.0176	0.0385	0.0038
M13_RELAPSPOLYCHONDR	0.0887	0.1193	0.4574	0.0424	0.1031	0.6809	0.0385	0.0038
M13_RHEUMATISM	0.3026	0.0625	1.2823e-06	0.1974	0.0509	0.0001	0.0385	0.0038
M13_RHEUMA	0.1714	0.0517	0.0009	0.1177	0.0445	0.0082	0.0385	0.0038
M13_ROTATORCUFF	0.3384	0.0407	9.7858e-17	0.2135	0.0309	5.0216e-12	0.0385	0.0038
M13_RUPTUREMUSC	NA	NA	NA	NA	NA	NA	NA	NA
M13_SACROCOGG	0.221	0.1387	0.1112	0.2308	0.104	0.0265	0.0385	0.0038
M13_SACROILIITIS	0.3747	0.1239	0.0025	0.1076	0.0861	0.2111	0.0385	0.0038
M13_SCIATICA	0.344	0.0517	2.9692e-11	0.2428	0.0357	1.0629e-11	0.0385	0.0038
M13_SCOLIOSIS	-0.0664	0.074	0.3696	0.03	0.0586	0.6085	0.0385	0.0038
M13_SERONEGATIVE_JUVENILE_RHEUMATOID_ARTHRITIS	-0.0113	0.09	0.9002	-0.0118	0.0713	0.869	0.0385	0.0038
M13_SHORTACHILLES	0.0519	0.1396	0.7099	0.106	0.1234	0.3904	0.0385	0.0038
M13_SHOULDERBURSITIS	0.4296	0.172	0.0125	0.2175	0.1351	0.1075	0.0385	0.0038
M13_SHOULDERNAS	0.5601	0.1222	4.5482e-06	0.353	0.095	0.0002	0.0385	0.0038
M13_SHOULDER	0.3503	0.0391	3.2003e-19	0.2466	0.0301	2.7927e-16	0.0385	0.0038
M13_SJOGREN	-0.0221	0.1062	0.8354	0.0544	0.0734	0.4587	0.0385	0.0038
M13_SOFTOVERUSE	0.3848	0.0711	6.2462e-08	0.2848	0.0568	5.2999e-07	0.0385	0.0038
M13_SOFTTISSUENAS	0.2907	0.1275	0.0226	0.1682	0.092	0.0674	0.0385	0.0038
M13_SOFTTISSUEOTH	0.3855	0.0405	1.9507e-21	0.2792	0.0317	1.3948e-18	0.0385	0.0038
M13_SOFTTISSUE	0.4003	0.0384	1.7144e-25	0.2576	0.0279	2.4747e-20	0.0385	0.0038
M13_SPINALOSTEOCHON	-0.0212	0.1996	0.9153	0.2327	0.1759	0.1857	0.0385	0.0038
M13_SPINEFUSION	-0.1546	0.3614	0.6688	0.2029	0.3363	0.5464	0.0385	0.0038
M13_SPINENTHES	0.2884	0.1402	0.0397	0.0978	0.1074	0.3624	0.0385	0.0038
M13_SPININSTAB	0.1403	0.1596	0.3794	0.247	0.1195	0.0387	0.0385	0.0038
M13_SPINSTENOSIS	0.2537	0.0437	6.2308e-09	0.1398	0.0329	2.1603e-05	0.0385	0.0038
M13_SPONDYLINFLAMNAS	0.2056	0.1073	0.0554	0.1313	0.0859	0.1264	0.0385	0.0038
M13_SPONDYLOINFECTION	0.1633	0.2559	0.5235	0.0586	0.1843	0.7503	0.0385	0.0038
M13_SPONDYLOLISTHESIS	0.2202	0.0574	0.0001	0.1787	0.0396	6.2212e-06	0.0385	0.0038
M13_SPONDYLOPATHINOTH	NA	NA	NA	NA	NA	NA	0.0385	0.0038
M13_SPONDYLOPATHYNAS	0.3273	0.129	0.0112	-0.0764	0.089	0.3907	0.0385	0.0038
M13_SPONDYLOPATHY	0.2607	0.0423	7.3320e-10	0.1554	0.0308	4.5483e-07	0.0385	0.0038
M13_SPONDYLOSIS	0.2619	0.0451	6.1128e-09	0.1829	0.0344	1.0473e-07	0.0385	0.0038
M13_SPONDYLOTRAUM	0.003	0.1714	0.986	-0.0837	0.1353	0.5365	0.0385	0.0038
M13_SPONTRUPTSYNOTEND	0.1208	0.1106	0.2748	0.1171	0.0883	0.1849	0.0385	0.0038
M13_SYNOHYPERTROPH	0.0386	0.1959	0.8439	-0.1175	0.161	0.4655	0.0385	0.0038
M13_SYNOTENDINOTH	-0.1068	0.1983	0.5899	0.0877	0.1504	0.5598	0.0385	0.0038
M13_SYNOTEND	0.3652	0.0508	6.5828e-13	0.1967	0.0389	4.2994e-07	0.0385	0.0038
M13_SYSTCONINOTH	-0.0187	0.1414	0.8946	0.1435	0.112	0.2001	0.0385	0.0038
M13_SYSTCONNECT	0.0456	0.0789	0.5634	0.0441	0.0538	0.4127	0.0385	0.0038
M13_SYSTSLCE	-0.5154	0.8428	0.5408	0.3897	0.6933	0.574	0.0385	0.0038
M13_TAKAYASU	-0.3714	0.3036	0.2212	-0.2677	0.2299	0.2443	0.0385	0.0038
M13_TEMPARTERIT	-0.0793	0.1214	0.5137	0.0483	0.0982	0.6227	0.0385	0.0038
M13_TENDONCONTRACT	NA	NA	NA	NA	NA	NA	NA	NA
M13_TENDOSYNOVITISNAS	0.5633	0.1778	0.0015	0.3361	0.1309	0.0102	0.0385	0.0038
M13_THORACISPINEPAIN	0.3427	0.076	6.4715e-06	0.2698	0.0641	2.5790e-05	0.0385	0.0038
M13_TIBIALCOLLATERAL	NA	NA	NA	NA	NA	NA	0.0385	0.0038
M13_TIETZE	0.7621	0.7798	0.3284	0.6052	0.6077	0.3193	0.0385	0.0038
M13_TOEDEFORMOTH	0.0418	0.0825	0.6123	0.1557	0.0671	0.0203	0.0385	0.0038
M13_TORTICOLLIS	0.099	0.1365	0.4683	-0.0212	0.1042	0.839	0.0385	0.0038
M13_TRANSSYNOVITIS	0.1257	0.1498	0.4013	0.021	0.1117	0.851	0.0385	0.0038
M13_TRIGGERFINGER	0.2726	0.0608	7.3362e-06	0.1611	0.0468	0.0006	0.0385	0.0038
M13_TROCHANTERICBURSITIS	0.4562	0.0949	1.5423e-06	0.2694	0.0677	6.9628e-05	0.0385	0.0038
M13_VALGUS	0.1604	0.114	0.1592	-0.0522	0.094	0.5785	0.0385	0.0038
M13_VARUS	0.0933	0.1884	0.6203	0.0229	0.1431	0.8727	0.0385	0.0038
M13_VERTEBCOLLAPSE	NA	NA	NA	NA	NA	NA	0.0385	0.0038
M13_VILLONODULAR	0.6558	0.4049	0.1053	-0.1142	0.1728	0.5086	0.0385	0.0038
M13_WEGENER	0.0847	0.2489	0.7335	0.4194	0.324	0.1955	0.0385	0.0038
MACULAR_CYST	-0.0956	0.1611	0.553	0.1303	0.1482	0.3791	0.0385	0.0038
MACULAR_HOLE	0.0418	0.1279	0.7441	0.0654	0.0856	0.4452	0.0385	0.0038
MACULAR_PUCKER	-0.0013	0.0692	0.9853	0.1196	0.0559	0.0323	0.0385	0.0038
MACULA_NAS_ADVERSE	0.125	0.1643	0.447	-0.0518	0.1388	0.7089	0.0385	0.0038
MACULA_NAS	-0.0585	0.0945	0.5357	0.0653	0.0753	0.3855	0.0385	0.0038
MATERNCAREFETUSALCO	0.1968	0.1411	0.1632	0.0902	0.1066	0.3975	0.0385	0.0038
MEMLOSS	0.037	0.1597	0.8166	0.1962	0.1619	0.2256	0.0385	0.0038
MENINGITIS	NA	NA	NA	NA	NA	NA	NA	NA
MIGRAINE_TRIPTAN	0.1466	0.0399	0.0002	0.1202	0.0309	0.0001	0.0385	0.0038
MIGRAINE_UNSPE	0.3953	0.2984	0.1853	0.2279	0.2088	0.2752	0.0385	0.0038
MUCOPROCT	-0.1296	0.0552	0.019	0.0087	0.0489	0.8579	0.0385	0.0038
MYCOBLUNGATYPICA	0.6783	1.8885	0.7195	-0.2021	0.719	0.7786	0.0385	0.0038
MYELOPROF_NONCML	0.0616	0.0662	0.3521	-0.0167	0.0497	0.7361	0.0385	0.0038
N14_ABNORMALBLEED	0.3279	0.0742	9.7791e-06	0.2891	0.0597	1.3008e-06	0.0385	0.0038
N14_ACUTENEPHRITIC	NA	NA	NA	NA	NA	NA	0.0385	0.0038
N14_ACUTERENFAIL	0.2012	0.0928	0.0301	0.1098	0.067	0.1012	0.0385	0.0038
N14_AMENORRHEAPRIM	0.1727	0.1956	0.3772	0.1108	0.1502	0.4607	0.0385	0.0038
N14_ATROPHOV	0.1246	0.2889	0.6662	0.2974	0.1961	0.1295	0.0385	0.0038
N14_BARTHOABSCESS	0.1653	0.1288	0.1992	-0.077	0.0975	0.4297	0.0385	0.0038
N14_BARTHOCYS	0.0116	0.1056	0.9123	0.0224	0.077	0.7713	0.0385	0.0038
N14_BARTHOOTHNAS	0.1332	0.1417	0.3471	-0.0281	0.1097	0.7978	0.0385	0.0038
N14_BENIGNMAMDYSP	0.0293	0.1353	0.8287	-0.0634	0.0996	0.5246	0.0385	0.0038
N14_BREASTDISOTH	0.0808	0.1356	0.5511	0.0963	0.0997	0.334	0.0385	0.0038
N14_BREAST	0.15	0.0597	0.0119	0.0871	0.0491	0.0763	0.0385	0.0038
N14_CALCUKIDUR	0.1274	0.0466	0.0063	0.0553	0.0374	0.1395	0.0385	0.0038
N14_CALCULOWER	0.1914	0.0999	0.0553	0.0396	0.0692	0.5675	0.0385	0.0038
N14_CERVICAL_DYSPLASIA_ALL	0.2194	0.0803	0.0063	0.1621	0.065	0.0126	0.0385	0.0038
N14_CERVICAL_DYSPLASIA_NOS	0.0136	0.1866	0.942	-0.1683	0.1407	0.2315	0.0385	0.0038
N14_CERVICAL_HSIL	0.2368	0.0849	0.0053	0.1098	0.0697	0.1155	0.0385	0.0038
N14_CERVICAL_LSIL	0.1413	0.1115	0.2052	0.2612	0.0937	0.0053	0.0385	0.0038
N14_CHRONEPHROPATH	0.2074	0.1392	0.1364	-0.0031	0.0957	0.9743	0.0385	0.0038
N14_CHRONKIDNEYDIS_WIDE	0.1017	0.0759	0.1802	0.0951	0.055	0.0837	0.0385	0.0038
N14_CHRONKIDNEYDIS	-0.0214	0.0712	0.7639	0.0255	0.0546	0.6406	0.0385	0.0038
N14_CHRONTUBULOINTNEPHRITIS	-0.0319	0.156	0.8379	0.1295	0.1561	0.4069	0.0385	0.0038
N14_CYSTITIS	0.1886	0.0465	4.9415e-05	0.1771	0.041	1.5633e-05	0.0385	0.0038
N14_CYSTKID	0.3098	0.2827	0.2731	0.0712	0.1515	0.6383	0.0385	0.0038
N14_DIALYSIS	-0.089	0.12	0.4584	0.0429	0.0991	0.6653	0.0385	0.0038
N14_DISIMPAIRRENTUB	-0.1535	0.1819	0.3987	0.1069	0.1385	0.4402	0.0385	0.0038
N14_DRUGSANDHEAVYMETAL	-0.3289	0.2094	0.1162	-0.1001	0.1553	0.5192	0.0385	0.0038
N14_ENDOMETRIOSIS_ASRM_STAGE3_4	-0.0189	0.0484	0.6965	-0.1319	0.0387	0.0006	0.0385	0.0038
N14_ENDOMETRIOSIS_DEEP	0.0475	0.0677	0.4828	-0.1018	0.0556	0.0673	0.0385	0.0038
N14_ENDOMETRIOSIS_FALLOPIAN_TUBE	NA	NA	NA	NA	NA	NA	NA	NA
N14_ENDOMETRIOSIS_INTESTINE	-0.0617	0.1236	0.6176	-0.0545	0.1061	0.6075	0.0385	0.0038
N14_ENDOMETRIOSIS_NOS	0.065	0.073	0.3732	0.0006	0.0586	0.9921	0.0385	0.0038
N14_ENDOMETRIOSIS_OVARY	0.0071	0.0512	0.8892	-0.0911	0.0393	0.0206	0.0385	0.0038
N14_ENDOMETRIOSIS_PELVICPERITONEUM	0.0613	0.0557	0.2709	0.002	0.0474	0.9661	0.0385	0.0038
N14_ENDOMETRIOSIS_RECTPVAGSEPT_VAGINA	0.107	0.0627	0.0877	-0.0289	0.0544	0.5957	0.0385	0.0038
N14_ENDOMETRIOSIS_SKIN_SCAR	-0.0452	0.1448	0.7547	0.1114	0.0942	0.2369	0.0385	0.0038
N14_ENDOMETRIOSIS_UTERUS	0.2053	0.073	0.0049	0.1744	0.0519	0.0008	0.0385	0.0038
N14_ENDOMETRIOSIS	0.0918	0.0465	0.0484	0.0071	0.0357	0.8424	0.0385	0.0038
N14_ENDOMET_INFERT	0.0803	0.0652	0.2185	-0.0753	0.0594	0.2047	0.0385	0.0038
N14_EROSECTROPUT	NA	NA	NA	NA	NA	NA	0.0385	0.0038
N14_FEMALEGENINF	0.3526	0.0603	5.0827e-09	0.2328	0.0491	2.1201e-06	0.0385	0.0038
N14_FEMALEGENNONINF	0.2659	0.0511	1.9744e-07	0.1475	0.0387	0.0001	0.0385	0.0038
N14_FEMALEINFERT	0.296	0.0677	1.2256e-05	0.0659	0.0589	0.2633	0.0385	0.0038
N14_FEMALE_GENITAL_DYSPLASIA_ALL	0.2439	0.0788	0.002	0.1779	0.0665	0.0074	0.0385	0.0038
N14_FEMALE_GENITAL_DYSPLASIA_NOS	NA	NA	NA	NA	NA	NA	NA	NA
N14_FEMALE_GENITAL_HSIL	0.2611	0.0858	0.0023	0.1118	0.0744	0.1332	0.0385	0.0038
N14_FEMALE_GENITAL_LSIL	0.1842	0.1124	0.1014	0.3091	0.0911	0.0007	0.0385	0.0038
N14_FEMGENFISTUL	NA	NA	NA	NA	NA	NA	0.0385	0.0038
N14_FEMGENPAIN	0.3291	0.0739	8.4587e-06	0.1104	0.0529	0.037	0.0385	0.0038
N14_FEMGENPROL	0.2158	0.0399	6.3246e-08	0.2132	0.0351	1.2106e-09	0.0385	0.0038
N14_FEMPELINFINOTH	NA	NA	NA	NA	NA	NA	NA	NA
N14_FIANOV	0.1907	0.0912	0.0365	0.109	0.0737	0.1391	0.0385	0.0038
N14_FIOTHNAS	0.2859	0.0731	9.0803e-05	-0.0009	0.06	0.9882	0.0385	0.0038
N14_FITUB	0.908	0.4296	0.0346	0.4005	0.2612	0.1253	0.0385	0.0038
N14_FIUTERINE	0.2954	0.2767	0.2857	0.1082	0.1935	0.5761	0.0385	0.0038
N14_GALACTORRHEA	NA	NA	NA	NA	NA	NA	0.0385	0.0038
N14_GENITOUROTH	0.1997	0.1436	0.1645	0.2033	0.1225	0.0969	0.0385	0.0038
N14_GLOMEINOTH	-0.0253	0.0918	0.7827	0.1076	0.0771	0.163	0.0385	0.0038
N14_GLOMERULAR	0.0388	0.0925	0.675	0.0156	0.0674	0.817	0.0385	0.0038
N14_GLOMER_NEPHRITIS	0.1409	0.1905	0.4596	-0.1842	0.1394	0.1864	0.0385	0.0038
N14_HABITABORT	NA	NA	NA	NA	NA	NA	0.0385	0.0038
N14_HENOCHSCHONLEIN_NEPHRITIS	0.0812	0.1514	0.592	-0.1319	0.1329	0.3209	0.0385	0.0038
N14_HYDROCELE	0.0052	0.0902	0.9538	0.0064	0.0698	0.9268	0.0385	0.0038
N14_HYDRONEPHR	0.2276	0.1339	0.0892	0.0237	0.0963	0.806	0.0385	0.0038
N14_HYPERTROPHYBREAST_BOTH	0.143	0.0479	0.0028	0.0899	0.036	0.0127	0.0385	0.0038
N14_HYPERTROPHYBREAST	0.1236	0.0475	0.0092	0.1023	0.0365	0.0051	0.0385	0.0038
N14_IGA_NEPHROPATHY	-0.0964	0.1123	0.3905	-0.0046	0.0856	0.9568	0.0385	0.0038
N14_IMPOTENCE	0.2755	0.0948	0.0036	0.0951	0.0801	0.2353	0.0385	0.0038
N14_INFCERVIX	NA	NA	NA	NA	NA	NA	0.0385	0.0038
N14_INFLAMALEGEN	0.1873	0.2444	0.4435	0.0341	0.1707	0.8416	0.0385	0.0038
N14_INFLAMMBREAST	0.2458	0.098	0.0122	0.0602	0.0744	0.4185	0.0385	0.0038
N14_INFLUTH	0.5309	0.091	5.3417e-09	0.3424	0.073	2.7354e-06	0.0385	0.0038
N14_ISOLPROTEINURIA	NA	NA	NA	NA	NA	NA	NA	NA
N14_KIDNEY_DISEASES	0.2401	0.052	3.9307e-06	0.1754	0.0392	7.5465e-06	0.0385	0.0038
N14_KIDUROTH	0.2949	0.2534	0.2445	0.2717	0.2153	0.207	0.0385	0.0038
N14_LUMPNASBREAST	0.0917	0.1029	0.3728	0.0821	0.0845	0.3309	0.0385	0.0038
N14_MAEMABROAD	-0.0444	0.1181	0.7066	0.0381	0.092	0.6786	0.0385	0.0038
N14_MALEGENINOTH	NA	NA	NA	NA	NA	NA	0.0385	0.0038
N14_MALEGEN	0.1054	0.0586	0.072	0.0401	0.0424	0.345	0.0385	0.0038
N14_MALEINFERT	0.0722	0.157	0.6458	0.0703	0.1066	0.5099	0.0385	0.0038
N14_MEMBRANOUS_NEPHROPATHY	NA	NA	NA	NA	NA	NA	0.0385	0.0038
N14_MENOPAUSOT	0.2569	0.0665	0.0001	0.1168	0.0477	0.0144	0.0385	0.0038
N14_MENORRHAGIA	0.3007	0.0551	4.8259e-08	0.2184	0.0423	2.3979e-07	0.0385	0.0038
N14_MENSIRREG	0.3292	0.0841	9.0845e-05	0.2402	0.0482	6.1307e-07	0.0385	0.0038
N14_MESNRUIRREG	0.3164	0.0527	1.9477e-09	0.2055	0.036	1.1812e-08	0.0385	0.0038
N14_NEPHRITICNAS	0.1681	0.1751	0.337	0.1039	0.1414	0.4624	0.0385	0.0038
N14_NEPHROPATHYHER	-0.0377	0.2099	0.8576	-0.1771	0.1904	0.3522	0.0385	0.0038
N14_NEPHROTICSYND	-0.344	0.2704	0.2033	-0.2285	0.1921	0.2342	0.0385	0.0038
N14_NEUROMUSCDYSBLADD	0.2379	0.1037	0.0218	0.1326	0.0799	0.097	0.0385	0.0038
N14_OBSTRUREFLUROPATH	-0.0552	0.2163	0.7987	0.196	0.1966	0.3187	0.0385	0.0038
N14_OLIGOMEN	0.2217	0.1572	0.1586	0.1486	0.0945	0.1158	0.0385	0.0038
N14_ORHCEPINDIDYMITIS	0.1584	0.1224	0.1953	0.2183	0.1168	0.0617	0.0385	0.0038
N14_OTHBLADD	0.0625	0.126	0.6198	0.2417	0.1049	0.0212	0.0385	0.0038
N14_OTHDISMALEGEN	0.3131	0.2468	0.2045	0.4325	0.274	0.1145	0.0385	0.0038
N14_OTHETNASKIDUR	0.3492	0.2701	0.196	0.3178	0.2109	0.1318	0.0385	0.0038
N14_OTHFEMPELINF	0.4536	0.0995	5.1268e-06	0.1819	0.0697	0.009	0.0385	0.0038
N14_OTHINFVAGVULV	0.2562	0.1668	0.1246	0.0853	0.1435	0.5523	0.0385	0.0038
N14_OTHNONINFCERVIX	NA	NA	NA	NA	NA	NA	NA	NA
N14_OTHNONINFOVA	NA	NA	NA	NA	NA	NA	0.0385	0.0038
N14_OTHNONINFUTER	0.2077	0.065	0.0014	0.0619	0.0507	0.2223	0.0385	0.0038
N14_OTHNONINFVAG	0.2037	0.2005	0.3097	0.1515	0.1644	0.3568	0.0385	0.0038
N14_OTHNONINFVULV	0.2052	0.1281	0.1091	-0.0532	0.1012	0.5988	0.0385	0.0038
N14_OTHPENIS	0.007	0.1	0.9442	0.0766	0.082	0.3505	0.0385	0.0038
N14_OVARTORS	0.5623	0.6581	0.3928	0.7395	0.7945	0.352	0.0385	0.0038
N14_OVARYCYST	0.3029	0.06	4.3738e-07	0.1185	0.0427	0.0055	0.0385	0.0038
N14_OVAR_HYPERSTIM	0.2337	0.1417	0.0991	0.1147	0.1154	0.3202	0.0385	0.0038
N14_PHIMOSIS	-0.0339	0.0735	0.6448	0.0167	0.0516	0.7465	0.0385	0.0038
N14_POLYPFEMGEN	0.2029	0.0757	0.0074	-0.0151	0.0555	0.7858	0.0385	0.0038
N14_POSTMENATRVAG	0.201	0.0938	0.0321	-0.0314	0.0714	0.6605	0.0385	0.0038
N14_POSTMENBLEED	0.2611	0.0721	0.0003	0.0973	0.0551	0.0777	0.0385	0.0038
N14_PREMENSTSYNDROM	0.1297	0.1454	0.3725	0.0588	0.1117	0.599	0.0385	0.0038
N14_PRIMARY_AMENORRHEA	NA	NA	NA	NA	NA	NA	0.0385	0.0038
N14_PROHERNOV	0.0914	0.1934	0.6367	0.456	0.2302	0.0476	0.0385	0.0038
N14_PROSTAOTH	0.2433	0.6886	0.7239	0.1048	0.4113	0.7989	0.0385	0.0038
N14_PROSTATITIS	0.2117	0.0882	0.0163	0.1376	0.0668	0.0394	0.0385	0.0038
N14_PROSTHYPERPLA	0.1113	0.0542	0.0401	0.0092	0.0388	0.812	0.0385	0.0038
N14_PYELONEPHR	0.2456	0.0591	3.2566e-05	0.228	0.052	1.1740e-05	0.0385	0.0038
N14_RAPIDPROGNEPHRITIC	NA	NA	NA	NA	NA	NA	0.0385	0.0038
N14_RECURANDPERHEAMATUR	-0.0185	0.1344	0.8906	0.0148	0.1113	0.8943	0.0385	0.0038
N14_RENALCOLNAS	0.2975	0.189	0.1155	0.162	0.1481	0.274	0.0385	0.0038
N14_RENALTUBULOINOTH	-0.0408	0.1665	0.8063	0.1871	0.1626	0.2499	0.0385	0.0038
N14_RENALTUBULOOTH	-0.2169	0.2786	0.4363	-0.0258	0.1878	0.8908	0.0385	0.0038
N14_RENALTUB	0.211	0.059	0.0003	0.208	0.0484	1.7328e-05	0.0385	0.0038
N14_RENFAILNAS	-0.0174	0.1299	0.8936	0.0296	0.1078	0.7837	0.0385	0.0038
N14_RENFAIL	0.0261	0.0648	0.6865	0.0813	0.0487	0.0947	0.0385	0.0038
N14_SALPHOOPH	0.2822	0.0843	0.0008	0.3056	0.071	1.6687e-05	0.0385	0.0038
N14_SMALLKIDNEY	NA	NA	NA	NA	NA	NA	0.0385	0.0038
N14_SPERMATOCELE	0.0483	0.1088	0.6572	0.0726	0.0657	0.2694	0.0385	0.0038
N14_TORSIOTEST	-0.4105	0.3142	0.1914	0.1643	0.1865	0.3783	0.0385	0.0038
N14_TUBULOINTNEPHRNAS	0.3209	0.2873	0.264	0.0459	0.1729	0.7907	0.0385	0.0038
N14_ULCERVAGVUL	0.2573	0.1974	0.1923	0.2469	0.1538	0.1084	0.0385	0.0038
N14_UNSPECKIDCONTR	0.0007	0.1759	0.9969	-0.0567	0.1068	0.5957	0.0385	0.0038
N14_URETHRALSTRICT	0.0137	0.1214	0.9102	-0.0603	0.0982	0.539	0.0385	0.0038
N14_URETHRAOTH	0.2436	0.0484	4.8859e-07	0.2678	0.0437	9.2808e-10	0.0385	0.0038
N14_URETHRITISANDURSYNDR	NA	NA	NA	NA	NA	NA	0.0385	0.0038
N14_URINOTH	0.2255	0.0428	1.3496e-07	0.2126	0.0403	1.3459e-07	0.0385	0.0038
N14_UTER_POLYP	-0.0398	0.1189	0.7378	0.0712	0.1005	0.4788	0.0385	0.0038
N14_VAGINAL_DYSPLASIA_ALL	NA	NA	NA	NA	NA	NA	0.0385	0.0038
N14_VAGINAL_HSIL	NA	NA	NA	NA	NA	NA	NA	NA
N14_VAGINAL_LSIL	NA	NA	NA	NA	NA	NA	0.0385	0.0038
N14_VAGINITIS	0.1912	0.0968	0.0482	0.1285	0.0691	0.0629	0.0385	0.0038
N14_VULVAL_DYSPLASIA_ALL	0.2712	0.1146	0.018	0.1313	0.0769	0.088	0.0385	0.0038
N14_VULVAL_DYSPLASIA_NOS	NA	NA	NA	NA	NA	NA	0.0385	0.0038
N14_VULVAL_HSIL	0.2477	0.1499	0.0985	0.0473	0.1053	0.6537	0.0385	0.0038
N14_VULVAL_LSIL	0.2308	0.1407	0.1009	0.2145	0.1019	0.0353	0.0385	0.0038
N14_VULVOVAGINFINOTH	0.0271	0.103	0.7921	-0.0005	0.0798	0.9952	0.0385	0.0038
NAFLD	0.2094	0.0755	0.0056	0.1661	0.0613	0.0067	0.0385	0.0038
NASH	-0.0275	0.1507	0.8553	-0.0629	0.1265	0.6189	0.0385	0.0038
NECROVASC_FG	-0.015	0.1162	0.8976	0.1225	0.0987	0.2146	0.0385	0.0038
NEPHROP_INDUCED_OTHER_DRUGS_MEDICAM_BIOLO_SUBST	-0.2963	0.1432	0.0385	-0.0071	0.1109	0.9492	0.0385	0.0038
NEURODEGOTH	0.2326	0.0997	0.0196	0.1712	0.084	0.0416	0.0385	0.0038
NIV	0.4169	0.1556	0.0074	0.3811	0.1322	0.0039	0.0385	0.0038
NONALLERG_ASTHMA_EXMORE	0.2645	0.0745	0.0004	0.2152	0.0539	6.5351e-05	0.0385	0.0038
O15_ABORT_FAILED	0.0053	0.2878	0.9853	0.6192	0.7966	0.437	0.0385	0.0038
O15_ABORT_MEDICAL	0.3503	0.0491	1.0121e-12	0.4032	0.0328	1.2320e-34	0.0385	0.0038
O15_ABORT_OTHER	0.4656	0.1967	0.0179	0.301	0.1617	0.0627	0.0385	0.0038
O15_ABORT_SPONTAN	0.7616	0.1374	2.9427e-08	0.65	0.1059	8.3701e-10	0.0385	0.0038
O15_ABORT_UNS	0.6077	0.3427	0.0762	0.4094	0.2372	0.0843	0.0385	0.0038
O15_AMNIOT_OTHER	0.3814	0.1979	0.054	0.4997	0.1952	0.0104	0.0385	0.0038
O15_ANTENAT_ABNORM	0.1896	0.105	0.0711	0.4204	0.1007	2.9718e-05	0.0385	0.0038
O15_ANTEPART_HAEM_NAS	0.3919	0.1551	0.0115	0.4485	0.1434	0.0018	0.0385	0.0038
O15_BIRTH_BREAT_INFECT	NA	NA	NA	NA	NA	NA	0.0385	0.0038
O15_BREAST_LACT_OTHER_DIS	-0.0403	0.1944	0.8357	-0.0213	0.1694	0.9	0.0385	0.0038
O15_COMPLIC_ABORT_ECTOP_MOLAR	NA	NA	NA	NA	NA	NA	0.0385	0.0038
O15_COMPLIC_LAB_DELIV	0.3943	0.0692	1.1951e-08	0.4908	0.0519	3.2767e-21	0.0385	0.0038
O15_COMPLIC_PUERP	0.5662	0.1911	0.0031	0.3383	0.1414	0.0167	0.0385	0.0038
O15_CONCEPT_ABNORM	0.5676	0.1194	1.9943e-06	0.6941	0.1105	3.4108e-10	0.0385	0.0038
O15_DELIV_CAESAR	0.58	0.0722	9.7146e-16	0.6146	0.0639	6.4187e-22	0.0385	0.0038
O15_DELIV_FORCEP_VAC	0.3965	0.1089	0.0003	0.5438	0.0899	1.4683e-09	0.0385	0.0038
O15_DELIV_MULTIP	0.6788	0.5694	0.2332	1.052	0.7379	0.154	0.0385	0.0038
O15_DELIV_OTHER_ASSIST	NA	NA	NA	NA	NA	NA	0.0385	0.0038
O15_DELIV_PERIN_LACER	0.1053	0.1108	0.3422	0.3935	0.1068	0.0002	0.0385	0.0038
O15_DELIV_SPONT	0.6122	0.0585	1.1690e-25	0.7207	0.0438	9.0961e-61	0.0385	0.0038
O15_ECLAMPSIA	-0.0375	0.1207	0.7562	-0.0011	0.0952	0.9908	0.0385	0.0038
O15_EXCESS_VOMIT_PREG	0.2641	0.0686	0.0001	0.1496	0.0557	0.0072	0.0385	0.0038
O15_EXIST_HYPERT_COMPLIC	0.0914	0.0682	0.1803	0.0008	0.0436	0.9846	0.0385	0.0038
O15_FAILED_INDUCT	0.2414	0.1243	0.0521	0.164	0.0967	0.0899	0.0385	0.0038
O15_FALSE_LAB	0.5816	0.0774	5.8777e-14	0.6333	0.0581	1.1811e-27	0.0385	0.0038
O15_GESTAT_HYPERT	0.0966	0.0554	0.0812	0.0843	0.0365	0.0209	0.0385	0.0038
O15_GESTAT_OEDEM_PREINUR	0.4084	0.0967	2.4099e-05	0.2856	0.0807	0.0004	0.0385	0.0038
O15_HAEMORRH_EARLY_PREG	0.5886	0.0903	7.0405e-11	0.472	0.07	1.5294e-11	0.0385	0.0038
O15_HYPTENSPREG	0.1116	0.0484	0.021	0.0855	0.0333	0.0102	0.0385	0.0038
O15_ICP_EXMORE	0.0288	0.0676	0.6704	0.0188	0.0545	0.7306	0.0385	0.0038
O15_ICP_WIDE_EXMORE	0.0424	0.0632	0.5022	0.0113	0.0485	0.8154	0.0385	0.0038
O15_ICP_WIDE	0.1215	0.0639	0.0574	0.094	0.0502	0.0612	0.0385	0.0038
O15_LABOUR_ABNORM_FORCES	0.3298	0.1297	0.011	0.161	0.0913	0.0778	0.0385	0.0038
O15_LABOUR_ANEST_COMPLIC	0.1639	0.1464	0.263	0.11	0.1171	0.3478	0.0385	0.0038
O15_LABOUR_FETAL_STRESS	0.2873	0.098	0.0034	0.3139	0.0745	2.4994e-05	0.0385	0.0038
O15_LABOUR_INTRAPART_HAEMORRH	0.2312	0.1722	0.1793	0.4596	0.247	0.0628	0.0385	0.0038
O15_LABOUR_LONG	0.2066	0.0645	0.0014	0.2298	0.0576	6.5655e-05	0.0385	0.0038
O15_LABOUR_MALPOS	0.4298	0.1185	0.0003	0.4046	0.0944	1.8135e-05	0.0385	0.0038
O15_LABOUR_OBSTR_OTHER	0.4535	0.1328	0.0006	0.4314	0.1152	0.0002	0.0385	0.0038
O15_LABOUR_OTHER	-0.0888	0.1514	0.5575	0.3028	0.144	0.0355	0.0385	0.0038
O15_LABOUR_PELVIC_ABNORM	0.1724	0.0642	0.0072	0.1774	0.047	0.0002	0.0385	0.0038
O15_LABOUR_UMBILICAL	0.1531	0.4059	0.7061	0.5473	0.8714	0.53	0.0385	0.0038
O15_MATERN_CARE_CERVICAL_INCOMPETENCE	0.2066	0.1114	0.0637	0.1738	0.0883	0.049	0.0385	0.0038
O15_MATERN_CARE_DISPROP	0.0914	0.1075	0.3951	0.2182	0.0765	0.0043	0.0385	0.0038
O15_MATERN_CARE_FETAL_ABNORM	0.288	0.1138	0.0114	0.5035	0.1289	9.3384e-05	0.0385	0.0038
O15_MATERN_CARE_OTHER	0.4927	0.0998	7.8361e-07	0.54	0.087	5.5114e-10	0.0385	0.0038
O15_MATERN_CARE_PELVIC_ABNORM	0.5035	0.1018	7.5881e-07	0.5883	0.0891	4.0530e-11	0.0385	0.0038
O15_MATERN_CARE	0.6404	0.0802	1.3929e-15	0.6813	0.0659	4.9138e-25	0.0385	0.0038
O15_MATERN_HYPERT_UNS	0.0614	0.3876	0.8741	-0.1154	0.3853	0.7645	0.0385	0.0038
O15_MATERN_INFECT_ELSEWHERE	NA	NA	NA	NA	NA	NA	0.0385	0.0038
O15_MAT_CARE_MALPRESENT	0.3372	0.0995	0.0007	0.2925	0.0698	2.7724e-05	0.0385	0.0038
O15_MEMBR_PREMAT_RUPT	0.3882	0.0858	6.0146e-06	0.3968	0.0787	4.6093e-07	0.0385	0.0038
O15_MULTIP_GEST_COMPLIC	NA	NA	NA	NA	NA	NA	0.0385	0.0038
O15_MULTIP_GEST	0.4762	0.6099	0.4349	1.0118	1.0276	0.3248	0.0385	0.0038
O15_OBSTET_TRAUMA_OTHER	0.151	0.1623	0.3521	0.0266	0.126	0.8327	0.0385	0.0038
O15_OTHER_MATERN_DIS_ELSEWHERE	0.3581	0.0898	6.6841e-05	0.4492	0.0763	3.8603e-09	0.0385	0.0038
O15_PLAC_DISORD	NA	NA	NA	NA	NA	NA	0.0385	0.0038
O15_PLAC_PRAEVIA	0.3908	0.1989	0.0494	0.2213	0.1235	0.0731	0.0385	0.0038
O15_PLAC_PREMAT_SEPAR	0.5713	0.2112	0.0068	0.2516	0.1373	0.0669	0.0385	0.0038
O15_POLYHYDR	0.579	0.2118	0.0063	0.5391	0.2007	0.0072	0.0385	0.0038
O15_POOR_FETGRO	0.1984	0.0845	0.0188	0.2369	0.0617	0.0001	0.0385	0.0038
O15_POSTPART_HAEMORRH_ANATOMY	-0.086	0.1189	0.4691	0.1255	0.0815	0.1235	0.0385	0.0038
O15_POSTPART_HAEMORRH_PLACENTA	0.0686	0.1005	0.4946	0.1229	0.0838	0.1423	0.0385	0.0038
O15_POSTPART_HEAMORRH_ALLW	0.2799	0.1045	0.0074	0.4376	0.0811	6.8124e-08	0.0385	0.0038
O15_PREECLAMPS_CHRONIC_HYPERT	NA	NA	NA	NA	NA	NA	0.0385	0.0038
O15_PREECLAMPS	0.117	0.0647	0.0707	0.102	0.0479	0.0332	0.0385	0.0038
O15_PREEC_OR_FETGRO	0.1401	0.0652	0.0317	0.1507	0.0461	0.0011	0.0385	0.0038
O15_PREG_ABORT	0.4827	0.0537	2.6906e-19	0.5396	0.0388	5.0394e-44	0.0385	0.0038
O15_PREG_ANESTH_COMPL	-0.0168	0.1304	0.8974	0.0806	0.1025	0.4318	0.0385	0.0038
O15_PREG_ECTOP	0.4703	0.0816	8.0921e-09	0.5117	0.0663	1.1996e-14	0.0385	0.0038
O15_PREG_GU_INFECT	0.652	0.1909	0.0006	0.5871	0.1504	9.4993e-05	0.0385	0.0038
O15_PREG_HYDAT	NA	NA	NA	NA	NA	NA	0.0385	0.0038
O15_PREG_MATERN_CARE	0.523	0.0915	1.0883e-08	0.4397	0.0707	5.0222e-10	0.0385	0.0038
O15_PREG_OTHER_MAT_DISORD	0.4629	0.0608	2.6182e-14	0.4322	0.0434	2.3325e-23	0.0385	0.0038
O15_PREG_PROLONGED	0.3682	0.0956	0.0001	0.3008	0.0746	5.5432e-05	0.0385	0.0038
O15_PREG_VENOUS_HAEMORRH	NA	NA	NA	NA	NA	NA	0.0385	0.0038
O15_PRETERM	0.2508	0.0773	0.0012	0.3655	0.0607	1.7131e-09	0.0385	0.0038
O15_PRE_OR_ECLAMPSIA	0.0961	0.0626	0.1246	0.0971	0.0464	0.0366	0.0385	0.0038
O15_PUERP_ANEST_COMPL	-0.1411	0.1676	0.3998	0.4702	0.2204	0.0329	0.0385	0.0038
O15_PUERP_COMPL_NAS	NA	NA	NA	NA	NA	NA	0.0385	0.0038
O15_PUERP_INFECT_OTHER	0.2371	0.1686	0.1596	0.1259	0.1309	0.3364	0.0385	0.0038
O15_PUERP_SEPSIS	0.5215	0.2464	0.0343	0.3615	0.1738	0.0376	0.0385	0.0038
O15_RETAINED_PLAC_MEMB_NO_HEAMORRH	0.5184	0.2506	0.0386	0.4933	0.2193	0.0245	0.0385	0.0038
O15_TWIN_GEST	NA	NA	NA	NA	NA	NA	NA	NA
O15_VENOUS_COMPLIC	0.2574	0.139	0.0641	0.2251	0.1171	0.0546	0.0385	0.0038
OFFICIAL_TILASTOKESKUS_DEATH	0.0204	0.0899	0.821	0.1364	0.079	0.0842	0.0385	0.0038
OSTEON_DRUGS	NA	NA	NA	NA	NA	NA	0.0385	0.0038
OSTEOPOROSIS_FRACTURE_FG	0.0187	0.1028	0.8554	0.112	0.072	0.1196	0.0385	0.0038
OSTPOPATFRACTURE	-0.0271	0.1956	0.89	0.1624	0.1505	0.2805	0.0385	0.0038
OSTPOPATFRCTURE_POSTEMENO	0.0023	0.0918	0.9802	0.0556	0.0696	0.4241	0.0385	0.0038
OTHER_DRUGADVERS_SECONDA_PARKINSONI	-0.2313	0.192	0.2283	0.056	0.1316	0.6707	0.0385	0.0038
OTHER_SYSTCON_FG	0.1	0.0764	0.1908	0.043	0.0482	0.3719	0.0385	0.0038
P16_BACTERIAL_SEPSIS_NEWBO	NA	NA	NA	NA	NA	NA	NA	NA
P16_BIRTHINJY_PERIP_NERVOUS_SYSTEM	NA	NA	NA	NA	NA	NA	0.0385	0.0038
P16_BIRTH_ASPHYXIA	0.5659	0.5762	0.326	-0.043	0.2196	0.8447	0.0385	0.0038
P16_BIRTH_TRAUMA	NA	NA	NA	NA	NA	NA	0.0385	0.0038
P16_CARDIOV_DISORD_ORIGINA_PERINA_PERIOD	0.2655	0.2017	0.1881	-0.0086	0.1274	0.946	0.0385	0.0038
P16_CHRONIC_RESPI_DISEA_ORIGINA_PERINA_PERIOD	-0.2227	0.3357	0.5071	-0.2181	0.3088	0.48	0.0385	0.0038
P16_DISORD_MUSCLE_TONE_NEWBO	NA	NA	NA	NA	NA	NA	0.0385	0.0038
P16_DISORD_RELATED_GESTATION_LOW_BIRTHWGHTT_NECIFIED	0.0616	0.3434	0.8576	0.5954	1.0117	0.5562	0.0385	0.0038
P16_DISORD_RELATED_LONG_GESTATION_HIGH_BIRTHWGHTT	NA	NA	NA	NA	NA	NA	0.0385	0.0038
P16_FEEDI_PROBL_NEWBO	-0.4357	0.3005	0.1471	0.1768	0.1966	0.3684	0.0385	0.0038
P16_FETAL_DEATH_UNSP_CAUSE	0.1246	0.1528	0.4147	0.1342	0.1316	0.308	0.0385	0.0038
P16_FET_NEWB_COMPLICATIO_PLACEN_CORD_MEMBRANES	-0.0225	0.1214	0.8531	-0.0738	0.093	0.427	0.0385	0.0038
P16_FET_NEWB_MATERN_COMPLICATIO_PREGNAC	-0.2786	0.2549	0.2744	-0.1839	0.217	0.3967	0.0385	0.0038
P16_FET_NEWB_MATERN_COND_UNREL_PRESENT_PREGNAC	NA	NA	NA	NA	NA	NA	0.0385	0.0038
P16_FET_NEWB_MATERN_FACTO_COMPLICATIO_PREGNAC_LABOUR_DELIV	-0.5124	0.6964	0.4619	-0.2065	0.3848	0.5915	0.0385	0.0038
P16_FET_NEWB_OTH_COMPLICATIO_LABOUR_DELIV	0.1407	0.2108	0.5043	0.0885	0.142	0.5333	0.0385	0.0038
P16_INFECTIONS_SPECIFIC_PERINA_PERIOD	0.0255	0.2831	0.9283	0.0522	0.2614	0.8417	0.0385	0.0038
P16_INTERSTITIAL_EMPHY_RELATED_COND_ORIGINA_PERINA_PERIOD	-0.2365	0.2249	0.2929	-0.153	0.1614	0.3429	0.0385	0.0038
P16_NEONTAL_JAUND_OTH_UNSP_CAUSES	0.0248	0.1259	0.8439	0.1564	0.115	0.1738	0.0385	0.0038
P16_OTH_DISORD_ORIGINA_PERINA_PERIOD	-0.2771	0.1986	0.163	0.1249	0.1685	0.4586	0.0385	0.0038
P16_OTH_INFECTIONS_SPECIFIC_PERINA_PERIOD	-0.0473	0.1966	0.81	0.0807	0.1482	0.5861	0.0385	0.0038
P16_OTH_PERINA_HAEMATOL_DISORD	NA	NA	NA	NA	NA	NA	NA	NA
P16_RESPI_CARDIOV_DISORD_SPECIFIC_PERINA_PERIOD	NA	NA	NA	NA	NA	NA	0.0385	0.0038
P16_RESPI_DISTR_NEWBO	NA	NA	NA	NA	NA	NA	NA	NA
P16_SLOW_FETAL_GROWTH_FETAL_MALNUTRITION	0.054	0.1654	0.7441	0.2922	0.1556	0.0603	0.0385	0.0038
P16_TRANSITO_DISORD_CARBOH_METABOLISM_SPECIFIC_FETUS_NEWBO	NA	NA	NA	NA	NA	NA	NA	NA
PAIN	0.3785	0.0355	1.4386e-26	0.2902	0.0286	3.4156e-24	0.0385	0.0038
PD2ND_EXMORE	-0.244	0.2182	0.2636	0.2095	0.177	0.2365	0.0385	0.0038
PD_DEMENTIA_EXMORE	0.3041	0.2806	0.2785	0.0871	0.1684	0.6048	0.0385	0.0038
PHANTOMLIMB	NA	NA	NA	NA	NA	NA	0.0385	0.0038
PHLEBI_THROMBOP_LOWER_EXTREMITI_UNSPE	NA	NA	NA	NA	NA	NA	0.0385	0.0038
PHLEBI_THROMBOP_OTHER_DEEP_VESSE_LOWER_EXTREMITI	0.2733	0.1532	0.0744	-0.0965	0.092	0.2939	0.0385	0.0038
PHLEBI_THROMBOP_SUPERF_VESSE_LOWER_EXTREMITI	0.041	0.2303	0.8586	0.0869	0.1892	0.646	0.0385	0.0038
PNEUMO_SEPTHICHE	NA	NA	NA	NA	NA	NA	0.0385	0.0038
POLLENALLERG	0.0382	0.0687	0.5779	-0.0221	0.0523	0.6726	0.0385	0.0038
POLYCYTVERA	0.0414	0.0743	0.5778	-0.0563	0.0612	0.3578	0.0385	0.0038
PRIM_COXARTHROSIS	0.0973	0.0477	0.0411	0.0632	0.0353	0.0733	0.0385	0.0038
PRIM_KNEEARTHROSIS	0.113	0.0395	0.0042	0.0687	0.03	0.0222	0.0385	0.0038
PSORI_STRICT	0.1637	0.0979	0.0946	0.1139	0.0686	0.0971	0.0385	0.0038
PULM_INFECTIONS	0.3101	0.0478	8.8504e-11	0.2607	0.0365	9.2856e-13	0.0385	0.0038
Q17_ABSENCE_OF_ONE_KIDNEY_WIDE	NA	NA	NA	NA	NA	NA	NA	NA
Q17_ABSENCE_OF_ONE_KIDNEY	NA	NA	NA	NA	NA	NA	0.0385	0.0038
Q17_ACCESSORY_BREAST	-0.1457	0.1309	0.2656	0.1053	0.1105	0.3407	0.0385	0.0038
Q17_ALPORT	NA	NA	NA	NA	NA	NA	0.0385	0.0038
Q17_ANKYLOGLOSSIA	0.2601	0.1904	0.172	0.1442	0.1525	0.3443	0.0385	0.0038
Q17_AORTIC_STENOSIS_WIDE	-0.4948	0.5823	0.3955	0.0259	0.2236	0.9079	0.0385	0.0038
Q17_AORTIC_STENOSIS	-0.2858	0.2803	0.3079	-0.1531	0.2027	0.4502	0.0385	0.0038
Q17_APVR	-0.0317	0.1251	0.8	-0.0168	0.0925	0.8562	0.0385	0.0038
Q17_ARNOLD_CHIARI_SYNDROME	-0.1136	0.218	0.6023	-0.0019	0.1471	0.9898	0.0385	0.0038
Q17_ARTERIOVENOUS_MALFORMATION_OF_CEREBRAL_VESSELS	NA	NA	NA	NA	NA	NA	0.0385	0.0038
Q17_ARTERIOVENOUS_MALFORMATION_OF_PERIPHERAL_VESSELS	-0.1345	0.1913	0.4818	0.0272	0.1398	0.8456	0.0385	0.0038
Q17_ASD	-0.0426	0.1171	0.7159	-0.0668	0.0873	0.4441	0.0385	0.0038
Q17_ATRIAL_SEPTAL_DEFECT_SECUNDUM_TYPE	0.1163	0.1754	0.5072	-0.0835	0.1357	0.5382	0.0385	0.0038
Q17_AVSD	-0.0329	0.1433	0.8183	0.0145	0.1132	0.8984	0.0385	0.0038
Q17_BALANC_REARR_STRUCTURAL_MARKERS_NOT_ELSEW_CLASSIFIED	0.0414	0.2418	0.8641	0.0057	0.1995	0.977	0.0385	0.0038
Q17_BICORNUATE_UTERUS	0.0551	0.1013	0.5868	0.0892	0.092	0.3318	0.0385	0.0038
Q17_BICUSP_AORTIC_VALVE	-0.2072	0.1314	0.1148	0.0714	0.0971	0.4618	0.0385	0.0038
Q17_BILATERAL_CRYPTORCHIDISM	-0.153	0.1814	0.3991	-0.0892	0.1343	0.5068	0.0385	0.0038
Q17_CHROMOSOMAL_ABNORMALITI_NOT_ELSEW_CLASSIFIED	0.0079	0.2514	0.9748	-0.0218	0.1762	0.9016	0.0385	0.0038
Q17_CLEFT_AND_CARIES	NA	NA	NA	NA	NA	NA	0.0385	0.0038
Q17_CLEFT_HARD_PALATE_NOS	0.0038	0.1104	0.9724	-0.0807	0.0904	0.3718	0.0385	0.0038
Q17_CLEFT_LIP_CLEFT_PALATE	-0.0278	0.1676	0.8681	-0.1241	0.1216	0.3076	0.0385	0.0038
Q17_CLEFT_LIP_OR_LIP_AND_PALATE	-0.1115	0.2323	0.6312	0.0749	0.1888	0.6915	0.0385	0.0038
Q17_CLEFT_LIP	0.1396	0.3165	0.6591	-0.096	0.2207	0.6636	0.0385	0.0038
Q17_CLEFT_PALATE	-0.0101	0.1375	0.9413	-0.1064	0.0981	0.278	0.0385	0.0038
Q17_CLUBFOOT	NA	NA	NA	NA	NA	NA	NA	NA
Q17_COARCTATION_OF_THE_AORTA	0.2526	0.1629	0.1209	0.0486	0.1084	0.6541	0.0385	0.0038
Q17_COMPLEX_CARD_DEFEC	NA	NA	NA	NA	NA	NA	NA	NA
Q17_CONGENITAL_ABSENCE_OCCLUSION_OR_NARROWING_OF_THE_EAR_CANAL	0.0869	0.2164	0.6879	0.1899	0.2126	0.3718	0.0385	0.0038
Q17_CONGENITAL_AORTIC_VALVE_STENOSIS	NA	NA	NA	NA	NA	NA	0.0385	0.0038
Q17_CONGENITAL_CATARACT	NA	NA	NA	NA	NA	NA	0.0385	0.0038
Q17_CONGENITAL_DISLOCATION_OF_HIP_UNILATERAL	0.013	0.114	0.9093	0.0789	0.1047	0.451	0.0385	0.0038
Q17_CONGENITAL_MITRAL_VALVE_REGURGITATION	-0.4317	1.7206	0.8019	-0.1883	0.8992	0.8341	0.0385	0.0038
Q17_CONGENITAL_NASOLACRIMAL_DUCT_OBSTRUCTION_OR_STENOSIS_WIDE	0.2654	0.1543	0.0853	0.0451	0.0998	0.6514	0.0385	0.0038
Q17_CONGENITAL_NASOLACRIMAL_DUCT_OBSTRUCTION_OR_STENOSIS	0.3104	0.1919	0.1056	0.079	0.1056	0.4544	0.0385	0.0038
Q17_CONGENITAL_OBSTRUCTION_OF_THE_PELVIURETERIC_JUNCTION	0.3338	0.1679	0.0468	-0.0352	0.1101	0.7489	0.0385	0.0038
Q17_CONGENITAL_OVARIAN_CYSTS	0.0141	0.0732	0.8469	0.0648	0.0565	0.2508	0.0385	0.0038
Q17_CONGENITAL_PTOSIS_WIDE	-0.0188	0.1269	0.8822	0.0565	0.1001	0.5722	0.0385	0.0038
Q17_CONGENITAL_PTOSIS	-0.0487	0.1169	0.6767	0.1258	0.0957	0.1887	0.0385	0.0038
Q17_CONGENITAL_RETINOSCHISIS	0.1354	0.1664	0.4156	-0.0561	0.1331	0.6737	0.0385	0.0038
Q17_CONGENITAL_STENOSIS_OF_PULMONARY_VALVE	0.0479	0.183	0.7937	0.0203	0.1304	0.8761	0.0385	0.0038
Q17_CONGENITAL_VARICOSE_VEINS	-0.0084	0.2334	0.9714	0.1435	0.2665	0.5903	0.0385	0.0038
Q17_CONGENITAL_VESICOURETERAL_REFLUX	-0.0703	0.1473	0.6331	0.0578	0.1287	0.6532	0.0385	0.0038
Q17_CONGEN_ABSENCE_ATRES_STENO_LARGE_INTESTINE	0.2388	0.1807	0.1863	0.1371	0.1342	0.3069	0.0385	0.0038
Q17_CONGEN_DEFORMITI_FEET_WIDE	NA	NA	NA	NA	NA	NA	0.0385	0.0038
Q17_CONGEN_DEFORMITI_FEET	NA	NA	NA	NA	NA	NA	0.0385	0.0038
Q17_CONGEN_DEFORMITI_HIP_WIDE	-0.0961	0.1924	0.6173	-0.1677	0.1808	0.3535	0.0385	0.0038
Q17_CONGEN_DEFORMITI_HIP	-0.1053	0.156	0.4997	-0.0262	0.1382	0.8498	0.0385	0.0038
Q17_CONGEN_HYDROCEPHALUS	0.1815	0.2363	0.4425	-0.0246	0.1831	0.8933	0.0385	0.0038
Q17_CONGEN_ICHTHYOSIS	-0.0343	0.147	0.8154	-0.1122	0.1132	0.3217	0.0385	0.0038
Q17_CONGEN_LENS_MALFO	NA	NA	NA	NA	NA	NA	0.0385	0.0038
Q17_CONGEN_MALFO_ANTER_SEGMENT_EYE	NA	NA	NA	NA	NA	NA	0.0385	0.0038
Q17_CONGEN_MALFO_BILI	-0.0731	0.3322	0.8259	-0.1002	0.2313	0.6649	0.0385	0.0038
Q17_CONGEN_MALFO_BREAST_WIDE	-0.112	0.2545	0.6598	-0.0962	0.2079	0.6434	0.0385	0.0038
Q17_CONGEN_MALFO_BREAST	-0.0663	0.1492	0.6567	-0.0788	0.1249	0.528	0.0385	0.0038
Q17_CONGEN_MALFO_CARDIAC_CHAMB_CONNECTIO	NA	NA	NA	NA	NA	NA	0.0385	0.0038
Q17_CONGEN_MALFO_CIRCULATO_SYSTEM	-0.0168	0.1045	0.8721	0.0212	0.0868	0.8066	0.0385	0.0038
Q17_CONGEN_MALFO_DEFORMAT_CHROMOSOMAL_ABNORMALITI_WIDE	0.0671	0.0998	0.5011	0.0988	0.0749	0.1872	0.0385	0.0038
Q17_CONGEN_MALFO_DEFORMAT_MUSCULOS_SYSTEM_WIDE	NA	NA	NA	NA	NA	NA	0.0385	0.0038
Q17_CONGEN_MALFO_DEFORMAT_MUSCULOS_SYSTEM	NA	NA	NA	NA	NA	NA	0.0385	0.0038
Q17_CONGEN_MALFO_EAR_CAUSI_IMPAIRM_HEARING	-0.0858	0.2833	0.7619	0.1411	0.2634	0.5922	0.0385	0.0038
Q17_CONGEN_MALFO_EYELID_LACRIMAL_APPARA_ORBIT_WIDE	0.1965	0.1416	0.1654	0.089	0.0915	0.3311	0.0385	0.0038
Q17_CONGEN_MALFO_EYELID_LACRIMAL_APPARA_ORBIT	0.1979	0.1625	0.2233	0.1436	0.0928	0.1218	0.0385	0.0038
Q17_CONGEN_MALFO_EYE_EAR_FACE_NECK	0.1141	0.3493	0.744	-0.0006	0.2412	0.9981	0.0385	0.0038
Q17_CONGEN_MALFO_GALLB_BILE_DUCTS_LIVER	NA	NA	NA	NA	NA	NA	0.0385	0.0038
Q17_CONGEN_MALFO_GENITAL_ORGANS	0.0064	0.106	0.9522	0.0376	0.0765	0.6229	0.0385	0.0038
Q17_CONGEN_MALFO_GREAT_ARTERIES	0.1344	0.1442	0.3514	0.0244	0.1062	0.8184	0.0385	0.0038
Q17_CONGEN_MALFO_GREAT_VEINS	-0.0406	0.1603	0.8001	0.121	0.1367	0.3763	0.0385	0.0038
Q17_CONGEN_MALFO_LARYNX	NA	NA	NA	NA	NA	NA	0.0385	0.0038
Q17_CONGEN_MALFO_LUNG_WIDE	-0.0173	0.301	0.9543	0.0618	0.2232	0.7819	0.0385	0.0038
Q17_CONGEN_MALFO_LUNG	-0.2297	0.2744	0.4025	-0.1291	0.1918	0.5009	0.0385	0.0038
Q17_CONGEN_MALFO_MUSCULOS_SYSTEM_NOT_ELSEW_CLASSIFIED_WIDE	0.1484	0.1729	0.3907	0.191	0.1408	0.1749	0.0385	0.0038
Q17_CONGEN_MALFO_MUSCULOS_SYSTEM_NOT_ELSEW_CLASSIFIED	0.0473	0.1513	0.7547	0.154	0.1377	0.2633	0.0385	0.0038
Q17_CONGEN_MALFO_NERVOUS_SYSTEM	-0.0404	0.2237	0.8565	-0.0856	0.1586	0.5896	0.0385	0.0038
Q17_CONGEN_MALFO_NOSE_WIDE	NA	NA	NA	NA	NA	NA	0.0385	0.0038
Q17_CONGEN_MALFO_NOSE	0.072	0.1691	0.6701	-0.1504	0.1349	0.2651	0.0385	0.0038
Q17_CONGEN_MALFO_OESOPHAGUS_WIDE	0.0923	0.2164	0.6697	0.3046	0.2198	0.1658	0.0385	0.0038
Q17_CONGEN_MALFO_OESOPHAGUS	0.1461	0.1953	0.4544	0.1748	0.1509	0.2467	0.0385	0.0038
Q17_CONGEN_MALFO_OVARIES_FALLOP_TUBES_BROAD_LIGAM	0.0274	0.0762	0.7193	0.0579	0.0581	0.3188	0.0385	0.0038
Q17_CONGEN_MALFO_POSTERI_SEGMENT_EYE	0.1207	0.1911	0.5277	-0.0765	0.1554	0.6225	0.0385	0.0038
Q17_CONGEN_MALFO_PULMONARY_TRICU_VALVES	-0.1435	0.2177	0.5099	-0.0746	0.162	0.6451	0.0385	0.0038
Q17_CONGEN_MALFO_RESPI_SYSTEM_WIDE	NA	NA	NA	NA	NA	NA	NA	NA
Q17_CONGEN_MALFO_RESPI_SYSTEM	NA	NA	NA	NA	NA	NA	NA	NA
Q17_CONGEN_MALFO_RETI	0.0832	0.1249	0.5053	-0.0135	0.0971	0.8897	0.0385	0.0038
Q17_CONGEN_MALFO_SPINE_BONY_THORAX_WIDE	0.1146	0.2487	0.645	-0.1265	0.2086	0.5443	0.0385	0.0038
Q17_CONGEN_MALFO_SPINE_BONY_THORAX	NA	NA	NA	NA	NA	NA	0.0385	0.0038
Q17_CONGEN_MALFO_TRACHEA_BRONCHUS	-0.1945	0.2253	0.388	0.1183	0.2134	0.5793	0.0385	0.0038
Q17_CONGEN_MALFO_URINARY_SYSTEM_WIDE	0.1459	0.1923	0.4481	0.0506	0.1279	0.6922	0.0385	0.0038
Q17_CONGEN_MALFO_URINARY_SYSTEM	0.0972	0.1898	0.6087	0.0171	0.1312	0.8963	0.0385	0.0038
Q17_CONGEN_MALFO_UTERUS_CERVIX	-0.0234	0.1023	0.8191	0.0723	0.0835	0.3861	0.0385	0.0038
Q17_CONGEN_MUSCULOS_DEFORMITI_HEAD_FACE_SPINE_CHEST_WIDE	NA	NA	NA	NA	NA	NA	0.0385	0.0038
Q17_CONGEN_MUSCULOS_DEFORMITI_HEAD_FACE_SPINE_CHEST	NA	NA	NA	NA	NA	NA	0.0385	0.0038
Q17_CONGEN_OBSTRUCTIVE_DEFECTS_RENAL_PELVIS_CONGEN_MALFO_URETER	0.2941	0.3577	0.4111	0.0757	0.1904	0.6911	0.0385	0.0038
Q17_CONOTR_DEFEC	-0.0706	0.1376	0.6081	0.0047	0.1053	0.9641	0.0385	0.0038
Q17_CRANIOSYNOSTOSIS	-0.1356	0.2866	0.6361	-0.1262	0.2234	0.5722	0.0385	0.0038
Q17_CYSTIC_DISEASE_OF_LIVER	NA	NA	NA	NA	NA	NA	0.0385	0.0038
Q17_CYSTIC_KIDNEY_DISEA_WIDE	-0.1238	0.1716	0.4707	0.0738	0.1232	0.5493	0.0385	0.0038
Q17_CYSTIC_KIDNEY_DISEA	-0.2277	0.2791	0.4145	0.0141	0.1662	0.9326	0.0385	0.0038
Q17_DOWNS_SYNDR	0.0355	0.1621	0.8265	-0.0814	0.1271	0.522	0.0385	0.0038
Q17_EBSTEINS_ANOMALY	0.0229	0.2697	0.9323	-0.2129	0.282	0.4503	0.0385	0.0038
Q17_ECTOPIC_TESTIS	-0.1297	0.2057	0.5284	-0.1067	0.1574	0.4979	0.0385	0.0038
Q17_EHLER_SYNDR_WIDE	0.2306	0.1831	0.2078	0.1582	0.1309	0.2269	0.0385	0.0038
Q17_EHLER_SYNDR	0.1556	0.1703	0.3609	0.1654	0.1376	0.2296	0.0385	0.0038
Q17_EPIDERMOL_BULLOSA	0.1481	0.1239	0.232	-0.0882	0.0861	0.3055	0.0385	0.0038
Q17_ESOPHAGEAL_DIVERTICULUM_WIDE	0.0227	0.1668	0.8915	0.1748	0.1479	0.2373	0.0385	0.0038
Q17_ESOPHAGEAL_DIVERTICULUM	0.1061	0.1447	0.4636	0.043	0.1193	0.7184	0.0385	0.0038
Q17_FAMILIAL_BENIGN_PEMPHIGUS	NA	NA	NA	NA	NA	NA	0.0385	0.0038
Q17_HEREDITARY_LYMPHEDEMA_WIDE	-0.0647	0.4022	0.8721	-0.4193	0.7474	0.5748	0.0385	0.0038
Q17_HEREDITARY_LYMPHEDEMA	-0.0287	0.1674	0.8639	-0.1214	0.1388	0.382	0.0385	0.0038
Q17_HYPOSPADIAS_WITH_AN_INCOMPLETE_GLANS_PENIS	0.113	0.1099	0.3037	-0.0062	0.0964	0.949	0.0385	0.0038
Q17_HYPOSPADIAS	0.0608	0.1214	0.6168	0.0255	0.1055	0.8086	0.0385	0.0038
Q17_IMPERFORATE_HYMEN	-0.1664	0.1774	0.3482	-0.2578	0.1462	0.0779	0.0385	0.0038
Q17_LVOTO_BROAD	-0.0274	0.0845	0.7455	0.0421	0.069	0.5414	0.0385	0.0038
Q17_LVOTO_NARROW	-0.1512	0.0997	0.1293	0.0321	0.0761	0.6727	0.0385	0.0038
Q17_MARFAN	0.2376	0.3291	0.4703	0.1067	0.2477	0.6667	0.0385	0.0038
Q17_MASTOCYTOSIS	NA	NA	NA	NA	NA	NA	0.0385	0.0038
Q17_MECKELS_DIVERTICULUM	NA	NA	NA	NA	NA	NA	NA	NA
Q17_MEDULLARY_CYSTIC_KIDNEY_DISEASE_NEPHRONOPHTHISIS	0.1429	0.1851	0.4402	0.1143	0.145	0.4304	0.0385	0.0038
Q17_MICROTIA	-0.0125	0.1737	0.9426	0.0941	0.1367	0.4911	0.0385	0.0038
Q17_MONOSOMI_DELET_AUTOSOMES_NOT_ELSEW_CLASSIFIED	0.2164	0.2781	0.4366	0.1246	0.1893	0.5105	0.0385	0.0038
Q17_MULTIPLE_CONGENITAL_EXOSTOSES_WIDE	0.0288	0.1884	0.8785	0.0984	0.129	0.4456	0.0385	0.0038
Q17_MULTIPLE_CONGENITAL_EXOSTOSES	0.0485	0.1973	0.8058	0.0784	0.1486	0.5975	0.0385	0.0038
Q17_NEUROFIBROMATOSIS_1	-0.4447	0.5885	0.4498	0.5717	0.741	0.4404	0.0385	0.0038
Q17_NEUROFIBROMATOSIS_2	0.1612	0.1936	0.4052	0.2079	0.1715	0.2255	0.0385	0.0038
Q17_OSTEOCHONDROD_W_DEFECTS_GROWTH_TUBULAR_BONES_SPINE	0.0639	0.1313	0.6265	-0.0791	0.1067	0.4588	0.0385	0.0038
Q17_OSTEOGEN_IMPERFECTA	0.3116	0.3881	0.4221	0.1625	0.2822	0.5647	0.0385	0.0038
Q17_OTHER_CHROMOSOME_ABNORMALITI_NOT_ELSEW_CLASSIFIED	NA	NA	NA	NA	NA	NA	0.0385	0.0038
Q17_OTHER_CONGEN_MALFO_BRAIN	-0.1549	0.2014	0.4418	-0.3367	0.209	0.1071	0.0385	0.0038
Q17_OTHER_CONGEN_MALFO_CIRCULATO_SYSTEM	-0.0649	0.2034	0.7499	-0.1238	0.1623	0.4456	0.0385	0.0038
Q17_OTHER_CONGEN_MALFO_DIGES_SYSTEM1_WIDE	NA	NA	NA	NA	NA	NA	0.0385	0.0038
Q17_OTHER_CONGEN_MALFO_DIGES_SYSTEM1	NA	NA	NA	NA	NA	NA	0.0385	0.0038
Q17_OTHER_CONGEN_MALFO_DIGES_SYSTEM2	NA	NA	NA	NA	NA	NA	0.0385	0.0038
Q17_OTHER_CONGEN_MALFO_EAR	-0.1342	0.202	0.5065	-0.1775	0.1535	0.2477	0.0385	0.0038
Q17_OTHER_CONGEN_MALFO_FACE_NECK	0.1339	0.2461	0.5865	-0.0033	0.1695	0.9844	0.0385	0.0038
Q17_OTHER_CONGEN_MALFO_FEMALE_GENITALIA	NA	NA	NA	NA	NA	NA	0.0385	0.0038
Q17_OTHER_CONGEN_MALFO_HEART	NA	NA	NA	NA	NA	NA	0.0385	0.0038
Q17_OTHER_CONGEN_MALFO_INTEG_WIDE	0.0125	0.1757	0.9434	0.2311	0.156	0.1383	0.0385	0.0038
Q17_OTHER_CONGEN_MALFO_INTESTINE_WIDE	NA	NA	NA	NA	NA	NA	0.0385	0.0038
Q17_OTHER_CONGEN_MALFO_INTESTINE	0.1825	0.4908	0.71	0.2716	0.5944	0.6477	0.0385	0.0038
Q17_OTHER_CONGEN_MALFO_KIDNEY	NA	NA	NA	NA	NA	NA	0.0385	0.0038
Q17_OTHER_CONGEN_MALFO_LIMBS	NA	NA	NA	NA	NA	NA	0.0385	0.0038
Q17_OTHER_CONGEN_MALFO_MALE_GENITAL_ORGANS_WIDE	0.0261	0.1509	0.8628	-0.1201	0.1116	0.2819	0.0385	0.0038
Q17_OTHER_CONGEN_MALFO_MALE_GENITAL_ORGANS	0.0604	0.1301	0.6426	-0.0394	0.0936	0.6737	0.0385	0.0038
Q17_OTHER_CONGEN_MALFO_NERVOUS_SYSTEM	-0.151	0.2548	0.5535	0.0277	0.1649	0.8666	0.0385	0.0038
Q17_OTHER_CONGEN_MALFO_NOT_ELSEW_CLASSIFIED	-0.3279	0.3419	0.3376	0.1735	0.257	0.4996	0.0385	0.0038
Q17_OTHER_CONGEN_MALFO_PERIP_VASCULAR_SYSTEM	NA	NA	NA	NA	NA	NA	0.0385	0.0038
Q17_OTHER_CONGEN_MALFO_RESPI_SYSTEM	0.252	0.2332	0.28	0.0099	0.1498	0.9471	0.0385	0.0038
Q17_OTHER_CONGEN_MALFO_SKIN_WIDE	NA	NA	NA	NA	NA	NA	NA	NA
Q17_OTHER_CONGEN_MALFO_SKIN	0.0931	0.2043	0.6484	0.1393	0.1512	0.3569	0.0385	0.0038
Q17_OTHER_CONGEN_MALFO_SKULL_FACE_BONES	-0.0105	0.1292	0.9355	-0.0163	0.1113	0.8836	0.0385	0.0038
Q17_OTHER_CONGEN_MALFO_TONGUE_MOUTH_PHARYNX_WIDE	0.0232	0.1664	0.8893	0.1223	0.1633	0.4539	0.0385	0.0038
Q17_OTHER_CONGEN_MALFO_TONGUE_MOUTH_PHARYNX	0.1573	0.1576	0.3184	0.1391	0.1346	0.3012	0.0385	0.0038
Q17_OTHER_CONGEN_MALFO_UPPER_ALIME_TRACT	-0.3092	0.2754	0.2615	-0.1788	0.187	0.3389	0.0385	0.0038
Q17_OTHER_CONGEN_MALFO_URINARY_SYSTEM	-0.1954	0.2441	0.4234	-0.2138	0.1729	0.2162	0.0385	0.0038
Q17_OTHER_CONGEN_MALFO_WIDE	-0.0558	0.2422	0.8179	0.2318	0.2428	0.3398	0.0385	0.0038
Q17_OTHER_CONGEN_MALFO	0.0626	0.1483	0.6727	0.2122	0.1212	0.08	0.0385	0.0038
Q17_OTHER_CONGEN_MUSCULOS_DEFORMITI_WIDE	0.0298	0.1976	0.8801	0.2506	0.1858	0.1774	0.0385	0.0038
Q17_OTHER_CONGEN_MUSCULOS_DEFORMITI	0.0993	0.1496	0.5068	0.2242	0.126	0.0751	0.0385	0.0038
Q17_OTHER_OSTEOCHONDROD_WIDE	NA	NA	NA	NA	NA	NA	NA	NA
Q17_OTHER_OSTEOCHONDROD	NA	NA	NA	NA	NA	NA	0.0385	0.0038
Q17_OTHER_SEX_CHROMOSOME_ABNORMALITI_MALE_PHENOT_NOT_ELSEW_CLASSIFIED	-0.0227	0.1366	0.868	-0.0253	0.1077	0.8143	0.0385	0.0038
Q17_OTHER_SPECIFE_CONGEN_MALFO_SYNDR_AFFECTING_MULTIPLE_SYSTEMS	NA	NA	NA	NA	NA	NA	0.0385	0.0038
Q17_PATENT_FORAMEN_OVALE	-0.0188	0.1496	0.9001	0.0603	0.1219	0.6209	0.0385	0.0038
Q17_PDA	-0.1573	0.1687	0.3511	0.0546	0.1306	0.6759	0.0385	0.0038
Q17_PECTUS_CARINATUM_WIDE	0.078	0.1556	0.6163	0.0037	0.101	0.9705	0.0385	0.0038
Q17_PECTUS_EXCAVATUM_WIDE	NA	NA	NA	NA	NA	NA	0.0385	0.0038
Q17_PECTUS_EXCAVATUM	NA	NA	NA	NA	NA	NA	0.0385	0.0038
Q17_PHAKOMATOSES_NOT_ELSEW_CLASSIFIED	NA	NA	NA	NA	NA	NA	0.0385	0.0038
Q17_POLYCYSTIC_KIDNEY_DISEASE	NA	NA	NA	NA	NA	NA	NA	NA
Q17_PROMINENT_EARS	-0.1784	0.1429	0.212	-0.1589	0.1002	0.1126	0.0385	0.0038
Q17_REDUCT_DEFECTS_LOWER_LIMB_WIDE	0.1197	0.2637	0.6499	0.4636	0.4293	0.2802	0.0385	0.0038
Q17_REDUCT_DEFECTS_LOWER_LIMB	0.0517	0.2577	0.8411	0.3225	0.3533	0.3614	0.0385	0.0038
Q17_REDUCT_DEFECTS_UPPER_LIMB_WIDE	0.0134	0.2574	0.9584	-0.1432	0.1832	0.4344	0.0385	0.0038
Q17_REDUCT_DEFECTS_UPPER_LIMB	-0.0343	0.4476	0.9389	-0.2733	0.5159	0.5964	0.0385	0.0038
Q17_RENAL_AGENE_OTHER_REDUCT_DEFECTS_KIDNEY_WIDE	NA	NA	NA	NA	NA	NA	0.0385	0.0038
Q17_RENAL_AGENE_OTHER_REDUCT_DEFECTS_KIDNEY	NA	NA	NA	NA	NA	NA	0.0385	0.0038
Q17_RVOTO	NA	NA	NA	NA	NA	NA	0.0385	0.0038
Q17_SEPTA_DEFEC	0.0856	0.1089	0.4315	0.0447	0.0872	0.6081	0.0385	0.0038
Q17_SINGLE_VENTRICLE_HEART	-0.242	0.2062	0.2407	-0.1937	0.1584	0.2215	0.0385	0.0038
Q17_SPINA_BIFIDA	-0.0712	0.3643	0.8451	-0.0925	0.2997	0.7577	0.0385	0.0038
Q17_SUPERNUMERARY_URETER	0.2284	0.1732	0.1871	-0.0331	0.1211	0.7845	0.0385	0.0038
Q17_SYNDACTYLY_WIDE	0.1011	0.2302	0.6605	0.1136	0.204	0.5775	0.0385	0.0038
Q17_SYNDACTYLY	0.0111	0.1845	0.9519	-0.0478	0.1292	0.7111	0.0385	0.0038
Q17_TETRALOGY_OF_FALLOT	0.0227	0.1208	0.8508	-0.0409	0.0963	0.6711	0.0385	0.0038
Q17_TRISOMY_21_DUE_TO_MEIOTIC_NONDISJUNCTION	-0.0574	0.1234	0.6419	0.0398	0.1059	0.7069	0.0385	0.0038
Q17_TUBEROUS_SCLEROSIS	0.1955	0.2076	0.3464	0.1451	0.1741	0.4045	0.0385	0.0038
Q17_UNDESCENDED_TESTIS_UNILATERAL	-0.0239	0.1772	0.8926	-0.0544	0.1445	0.7067	0.0385	0.0038
Q17_UNDES_TESTICLE	-0.0199	0.1652	0.9042	-0.0835	0.1298	0.52	0.0385	0.0038
Q17_UNICORNUATE_UTERUS	-0.1838	0.2782	0.5089	-0.1314	0.2212	0.5524	0.0385	0.0038
Q17_VACTREL_WIDE	0.085	0.121	0.4827	0.0786	0.0898	0.3814	0.0385	0.0038
Q17_VACTREL	0.0699	0.1352	0.6049	0.0459	0.1019	0.6525	0.0385	0.0038
Q17_VENTRICULAR_SEPTAL_DEFECT	0.0422	0.1315	0.748	0.122	0.1062	0.2508	0.0385	0.0038
R18_ANOREXIA	NA	NA	NA	NA	NA	NA	0.0385	0.0038
R18_MALAI_FATIG	0.2014	0.0646	0.0018	0.1074	0.0515	0.0372	0.0385	0.0038
R18_RETEN_URINE	0.152	0.0713	0.033	0.1223	0.0562	0.0295	0.0385	0.0038
REITER	0.785	0.9921	0.4288	0.1173	0.254	0.6443	0.0385	0.0038
RESP_ILL_DIS_CLASS_ELSEWHERE	NA	NA	NA	NA	NA	NA	0.0385	0.0038
RHEUMAT_LUNG	NA	NA	NA	NA	NA	NA	0.0385	0.0038
RHEUMA_ARHTROPAT_REACTIVE	0.7031	0.7762	0.3651	0.163	0.3019	0.5892	0.0385	0.0038
RHEUMA_NOS	0.2038	0.0948	0.0316	0.0787	0.0727	0.2793	0.0385	0.0038
RHEUMA_OTHER_WIDE	0.1965	0.0836	0.0188	0.1149	0.0691	0.0963	0.0385	0.0038
RHEUMA_SERONEG	0.1757	0.0933	0.0598	0.1388	0.0744	0.0621	0.0385	0.0038
RHEUMA_SEROPOS_STRICT	0.0408	0.0622	0.5123	0.0377	0.0501	0.4524	0.0385	0.0038
RHEUMA_SEROPOS_WIDE	0.0991	0.0558	0.0758	0.0632	0.0469	0.1785	0.0385	0.0038
RHEU_ARTHRITIS_OTH	0.2518	0.0793	0.0015	0.1498	0.0571	0.0087	0.0385	0.0038
RHINITIS_VASOMOTOR	-0.0115	0.1904	0.9518	-0.0967	0.1466	0.5095	0.0385	0.0038
RX_ANTIHYP	0.0695	0.0335	0.0381	0.033	0.0241	0.1722	0.0385	0.0038
RX_ASTMA_BIOL	0.0099	0.279	0.9717	-0.1721	0.2371	0.468	0.0385	0.0038
RX_CODEINE_TRAMADOL	0.3236	0.0424	2.3694e-14	0.2333	0.0318	2.1002e-13	0.0385	0.0038
RX_CROHN_1STLINE	0.1391	0.0447	0.0019	0.0826	0.0312	0.008	0.0385	0.0038
RX_CROHN_2NDLINE	0.0201	0.054	0.7101	0.0185	0.0433	0.6691	0.0385	0.0038
RX_GLUCOSAMINE	-0.0432	0.0713	0.5448	0.044	0.0456	0.3342	0.0385	0.0038
RX_INFERTILITY	0.0544	0.087	0.532	-0.0818	0.0781	0.2953	0.0385	0.0038
RX_N05C	0.0816	0.04	0.0412	0.1258	0.029	1.4702e-05	0.0385	0.0038
RX_PARACETAMOL_NSAID	0.3377	0.0405	7.7357e-17	0.2149	0.0335	1.3887e-10	0.0385	0.0038
RX_RHEUMA_BIOLOGICAL	0.0867	0.0794	0.2753	0.0189	0.0578	0.743	0.0385	0.0038
RX_STATIN	0.1076	0.0329	0.0011	0.1124	0.028	5.8953e-05	0.0385	0.0038
SCND_OTH_COXARTHROSIS	0.0601	0.1333	0.6519	-0.058	0.099	0.5576	0.0385	0.0038
SCND_OTH_KNEEARTHROSIS	0.0639	0.1164	0.5829	0.0921	0.0938	0.326	0.0385	0.0038
SFN	0.1577	0.1375	0.2517	0.1894	0.1087	0.0813	0.0385	0.0038
SLEEP	0.2297	0.0423	5.5978e-08	0.1665	0.0333	5.8367e-07	0.0385	0.0038
SLE_FG	0.0299	0.1053	0.7762	0.0967	0.0753	0.1994	0.0385	0.0038
SLE_OTH	0.1516	0.1758	0.3884	0.0392	0.1295	0.7624	0.0385	0.0038
SMOKING_DEPEND	0.4106	0.0838	9.6926e-07	0.1986	0.0609	0.0011	0.0385	0.0038
SPONDYLOARTHRITIS	0.2293	0.0764	0.0027	0.058	0.0638	0.3632	0.0385	0.0038
SPONDYLOPATHY_FG	0.1607	0.0712	0.024	0.0442	0.0523	0.3987	0.0385	0.0038
ST19_FRACT_FEMUR	0.0183	0.0821	0.8237	-0.0018	0.0561	0.9743	0.0385	0.0038
ST19_FRACT_FOOT_ANKLE	0.1134	0.0816	0.1648	0.1407	0.0588	0.0166	0.0385	0.0038
ST19_FRACT_FOREA	-0.0688	0.0584	0.2393	0.0738	0.0315	0.0193	0.0385	0.0038
ST19_FRACT_INVOLVI_MULTIPLE_BODY_REGIONS	0.071	0.1584	0.6542	-0.0516	0.1279	0.6864	0.0385	0.0038
ST19_FRACT_LOWER_LEG_INCLU_ANKLE	0.2016	0.0568	0.0004	0.147	0.0486	0.0025	0.0385	0.0038
ST19_FRACT_LUMBAR_SPINE_PELVIS	0.1838	0.081	0.0232	0.1776	0.0568	0.0018	0.0385	0.0038
ST19_FRACT_NECK	0.2096	0.2269	0.3555	-0.1383	0.1677	0.4097	0.0385	0.0038
ST19_FRACT_RIBS_STERNUM_THORACIC_SPINE	0.1561	0.0683	0.0224	0.1459	0.0451	0.0012	0.0385	0.0038
ST19_FRACT_SHOUL_UPPER_ARM	-0.0061	0.0727	0.9326	0.145	0.0413	0.0005	0.0385	0.0038
ST19_FRACT_SKULL_FACIAL_BONES	0.2035	0.0859	0.0179	0.1717	0.0683	0.0119	0.0385	0.0038
ST19_FRACT_SPINE_LEVEL_UNSPE	NA	NA	NA	NA	NA	NA	0.0385	0.0038
ST19_FRACT_WRIST_HAND_LEVEL	0.2695	0.0659	4.2932e-05	0.1705	0.0494	0.0006	0.0385	0.0038
ST19_TOXIC_EFFECT_ALCOHOL	0.117	0.1226	0.3398	0.1644	0.0881	0.0619	0.0385	0.0038
ST19_TOXIC_EFFECT_ETHAN	0.5	0.1591	0.0017	0.4455	0.1597	0.0053	0.0385	0.0038
STILL_ADULT	0.1365	0.1047	0.1924	0.0218	0.0781	0.78	0.0385	0.0038
SYSTINOTH_FG	-0.0061	0.1652	0.9705	0.0076	0.1262	0.952	0.0385	0.0038
SYSTSCLE_STRICT	-0.0456	0.2297	0.8428	0.3377	0.3377	0.3174	0.0385	0.0038
T1D_EARLY	-0.1835	0.0754	0.015	-0.1174	0.0657	0.0739	0.0385	0.0038
T1D_STRICT2	NA	NA	NA	NA	NA	NA	0.0385	0.0038
T1D_WIDE	-0.0644	0.0515	0.2104	-0.019	0.0383	0.6196	0.0385	0.0038
T2D_WIDE	0.1208	0.0337	0.0003	0.1046	0.0266	8.5935e-05	0.0385	0.0038
T2D	0.1136	0.0331	0.0006	0.1	0.0248	5.6024e-05	0.0385	0.0038
TBC_RESP	0.0886	0.1223	0.4687	0.1344	0.0974	0.1678	0.0385	0.0038
TEMPOROMANDIB_INCLAVO	0.1284	0.0711	0.0708	0.1168	0.0548	0.0331	0.0385	0.0038
THROMBOCYTAEMIA	0.0276	0.0999	0.7825	-0.058	0.0713	0.4156	0.0385	0.0038
THYROIDITIS	-0.2156	0.1262	0.0875	0.0162	0.089	0.856	0.0385	0.0038
THYROTOXICOSIS	0.0114	0.0489	0.8156	0.0603	0.0384	0.1166	0.0385	0.0038
TONGUEABNORMALITY	-0.0984	0.2361	0.6768	-0.0368	0.1729	0.8315	0.0385	0.0038
TRACHEOBRONCHOMAL	0.0987	0.1223	0.4196	-0.1116	0.1003	0.2657	0.0385	0.0038
TRAUMBRAIN_NONCONCUS	0.0329	0.0794	0.6787	0.0438	0.0646	0.498	0.0385	0.0038
U22_COVID19_CONFIRMED	0.2976	0.1262	0.0183	0.0721	0.1011	0.4761	0.0385	0.0038
U22_COVID19_SUSPECTED	0.1655	0.2302	0.4721	0.1401	0.1901	0.461	0.0385	0.0038
ULCERENTER	-0.0652	0.1164	0.5753	0.0548	0.0995	0.582	0.0385	0.0038
ULCERILEO	-0.0708	0.1061	0.5046	-0.0667	0.0781	0.3929	0.0385	0.0038
ULCERNAS	-0.0914	0.0596	0.1253	0.0194	0.048	0.6851	0.0385	0.0038
ULCEROTH	-0.1161	0.0826	0.1598	0.0457	0.0652	0.4834	0.0385	0.0038
ULCERPROCT	-0.1452	0.0735	0.0481	-0.028	0.0567	0.6217	0.0385	0.0038
ULCERRECT	-0.0551	0.0593	0.3527	0.0134	0.0523	0.7984	0.0385	0.0038
ULCER_ARTHR	0.028	0.1169	0.8104	-0.0365	0.0839	0.6638	0.0385	0.0038
VAGINAL_LICHEN_PLANUS	0.0488	0.1345	0.7166	-0.117	0.1006	0.2447	0.0385	0.0038
VD_MI	0.184	0.1624	0.2571	0.0945	0.1131	0.4034	0.0385	0.0038
VD_MX	0.0429	0.1344	0.7494	-0.0503	0.1101	0.648	0.0385	0.0038
VD_O	NA	NA	NA	NA	NA	NA	0.0385	0.0038
VD_SC	0.3073	0.1813	0.0902	0.1593	0.1318	0.2268	0.0385	0.0038
VD_SO	-0.0068	0.1317	0.9587	0.014	0.1087	0.8977	0.0385	0.0038
VD_U	0.1319	0.1331	0.3219	0.0727	0.1033	0.4811	0.0385	0.0038
VIRALPNEUMOKNOWN	0.2564	0.5823	0.6597	0.2713	0.5458	0.6191	0.0385	0.0038
VIRALPNEUMONAS	0.1538	0.1379	0.2646	0.2437	0.1128	0.0308	0.0385	0.0038
VIT_DEF	0.0888	0.1328	0.5036	0.0838	0.1025	0.4134	0.0385	0.0038
VOCALCORDDYS	0.2909	0.0891	0.0011	0.3647	0.0647	1.7563e-08	0.0385	0.0038
VWXY20_SUICI_OTHER_INTENTI_SELF_H	0.1978	0.0509	0.0001	0.2935	0.0401	2.5700e-13	0.0385	0.0038
WEIGHT_IRN	0.1748	0.0257	1.1125e-11	0.0321	0.0234	0.1698	0.0385	0.0038
WET_AMD	-0.0512	0.0447	0.2522	0.0167	0.0354	0.6375	0.0385	0.0038
YERSINIAENTERITIS	-0.1921	0.1641	0.2419	0.0019	0.1296	0.9882	0.0385	0.0038
Z21_ASYMP_HUMAN_IMMUNODEFICIENCY_VIRUS_HIV_INFECTION_STATUS	0.2869	0.5237	0.5838	-0.0963	0.299	0.7473	0.0385	0.0038
Z21_KIDNEY_TRANSPLANT_STATUS	-0.2152	0.1099	0.0502	-0.0229	0.0797	0.7736	0.0385	0.0038
Z21_LUNG_TRANSPLANT_STATUS	NA	NA	NA	NA	NA	NA	0.0385	0.0038
Z21_PREVIOUS_SUICIDE_ATTEMPT	0.239	0.2979	0.4224	0.3728	0.2964	0.2084	0.0385	0.0038
Z21_PROBL_RELATED_MEDICAL_FACILITI_OTH_HEALTH_CARE	NA	NA	NA	NA	NA	NA	0.0385	0.0038
Z21_PROCREATIVE_MANAG	0.3639	0.1206	0.0025	0.3841	0.0968	7.1978e-05	0.0385	0.0038
Z21_TOBAC_USE	0.2947	0.102	0.0039	0.1844	0.0778	0.0178	0.0385	0.0038
