phenocode	pheno	cat	class	rho_father	rho_mother	rg_father	rg_mother	num_cases	d_rho	d_rg	cf	prev_reg	prev	prev_source
AB1_ACTINOMYCOSIS	Actinomycosis	I Certain infectious and parasitic diseases (AB1_)	sex_shared	0.0348460620617735	0.0030630060155576			132	0.0317830560462159		0.0304225274206076	0.01	0.01	registry
AB1_ACTINOMYCOSIS_WIDE	Actinomycosis	I Certain infectious and parasitic diseases (AB1_)	sex_shared	0.0351559450109832	-0.00238045433914299	-0.0796	-0.1716	150	0.0375363993501262	0.092	0.0345706555057226		0.022012094188314	case-count proxy
AB1_AMOEBIASIS	Amoebiasis	I Certain infectious and parasitic diseases (AB1_)	sex_shared	0.00728965488318528	-0.0196744593890037			201	0.026964114272189		0.0454743929394783	0.03	0.03	registry
AB1_AMOEBIASIS_WIDE	Amoebiasis	I Certain infectious and parasitic diseases (AB1_)	sex_shared	0.00943692841638558	-0.0169581133179681			297	0.0263950417343537		0.0671884897294363		0.0410497925882036	case-count proxy
AB1_ANOGENITAL_HERPES_SIMPLEX	Anogenital herpesviral [herpes simplex] infection	I Certain infectious and parasitic diseases (AB1_)	sex_shared	-0.00375534086427123	0.00882201180350156	-0.0296	0.1563	2617	-0.0125773526677728	-0.1859	0.53676656089952	0.28	0.28	registry
AB1_ANOGENITAL_HERPES_SIMPLEX_WIDE	Anogenital herpesviral [herpes simplex] infection	I Certain infectious and parasitic diseases (AB1_)	sex_shared	-0.00452987187039954	0.0181169257599298	-0.0025	0.1588	4806	-0.0226467976303293	-0.1613	0.985395398617658		0.509485904089431	case-count proxy
AB1_ANUG_WIDE	Acute necrotizing ulcerative gingivitis	I Certain infectious and parasitic diseases (AB1_)	sex_shared	-0.00525105201845759	-0.0103225632672383	0.1116	-0.0339	50	0.00507151124878071	0.1455	0.0099962813833254		0.00687522001050765	case-count proxy
AB1_ARTHROPOD_WIDE	Arthropod-borne viral fevers and viral haemorrhagic fevers	I Certain infectious and parasitic diseases (AB1_)	sex_shared	0.0361152522080569	0.00111929777909123	0.233	0.2785	7739	0.0349959544289657	-0.0455	1.54722443251111		0.777849867145404	case-count proxy
AB1_ASPERGILLOSIS	Aspergillosis	I Certain infectious and parasitic diseases (AB1_)	sex_shared	-0.0012740127404781	0.00804202301518931	0.0107	-0.0128	295	-0.00931603575566741	0.0235	0.0604248171893243	0.03	0.03	registry
AB1_ATYPICAL_CNS_VIRUS	Atypical virus infections of central nervous system	I Certain infectious and parasitic diseases (AB1_)	sex_shared	-0.00183931659131796	0.0130799872126912			337	-0.0149193038040092		0.0677273942236773	0.04	0.04	registry
AB1_BACTINF_NOS	Bacterial infection, other or unspecified	I Certain infectious and parasitic diseases (AB1_)	sex_shared	0.0145400124097664	0.00448977279523558	0.0486	0.0737	27957	0.0100502396145308	-0.0251	6.05504706376675	2.79	2.79	registry
AB1_BACTINF_NOS_WIDE	Bacterial infection, other or unspecified	I Certain infectious and parasitic diseases (AB1_)	sex_shared	0.0137129316965943	-8.16140421036416e-05	0.0843	0.0736	30657	0.0137945457386979	0.0107	6.63059064748668		3.0451707975093	case-count proxy
AB1_BACT_BIR_OTHER_INF_AGENTS	Bacterial, viral and other infectious agents	I Certain infectious and parasitic diseases (AB1_)	sex_shared	0.011495407742317	0.0230966390596948			3591	-0.0116012313173778		0.717932928950431	0.54	0.54	registry
AB1_BACT_BIR_OTHER_INF_AGENTS_WIDE	Bacterial, viral and other infectious agents	I Certain infectious and parasitic diseases (AB1_)	sex_shared	0.0112592970337786	0.0245506347993211			3857	-0.0132913377655425		0.771113145909722		0.404817219773488	case-count proxy
AB1_BACT_INTEST_OTH	Other bacterial intestinal infections	I Certain infectious and parasitic diseases (AB1_)	sex_shared	0.00784785899306641	0.01122227884187	0.3256	0.0698	8262	-0.00337441984880359	0.2558	1.83572260191793	0.96	0.96	registry
AB1_BACT_INTEST_OTH_WIDE	Other bacterial intestinal infections	I Certain infectious and parasitic diseases (AB1_)	sex_shared	0.0127057072918796	0.0152266323314147	0.3386	0.1042	10740	-0.0025209250395351	0.2344	2.38375848131946		1.1666412606192	case-count proxy
AB1_CANDIDIASIS	Candidiasis	I Certain infectious and parasitic diseases (AB1_)	sex_shared	0.0199848274135209	0.0183049454529097	0.367	0.2696	5784	0.0016798819606112	0.0974	1.17156405016012	0.6	0.6	registry
AB1_CANDIDIASIS_WIDE	Candidiasis	I Certain infectious and parasitic diseases (AB1_)	sex_shared	0.0319314627263263	0.0123127441639433	0.364	0.2743	13459	0.019618718562383	0.0897	2.72530489842119		1.32274333836818	case-count proxy
AB1_CHLAMYDIA_OTHER	Other sexually transmitted chlamydial diseases	I Certain infectious and parasitic diseases (AB1_)	sex_shared	-0.00830946953006936	0.00121712934143664	0.3884	0.2478	2821	-0.009526598871506	0.1406	0.578366509278262	0.38	0.38	registry
AB1_CHLAMYDIA_OTHER_WIDE	Other sexually transmitted chlamydial diseases	I Certain infectious and parasitic diseases (AB1_)	sex_shared	0.00868811135004679	-0.00362715378902569	0.3063	0.2161	4649	0.0123152651390725	0.0902	0.952775221695977		0.493651924204693	case-count proxy
AB1_CHLAMY_OTHER_WIDE	Diseases caused by chlamydiae	I Certain infectious and parasitic diseases (AB1_)	sex_shared	0.0106534883915677	0.00308207859707675			544	0.00757140979449095		0.1087678047298		0.0644930488723462	case-count proxy
AB1_CHOLERA_WIDE	Cholera	I Certain infectious and parasitic diseases (AB1_)	sex_shared	-0.0171869980186571	-0.00502791942063086	-0.9896	0.1138	71	-0.0121590785980262	-1.1034	0.0160686925289633		0.0107303907671551	case-count proxy
AB1_CHROMOMYCOCIS_WIDE	Chromomycosis and phaeomycotic abscess	I Certain infectious and parasitic diseases (AB1_)	sex_shared	0.00113862877808238	0.00181363295231474	0.3424	0.2129	136	-0.00067500417423236	0.1295	0.0278709085096442		0.0179853976930663	case-count proxy
AB1_DENGUE_FEVER	Dengue fever [classical dengue]	I Certain infectious and parasitic diseases (AB1_)	sex_shared	0.0186953135041622	-0.0107138621176819	0.2779	-0.087	64	0.0294091756218441	0.3649	0.0128931140698122	0.01	0.01	registry
AB1_DENGUE_FEVER_WIDE	Dengue fever [classical dengue]	I Certain infectious and parasitic diseases (AB1_)	sex_shared	0.0275366945249325	-0.00861935933437305	0.3155	-0.053	76	0.0361560538593056	0.3685	0.015310572957902		0.0102548911655317	case-count proxy
AB1_DERMATOPHYTOSIS	Dermatophytosis	I Certain infectious and parasitic diseases (AB1_)	sex_shared	0.00261493109405398	0.00273290920515266	0.0793	0.0881	5443	-0.00011797811109868	-0.0088	1.10325564802841	0.52	0.52	registry
AB1_DERMATOPHYTOSIS_WIDE	Dermatophytosis	I Certain infectious and parasitic diseases (AB1_)	sex_shared	0.0134267917927383	-0.00618211679576907	0.1552	0.0743	32703	0.0196089085885074	0.0809	6.62146128521505		3.04123847881153	case-count proxy
AB1_DIBTHERIA	Diphtheria	I Certain infectious and parasitic diseases (AB1_)	sex_shared	0.0203208309979338	0.000725360456283527	0.4764	0.0331	55	0.0195954705416503	0.4433	0.0126783030437148	0.01	0.01	registry
AB1_DIBTHERIA_WIDE	Diphtheria	I Certain infectious and parasitic diseases (AB1_)	sex_shared	0.0182806227880663	-0.0053514414099259			63	0.0236320641979922		0.0145223863738523		0.00975897741057712	case-count proxy
AB1_EARLY_SYPHILIS	Early syphilis	I Certain infectious and parasitic diseases (AB1_)	sex_shared	-0.0246989102719654	-0.00201048686046	0.0712	0.1399	406	-0.0226884234115054	-0.0687	0.083653041797675	0.04	0.04	registry
AB1_EARLY_SYPHILIS_WIDE	Early syphilis	I Certain infectious and parasitic diseases (AB1_)	sex_shared	-0.0246342680449872	-0.00479105588359531	-0.0081	0.0474	474	-0.0198432121613919	-0.0555	0.0976594692599308		0.0582954921467705	case-count proxy
AB1_EBV	Infectious mononucleosis	I Certain infectious and parasitic diseases (AB1_)	sex_shared	0.00116406239994736	0.0103946867305701	-0.0037	-0.0277	3935	-0.00923062433062274	0.024	0.804086845466156	0.66	0.66	registry
AB1_ENTEROBIASIS	Enterobiasis	I Certain infectious and parasitic diseases (AB1_)	sex_shared	0.00296315722162441	0.00106797031814467			149	0.00189518690347974		0.029817473039201	0.03	0.03	registry
AB1_ENTEROBIASIS_WIDE	Enterobiasis	I Certain infectious and parasitic diseases (AB1_)	sex_shared	0.00121273729950273	0.00990019356057498	0.24	0.0888	768	-0.00868745626107225	0.1512	0.153689447258304		0.0891916387256058	case-count proxy
AB1_ERYSIPELAS	Erysipelas	I Certain infectious and parasitic diseases (AB1_)	sex_shared	0.0429346283503155	-0.00266684447631265	0.1962	0.0427	30206	0.0456014728266282	0.1535	6.51043294400631	3.54	3.54	registry
AB1_ERYSIPELAS_WIDE	Erysipelas	I Certain infectious and parasitic diseases (AB1_)	sex_shared	0.0460325245332642	-0.0153926955109663	0.1929	0.0413	41584	0.0614252200442305	0.1516	8.93330526279608		4.02740029903688	case-count proxy
AB1_ERYSIPLEOID_WIDE	Erysipeloid	I Certain infectious and parasitic diseases (AB1_)	sex_shared	-0.0119852596405481	0.014580009526578	0.0874	0.2771	132	-0.0265652691671261	-0.1897	0.0264238342985373		0.0171081880597451	case-count proxy
AB1_GASTROENTERITIS_NOS	Diarrhoea and gastroenteritis of presumed infectious origin	I Certain infectious and parasitic diseases (AB1_)	sex_shared	0.0243172479852822	0.0297724172012182	0.2185	0.2484	41774	-0.005455169215936	-0.0299	8.63848794408371	6.36	6.36	registry
AB1_GASTROENTERITIS_NOS_WIDE	Diarrhoea and gastroenteritis of presumed infectious origin	I Certain infectious and parasitic diseases (AB1_)	sex_shared	0.0359109139841566	0.0402606577099919	0.2472	0.236	68229	-0.0043497437258353	0.0112	14.0610219790411		6.16288875588994	case-count proxy
AB1_GONOCOCCAL	Gonococcal infection	I Certain infectious and parasitic diseases (AB1_)	sex_shared	0.0267638541833452	0.016081280268363	0.169	0.1156	1212	0.0106825739149822	0.0534	0.249308846761453	0.14	0.14	registry
AB1_GONOCOCCAL_WIDE	Gonococcal infection	I Certain infectious and parasitic diseases (AB1_)	sex_shared	0.0222540400746541	0.0149230617138938	0.1919	0.126	1306	0.0073309783607603	0.0659	0.268637497763068		0.150581736521454	case-count proxy
AB1_HELMINTHIASES_NOS_WIDE	Other helminthiases	I Certain infectious and parasitic diseases (AB1_)	sex_shared	-0.00690348056371077	0.000634642212022095			82	-0.00753812277573287		0.0164128676882676		0.0109457967354813	case-count proxy
AB1_HELMINTIASES	Helminthiases	I Certain infectious and parasitic diseases (AB1_)	sex_shared	-0.00320426886867424	0.00238323420303664	0.2206	0.7467	628	-0.00558750307171088	-0.5261	0.125553294174567	0.13	0.13	registry
AB1_HELMINTIASES_WIDE	Helminthiases	I Certain infectious and parasitic diseases (AB1_)	sex_shared	0.00274167954958312	0.012022684992595	0.2359	0.3399	1510	-0.00928100544301188	-0.104	0.301887697776427		0.167996816604122	case-count proxy
AB1_HEPATITIS_A	Acute hepatitis A	I Certain infectious and parasitic diseases (AB1_)	sex_shared	-0.0219512235879539	-0.0108035364168461			148	-0.0111476871711078		0.0297503583109033	0.02	0.02	registry
AB1_HEPATITIS_B	Acute hepatitis B	I Certain infectious and parasitic diseases (AB1_)	sex_shared	0.0168230127925373	0.0174143699181435			151	-0.0005913571256062		0.0303532230700577	0.02	0.02	registry
AB1_HERPES_SIMPLEX	Herpesviral [herpes simplex] infections	I Certain infectious and parasitic diseases (AB1_)	sex_shared	0.0240148452960171	0.00127646971868869	0.284	0.223	4963	0.0227383755773284	0.061	1.0257289950832	0.54	0.54	registry
AB1_HERPES_SIMPLEX_WIDE	Herpesviral [herpes simplex] infections	I Certain infectious and parasitic diseases (AB1_)	sex_shared	0.0339283329491577	0.00978672967401553	0.3551	0.1956	11722	0.0241416032751422	0.1595	2.42062049824886		1.18355255215379	case-count proxy
AB1_HIV_INFECT_PARASITES	Human immunodeficiency virus [HIV] disease resulting in infectious and parasitic diseases	I Certain infectious and parasitic diseases (AB1_)	sex_shared	0.0064135801353681	0.0241286511609501	0.1527	0.2477	80	-0.017715071025582	-0.095	0.016010599016549	0.01	0.01	registry
AB1_HIV_INFECT_PARASITES_WIDE	Human immunodeficiency virus [HIV] disease resulting in infectious and parasitic diseases	I Certain infectious and parasitic diseases (AB1_)	sex_shared	0.00265146046834321	0.0273791644094818	0.1683	0.192	92	-0.0247277039411386	-0.0237	0.0184120414751247		0.0121916404062965	case-count proxy
AB1_HIV_NOS	Unspecified human immunodeficiency virus [HIV] disease	I Certain infectious and parasitic diseases (AB1_)	sex_shared	0.0153153376631743	0.00991085219852718	0.3164	0.1444	305	0.00540448546464712	0.172	0.0610129347421653	0.04	0.04	registry
AB1_INFECT_PARASIT_WIDE	Certain infectious and parasitic diseases	I Certain infectious and parasitic diseases (AB1_)	sex_shared	0.0452654935196305	0.00613527287957376	0.3105	0.2097	244545	0.0391302206400567	0.1008	48.8908126177062		19.8314648344614	case-count proxy
AB1_INTESTINAL_INFECTIONS	Intestinal infectious diseases	I Certain infectious and parasitic diseases (AB1_)	sex_shared	0.020055347600893	0.0346143667571013	0.2338	0.2175	58380	-0.0145590191562083	0.0163	11.6716581431707	9.41	9.41	registry
AB1_INTESTINAL_INFECTIONS_WIDE	Intestinal infectious diseases	I Certain infectious and parasitic diseases (AB1_)	sex_shared	0.037016755778999	0.0403676524450038	0.25	0.2239	87416	-0.0033508966660048	0.0261	17.4766986680955		7.55712482335441	case-count proxy
AB1_INT_HELMINTIASES_NOS_WIDE	Intestinal helminthiases, other/unspecified	I Certain infectious and parasitic diseases (AB1_)	sex_shared	-0.0125022857530493	0.00563491876397716	-0.1672	0.07	98	-0.0181372045170265	-0.2372	0.0196165563735793		0.0129381554366327	case-count proxy
AB1_LATE_SYPHILIS	Late syphilis	I Certain infectious and parasitic diseases (AB1_)	sex_shared	0.00369185615425283	-0.00739672567632736	-0.1182	-0.0483	457	0.0110885818305802	-0.0699	0.0941512889661694	0.04	0.04	registry
AB1_LATE_SYPHILIS_WIDE	Late syphilis	I Certain infectious and parasitic diseases (AB1_)	sex_shared	0.0151286824489297	-0.00226296974390243	-0.1222	0.0169	565	0.0173916521928321	-0.1391	0.116399805519617		0.0687280725842345	case-count proxy
AB1_LISTERIOSIS	Listeriosis	I Certain infectious and parasitic diseases (AB1_)	sex_shared	0.00586710096107055	-0.0101672639506406	0.0153	-0.0153	169	0.0160343649117112	0.0306	0.0389467328530671	0.02	0.02	registry
AB1_LYME	Lyme disease	I Certain infectious and parasitic diseases (AB1_)	sex_shared	-0.00275630176380595	-0.00101686670307863	-0.1068	-0.0128	13633	-0.00173943506072732	-0.094	2.7255860819775		1.32287132931399	case-count proxy
AB1_MALARIA	Malaria	I Certain infectious and parasitic diseases (AB1_)	sex_shared	-0.0104965032728986	0.0222482130538839	-0.0612	-0.0348	171	-0.0327447163267825	-0.0264	0.0342471926314461	0.03	0.03	registry
AB1_MALARIA_FALCIPARIUM	Plasmodium falciparum malaria	I Certain infectious and parasitic diseases (AB1_)	sex_shared	0.0132419400734744	0.0276079929107341	-0.0094	0.0803	80	-0.0143660528372597	-0.0897	0.0160249989984376	0.02	0.02	registry
AB1_MALARIA_NOS	Other parasitologically confirmed or unspecified malaria	I Certain infectious and parasitic diseases (AB1_)	sex_shared	-0.0228759180682175	0.0160478516976222	-0.2071	-0.0148	77	-0.0389237697658397	-0.1923	0.0154241542255172	0.02	0.02	registry
AB1_MALARIA_NOS_WIDE	Other parasitologically confirmed or unspecified malaria	I Certain infectious and parasitic diseases (AB1_)	sex_shared	-0.0290469213211586	0.0120432279973336	-0.3134	0.0785	102	-0.0410901493184922	-0.3919	0.0204319965065292		0.0134419095202693	case-count proxy
AB1_MEASLES	Measles	I Certain infectious and parasitic diseases (AB1_)	sex_shared	0.00298089443953531	0.0190980329829602	0.1877	0.202	426	-0.0161171385434249	-0.0143	0.0888770200745232	0.06	0.06	registry
AB1_MENINGOCOCCAL	Meningococcal infection	I Certain infectious and parasitic diseases (AB1_)	sex_shared	-0.0117030757860119	0.00858486624888921			290	-0.0202879420349011		0.0668130409840409	0.05	0.05	registry
AB1_MUMPS	Mumps	I Certain infectious and parasitic diseases (AB1_)	sex_shared	-0.0134629410012085	0.0016529187292403	-0.285	-0.0599	995	-0.0151158597304488	-0.2251	0.204549425925355	0.12	0.12	registry
AB1_MYCOSES	Mycoses	I Certain infectious and parasitic diseases (AB1_)	sex_shared	0.0224926757016649	0.0146922851369519	0.3666	0.3032	12271	0.007800390564713	0.0634	2.45328737709572	1.18	1.18	registry
AB1_MYCOSES_WIDE	Mycoses	I Certain infectious and parasitic diseases (AB1_)	sex_shared	0.0322931209652467	0.00378434718792667	0.2422	0.1416	48813	0.02850877377732	0.1006	9.75896966328526		4.37552611638254	case-count proxy
AB1_MYSOSIS_NOS	Other mycoses, not elsewhere classified/unspecified	I Certain infectious and parasitic diseases (AB1_)	sex_shared	0.0301066415897205	0.00031973767458712			123	0.0297869039151334		0.0252029555075629	0.01	0.01	registry
AB1_MYSOSIS_NOS_WIDE	Other mycoses, not elsewhere classified/unspecified	I Certain infectious and parasitic diseases (AB1_)	sex_shared	0.0241326006815919	-0.00138934320175821			603	0.0255219438833501		0.123548358015686		0.0726791729150571	case-count proxy
AB1_OTHER_BACTERIAL	Other bacterial diseases	I Certain infectious and parasitic diseases (AB1_)	sex_shared	0.031703808452078	-0.00260121889445025	0.1256	0.0494	66429	0.0343050273465283	0.0762	13.2808595202585	7.84	7.84	registry
AB1_OTHER_BACTERIAL_WIDE	Other bacterial diseases	I Certain infectious and parasitic diseases (AB1_)	sex_shared	0.0323896157578248	-0.0104088647930608	0.1385	0.0584	78806	0.0427984805508856	0.0801	15.7553390138868		6.85683932400034	case-count proxy
AB1_OTHER_BACT_INOTHER	Other bacterial agents as the cause of diseases classified to other chapters	I Certain infectious and parasitic diseases (AB1_)	sex_shared	-0.00935862478103832	0.0170304358250986	-0.0646	0.1694	365	-0.0263890606061369	-0.234	0.0734465550547328	0.05	0.05	registry
AB1_OTHER_BACT_INOTHER_WIDE	Other bacterial agents as the cause of diseases classified to other chapters	I Certain infectious and parasitic diseases (AB1_)	sex_shared	0.00290537709966828	0.0182665168497206	-0.0449	0.3017	446	-0.0153611397500523	-0.3466	0.0897451118091287		0.0538533583892705	case-count proxy
AB1_OTHER_CESTODE	Other cestode infections	I Certain infectious and parasitic diseases (AB1_)	sex_shared	-0.0035062792538393	-0.0108829125889377	0.3265	0.3667	122	0.0073766333350984	-0.0402	0.0244156260006404	0.03	0.03	registry
AB1_OTHER_CHLAMYDIAE	Other diseases caused by chlamydiae	I Certain infectious and parasitic diseases (AB1_)	sex_shared	0.0141858119061977	-0.000330740451408073			433	0.0145165523576058		0.086567796779598		0.0520632629578467	case-count proxy
AB1_OTHER_CHLAMYDIAE_WIDE	Other diseases caused by chlamydiae	I Certain infectious and parasitic diseases (AB1_)	sex_shared	0.0112966545130758	0.00277915811358917			584	0.00851749639948663		0.116756566557241		0.0689256094861204	case-count proxy
AB1_OTHER_CONDITIONS	Human immunodeficiency virus [HIV] disease resulting in other conditions	I Certain infectious and parasitic diseases (AB1_)	sex_shared	0.0290381009477821	0.0225840430209907	0.3501	0.1128	539	0.0064540579267914	0.2373	0.107772410262973	0.05	0.05	registry
AB1_OTHER_INFECTIONS	Other infectious diseases	I Certain infectious and parasitic diseases (AB1_)	sex_shared	-0.00909969494333077	-0.00880270532390546			3138	-0.000296989619425309		0.627366619617502	0.42	0.42	registry
AB1_OTHER_INFECTIONS_WIDE	Other infectious diseases	I Certain infectious and parasitic diseases (AB1_)	sex_shared	-0.0173069544470189	-0.0115606404441375			3764	-0.0057463140028814		0.752520062536736		0.395656055808428	case-count proxy
AB1_OTHER_INFESTATIONS	Other infestations	I Certain infectious and parasitic diseases (AB1_)	sex_shared	-0.015418612035159	0.00683845317827829	-0.5027	-0.018	79	-0.0222570652134373	-0.4847	0.0158677553151959	0.01	0.01	registry
AB1_OTHER_INFESTATIONS_WIDE	Other infestations	I Certain infectious and parasitic diseases (AB1_)	sex_shared	0.0186422995140067	-0.00377446470090402			587	0.0224167642149107		0.117902974087457		0.0695601165736757	case-count proxy
AB1_OTHER_MOSQUITO_FEVER	Other mosquito-borne viral fevers	I Certain infectious and parasitic diseases (AB1_)	sex_shared	0.0300644610739417	0.00149293986256701	-0.0096	0.304	78	0.0285715212113747	-0.3136	0.0157130396069323	0.01	0.01	registry
AB1_OTHER_MOSQUITO_FEVER_WIDE	Other mosquito-borne viral fevers	I Certain infectious and parasitic diseases (AB1_)	sex_shared	0.00252640718575555	-0.0102130772797601			259	0.0127394844655157		0.0521746137265567		0.0323819025772383	case-count proxy
AB1_OTHER_MYCOBAC	Infection due to other mycobacteria	I Certain infectious and parasitic diseases (AB1_)	sex_shared	-0.00194597569731901	-0.0079711516199104	0.3598	-0.1974	576	0.00602517592259139	0.5572	0.132617139383837	0.06	0.06	registry
AB1_OTHER_PROTOZOAL	Other protozoal intestinal diseases	I Certain infectious and parasitic diseases (AB1_)	sex_shared	-0.00851287432926658	0.00717260416278623			534	-0.0156854784920528		0.120721616855812	0.06	0.06	registry
AB1_OTHER_PROTOZOAL_WIDE	Other protozoal intestinal diseases	I Certain infectious and parasitic diseases (AB1_)	sex_shared	-0.0180258900615792	0.00324778844928398			828	-0.0212736785108632		0.187166863327501		0.107297443082195	case-count proxy
AB1_OTHER_SEPSIS	Other septicaemia	I Certain infectious and parasitic diseases (AB1_)	sex_shared	0.0218574278690729	0.000892362954210942	0.1224	0.1271	19048	0.020965064914862	-0.0047	4.20666732920352	2.34	2.34	registry
AB1_OTHER_SPIROCHAETAL	Other spirochaetal diseases	I Certain infectious and parasitic diseases (AB1_)	sex_shared	-0.00174763603452455	-0.00136439710675729	-0.1062	-0.0102	13798	-0.00038323892776726	-0.096	2.75857381054248		1.33788122444077	case-count proxy
AB1_OTHER_SPIROCHAETAL_WIDE	Other spirochaetal diseases	I Certain infectious and parasitic diseases (AB1_)	sex_shared	-0.000302069176007837	-0.000465773371468077	-0.1028	-0.0269	14000	0.00016370419546024	-0.0759	2.79895878733111		1.35624180456268	case-count proxy
AB1_OTHER_SUPERF_MYCOSIS	Other superficial mycoses	I Certain infectious and parasitic diseases (AB1_)	sex_shared	0.0179435165657677	0.0143127292719302	0.2792	0.2232	804	0.0036307872938375	0.056	0.164511713274909	0.08	0.08	registry
AB1_OTHER_SUPERF_MYCOSIS_WIDE	Other superficial mycoses	I Certain infectious and parasitic diseases (AB1_)	sex_shared	0.0151255669575185	0.0160276020797568	0.233	0.1473	4416	-0.0009020351222383	0.0857	0.903344584228291		0.469593360204568	case-count proxy
AB1_OTHER_VIRAL	Other viral diseases	I Certain infectious and parasitic diseases (AB1_)	sex_shared	0.00079946760961347	0.00873506264304022	0.2001	0.2556	14746	-0.00793559503342675	-0.0555	2.94810330557033	2.44	2.44	registry
AB1_OTHER_VIRAL_WIDE	Other viral diseases	I Certain infectious and parasitic diseases (AB1_)	sex_shared	0.00591012520975134	0.00895015330250723	0.2821	0.2242	19730	-0.00304002809275589	0.0579	3.9445326338602		1.8710046754973	case-count proxy
AB1_OTHER_ZOONOTIC_WIDE	Other zoonotic bacterial diseases, not elsewhere classified	I Certain infectious and parasitic diseases (AB1_)	sex_shared	0.0257946435770736	-8.65478220197023e-05	0.4548	0.5854	151	0.0258811913990933	-0.1306	0.030227325502254		0.019407862316407	case-count proxy
AB1_PARASITIC_NOS	Unspecified parasitic disease	I Certain infectious and parasitic diseases (AB1_)	sex_shared	0.00981226178375604	-0.00538410523694007			287	0.0151963670206961		0.0576220754788957	0.05	0.05	registry
AB1_PEDICULOSIS_ACARIASIS_OTHERINFEST	Pediculosis, acariasis and other infestations	I Certain infectious and parasitic diseases (AB1_)	sex_shared	0.0315390536484163	-0.0116389923146362	0.1987	0.1875	2400	0.0431780459630525	0.0112	0.479821506399619	0.38	0.38	registry
AB1_PEDICULOSIS_ACARIASIS_OTHERINFEST_WIDE	Pediculosis, acariasis and other infestations	I Certain infectious and parasitic diseases (AB1_)	sex_shared	0.052919024239571	0.0262899964286798	0.3348	0.2878	7448	0.0266290278108912	0.047	1.48904607486015		0.75038684903775	case-count proxy
AB1_PEDICULOSIS_AND_PHTHIRIAASIS	Pediculosis and phthiriasis	I Certain infectious and parasitic diseases (AB1_)	sex_shared	0.0120006679035093	-0.0131097494110957	0.3221	-0.0884	112	0.025110417314605	0.4105	0.0224945671603421	0.02	0.02	registry
AB1_PEDICULOSIS_AND_PHTHIRIAASIS_WIDE	Pediculosis and phthiriasis	I Certain infectious and parasitic diseases (AB1_)	sex_shared	-0.00259640447385499	-0.0145057896975942	0.3007	0.0329	218	0.0119093852237392	0.2678	0.0437840682228087		0.0274721117443102	case-count proxy
AB1_PNEUMOCYSTOSIS	Pneumocystosis	I Certain infectious and parasitic diseases (AB1_)	sex_shared	-0.0124267450603247	0.0241348168853794	0.0897	0.479	637	-0.0365615619457041	-0.3893	0.127456845753206	0.03	0.03	registry
AB1_POLIOMYELITIS	Acute poliomyelitis	I Certain infectious and parasitic diseases (AB1_)	sex_shared	-0.00705150610570306	0.020458926505384			470	-0.0275104326110871		0.0944313624637343	0.07	0.07	registry
AB1_PROTOZOAL	Protozoal diseases	I Certain infectious and parasitic diseases (AB1_)	sex_shared	-0.00316380605573961	0.0163282292521706	-0.0188	0.2113	1046	-0.0194920353079102	-0.2301	0.209122206539167	0.09	0.09	registry
AB1_RELAP_FEVER	Relapsing fevers	I Certain infectious and parasitic diseases (AB1_)	sex_shared	-0.0168867984556745	-0.0219923830131432	-0.0596	0.0938	76	0.0051055845574687	-0.1534	0.0156229443494277	0.02	0.02	registry
AB1_RELAP_FEVER_WIDE	Relapsing fevers	I Certain infectious and parasitic diseases (AB1_)	sex_shared	-0.0103592402279818	-0.0224577526193364	-0.0426	0.0895	91	0.0120985123913546	-0.1321	0.0187064202078674		0.0123743587826033	case-count proxy
AB1_RESP_TUBERCU_CONF	Respiratory tuberculosis, confirmed	I Certain infectious and parasitic diseases (AB1_)	sex_shared	-0.00184059935782122	0.00796017906947391	-0.0169	0.1409	699	-0.00980077842729513	-0.1578	0.140417556413105	0.15	0.15	registry
AB1_RESP_TUBERCU_NONCONF	Respiratory tuberculosis, not confirmed	I Certain infectious and parasitic diseases (AB1_)	sex_shared	-0.00254482890521444	0.00743264541050935	0.1376	0.0857	1639	-0.00997747431572379	0.0519	0.328627484004724	0.39	0.39	registry
AB1_RICKETTSIOSES	Rickettsioses	I Certain infectious and parasitic diseases (AB1_)	sex_shared	-0.00337849378700692	-0.00540303913926969			64	0.00202454535226277		0.0127952401706565	0.01	0.01	registry
AB1_RICKETTSIOSES_WIDE	Rickettsioses	I Certain infectious and parasitic diseases (AB1_)	sex_shared	0.011235743949567	-0.00894794823228556			80	0.0201836921818526		0.0159940502133206		0.0106836373743243	case-count proxy
AB1_RUBELLA	Rubella [German measles]	I Certain infectious and parasitic diseases (AB1_)	sex_shared	-0.00625057017809579	0.00680778138192741	-0.4456	-0.3012	1265	-0.0130583515600232	-0.1444	0.26345768952813	0.3	0.3	registry
AB1_SALMONELLA_OTH	Other salmonella infections	I Certain infectious and parasitic diseases (AB1_)	sex_shared	-0.00109646697125057	0.012054373519087	0.0036	0.0859	1442	-0.0131508404903376	-0.0823	0.325325776991662	0.17	0.17	registry
AB1_SALMONELLA_OTH_WIDE	Other salmonella infections	I Certain infectious and parasitic diseases (AB1_)	sex_shared	0.0114680772256925	0.0125333924398704	-0.0263	0.062	1751	-0.0010653152141779	-0.0883	0.394984976585128		0.216162488042037	case-count proxy
AB1_SCABIES	Scabies	I Certain infectious and parasitic diseases (AB1_)	sex_shared	0.0350835193120838	-0.00160479066262965	0.3147	0.1413	1844	0.0366883099747134	0.1734	0.369073114104437	0.29	0.29	registry
AB1_SCABIES_WIDE	Scabies	I Certain infectious and parasitic diseases (AB1_)	sex_shared	0.0534050400213124	0.0297283309451548	0.3877	0.29	6278	0.0236767090761576	0.0977	1.25650468337203		0.639918818713752	case-count proxy
AB1_SCARLET_FEVER	Scarlet fever	I Certain infectious and parasitic diseases (AB1_)	sex_shared	0.0174281538056882	0.0121408218967303	0.221	0.0378	258	0.0052873319089579	0.1832	0.0594449500593298	0.06	0.06	registry
AB1_SCARLET_FEVER_WIDE	Scarlet fever	I Certain infectious and parasitic diseases (AB1_)	sex_shared	0.0240660250973832	0.0112125295049206	0.2517	-0.0071	331	0.0128534955924626	0.2588	0.076263590932236		0.0462288749320707	case-count proxy
AB1_SCHISTOSOMIASIS_WIDE	Schistosomiasis [bilharziasis]	I Certain infectious and parasitic diseases (AB1_)	sex_shared	-0.00034568002358215	0.0142908415006109	0.311	0.1414	111	-0.0146365215241931	0.1696	0.0222179076335526		0.0145408999771096	case-count proxy
AB1_SEPSIS_BACT_IMPL_WIDE	Implicit bacterial Sepsis	I Certain infectious and parasitic diseases (AB1_)	sex_shared	0.0410918747044006	0.0146656961829804	0.3679	0.1448	22788	0.0264261785214202	0.2231	4.9550440861501		2.31723505074861	case-count proxy
AB1_SEPSIS_CONDITION_WIDE	Condition for Implicit Sepsis (Organ dysfunction codes)	I Certain infectious and parasitic diseases (AB1_)	sex_shared	0.0161826448110173	0.0187268938837659	0.2116	0.2161	69607	-0.0025442490727486	-0.00449999999999998	14.3543560883364		6.28338697798682	case-count proxy
AB1_SEPSIS_FUNGAL_IMPL_WIDE	Implicit fungal Sepsis	I Certain infectious and parasitic diseases (AB1_)	sex_shared	0.0329323840929331	0.0152287904588263	0.3212	0.4325	2659	0.0177035936341068	-0.1113	0.604205579869206		0.322040195665837	case-count proxy
AB1_SEPSIS_IMPLICIT_WIDE	Implicit Sepsis	I Certain infectious and parasitic diseases (AB1_)	sex_shared	0.0319983306900332	0.00937834628324512	0.2535	0.209	53325	0.0226199844067881	0.0445	11.0129429185693		4.90079464414835	case-count proxy
AB1_SEPSIS_PARAS_IMPL_WIDE	Implicit parasitic Sepsis	I Certain infectious and parasitic diseases (AB1_)	sex_shared	-0.0229424341758162	-0.0142905014523975	-0.1739	0.0306	203	-0.0086519327234187	-0.2045	0.0463695815545003		0.0289908096441724	case-count proxy
AB1_SEPSIS_VIRAL_IMPL_WIDE	Implicit viral Sepsis	I Certain infectious and parasitic diseases (AB1_)	sex_shared	0.0290162022396329	0.0107779571020821	0.3082	0.1326	14000	0.0182382451375508	0.1756	3.10838954337758		1.49639244887352	case-count proxy
AB1_SEQULAE_INF_NOS	Sequelae of other and unspecified infectious and parasitic diseases	I Certain infectious and parasitic diseases (AB1_)	sex_shared	-0.00317465978030944	0.0116321562890663			2213	-0.0148068160693757		0.443320839685328	0.31	0.31	registry
AB1_SEQULAE_POLIO	Sequelae of poliomyelitis	I Certain infectious and parasitic diseases (AB1_)	sex_shared	0.0131322602350483	-0.0102244528014825	0.1497	0.3905	270	0.0233567130365308	-0.2408	0.0542992977290827	0.05	0.05	registry
AB1_SEQULAE_POLIO_WIDE	Sequelae of poliomyelitis	I Certain infectious and parasitic diseases (AB1_)	sex_shared	0.00793913076885788	-0.0116836668302567	0.0052	0.1476	312	0.0196227975991146	-0.1424	0.062745728966606		0.038498781113769	case-count proxy
AB1_SEQULAE_TUBERCU	Sequelae of tuberculosis	I Certain infectious and parasitic diseases (AB1_)	sex_shared	-0.00944617152405847	-0.00228331748995637	0.0153	0.026	737	-0.0071628540341021	-0.0107	0.14807790062908	0.2	0.2	registry
AB1_SEQULEAE_OF_INFECTIONS_AND_PARASITES	Sequelae of infectious and parasitic diseases	I Certain infectious and parasitic diseases (AB1_)	sex_shared	-0.00507171414866224	0.00475466617115048			3212	-0.00982638031981272		0.642161116064824	0.54	0.54	registry
AB1_SEXUAL_TRANSMISSION	Infections with a predominantly sexual mode of transmission	I Certain infectious and parasitic diseases (AB1_)	sex_shared	-0.0107229368751651	0.0253396771474305	0.3186	0.2937	15254	-0.0360626140225956	0.0249	3.04966552442491	1.87	1.87	registry
AB1_SEXUAL_TRANSMISSION_NOS	Other predominantly sexually transmitted diseases, not elsewhere classified	I Certain infectious and parasitic diseases (AB1_)	sex_shared	-0.019673898258492	0.0177191338290473	0.3217	0.3024	8049	-0.0373930320875393	0.0193	1.63272012511638	0.97	0.97	registry
AB1_SEXUAL_TRANSMISSION_NOS_WIDE	Other predominantly sexually transmitted diseases, not elsewhere classified	I Certain infectious and parasitic diseases (AB1_)	sex_shared	-0.0202425753973694	0.0108321032711849	0.2339	0.1583	10068	-0.0310746786685543	0.0756	2.04192973311727		1.0090069192143	case-count proxy
AB1_SEXUAL_TRANSMISSION_WIDE	Infections with a predominantly sexual mode of transmission	I Certain infectious and parasitic diseases (AB1_)	sex_shared	0.0116711851992274	0.0224087132552952	0.2577	0.1921	20836	-0.0107375280560678	0.0656	4.16565037805936		1.96919993085127	case-count proxy
AB1_SHIGELLOSIS	Shigellosis	I Certain infectious and parasitic diseases (AB1_)	sex_shared	-0.00515718899148966	-0.00356447859977569	-0.2293	-0.2193	117	-0.00159271039171397	-0.01	0.0264752004308443	0.01	0.01	registry
AB1_SHIGELLOSIS_WIDE	Shigellosis	I Certain infectious and parasitic diseases (AB1_)	sex_shared	0.0178713817817566	0.0056498149824928	-0.1223	0.0289	258	0.0122215667992638	-0.1512	0.058376323649199		0.0359789104429058	case-count proxy
AB1_SPIROCHE_OTHER_WIDE	Spirochaetal infections, other/unspecified	I Certain infectious and parasitic diseases (AB1_)	sex_shared	-0.00302523735195221	-0.00342283331990066	-0.1059	-0.0178	13751	0.00039759596794845	-0.0881	2.7498810138024		1.33392696383685	case-count proxy
AB1_STREPTO_SEPSIS	Streptococcal septicaemia	I Certain infectious and parasitic diseases (AB1_)	sex_shared	0.0104141545398156	-0.00329397786170812	-0.0015	0.1467	3657	0.0137081324015237	-0.1482	0.836050057839941	0.43	0.43	registry
AB1_STREPTSTAPHYCOCC_INOTHER	Streptococcus and staphylococcus as the cause of diseases classified to other chapters	I Certain infectious and parasitic diseases (AB1_)	sex_shared	-0.0100777211366891	0.0236336565892353			201	-0.0337113777259244		0.0404592629570286	0.04	0.04	registry
AB1_STREPTSTAPHYCOCC_INOTHER_WIDE	Streptococcus and staphylococcus as the cause of diseases classified to other chapters	I Certain infectious and parasitic diseases (AB1_)	sex_shared	-0.0114358481019681	0.0265453892513942	-0.0877	-0.0311	264	-0.0379812373533623	-0.0566	0.0531402035833406		0.032943619889581	case-count proxy
AB1_SYPHILIS	Syphilis	I Certain infectious and parasitic diseases (AB1_)	sex_shared	-0.00435978849042695	-0.0065935860660885			910	0.00223379757566155		0.187303691323517	0.09	0.09	registry
AB1_SYPHILIS_NOS	Other and unspecified syphilis	I Certain infectious and parasitic diseases (AB1_)	sex_shared	-0.000577294803249515	-0.00486240433273237			94	0.00428510952948286		0.0193804043494576	0.01	0.01	registry
AB1_SYPHILIS_NOS_WIDE	Other and unspecified syphilis	I Certain infectious and parasitic diseases (AB1_)	sex_shared	-0.00436437264454261	-0.00041056858975917	0.0204	-0.0444	124	-0.00395380405478344	0.0648	0.0255643221022119		0.0165857504812101	case-count proxy
AB1_SYPHILIS_WIDE	Syphilis	I Certain infectious and parasitic diseases (AB1_)	sex_shared	-0.00423434887900422	-0.0064889555405333			910	0.00225460666152908		0.187303691323517		0.107371005458088	case-count proxy
AB1_TICK_BORNE_ENCEPHALITIS	Tick-borne viral encephalitis	I Certain infectious and parasitic diseases (AB1_)	sex_shared	-0.00924526625675447	0.0117197588871292			147	-0.0209650251438837		0.029554095051599	0.02	0.02	registry
AB1_TICK_BORNE_ENCEPHALITIS_WIDE	Tick-borne viral encephalitis	I Certain infectious and parasitic diseases (AB1_)	sex_shared	-0.000974018236468678	0.0146258276486572	0.0198	0.2391	168	-0.0155998458851259	-0.2193	0.0337759728183838		0.0215372070141417	case-count proxy
AB1_TOXOPLASMOSIS	Toxoplasmosis	I Certain infectious and parasitic diseases (AB1_)	sex_shared	0.0170169739919237	-0.031256783682625	-0.0788	-0.1999	201	0.0482737576745487	0.1211	0.0402530535245454	0.02	0.02	registry
AB1_TRICHOMONIASIS	Trichomoniasis	I Certain infectious and parasitic diseases (AB1_)	sex_shared	0.0132251646444622	-0.0129970964474362	0.0206	-0.0688	275	0.0262222610918984	0.0894	0.0566768410183695	0.07	0.07	registry
AB1_TRICHOMONIASIS_WIDE	Trichomoniasis	I Certain infectious and parasitic diseases (AB1_)	sex_shared	0.0110886321102871	-0.00886242557700342	0.1048	-0.1781	320	0.0199510576872905	0.2829	0.0659508254157993		0.0403402158240076	case-count proxy
AB1_TUBERCULOSIS	Tuberculosis, wide	I Certain infectious and parasitic diseases (AB1_)	sex_shared	-0.00669966348582892	0.0067951572252196	0.0585	0.0596	3084	-0.0134948207110485	-0.0011	0.616570635723511	0.7	0.7	registry
AB1_TUBERCU_MILIARY	Miliary tuberculosis	I Certain infectious and parasitic diseases (AB1_)	sex_shared	0.0041539504193174	0.0079985790071877	-0.1494	0.1506	61	-0.0038446285878703	-0.3	0.0122696178114622		0.00833196947608826	case-count proxy
AB1_TUBERCU_OTH_ORG	Tuberculosis of other organs, strict	I Certain infectious and parasitic diseases (AB1_)	sex_shared	0.0138810331420942	-0.0203359006063173			893	0.0342169337484115		0.179319069468569	0.21	0.21	registry
AB1_TULARAEMIA	Tularaemia	I Certain infectious and parasitic diseases (AB1_)	sex_shared	-0.0091700518014529	-0.0120495053765401			478	0.0028794535750872		0.0956032505105174	0.06	0.06	registry
AB1_TULARAEMIA_WIDE	Tularaemia	I Certain infectious and parasitic diseases (AB1_)	sex_shared	0.00124148810199221	-0.0110227978230512	-0.1278	-0.1662	712	0.0122642859250434	0.0384	0.14240484176462		0.0830354300757525	case-count proxy
AB1_TYPHOIDPARATHYPHOID	Typhoid and paratyphoid fevers	I Certain infectious and parasitic diseases (AB1_)	sex_shared	0.0111756312635689	0.0166310488074721			175	-0.0054554175439032		0.0395944622053889	0.02	0.02	registry
AB1_TYPHOIDPARATHYPHOID_WIDE	Typhoid and paratyphoid fevers	I Certain infectious and parasitic diseases (AB1_)	sex_shared	4.78378173588456e-05	0.0117804905242582	0.2394	0.0919	233	-0.0117326527068994	0.1475	0.0527157669917849		0.0326967891445823	case-count proxy
AB1_VARICELLA	Varicella [chickenpox]	I Certain infectious and parasitic diseases (AB1_)	sex_shared	-0.0163276697432827	-0.021001384169143	-0.1689	-0.1089	1869	0.0046737144258603	-0.06	0.388761890102484	0.38	0.38	registry
AB1_VARICELLA_WIDE	Varicella [chickenpox]	I Certain infectious and parasitic diseases (AB1_)	sex_shared	-0.016761668359967	-0.0234561323524826	-0.1693	-0.0758	2155	0.0066944639925156	-0.0935	0.448229959648904		0.243381164244662	case-count proxy
AB1_VIRAAL_CONJUNCT	Viral conjunctivitis	I Certain infectious and parasitic diseases (AB1_)	sex_shared	0.0189086517411503	-0.0130337712238386			797	0.0319424229649889		0.163911837231638	0.1	0.1	registry
AB1_VIRAAL_CONJUNCT_WIDE	Viral conjunctivitis	I Certain infectious and parasitic diseases (AB1_)	sex_shared	0.018729170609701	-0.0114682389629157	0.1688	0.0545	1458	0.0301974095726167	0.1143	0.299835892289405		0.166925756098286	case-count proxy
AB1_VIRAL_CNS	Viral infections of the central nervous system	I Certain infectious and parasitic diseases (AB1_)	sex_shared	-0.00809920454264645	0.0130662346606097	0.3241	0.1386	2940	-0.0211654392032562	0.1855	0.587781345339534	0.37	0.37	registry
AB1_VIRAL_CNS_WIDE	Viral infections of the central nervous system	I Certain infectious and parasitic diseases (AB1_)	sex_shared	-0.0142816437122341	0.0199674260507968	0.3907	0.1853	3174	-0.0342490697630309	0.2054	0.634563942213497		0.337192092614317	case-count proxy
AB1_VIRAL_ENCEPHALITIS_NOS	Viral encephalitis, not elsewhere classified/unspecified	I Certain infectious and parasitic diseases (AB1_)	sex_shared	-0.00417956888180005	-0.00674351537771658			740	0.00256394649591653		0.148598554979457	0.09	0.09	registry
AB1_VIRAL_HEMOR_FEVER_NOS	Viral haemorrhagic fevers, not elsewhere classified/unspecified	I Certain infectious and parasitic diseases (AB1_)	sex_shared	0.0159046618014214	0.000911007801182175	0.0549	0.3009	3127	0.0149936540002392	-0.246	0.626086190464749	0.4	0.4	registry
AB1_VIRAL_HEMOR_FEVER_NOS_WIDE	Viral haemorrhagic fevers, not elsewhere classified/unspecified	I Certain infectious and parasitic diseases (AB1_)	sex_shared	0.0267900123976549	0.00550397891097258	0.1353	0.2567	6760	0.0212860334866823	-0.1214	1.35348070789444		0.686129234667991	case-count proxy
AB1_VIRAL_HEPATITIS	Viral hepatitis	I Certain infectious and parasitic diseases (AB1_)	sex_shared	0.0208440608077896	0.03059258095088	0.2674	0.3225	2861	-0.0097485201430904	-0.0551	0.57198722075388	0.46	0.46	registry
AB1_VIRAL_INOTHER	Viral agents as the cause of diseases classified to other chapters	I Certain infectious and parasitic diseases (AB1_)	sex_shared	0.0272275977389216	-0.00938769949799276			800	0.0366152972369144		0.160837965801828	0.09	0.09	registry
AB1_VIRAL_INOTHER_WIDE	Viral agents as the cause of diseases classified to other chapters	I Certain infectious and parasitic diseases (AB1_)	sex_shared	0.0181456556074028	-0.0107003161132967			928	0.0288459717206995		0.18657204033012		0.10697761150652	case-count proxy
AB1_VIRAL_MENINGITIS	Viral meningitis	I Certain infectious and parasitic diseases (AB1_)	sex_shared	-0.0104441366395146	0.0332292447755797	0.2077	0.3034	1407	-0.0436733814150943	-0.0957	0.282160139415586	0.17	0.17	registry
AB1_VIRAL_NOS	Other viral diseases, not elsewhere classified	I Certain infectious and parasitic diseases (AB1_)	sex_shared	-0.00539224627820297	0.0137013031167225	0.3979	0.663	8640	-0.0190935493949255	-0.2651	1.74870466321244	1.55	1.55	registry
AB1_VIRAL_NOS_WIDE	Other viral diseases, not elsewhere classified	I Certain infectious and parasitic diseases (AB1_)	sex_shared	0.0171593866049159	0.0131053818979221	0.3769	0.3356	13091	0.0040540047069938	0.0413	2.64892219967179		1.28794426742236	case-count proxy
AB1_VIRAL_OTHER_INTEST_INFECTIONS	Viral and other specified intestinal infections	I Certain infectious and parasitic diseases (AB1_)	sex_shared	0.00202169074375792	0.00042542859070324	0.1281	0.1028	11451	0.00159626215305468	0.0253	2.52638128037736	2.62	2.62	registry
AB1_VIRAL_OTHER_INTEST_INFECTIONS_WIDE	Viral and other specified intestinal infections	I Certain infectious and parasitic diseases (AB1_)	sex_shared	-0.00061465882695111	0.0138190581486627	0.1768	0.1575	15263	-0.0144337169756138	0.0193	3.36228678678348		1.61073953492706	case-count proxy
AB1_VIRAL_SKIN_MUCOUS_MEMBRANE	Viral infections characterized by skin and mucous membrane lesions	I Certain infectious and parasitic diseases (AB1_)	sex_shared	0.0050262483438296	0.00275760363940347	-0.1686	0.1348	21298	0.00226864470442613	-0.3034	4.25801601804129	2.68	2.68	registry
AB1_VIRAL_SKIN_MUCOUS_MEMBRANE_WIDE	Viral infections characterized by skin and mucous membrane lesions	I Certain infectious and parasitic diseases (AB1_)	sex_shared	0.0223334959262199	-0.0123563160167976	0.0939	0.0355	49717	0.0346898119430175	0.0584	9.93970243069578		4.45147913445781	case-count proxy
AB1_VIRAL_SKIN_NOS	Other viral infections characterized by skin and mucous membrane lesions, not elsewhere classified	I Certain infectious and parasitic diseases (AB1_)	sex_shared	-0.000111913516837183	0.0228458840373941	0.0054	0.1975	1474	-0.0229577975542313	-0.1921	0.306851915846799	0.4	0.4	registry
AB1_VIRAL_SKIN_NOS_WIDE	Other viral infections characterized by skin and mucous membrane lesions, not elsewhere classified	I Certain infectious and parasitic diseases (AB1_)	sex_shared	0.000413896121414076	-0.00544722921580004	0.2882	0.328	2999	0.00586112533721412	-0.0398	0.624215567715629		0.332032377795879	case-count proxy
AB1_VIRAL_WARTS	Viral warts	I Certain infectious and parasitic diseases (AB1_)	sex_shared	0.00214180735326298	0.00108986369100513	-0.2856	0.0812	4193	0.00105194366225785	-0.3668	0.867970381778625	0.46	0.46	registry
AB1_VIRAL_WARTS_WIDE	Viral warts	I Certain infectious and parasitic diseases (AB1_)	sex_shared	0.00723514724382883	-0.000826246911968993	-0.09	0.0817	9941	0.00806139415579782	-0.1717	2.05680684926405		1.01589985517897	case-count proxy
AB1_VIRAN_CNS_INFECTIONS_NOS	Viral infections of central nervous system, not elsewhere classified/unspecified	I Certain infectious and parasitic diseases (AB1_)	sex_shared	-0.00330178739831121	-0.0121260263913816			417	0.00882423899307039		0.0837916421353406	0.05	0.05	registry
AB1_VIRAN_CNS_INFECTIONS_NOS_WIDE	Viral infections of central nervous system, not elsewhere classified/unspecified	I Certain infectious and parasitic diseases (AB1_)	sex_shared	0.00425108616739865	-0.00840731126290532	0.1296	-0.0345	542	0.012658397430304	0.1641	0.10890838433809		0.0645712202331521	case-count proxy
AB1_WHOOPCOUGH	Whooping cough	I Certain infectious and parasitic diseases (AB1_)	sex_shared	0.0244697578759678	0.00992839609089488			231	0.0145413617850729		0.0532272781735901	0.05	0.05	registry
AB1_WHOOPCOUGH_WIDE	Whooping cough	I Certain infectious and parasitic diseases (AB1_)	sex_shared	0.00373278909424712	0.0127119948874116	-0.2852	0.5992	513	-0.00897920579316448	-0.8844	0.118198679769132		0.069723719709055	case-count proxy
AB1_YAWNS_WIDE	Yaws	I Certain infectious and parasitic diseases (AB1_)	sex_shared	0.0130730388784855	-4.64325839362816e-05	-0.164	-0.2228	134	0.0131194714624218	0.0588	0.0275473598733644		0.0177895150143357	case-count proxy
AB1_ZOONOTIC_BACTERIAL	Certain zoonotic bacterial diseases	I Certain infectious and parasitic diseases (AB1_)	sex_shared	0.000885945482535067	-0.00615003710891345			681	0.00703598259144852		0.136149352440892	0.09	0.09	registry
AB1_ZOONOTIC_BACTERIAL_WIDE	Certain zoonotic bacterial diseases	I Certain infectious and parasitic diseases (AB1_)	sex_shared	0.0198860305587016	-0.00351835978281761	0.0198	-0.0223	1132	0.0234043903415192	0.0421	0.226315810518487		0.128217777370409	case-count proxy
AB1_ZOSTER	Zoster [herpes zoster]	I Certain infectious and parasitic diseases (AB1_)	sex_shared	0.0229794247277777	0.0112283876688225	-0.104	0.0497	7974	0.0117510370589552	-0.1537	1.63783577276518	0.86	0.86	registry
AB1_ZOSTER_WIDE	Zoster [herpes zoster]	I Certain infectious and parasitic diseases (AB1_)	sex_shared	0.024633587262332	-0.0160134921797207	-0.03	-0.0759	24551	0.0406470794420527	0.0459	5.03629885062187		2.35285403444309	case-count proxy
ABDOM_HERNIA	Hernia of abdominal wall	XI Diseases of the digestive system (K11_)	sex_shared	0.0328012718656696	0.0273708232165827	0.1782	0.13	22644	0.0054304486490869	0.0482	4.52711591288041	2.33	2.33	registry
ABDOM_HERNIA_POSTOP	Hernia of abdominal wall, postoperative	XI Diseases of the digestive system (K11_)	sex_shared	0.022827872487191	0.0115114164510536	0.2505	0.1297	9072	0.0113164560361374	0.1208	3.29441670449387	0.61	0.61	registry
ABPA	Allergic bronchopulmonary aspergillosis (ABPA)	COPD and related endpoints	sex_shared	-0.00830281633823192	-0.00430607480628445	-0.0171	-0.1551	143	-0.00399674153194747	0.138	0.0855099502487562	0.01	0.01	registry
ACUTE_DRUGADVERS_INTERSTITIAL_LUNG_DISORD	Acute drug-induced interstitial lung disorder	X Diseases of the respiratory system (J10_)	sex_shared	0.0170084172846736	0.0113555282630655	0.0367	0.3331	271	0.0056528890216081	-0.2964	0.0541798450976237	0.03	0.03	registry
AD_AM_EXMORE	Alzheimer’s disease (Atypical or mixed) (more control exclusions)	Neurological endpoints	sex_shared	0.00686622008314175	0.0328935871469028	0.2556	0.2231	4292	-0.0260273670637611	0.0325	2.18894714294457	0.73	0.73	registry
AD_EO_EXMORE	Alzheimer’s disease (Early onset) (more control exclusions)	Neurological endpoints	sex_shared	0.00731070697514478	0.0185831605449429			1965	-0.0112724535697981		1.01419878296146	0.5	0.5	registry
AD_LO_EXMORE	Alzheimer’s disease (Late onset) (more control exclusions)	Neurological endpoints	sex_shared	0.00868778700146248	0.0263487209663665	0.2128	0.1615	11359	-0.017660933964904	0.0513	5.5916275726951	2.38	2.38	registry
AD_U_EXMORE	Alzheimer’s disease (undefined) (more control exclusions)	Neurological endpoints	sex_shared	0.0071267843739837	0.00659865330736381	0.4586	0.2739	500	0.00052813106661989	0.1847	0.260032035946829	0.19	0.19	registry
ALCODELIRIUM	Alcohol withdrawal state with delirium 	V Mental and behavioural disorders (F5_)	sex_shared	0.0218985669585633	0.0407018205921803	0.312	0.2238	2693	-0.018803253633617	0.0882	0.538399715305906	0.77	0.77	registry
ALCOHOLACUTE10	Acute alcohol intoxication, ICD10	Alcohol related diseases	sex_shared	0.0314679147088656	0.0377141222472665	0.2173	0.2312	9378	-0.0062462075384009	-0.0139	1.88241811842494	1.98	1.98	registry
ALCOPANCACU	Alcohol-induced acute pancreatitis	Alcohol related diseases	sex_shared	0.017403206327289	0.020532812448034	0.2053	0.2385	1349	-0.003129606120745	-0.0332	0.269699671722119	0.28	0.28	registry
ALCOPANCCHRON	Alcohol-induced chronic pancreatitis	Alcohol related diseases	sex_shared	0.0101610039177338	0.0340144447648716	0.1285	0.2004	2482	-0.0238534408471378	-0.0719	0.496215407868273	0.52	0.52	registry
ALCO_PRESCRIPTION	Use of disulfiram, acamprosate or naltrexone	Alcohol related diseases	sex_shared	-0.00154410457559821	0.00611837330130129	0.2062	0.2148	3633	-0.0076624778768995	-0.0086	0.726329805312424	0.45	0.45	registry
ALLERGIC_CONTACT_DERMA_DRUGS_CONTACT_W_SKIN	Allergic contact dermatitis due to drugs in contact with skin	XII Diseases of the skin and subcutaneous tissue (L12_)	sex_shared	0.021338554873391	-0.00480915415348953	0.1274	0.1805	818	0.0261477090268805	-0.0531	0.163539163431204	0.09	0.09	registry
ALLERG_ASTHMA	Allergic asthma (mode)	Asthma and related endpoints	sex_shared	0.0368514842981689	0.0139806445913663	0.1667	0.0998	13422	0.0228708397068026	0.0669	4.87902404978626	1.88	1.88	registry
ALLERG_RHINITIS	Allergic rhinitis	Comorbidities of Asthma	sex_shared	0.0163142969858242	-0.00987109324481471	0.0871	0.0351	15958	0.0261853902306389	0.052	3.2596084711419	2.36	2.36	registry
AMN2	Transient global amnesia	Neurological endpoints	sex_shared	-0.031827072736145	-0.0167570003984969	-0.1305	-0.0423	3555	-0.0150700723376481	-0.0882	0.755529391262212	0.33	0.33	registry
ANAPH_SHOCK_ADVER_EFFECT_CORRE_DRUG_MEDICAM_PROPE_ADMINISTE	Anaphylactic shock due to adverse effect of correct drug or medication properly administered	XIX Injury, poisoning and certain other consequences of external causes (ST19_)	sex_shared	0.0179901389321379	-0.00595774082406092	0.2146	0.1453	431	0.0239478797561988	0.0693	0.086167945524265	0.04	0.04	registry
ANOSMIA	Anosmia	Comorbidities of Neurological endpoints	sex_shared	-0.0108846221084173	0.00156063454564816	0.1704	0.3118	1029	-0.0124452566540655	-0.1414	0.989975178464913	0.09	0.09	registry
ANTIDEPRESSANTS	Depression medications	Comorbidities of Neurological endpoints	sex_shared	0.0142759881216287	0.0176402562488128	0.073	0.1628	157103	-0.0033642681271841	-0.0898	60.420512583841	19.33	19.33	registry
APPENDACUT_COMPLIC	Acute appendicitis, with complications	XI Diseases of the digestive system (K11_)	sex_shared	0.00896758371129261	-0.0194895795852479	-0.1978	-0.0126	9074	0.0284571632965405	-0.1852	1.94513576721822	1.19	1.19	registry
APPENDACUT_NOCOMPLIC	Acute appendicitis, no complications	XI Diseases of the digestive system (K11_)	sex_shared	0.00900464678656767	0.0257627696016127	0.1441	0.1402	30628	-0.016758122815045	0.00390000000000001	6.2755736593102	3.58	3.58	registry
ARTHRO_SPEC	Other specific arthropathies, wide	Rheuma endpoints	sex_shared	-0.00608821098586918	-0.00635065467427238	0.8605	0.1068	839	0.0002624436884032	0.7537	0.227216717084043	0.08	0.08	registry
ARTRHO_POSTDYSENTERIC	Postdysenteric arthropathy	Rheuma endpoints	sex_shared	-0.00170997500388086	-0.0280100993238913	-0.1824	-0.3266	348	0.0263001243200104	0.1442	0.0699465150354858	0.03	0.03	registry
ASTHMA_ACUTE_RESPIRATORY_INFECTIONS	Asthma-related acute respiratory infections	Asthma and related endpoints	sex_shared	0.0303616127074033	0.0234708812513038	0.2744	0.2325	23993	0.0068907314560995	0.0419	5.18226371162656	3.15	3.15	registry
ASTHMA_ALLERG	Asthma and allergy	Asthma and related endpoints	sex_shared	0.0342280183962575	0.00939846743181472	0.2007	0.1065	7018	0.0248295509644428	0.0942	2.64022181173842		1.28397654665226	case-count proxy
ASTHMA_CHILD_EXMORE	Childhood asthma (age<16) (more control exclusions)	Asthma and related endpoints	sex_shared	0.01029341387386	0.0152428377064868	0.1099	0.081	8428	-0.0049494238326268	0.0289	3.25580137602806	2.57	2.57	registry
ASTHMA_EOSINOPHIL_SUGG	Suggestive for eosinophilic asthma	Comorbidities of Asthma	sex_shared	0.000730923666178448	-0.00505392600911294	0.011	0.0102	3752	0.00578484967529139	0.000799999999999999	0.84744614244865	0.3	0.3	registry
ASTHMA_INFECTIONS	Asthma-related infections	Asthma and related endpoints	sex_shared	0.0339512820440114	0.0276394792618255	0.2654	0.2221	32970	0.0063118027821859	0.0433	6.98576150521231	4.16	4.16	registry
ASTHMA_MIXED_EXMORE	Asthma mixed form (mode) (more control exclusions)	Asthma and related endpoints	sex_shared	0.0129333245266008	0.0078496371165357	0.1939	0.2672	2410	0.0050836874100651	-0.0733	0.953160657008499	0.36	0.36	registry
ASTHMA_NAS	Asthma, unspecified (mode)	Asthma and related endpoints	sex_shared	0.0288370577117634	0.0178317693055891	0.2333	0.1909	32822	0.0110052884061743	0.0424	11.1451428881886	3.54	3.54	registry
ASTHMA_OBESITY	Obesity related asthma	Comorbidities of Asthma	sex_shared	0.0278779924580741	0.0161844668238144	0.2147	0.2173	16653	0.0116935256342597	-0.00259999999999999	3.65483503532371	1.1	1.1	registry
ASTHMA_OPPORTUNIST_INFECTIONS	Asthma and opportunity respiratory infection	Asthma and related endpoints	sex_shared	0.0153522059851677	0.0129649438589226	0.1779	0.0627	1699	0.0023872621262451	0.1152	0.385532654547765	0.13	0.13	registry
ASTHMA_PNEUMONIA	Asthma-related pneumonia	Asthma and related endpoints	sex_shared	0.02853943854671	0.0204590536563097	0.3128	0.2305	18376	0.0080803848904003	0.0823	4.01778881683378	2.09	2.09	registry
AUD	Alcohol use disorder, ICD-based	V Mental and behavioural disorders (F5_)	sex_shared	0.0394959293634801	0.0387860807732153	0.2477	0.2634	21274	0.000709848590264801	-0.0157	4.25321780297729	4.47	4.47	registry
AUD_SWEDISH	Alcohol use disorder, Swedish definition	Alcohol related diseases	sex_shared	0.0427520496395617	0.0491039341631057	0.2358	0.2573	29711	-0.006351884523544	-0.0215	5.93999032359962	6.38	6.38	registry
AUTOHEP	Autoimmune hepatitis	XI Diseases of the digestive system (K11_)	sex_shared	-0.0136762315916497	-0.00398807036612478	-0.1204	0.1272	311	-0.00968816122552492	-0.2476	0.0842660857454839		0.0507639367509698	case-count proxy
AUTOIMMUNE	Autoimmune diseases	Diseases marked as autimmune origin	sex_shared	-0.0121651603916896	0.000951973079762536	3e-04	0.0932	131428	-0.0131171334714521	-0.0929	26.2758253929538		11.0776026817037	case-count proxy
AUTOIMMUNE_HYPERTHYROIDISM	Autoimmune hyperthyroidism	IV Endocrine, nutritional and metabolic diseases (E4_)	sex_shared	0.0140142958118407	-0.0160042172010444	-0.067	0.0313	2609	0.0300185130128851	-0.0983	0.705777965335995	0.29	0.29	registry
AUTOIMMUNE_NONTHYROID	Autoimmune diseases excluding thyroid diseases	Diseases marked as autimmune origin	sex_shared	-0.00971454730107722	0.00395037201666791	9e-04	0.0615	72412	-0.0136649193177451	-0.0606	16.4603403361536		7.14419605692152	case-count proxy
BACT_INTEST_INFECTION_NOS	Other specified/unspecified bacterial intestinal infections	I Certain infectious and parasitic diseases (AB1_)	sex_shared	0.036221306242597	0.018376364707683	0.6643	0.3501	2536	0.017844941534914	0.3142	0.512853699179758	0.28	0.28	registry
BLEEDING	Bleeding	Miscellaneous, not yet classified endpoints	sex_shared	0.0165910805025462	0.00646240480833404	0.2281	0.1435	52740	0.0101286756942122	0.0846	10.5440776031316	6.85	6.85	registry
BMI_IRN	Body mass index, inverse-rank normalized	Quantitative endpoints	sex_shared	0.0476832794051925	0.023775927788801	0.1816	0.0745	362216	0.0239073516163915	0.1071	100		38.7981394854328	case-count proxy
BRONCHITIS	Bronchitis	Asthma and related endpoints	sex_shared	0.0204052549370594	0.0272915238773287	0.2501	0.2769	80404	-0.0068862689402693	-0.0268	16.0748201668979	15.21	15.21	registry
C3_ACCESSORY_SINUS_WIDE	Malignant neoplasm of accessory sinuses, including Hilmo	II Neoplasms, from cancer register (ICD-O-3)	sex_shared	0.00326232145961968	0.00202646306816529	0.0141	0.0114	162	0.00123585839145439	0.0027	0.0435108414513283		0.0273113014586514	case-count proxy
C3_ADRENAL_GLAND_WIDE	Malignant neoplasm of adrenal gland, including Hilmo	II Neoplasms, from cancer register (ICD-O-3)	sex_shared	-0.00440776965191758	-0.0191777732597731			252	0.0147700036078555		0.067667174170473		0.0413240129536563	case-count proxy
C3_ALL_WIDE	Acute lymphocytic leukaemia, including Hilmo	II Neoplasms, from cancer register (ICD-O-3)	sex_shared	-0.00495348902865396	0.00951079874092861	-0.0808	0.0804	222	-0.0144642877695826	-0.1612	0.0596165207583651		0.0366952971369185	case-count proxy
C3_AML_MDS	Acute myeloid leukaemia and myelodysplastic syndromes	II Neoplasms, from cancer register (ICD-O-3)	sex_shared	0.00488446377283623	-0.0083953165673634			733	0.0132797803401996		0.196664484486848		0.112395821377451	case-count proxy
C3_AML_WIDE	Acute myeloid leukaemia, including Hilmo	II Neoplasms, from cancer register (ICD-O-3)	sex_shared	0.00162548536732359	0.00775011479097002			353	-0.00612462942364643		0.094762556709887		0.0566722224248399	case-count proxy
C3_ANUS_ANALCANAL_WIDE	Malignant neoplasm of anus and anal canal, including Hilmo	II Neoplasms, from cancer register (ICD-O-3)	sex_shared	0.0277585361763269	0.000617496354602074	0.1157	-0.1047	443	0.0271410398217248	0.2204	0.118893618391742		0.0701081038039524	case-count proxy
C3_ASTROCYTOMA_WIDE	Brain astrocytoma, including Hilmo	II Neoplasms, from cancer register (ICD-O-3)	sex_shared	0.00645845741842424	0.00149832740702166	0.0746	-0.3169	151	0.00496013001140258	0.3915	0.0405575998495877		0.0255690451928138	case-count proxy
C3_BASAL_CELL_CARCINOMA_WIDE	Basal cell carcinoma, including Hilmo	II Neoplasms, from cancer register (ICD-O-3)	sex_shared	0.00280050418334922	-0.0199305900960381	-0.0093	-0.0698	26694	0.0227310942793873	0.0605	6.70380118133966		3.07669287089474	case-count proxy
C3_BASEOFTONGUE_WIDE	Malignant neoplasm of base of tongue, including Hilmo	II Neoplasms, from cancer register (ICD-O-3)	sex_shared	0.00455588430503987	0.0121806539391098	-0.0344	-0.1118	298	-0.00762476963406993	0.0774	0.080009235965494		0.0483550585848646	case-count proxy
C3_BILIARY_GALLBLADDER_WIDE	Malignant neoplasm of intrahepatic ducts, biliary tract and gallbladder, including Hilmo	II Neoplasms, from cancer register (ICD-O-3)	sex_shared	-0.00446079064313689	-0.000874379437870652	0.1549	-0.0139	2574	-0.00358641120526624	0.1688	0.68688906501429		0.363203230692616	case-count proxy
C3_BLADDER_WIDE	Malignant neoplasm of bladder, including Hilmo	II Neoplasms, from cancer register (ICD-O-3)	sex_shared	0.00795093905734048	0.00874105599249214	0.1302	0.0391	5158	-0.00079011693515166	0.0911	1.36702030388241		0.692564333635812	case-count proxy
C3_BONE_CARTILAGE	Malignant neoplasm of bone and articular cartilage	II Neoplasms, from cancer register (ICD-O-3)	sex_shared	-0.0132976329732765	-0.00194952793607935			338	-0.0113481050371972		0.0907389858173354		0.0544124907662997	case-count proxy
C3_BRAIN_WIDE	Malignant neoplasm of brain, including Hilmo	II Neoplasms, from cancer register (ICD-O-3)	sex_shared	0.00289882855070026	-0.0149438128553755	0.0221	-0.1653	1987	0.0178426414060758	0.1874	0.531076103980799		0.285341296331637	case-count proxy
C3_BREAST_ERNEG_WIDE	Malignant neoplasm of breast, ER-negative, including Hilmo	II Neoplasms, from cancer register (ICD-O-3)	gynaecological	-0.0090078534933669	-0.0168863704319071	-0.0652	-0.1799	9599	0.0078785169385402	0.1147	4.21269293729894		1.99004850347633	case-count proxy
C3_BREAST_ERPLUS_WIDE	Malignant neoplasm of breast, ER-positive, including Hilmo	II Neoplasms, from cancer register (ICD-O-3)	gynaecological	-0.0278968887443002	-0.0100508980176812	-0.1122	-0.1301	15670	-0.017845990726619	0.0179	6.69858504680888		3.07444768376824	case-count proxy
C3_BREAST_WIDE	Malignant neoplasm of breast, including Hilmo	II Neoplasms, from cancer register (ICD-O-3)	gynaecological	-0.0134951412172472	-0.010920481469575	-0.1019	-0.151	25272	-0.0025746597476722	0.0491	10.3580138123245		4.62694828432109	case-count proxy
C3_BRONCHUS_LUNG_WIDE	Malignant neoplasm of bronchus and lung, including Hilmo	II Neoplasms, from cancer register (ICD-O-3)	sex_shared	0.032818147201497	-0.00224861753429176	0.0666	0.1082	10304	0.0350667647357888	-0.0416	2.69411681652866		1.30854183080658	case-count proxy
C3_CANCER	Malignant neoplasm	II Neoplasms, from cancer register (ICD-O-3)	sex_shared	-0.0127659090609229	-0.0135991710982993	-0.0947	-0.1161	117264	0.0008332620373764	0.0214	23.9596422726353		10.1592288803803	case-count proxy
C3_CANCER_WIDE	Malignant neoplasm, wide definition for exclusion	II Neoplasms, from cancer register (ICD-O-3)	sex_shared	-0.0102382046761436	-0.0128482480313327	-0.0912	-0.127	128001	0.0026100433551891	0.0358	25.5906802669407		10.8064853300065	case-count proxy
C3_CERVIX_ADENO	Adenocarcinomas of cervix	II Neoplasms, from cancer register (ICD-O-3)	gynaecological	-0.0252129919893179	0.0025113116544321			145	-0.02772430364375		0.0662530042310539		0.040513536544068	case-count proxy
C3_CERVIX_SQUAM	Squamous cell neoplasms and carcinoma of cervix	II Neoplasms, from cancer register (ICD-O-3)	gynaecological	0.0115060429817373	-0.0146878616505107	0.4384	-0.3593	225	0.026193904632248	0.7977	0.102768820396642		0.0611512582691703	case-count proxy
C3_CERVIX_UTERI_WIDE	Malignant neoplasm of cervix uteri, including Hilmo	II Neoplasms, from cancer register (ICD-O-3)	gynaecological	-0.00179195181493597	-0.0048864103150787			917	0.00309445850014273		0.417520375176433		0.227708702590776	case-count proxy
C3_CHONDROSARCOMA_WIDE	Chondrosarcoma, including Hilmo	II Neoplasms, from cancer register (ICD-O-3)	sex_shared	-0.00242413944499395	-0.0206386795098475			164	0.0182145400648536		0.0440477757216181		0.0276272602225867	case-count proxy
C3_CIRCULATING_LYMPHOID	Rare circulating lymphoid malignancy	II Neoplasms, from cancer register (ICD-O-3)	sex_shared	0.0125747123438341	-0.0193706065387397	-0.0471	-0.1917	197	0.0319453188825738	0.1446	0.0529063584311788		0.0328076426582627	case-count proxy
C3_CIRCULATING_LYMPHOID_WIDE	Rare circulating lymphoid malignancy, including Hilmo	II Neoplasms, from cancer register (ICD-O-3)	sex_shared	0.0114213195818573	-0.00828265865825434	0.0244	-0.0774	1084	0.0197039782401116	0.1018	0.290427415919388		0.162008561875511	case-count proxy
C3_CLL_WIDE	Chronic lymphocytic leukaemia and small lyphocytis leukaemia, including Hilmo	II Neoplasms, from cancer register (ICD-O-3)	sex_shared	0.0116248455533905	-0.0127247459410735	-0.0689	0.0461	1018	0.024349591494464	-0.115	0.272797920518798		0.15276781334939	case-count proxy
C3_CML_WIDE	Chronic myeloid leukaemia, including Hilmo	II Neoplasms, from cancer register (ICD-O-3)	sex_shared	-0.00404101029718477	0.00502863494376028			323	-0.00906964524094505		0.0867155996799845		0.0521466243922634	case-count proxy
C3_COLON_ADENO	Colon adenocarcinoma	II Neoplasms, from cancer register (ICD-O-3)	sex_shared	-0.0189063932474019	-0.000454324716501948	-0.077	-0.0639	4895	-0.0184520685309	-0.0131	1.29822253576411		0.659824166751668	case-count proxy
C3_COLON_WIDE	Malignant neoplasm of colon, including Hilmo	II Neoplasms, from cancer register (ICD-O-3)	sex_shared	-0.0286464057869612	-0.00171671116951829	-0.1542	-0.1075	8259	-0.0269296946174429	-0.0467	2.17103291642351		1.0687221154773	case-count proxy
C3_COLORECTAL	Colorectal cancer	II Neoplasms, from cancer register (ICD-O-3)	sex_shared	-0.0295308924428991	-0.0105332286233867	-0.1584	-0.0577	10545	-0.0189976638195124	-0.1007	2.75539320205694		1.33643448951176	case-count proxy
C3_COLORECTAL_ADENO	Colorectal adenocarcinoma	II Neoplasms, from cancer register (ICD-O-3)	sex_shared	-0.0220375380995127	-0.00148209167011101	-0.1425	-0.0722	8624	-0.0205554464294017	-0.0703	2.26480698980784		1.11195724451262	case-count proxy
C3_COLORECTAL_NEUROENDO	Colorectal neuroendocrine tumor and carcinoma	II Neoplasms, from cancer register (ICD-O-3)	sex_shared	-0.0276218555911856	-0.0114403227583962	-0.1972	0.0612	497	-0.0161815328327894	-0.2584	0.133366965780774		0.0780830846393445	case-count proxy
C3_CORPUS_UTERI_WIDE	Malignant neoplasm of corpus uteri, including Hilmo	II Neoplasms, from cancer register (ICD-O-3)	gynaecological	-0.0142135959596366	-0.0220401078947697	-0.1534	-0.1247	3636	0.0078265119351331	-0.0287	1.63526708013079		0.819289141300189	case-count proxy
C3_DIGESTIVE_ORGANS	Malignant neoplasm of digestive organs	II Neoplasms, from cancer register (ICD-O-3)	sex_shared	-0.0304134330662567	-0.00990066822366379	-0.0791	-0.0471	18914	-0.0205127648425929	-0.032	4.83643718691907		2.26517693073733	case-count proxy
C3_DLBCL_WIDE	Diffuse large B-cell lymphoma, including Hilmo	II Neoplasms, from cancer register (ICD-O-3)	sex_shared	-0.00834409662447225	-0.0172714446336697	-0.0875	-0.0581	1685	0.00892734800919745	-0.0294	0.450722761365703		0.244650361518205	case-count proxy
C3_ENDOCRINE	Malignant neoplasm of endocrine gland	II Neoplasms, from cancer register (ICD-O-3)	sex_shared	0.0182395210753918	-0.0160150706424533	0.081	-0.1009	2816	0.0342545917178451	0.1819	0.75098339889326		0.394898287624981	case-count proxy
C3_EPENDYDOMA	Ependymoma	II Neoplasms, from cancer register (ICD-O-3)	sex_shared	-0.00775873728556584	0.00106824514066681	-0.0499	-0.1785	59	-0.00882698242623265	0.1286	0.0158509260702062		0.0105939513099601	case-count proxy
C3_EYE_ADNEXA_WIDE	Malignant neoplasm of eye and adnexa, including Hilmo	II Neoplasms, from cancer register (ICD-O-3)	sex_shared	-0.000850397640561108	-0.0135865074744342	0.0253	-0.07	585	0.0127361098338731	0.0953	0.156944176163801		0.0909619162041147	case-count proxy
C3_EYE_BRAIN_NEURO	Malignant neoplasm of eye, brain and central nervous system	II Neoplasms, from cancer register (ICD-O-3)	sex_shared	0.00699040192810144	-0.0150463173659637	-0.0452	-0.2134	1695	0.0220367192940651	0.1682	0.453385546229277		0.246005623034951	case-count proxy
C3_FEMALE_GENITAL	malignant neoplasm of female genital organs	II Neoplasms, from cancer register (ICD-O-3)	gynaecological	-0.0252206795645673	-0.032874524130546	-0.2374	-0.3086	6186	0.0076538445659787	0.0712	2.75056803276137		1.33423950968519	case-count proxy
C3_FIBROSARCOMA_WIDE	Fibrosarcoma, including Hilmo	II Neoplasms, from cancer register (ICD-O-3)	sex_shared	0.00423707959034419	0.0110243944521124			291	-0.00678731486176821		0.0781312927909787		0.0472898520549753	case-count proxy
C3_GALLBLADDER_WIDE	Malignant neoplasm of gallbladder, including Hilmo	II Neoplasms, from cancer register (ICD-O-3)	sex_shared	-0.00194992007623277	-0.0115066250634326			245	0.00955670498719983		0.065788767037948		0.0402472436688273	case-count proxy
C3_GASTRINT_STROM	Gastrointestinal stromal tumor and sarcoma	II Neoplasms, from cancer register (ICD-O-3)	sex_shared	-0.00807562032040234	-0.00253313054413693	-0.1914	-0.051	379	-0.00554248977626541	-0.1404	0.101748790558571		0.0605818529030955	case-count proxy
C3_GBM	Brain glioblastoma	II Neoplasms, from cancer register (ICD-O-3)	sex_shared	0.00434732207778795	-0.00675622668923806	-0.0685	0.0083	467	0.011103548767026	-0.0768	0.125326735117786		0.0736598674398558	case-count proxy
C3_GBM_ASTROCYTOMA	Brain glioblastoma and astrocytoma	II Neoplasms, from cancer register (ICD-O-3)	sex_shared	0.0154262096683547	-0.00667515721049997	-0.0455	-0.0694	618	0.0221013668788547	0.0239	0.16578276020248		0.0957579396780026	case-count proxy
C3_GUM_WIDE	Malignant neoplasm of gum, including Hilmo	II Neoplasms, from cancer register (ICD-O-3)	sex_shared	0.0131228517383981	0.00406206027906205	0.109	0.1683	336	0.00906079145933605	-0.0593	0.0902025530544034		0.0541107526542447	case-count proxy
C3_HEAD_AND_NECK	Malignant neoplasm of head and neck	II Neoplasms, from cancer register (ICD-O-3)	sex_shared	0.0361609704557052	0.00644585202293766	0.0753	0.0733	3248	0.0297151184327675	0.002	0.865194309109846		0.45096928329744	case-count proxy
C3_HEPATOCELLU_CARC_WIDE	Hepatocellular carcinoma, including Hilmo	II Neoplasms, from cancer register (ICD-O-3)	sex_shared	-3.54053316993505e-05	-0.00394049476154518	0.226	-0.0543	1070	0.00390508942984583	0.2803	0.286687261707959		0.160051093829675	case-count proxy
C3_HYPOPHARYNX_WIDE	Malignant neoplasm of hypopharynx, including Hilmo	II Neoplasms, from cancer register (ICD-O-3)	sex_shared	0.0131518121281216	0.0182246483813985	0.0852	0.0868	237	-0.0050728362532769	-0.0016	0.0636419295588567		0.0390142547008661	case-count proxy
C3_KAPOSI_SARCOMA_WIDE	Kaposi sarcoma, including Hilmo	II Neoplasms, from cancer register (ICD-O-3)	sex_shared	-0.00648437670209967	-0.00896717669295085	-0.014	0.0367	54	0.00248279999085118	-0.0507	0.0145078221341006		0.00974979835665692	case-count proxy
C3_KIDNEY_CHROMOPHOBE	Chromophobe cell carcinoma of kidney	II Neoplasms, from cancer register (ICD-O-3)	sex_shared	-0.0151992845917042	-0.00191297168654895	-0.0973	-0.2051	173	-0.0132863129051553	0.1078	0.0464639085547307		0.0290461148468786	case-count proxy
C3_KIDNEY_CLEAR_CELL_CARCINOMA	Clear cell adenocarcinoma of kidney	II Neoplasms, from cancer register (ICD-O-3)	sex_shared	-0.00955257610436968	-0.0101522077022302	0.0369	0.0391	1641	0.00059963159786052	-0.0022	0.43900481540931		0.238680391799371	case-count proxy
C3_KIDNEY_NOTRENALPELVIS_WIDE	Malignant neoplasm of kidney, except renal pelvis, including Hilmo	II Neoplasms, from cancer register (ICD-O-3)	sex_shared	-0.000876740010508415	-0.0157177023671238	0.0404	-0.0719	4142	0.0148409623566154	0.1123	1.10071458752435		0.565208713935211	case-count proxy
C3_KIDNEY_PAPILLARYADENO	Adenocarcinoma and Papillary adenocarcinoma of kidney	II Neoplasms, from cancer register (ICD-O-3)	sex_shared	0.0130256037294507	-0.00564834575169432	0.0543	-0.1823	367	0.018673949481145	0.2366	0.0985166136054933		0.0587752109047141	case-count proxy
C3_LARYNX_WIDE	Malignant neoplasm of larynx, including Hilmo	II Neoplasms, from cancer register (ICD-O-3)	sex_shared	0.029561358778052	0.0186309764740584	0.2003	0.3162	753	0.0109303823039936	-0.1159	0.201924314583601		0.115212701844769	case-count proxy
C3_LEIOMYOSARCOMA_WIDE	Leiomyosarcoma, including Hilmo	II Neoplasms, from cancer register (ICD-O-3)	sex_shared	-0.0139452901613041	-0.0142501407544342	-0.0097	0.4565	326	0.000304850593130101	-0.4662	0.0875203028309865		0.0526003257160153	case-count proxy
C3_LIPOSARCOMA_WIDE	Liposarcoma, including Hilmo	II Neoplasms, from cancer register (ICD-O-3)	sex_shared	-0.00490070777346549	-0.0101043586762333	-0.0251	0.0261	347	0.00520365090276781	-0.0512	0.093152861967324		0.0557689103066444	case-count proxy
C3_LIP_WIDE	Malignant neoplasm of lip, including Hilmo	II Neoplasms, from cancer register (ICD-O-3)	sex_shared	0.0193143568995296	0.00527628769651802	0.0715	-0.0021	403	0.0140380692030116	0.0736	0.10816991534295		0.0641605134176193	case-count proxy
C3_LIQUID_CANCER	Liquid cancers	II Neoplasms, from cancer register (ICD-O-3)	sex_shared	-0.00905699843704595	-0.0272551130198433	-0.0297	-0.0958	18629	0.0181981145827974	0.0661	4.80483036465023		2.25129096627033	case-count proxy
C3_LUNG_NEUROENDO	Neuroendocrine tumor and carcinoma of lung	II Neoplasms, from cancer register (ICD-O-3)	sex_shared	-0.0343306232704096	-0.0029883099283698	-0.2087	0.1547	277	-0.0313423133420398	-0.3634	0.0743751946643182		0.0451544984602004	case-count proxy
C3_LUNG_NONSMALL_WIDE	Non-small cell lung cancer, including Hilmo	II Neoplasms, from cancer register (ICD-O-3)	sex_shared	0.0299929850538095	-0.0158946903647249	0.0511	0.112	6868	0.0458876754185344	-0.0609	1.81200811551684		0.902065815267271	case-count proxy
C3_MACROGLOBULINEMIA_WIDE	Waldenstrom macroglobulinemia, lymphoplasmacytic lymphoma, including Hilmo	II Neoplasms, from cancer register (ICD-O-3)	sex_shared	-0.0418219097533818	-0.0109599392857312	-0.1167	0.0058	261	-0.0308619704676506	-0.1225	0.070082353478206		0.0427057583890231	case-count proxy
C3_MALE_GENITAL	malignant neoplasm of male genital organs	II Neoplasms, from cancer register (ICD-O-3)	male_limited	0.0138836338937787	0.00333017063791025	0.0257	-0.0132	20758	0.0105534632558685	0.0389	11.9159146747491		5.27671025134799	case-count proxy
C3_MANTLE_CELL_LYMPHOMA_WIDE	Mantle cell lymphoma, including Hilmo	II Neoplasms, from cancer register (ICD-O-3)	sex_shared	0.0168455603122062	-0.019312477575236	0.0021	-0.0751	492	0.0361580378874422	0.0772	0.132027017235966		0.0773471095442359	case-count proxy
C3_MARGINAL_ZONE_LYMPHOMA_WIDE	Marginal zone B-cell lymphoma, including Hilmo	II Neoplasms, from cancer register (ICD-O-3)	sex_shared	-0.00969069871594862	-0.00555359148156354	-0.0827	-0.0758	557	-0.00413710723438508	-0.00689999999999999	0.149443544146213		0.0868787388838463	case-count proxy
C3_MELANOMA_SKIN_WIDE	Malignant melanoma of skin, including Hilmo	II Neoplasms, from cancer register (ICD-O-3)	sex_shared	-0.0302343094794606	-0.00177716028774681	-0.0703	-0.1028	6226	-0.0284571491917138	0.0325	1.64541406239677		0.824055997661457	case-count proxy
C3_MELANOMA_WIDE	Malignant melanoma, including Hilmo	II Neoplasms, from cancer register (ICD-O-3)	sex_shared	-0.0220615267411853	-0.00656104877009909	-0.0354	-0.0795	7577	-0.0155004779710862	0.0441	1.99770621036951		0.988498536844898	case-count proxy
C3_MENINGES_WIDE	Malignant neoplasm of meninges, including Hilmo	II Neoplasms, from cancer register (ICD-O-3)	sex_shared	0.0261664363025796	0.0240235216482727	0.1968	0.0487	133	0.0021429146543069	0.1481	0.0357246462454203		0.0227004940416367	case-count proxy
C3_MENINGIOMA_WIDE	Brain meningioma, including Hilmo	II Neoplasms, from cancer register (ICD-O-3)	sex_shared	0.0037084166066295	0.0150366753265971	0.156	0.0645	1946	-0.0113282587199676	0.0915	0.52173540025631		0.280631994573656	case-count proxy
C3_MESOTHELIOMA_WIDE	Mesothelioma, including Hilmo	II Neoplasms, from cancer register (ICD-O-3)	sex_shared	-0.00347308739089655	-0.0193625754609944	0.0178	-0.0643	464	0.0158894880700978	0.0821	0.12452264084611		0.0732165536949539	case-count proxy
C3_MESTOTHEL_SOFTTISSUE	Malignant neoplasm of mesothelium and soft tissue	II Neoplasms, from cancer register (ICD-O-3)	sex_shared	-0.0074081118896715	-0.020828710700781	0.0702	-0.1779	1472	0.0134205988111095	0.2481	0.393971592292931		0.215642325810315	case-count proxy
C3_MGUS_WIDE	Monoclonal gammopathy of undetermined significance (MGUS), including Hilmo	II Neoplasms, from cancer register (ICD-O-3)	sex_shared	0.00563241916303234	-0.0112243559951448	0.236	-0.06	1797	0.0168567751581771	0.296	0.481551254257454		0.260311249539205	case-count proxy
C3_MULT_MYELOMA_WIDE	Multiple myeloma, including Hilmo	II Neoplasms, from cancer register (ICD-O-3)	sex_shared	-0.0127696573039908	0.00137185169595077	0.0239	-0.1016	1671	-0.0141415089999416	0.1255	0.447007776490762		0.242758735774106	case-count proxy
C3_MYELODYSP_SYNDR_WIDE	Myelodysplastic syndrome, including Hilmo	II Neoplasms, from cancer register (ICD-O-3)	sex_shared	0.0117710841573471	-0.0165098372782202	0.0057	-0.0559	1096	0.0282809214355673	0.0616	0.294007977917211		0.16388103709231	case-count proxy
C3_MYELOMA_MONOCLONAL	Multiple myeloma, Monoclonal gammopathy of undetermined significance (MGUS)	II Neoplasms, from cancer register (ICD-O-3)	sex_shared	-0.0103715456889802	0.0107344403617241	-0.0721	-0.1121	961	-0.0211059860507043	0.04	0.257565483545023		0.144753639703659	case-count proxy
C3_NASAL_CAVITY_SINUSES_WIDE	Malignant neoplasm of nasal cavity and sinuses, including Hilmo	II Neoplasms, from cancer register (ICD-O-3)	sex_shared	0.0218513492831133	-0.00276533412656027			358	0.0246166834096736		0.096102996641764		0.0574237087005218	case-count proxy
C3_NASOPHARYNX_WIDE	Malignant neoplasm of nasopharynx, including Hilmo	II Neoplasms, from cancer register (ICD-O-3)	sex_shared	0.0167741688683256	0.00639491618341543			158	0.0103792526849102		0.0424369556050355		0.0266786431611835	case-count proxy
C3_NONHODGKIN_WIDE	Non-Hodgkin lymphoma, all, including Hilmo	II Neoplasms, from cancer register (ICD-O-3)	sex_shared	-0.0212849726398891	-0.0191680113313028	-0.2384	-0.1478	5538	-0.0021169613085863	-0.0906	1.46625469622475		0.739610154418004	case-count proxy
C3_NSCLC_ADENO	Non-small cell lung cancer, adenocarcinoma	II Neoplasms, from cancer register (ICD-O-3)	sex_shared	0.021380880904642	-0.00706133884158575	-0.0167	0.0428	2337	0.0284422197462278	-0.0595	0.624038708023584		0.331944149322599	case-count proxy
C3_NSCLC_SQUAM	Non-small cell lung cancer, squamous	II Neoplasms, from cancer register (ICD-O-3)	sex_shared	0.030498835875965	-0.003727513063774	0.0903	0.233	1990	0.034226348939739	-0.1427	0.531873665304464		0.285743162948299	case-count proxy
C3_OESOPHAGUS_WIDE	Malignant neoplasm of oesophagus, including Hilmo	II Neoplasms, from cancer register (ICD-O-3)	sex_shared	-0.00268594486191111	0.00147357200218946	0.2673	-0.0743	1358	-0.00415951686410057	0.3416	0.363571135985778		0.199998273557574	case-count proxy
C3_ORALCAVITY_WIDE	Malignant neoplasm of oral cavity, including Hilmo	II Neoplasms, from cancer register (ICD-O-3)	sex_shared	0.0186049699467957	-0.00819918967784206	-0.0793	0.1181	1700	0.0268041596246378	-0.1974	0.454716885242832		0.246683040926655	case-count proxy
C3_OROPHARYNG_WIDE	Malignant neoplasm of oropharynx, including Hilmo	II Neoplasms, from cancer register (ICD-O-3)	sex_shared	0.0267490329193054	0.0112114082844787			170	0.0155376246348267		0.0456585439221764		0.0285736925004441	case-count proxy
C3_OROPHARYNX_WIDE	Malignant neoplasm of oropharynx, including Hilmo	II Neoplasms, from cancer register (ICD-O-3)	sex_shared	0.023288877753111	0.000271640006225737	0.086	0.0515	740	0.0230172377468853	0.0345	0.198445155390602		0.113349970575444	case-count proxy
C3_OSTEOSARCOMA_WIDE	Osteosarcoma, including Hilmo	II Neoplasms, from cancer register (ICD-O-3)	sex_shared	-0.0145804451739603	0.00185965718926634	0.1122	0.1027	134	-0.0164401023632266	0.00949999999999999	0.0359931559282608		0.0228604706075934	case-count proxy
C3_OTHER_SKIN_WIDE	Other malignant neoplasms of skin (=non-melanoma skin cancer), including Hilmo	II Neoplasms, from cancer register (ICD-O-3)	sex_shared	0.0068068433577802	-0.0182135278716661	-0.0108	-0.0711	30601	0.0250203712294463	0.0603	7.59782500744861		3.45997495751581	case-count proxy
C3_OVARY_ENDOMETROID	Endometroid carcinoma of ovary	II Neoplasms, from cancer register (ICD-O-3)	gynaecological	-0.00955022665687584	0.0100791963522619	-0.1154	-0.0923	208	-0.0196294230091377	-0.0231	0.0950114424838184		0.056811804086937	case-count proxy
C3_OVARY_ENDOMETROID_WIDE	Endometroid carcinoma of ovary, including Hilmo	II Neoplasms, from cancer register (ICD-O-3)	gynaecological	-0.0188370314800155	0.0147460835794506	-0.0645	-0.1202	305	-0.0335831150594661	0.0557	0.139257960532924		0.0813133640834634	case-count proxy
C3_OVARY_GRANULOSA	Granulosa cell carcinoma of ovary	II Neoplasms, from cancer register (ICD-O-3)	gynaecological	-0.021988641526849	0.00168610454257836	-0.1163	-0.0116	142	-0.0236747460694274	-0.1047	0.0648831418062187		0.0397274274637742	case-count proxy
C3_OVARY_MUCINO	Mucinous and mucinous cystic tumor	II Neoplasms, from cancer register (ICD-O-3)	sex_shared	-0.00105292526246589	0.00256123034953805	-0.1197	-0.1673	168	-0.00361415561200394	0.0476	0.0767540352977188		0.046507634284888	case-count proxy
C3_OVARY_MUCINO_WIDE	Mucinous and mucinous cystic tumor, including Hilmo	II Neoplasms, from cancer register (ICD-O-3)	sex_shared	0.00623035964077258	-0.00164449666842992	-0.1533	-0.3457	240	0.0078748563092025	0.1924	0.10961256525373		0.0649626961812297	case-count proxy
C3_OVARY_SEROUS	Serous carcinoma of ovary	II Neoplasms, from cancer register (ICD-O-3)	gynaecological	-0.0104573332773918	-0.0295311344402777	-0.1114	-0.417	232	0.0190738011628859	0.3056	0.105962684692503		0.062931896108618	case-count proxy
C3_OVARY_SEROUS_WIDE	Serous carcinoma of ovary, including Hilmo	II Neoplasms, from cancer register (ICD-O-3)	gynaecological	-0.00591087742094124	-0.0209423401855686	-0.3811	-0.4867	1181	0.0150314627646274	0.1056	0.537076955260262		0.288364024116555	case-count proxy
C3_OVARY_WIDE	Malignant neoplasm of ovary, including Hilmo	II Neoplasms, from cancer register (ICD-O-3)	gynaecological	-0.0136913712249902	-0.00636525398526708	-0.2395	-0.2988	2426	-0.00732611723972312	0.0593	1.09704755832305		0.563442579546124	case-count proxy
C3_PALATE_WIDE	Malignant neoplasm of palate, including Hilmo	II Neoplasms, from cancer register (ICD-O-3)	sex_shared	0.00860050164220171	-0.00450473131220593	-0.0195	0.0414	216	0.0131052329544076	-0.0609	0.0580060422960725		0.0357648388006571	case-count proxy
C3_PANCREAS_ADENO	Adenocarcinoma of pancreas	II Neoplasms, from cancer register (ICD-O-3)	sex_shared	-0.0203345249803123	0.00297264140498606			1005	-0.0233071663852984		0.269318583786217		0.150939753547232	case-count proxy
C3_PANCREAS_ADENO_DUCTAL	Adenocarcinoma and ductal carcinoma of pancreas	II Neoplasms, from cancer register (ICD-O-3)	sex_shared	-0.0187641582144234	0.00202822257492319			1252	-0.0207923807893466		0.335287391105243		0.185370346145956	case-count proxy
C3_PANCREAS_DUCTAL	Ductal carcinoma of pancreas	II Neoplasms, from cancer register (ICD-O-3)	sex_shared	-0.0152395858312697	0.00480011314404138			248	-0.0200396989753111		0.0665938073129667		0.0407089520493391	case-count proxy
C3_PANCREAS_NEUROENDOCRINE	Neuroendocrine tumor and carcinoma of pancreas	II Neoplasms, from cancer register (ICD-O-3)	sex_shared	0.0158549119593044	0.00740768429309731	0.5618	0.0155	209	0.00844722766620709	0.5463	0.0561272719460319		0.0346773394495297	case-count proxy
C3_PANCREAS_WIDE	Malignant neoplasm of pancreas, including Hilmo	II Neoplasms, from cancer register (ICD-O-3)	sex_shared	0.00126570262103494	-0.00740630365921235	0.0495	-0.093	3485	0.00867200628024729	0.1425	0.927740094344646		0.481476943841004	case-count proxy
C3_PAROTIDGLAND_WIDE	Malignant neoplasm of parotid gland, including Hilmo	II Neoplasms, from cancer register (ICD-O-3)	sex_shared	0.00323239027988663	-0.0083410573252032			348	0.0115734476050898		0.093421063228342		0.0559194836814599	case-count proxy
C3_PENIS_WIDE	Malignant neoplasm of penis, including Hilmo	II Neoplasms, from cancer register (ICD-O-3)	male_limited	-0.0242027849561599	-0.00874695423133657			221	-0.0154558307248233		0.143817475450162		0.0838076927324726	case-count proxy
C3_PERIPHERAL_NERVES_AUTONOMIC3_NERVESYSTEM_WIDE	Malignant neoplasm of peripheral nerves and autonomic nervous system, including Hilmo	II Neoplasms, from cancer register (ICD-O-3)	sex_shared	0.0207851623730588	-0.00981671715162716	0.0977	-0.0883	125	0.030601879524686	0.186	0.0335765168527253		0.0214179075079916	case-count proxy
C3_PROSTATE_WIDE	Malignant neoplasm of prostate, including Hilmo	II Neoplasms, from cancer register (ICD-O-3)	male_limited	0.0144371433362461	0.00805884422075118	0.0374	-0.018	21482	0.00637829911549492	0.0554	12.280481112229		5.42797371780705	case-count proxy
C3_RECTOSIGMOID_JUNCTION_WIDE	Malignant neoplasm of rectosigmoid junction, including Hilmo	II Neoplasms, from cancer register (ICD-O-3)	sex_shared	-0.00477983026295584	0.00618206628832002	0.0031	-0.1134	1064	-0.0109618965512759	0.1165	0.285084252578217		0.15921164912524	case-count proxy
C3_RECTUM_ADENO	Adenocarcinoma and papilloma adenocarcinoma of rectum	II Neoplasms, from cancer register (ICD-O-3)	sex_shared	-0.0204614198137687	-0.00981248772099651	-0.185	-0.0774	3797	-0.0106489320927722	-0.1076	1.00995861217802	0.41	0.41	registry
C3_RECTUM_ADENO_MUCINO	Adenocarcinoma, papilloma adenocarcinoma and mucinous carcinomas of rectum	II Neoplasms, from cancer register (ICD-O-3)	sex_shared	-0.0218681671360091	-0.0040542969218469	-0.1956	-0.0809	3956	-0.0178138702141622	-0.1147	1.05180596360156		0.541622471255251	case-count proxy
C3_RECTUM_MUCINO	Mucinous and mucinous cystic tumor of rectum	II Neoplasms, from cancer register (ICD-O-3)	sex_shared	-0.0158893571128034	-0.00788359760881083	-0.3429	-0.1064	159	-0.00800575950399257	-0.2365	0.0427054292298519		0.0268369013434384	case-count proxy
C3_RECTUM_NEUROENDOCRINE	Neuroendocrine tumor and carcinoma of rectum	II Neoplasms, from cancer register (ICD-O-3)	sex_shared	-0.00335195164648151	0.00106044549224851	-0.0939	0.0844	124	-0.00441239713873002	-0.1783	0.0333079941872178		0.0212572278802194	case-count proxy
C3_RECTUM_WIDE	Malignant neoplasm of rectum, including Hilmo	II Neoplasms, from cancer register (ICD-O-3)	sex_shared	-0.0208265175378645	-0.00782332586774768	-0.2026	-0.0956	5118	-0.0130031916701168	-0.107	1.356562949769		0.687594512883324	case-count proxy
C3_RENAL_CELL_CARCINOMA	Renal cell carcinoma of kidney	II Neoplasms, from cancer register (ICD-O-3)	sex_shared	-0.0107520986746689	0.00704625102813832			1263	-0.0177983497028072		0.338223243408262		0.186892188414567	case-count proxy
C3_RENAL_PELVIS_WIDE	Malignant neoplasm of renal pelvis, including Hilmo	II Neoplasms, from cancer register (ICD-O-3)	sex_shared	0.00369953938151742	-0.0123405705842742			418	0.0160401099657916		0.112191573822324		0.0663951203910984	case-count proxy
C3_RESPIRATORY_INTRATHORACIC	Malignant neoplasm of respiratory system and intrathoracic organs	II Neoplasms, from cancer register (ICD-O-3)	sex_shared	0.032836704188471	3.48176902546658e-05	0.0447	0.1028	10178	0.0328018864982163	-0.0581	2.66204944852316		1.29392927968926	case-count proxy
C3_RETROPERITONEUM_PERITONEUM_WIDE	Malignant neoplasm of retroperitoneum and peritoneum, including Hilmo	II Neoplasms, from cancer register (ICD-O-3)	sex_shared	0.00941983084209707	-0.0112554074106462	-0.1789	-0.1032	598	0.0206752382527433	-0.0757	0.160426229420239		0.0928533136939972	case-count proxy
C3_RHABDOMYOSARCOMA_WIDE	Rhabdomyosarcoma, including Hilmo	II Neoplasms, from cancer register (ICD-O-3)	sex_shared	0.011726428967857	0.00964082743263011	0.0418	0.0822	61	0.00208560153522689	-0.0404	0.0163881575412391		0.01093034103097	case-count proxy
C3_SCLC_WIDE	Small cell lung cancer, including Hilmo	II Neoplasms, from cancer register (ICD-O-3)	sex_shared	0.0133355609066832	0.0155547633240799	-0.0409	0.1656	970	-0.0022192024173967	-0.2065	0.259963712281811		0.146017320506195	case-count proxy
C3_SKIN	Malignant neoplasm of skin	II Neoplasms, from cancer register (ICD-O-3)	sex_shared	0.00598221923574422	-0.00995664475026893	-0.0226	-0.0829	31997	0.0159388639860132	0.0603	7.9169924484605		3.59611108567968	case-count proxy
C3_SMALL_INTESTINE_ADENO	Adenocarcinoma of small intestine	II Neoplasms, from cancer register (ICD-O-3)	sex_shared	-0.0152886710270198	-0.0111939008535603			93	-0.0040947701734595		0.0249830759807872		0.0162318342998051	case-count proxy
C3_SMALL_INTESTINE_NEUROENDOCRINE	Neuroendocrine tumor and carcinoma of small intestine	II Neoplasms, from cancer register (ICD-O-3)	sex_shared	-0.0336431193317635	0.000761141133200187	-0.1799	0.0179	469	-0.0344042604649637	-0.1978	0.125862790772567		0.0739553076994639	case-count proxy
C3_SMALL_INTESTINE_WIDE	Malignant neoplasm of small intestine, including Hilmo	II Neoplasms, from cancer register (ICD-O-3)	sex_shared	-0.0395771699391929	0.00434563352600944	-0.292	-0.0442	1113	-0.0439228034652023	-0.2478	0.298173985726226		0.166057892400199	case-count proxy
C3_SOLID_CANCER	Solid cancers	II Neoplasms, from cancer register (ICD-O-3)	sex_shared	-0.00656230525439132	-0.0144133985834896	-0.0847	-0.1211	114668	0.00785109332909828	0.0364	23.554157842519		9.9978990881293	case-count proxy
C3_SPINAL_CORD_CRANIAL_AND_OTHER_CNS_WIDE	Malignant neoplasm of spinal cord, cranial nerves and other parts of central nervous system, including Hilmo	II Neoplasms, from cancer register (ICD-O-3)	sex_shared	0.0140320289868134	0.00812554481847662	0.1232	-0.0781	283	0.00590648416833678	0.2013	0.0759849855816476		0.0460704713017903	case-count proxy
C3_SQUAMOUS_CELL_CARCINOMA_SKIN	Squamous cell neoplasms and carcinomas of the skin	II Neoplasms, from cancer register (ICD-O-3)	sex_shared	0.0125176164303072	0.0112550262063529	-0.0262	-0.0769	3408	0.0012625902239543	0.0507	0.907427968911007		0.471583841564335	case-count proxy
C3_SQUAMOUS_CELL_CARCINOMA_SKIN_WIDE	Squamous cell neoplasms and carcinomas of the skin, including Hilmo	II Neoplasms, from cancer register (ICD-O-3)	sex_shared	0.00198869854186691	0.0125354948165389	-0.0273	-0.0669	5196	-0.010546796274672	0.0396	1.37695273681282		0.697282499525771	case-count proxy
C3_STOMACH_ADENO	Adenocarcinoma and papillary adenocarcinoma of stomach	II Neoplasms, from cancer register (ICD-O-3)	sex_shared	0.00923890404710074	0.00178559798723928	0.0366	0.0494	1104	0.00745330605986146	-0.0128	0.2957700066709		0.164801978686241	case-count proxy
C3_STOMACH_NEUROENDOCRINE	Neuroendocrine tumor and carcinoma of stomach	II Neoplasms, from cancer register (ICD-O-3)	sex_shared	-0.00686214656383309	0.00540376690716439	0.0549	-0.0784	163	-0.0122659134709975	0.1333	0.0437793093075349		0.0274693113730774	case-count proxy
C3_STOMACH_WIDE	Malignant neoplasm of stomach, including Hilmo	II Neoplasms, from cancer register (ICD-O-3)	sex_shared	0.00088218290248218	-0.0106101400919166	-0.0895	0.009	2455	0.0114923229943988	-0.0985	0.655341231240691		0.347535984981724	case-count proxy
C3_TESTIS_NONSEMINOMA_WIDE	Non-seminoma of testis, including Hilmo	II Neoplasms, from cancer register (ICD-O-3)	male_limited	-0.016601081813285	-0.00477037846372765	-0.0555	0.104	223	-0.0118307033495574	-0.1595	0.145117102343348		0.0845177600940625	case-count proxy
C3_TESTIS_SEMINOMA_WIDE	Seminoma of testis, including Hilmo	II Neoplasms, from cancer register (ICD-O-3)	male_limited	-0.000602343030941672	0.00114006087940753	-0.0285	0.0874	347	-0.0017424039103492	-0.1159	0.225627954458265		0.127852264884172	case-count proxy
C3_TESTIS_WIDE	Malignant neoplasm of testis, including Hilmo	II Neoplasms, from cancer register (ICD-O-3)	male_limited	-0.00502872963334868	0.000736006037825844	0.0017	0.0894	701	-0.00576473567117452	-0.0877	0.454760715420994		0.246705340696583	case-count proxy
C3_THYMUS_WIDE	Malignant neoplasm of thymus, including Hilmo	II Neoplasms, from cancer register (ICD-O-3)	sex_shared	-0.0202388338803281	0.00321435540148494	0.1898	0.0309	143	-0.023453189281813	0.1589	0.0384096781645009		0.0242969520226102	case-count proxy
C3_THYROID_FOLLICULAR_WIDE	Follicular adenocarcinoma of thyroid gland, including Hilmo	II Neoplasms, from cancer register (ICD-O-3)	sex_shared	0.0206306428522117	0.0179801858659046	0.1618	0.1174	373	0.0026504569863071	0.0444	0.100125626791792		0.0596750302524807	case-count proxy
C3_THYROID_GLAND_WIDE	Malignant neoplasm of thyroid gland, including Hilmo	II Neoplasms, from cancer register (ICD-O-3)	sex_shared	0.0200915188613025	-0.0143908139657442	0.1106	-0.0752	3003	0.0344823328270467	0.1858	0.800454203783965		0.419246338042551	case-count proxy
C3_THYROID_MEDULLARY_WIDE	Medullary carcinoma of thyroid gland, including Hilmo	II Neoplasms, from cancer register (ICD-O-3)	sex_shared	-0.00179281059815642	-0.0205970602182638	0.2401	-0.14	74	0.0188042496201074	0.3801	0.0198800213844554		0.0131010558993222	case-count proxy
C3_THYROID_PAPILLARY_ADENO	Papillary adenocarcinoma of thyroid gland	II Neoplasms, from cancer register (ICD-O-3)	sex_shared	0.0139916712150265	-0.0122478237281279	0.0386	-0.0879	1955	0.0262394949431544	0.1265	0.522567987297989		0.281051971309003	case-count proxy
C3_TONGUE_WIDE	Malignant neoplasm of tongue, including Hilmo	II Neoplasms, from cancer register (ICD-O-3)	sex_shared	0.00239035809837322	0.000606704013227292	-0.28	0.0608	952	0.00178365408514593	-0.3408	0.255151952100045		0.14348115694767	case-count proxy
C3_TONSIL	Malignant neoplasm of tonsil	II Neoplasms, from cancer register (ICD-O-3)	sex_shared	0.0159308966968534	0.000430014970227524	0.2356	0.204	518	0.0155008817266259	0.0316	0.138994357043767		0.0811690034252531	case-count proxy
C3_TONSIL_BASEOFTONGUE	Malignant cancer of tonsil and base of tongue	II Neoplasms, from cancer register (ICD-O-3)	sex_shared	0.0134617821428793	0.0100107605560108	0.2927	0.186	711	0.0034510215868685	0.1067	0.190683079893797		0.109186801242549	case-count proxy
C3_TONSIL_BASEOFTONGUE_WIDE	Malignant cancer of tonsil and base of tongue, including Hilmo	II Neoplasms, from cancer register (ICD-O-3)	sex_shared	0.0160004579361016	0.00524539473020031	0.1975	0.2365	865	0.0107550632059013	-0.039	0.231888564810843		0.131176497346773	case-count proxy
C3_UNCERTAIN_SECONDARY	Secondary uncertain malignant neoplasm	II Neoplasms, from cancer register (ICD-O-3)	sex_shared	-0.00802532099749566	-0.0244011751734037	-0.1774	-0.0697	5649	0.016375854175908	-0.1077	1.49520391309872		0.753296761006724	case-count proxy
C3_URETER_WIDE	Malignant neoplasm of ureter, including Hilmo	II Neoplasms, from cancer register (ICD-O-3)	sex_shared	0.00778765352056171	0.0211609433221911	0.299	-0.0498	281	-0.0133732898016294	0.3488	0.0754483943722479		0.0457652855866242	case-count proxy
C3_URINARY_TRACT	Malignant neoplasm of urinary organs	II Neoplasms, from cancer register (ICD-O-3)	sex_shared	-0.0121633596642927	-0.00436342922635248	0.0363	-0.1055	3914	-0.00779993043794022	0.1418	1.04075538525765		0.536283979197507	case-count proxy
C3_VAGINA_WIDE	Malignant neoplasm of vagina, including Hilmo	II Neoplasms, from cancer register (ICD-O-3)	gynaecological	0.0121557730115217	-0.0121578598825475	0.1806	-0.1874	112	0.0243136328940692	0.368	0.0511824517308351		0.0318040536979113	case-count proxy
C3_VULVA_WIDE	Malignant neoplasm of vulva, including Hilmo	II Neoplasms, from cancer register (ICD-O-3)	gynaecological	0.00298720800630474	-0.0186386129030564	-0.1136	-0.3416	472	0.0216258209093611	0.228	0.215343203230148		0.122378772670971	case-count proxy
C3_WILMS_TUMOR_WIDE	Wilms' tumor, including Hilmo	II Neoplasms, from cancer register (ICD-O-3)	sex_shared	-0.0203929275048165	-0.0109870036898845	-0.125	0.0089	211	-0.009405923814932	-0.1339	0.0566640706823858		0.0349882853857215	case-count proxy
CAMPYLOENTERITIS	Campylobacter enteritis	I Certain infectious and parasitic diseases (AB1_)	sex_shared	-0.00336931853357026	0.00938429400705334	0.4116	-0.0599	1005	-0.0127536125406236	0.4715	0.203871737291488	0.1	0.1	registry
CARDIAC_ARRHYTM	Cardiac arrhythmias	Comorbidities of COPD	sex_shared	0.0213295021319186	-0.00246591465244466	0.0944	0.0873	98498	0.0237954167843633	0.0071	26.499897764816	11.57	11.57	registry
CARDIOMYOPATHY_DRUGS_OTHER_EXTER_AGENTS	Cardiomyopathy due to drugs and other external agents	IX Diseases of the circulatory system (I9_)	sex_shared	-0.0216940389651977	-0.0116876576126027	-0.0574	-0.0423	74	-0.010006381352595	-0.0151	0.0147944964473216	0.01	0.01	registry
CD2_BENIGN	Benign neoplasms	II Neoplasms from hospital discharges (CD2_)	sex_shared	0.0124971794523963	0.00663351561844237	0.1295	0.0559	142938	0.00586366383395393	0.0736	28.5769693673953		11.9850365235588	case-count proxy
CD2_BENIGN_ADRENAL	Benign neoplasm: Adrenal gland	II Neoplasms from hospital discharges (CD2_)	sex_shared	0.000118486459139182	0.00895267951962726	0.1088	0.0466	2897	-0.00883419306048808	0.0622	0.579184543349874	0.18	0.18	registry
CD2_BENIGN_ANUS_ANAL_CANAL	Benign neoplasm: Anus and anal canal	II Neoplasms from hospital discharges (CD2_)	sex_shared	0.00414370590485183	-0.00804610731151713	0.1804	-0.016	1016	0.012189813216369	0.1964	0.203124437709172	0.1	0.1	registry
CD2_BENIGN_APPENDIX	Benign neoplasm: Appendix	II Neoplasms from hospital discharges (CD2_)	sex_shared	-0.019768377586049	-0.0256675012664291			384	0.0058991236803801		0.0767714410239391	0.03	0.03	registry
CD2_BENIGN_ASCENDING_COLON	Benign neoplasm: Ascending colon	II Neoplasms from hospital discharges (CD2_)	sex_shared	0.00259784882044951	0.00811780375384454	-0.0842	0.035	5489	-0.00551995493339503	-0.1192	1.09739177026146	0.32	0.32	registry
CD2_BENIGN_BLADDER	Benign neoplasm: Bladder	II Neoplasms from hospital discharges (CD2_)	sex_shared	-0.0188998031631286	-0.00322244645876885	0.0255	-0.0515	336	-0.0156773567043598	0.077	0.0671750108959467	0.04	0.04	registry
CD2_BENIGN_BONE_CARTILAGE	Benign neoplasm of bone and articular cartilage	II Neoplasms from hospital discharges (CD2_)	sex_shared	-0.0127149471782229	0.00642302668279578			3482	-0.0191379738610187		0.696141035534781	0.38	0.38	registry
CD2_BENIGN_BONE_CARTILAGE_NOS	Benign neoplasm: Bone and articular cartilage, unspecified	II Neoplasms from hospital discharges (CD2_)	sex_shared	0.000212159756130996	0.0128478650429578			269	-0.0126357052868268		0.0537799938422907	0.03	0.03	registry
CD2_BENIGN_BONE_LONG_LOWER	Benign neoplasm: Long bones of lower limb	II Neoplasms from hospital discharges (CD2_)	sex_shared	-0.0108304474321041	0.00401781639987295			1271	-0.0148482638319771		0.254105472764132	0.14	0.14	registry
CD2_BENIGN_BONE_LOWER_JAW	Benign neoplasm: Lower jaw bone	II Neoplasms from hospital discharges (CD2_)	sex_shared	-0.00897875388126575	-0.00648958578753843	-0.4142	-0.1215	152	-0.00248916809372732	-0.2927	0.0303886954053092	0.02	0.02	registry
CD2_BENIGN_BONE_SCAPULA_LONG_UPPER	Benign neoplasm: Scapula and long bones of upper limb	II Neoplasms from hospital discharges (CD2_)	sex_shared	-0.00233360979545808	0.00459121280868101	-0.1318	0.6061	376	-0.00692482260413909	-0.7379	0.075172036002607	0.04	0.04	registry
CD2_BENIGN_BONE_SHORT_LOWER	Benign neoplasm: Short bones of lower limb	II Neoplasms from hospital discharges (CD2_)	sex_shared	-0.0023327735812816	-0.0167721996148498	0.1914	-0.001	366	0.0144394260335682	0.1924	0.073172779725942	0.04	0.04	registry
CD2_BENIGN_BONE_SHORT_UPPER	Benign neoplasm: Short bones of upper limb	II Neoplasms from hospital discharges (CD2_)	sex_shared	0.0107895407149752	0.00174193154319851			569	0.00904760917177669		0.113757682142243	0.06	0.06	registry
CD2_BENIGN_BONE_SKULL_FACE	Benign neoplasm: Bones of skull and face	II Neoplasms from hospital discharges (CD2_)	sex_shared	0.0192550017473192	0.000902367660230543	-0.8535	0.2207	369	0.0183526340870887	-1.0742	0.0737725566089415	0.04	0.04	registry
CD2_BENIGN_BRAIN_CNS	Benign neoplasm of brain and other parts of central nervous system	II Neoplasms from hospital discharges (CD2_)	sex_shared	-0.0129365479153851	0.0259111342666174	0.0189	0.2449	2505	-0.0388476821820025	-0.226	0.500813697304603	0.24	0.24	registry
CD2_BENIGN_BRAIN_INFRATENT	Benign neoplasm: Brain, infratentorial	II Neoplasms from hospital discharges (CD2_)	sex_shared	-0.00625721957281175	-0.00623922246424138	0.0766	0.1776	211	-1.79971085703702e-05	-0.101	0.0421843074376332	0.02	0.02	registry
CD2_BENIGN_BRAIN_NOS	Benign neoplasm: Brain, unspecified	II Neoplasms from hospital discharges (CD2_)	sex_shared	-0.016568874536921	0.00793596048862459	-0.014	-0.0597	217	-0.0245048350255456	0.0457	0.0433838612036323	0.04	0.04	registry
CD2_BENIGN_BRAIN_SUPRATENT	Benign neoplasm: Brain, supratentorial	II Neoplasms from hospital discharges (CD2_)	sex_shared	0.0086273691645225	0.0159583969327106	0.0494	0.4472	587	-0.0073310277681881	-0.3978	0.11735634344024	0.06	0.06	registry
CD2_BENIGN_BREAST	Benign neoplasm of breast	II Neoplasms from hospital discharges (CD2_)	gynaecological	0.013824515711764	0.00658162782679143	0.282	0.0148	4865	0.00724288788497257	0.2672	1.72573419082044	1.05	1.05	registry
CD2_BENIGN_BRONCHUS_LUNG	Benign neoplasm: Bronchus and lung	II Neoplasms from hospital discharges (CD2_)	sex_shared	-0.0135482667646826	-0.00527636212192241	-0.1959	0.0249	465	-0.00827190464276019	-0.2208	0.0929654168649263	0.04	0.04	registry
CD2_BENIGN_CAECUM	Benign neoplasm: Caecum	II Neoplasms from hospital discharges (CD2_)	sex_shared	-0.00765303150322219	0.0269466778627939	0.1816	0.2161	4088	-0.0345997093660161	-0.0345	0.817295965900685	0.25	0.25	registry
CD2_BENIGN_CAROTIDBODY	Benign neoplasm: Carotid body	II Neoplasms from hospital discharges (CD2_)	sex_shared	-0.0139954590430943	-0.0134424343932545	-0.1725	-0.1006	99	-0.000553024649839801	-0.0719	0.0197926371389843	0.01	0.01	registry
CD2_BENIGN_CERVIX_UTERI	Other benign neoplasm of uterus: Cervix uteri	II Neoplasms from hospital discharges (CD2_)	gynaecological	-0.0234849242652593	0.00780832351871385	0.28	0.0271	219	-0.0312932477839732	0.2529	0.0776846429166859	0.05	0.05	registry
CD2_BENIGN_CHOROID	Benign neoplasm: Choroid	II Neoplasms from hospital discharges (CD2_)	sex_shared	0.0352832866763727	-0.0149139346742565	0.4387	0.0028	2273	0.0501972213506292	0.4359	0.454430951685973	0.18	0.18	registry
CD2_BENIGN_CILIARY	Benign neoplasm: Ciliary body	II Neoplasms from hospital discharges (CD2_)	sex_shared	0.016356680519133	-0.0146325246101981	-0.0402	-0.0315	104	0.0309892051293311	-0.0087	0.0207922652773168	0.01	0.01	registry
CD2_BENIGN_CNS_NOS	Benign neoplasm: Central nervous system, other parts/unspecified	II Neoplasms from hospital discharges (CD2_)	sex_shared	0.0212321864444016	0.0171455500151057	0.0605	0.0325	131	0.0040866364292959	0.028	0.0261902572243126	0.02	0.02	registry
CD2_BENIGN_COLON	Benign neoplasm: Colon	II Neoplasms from hospital discharges (CD2_)	sex_shared	0.0256724733385427	0.0180612731809078	0.131	0.1394	26439	0.0076112001576349	-0.00839999999999999	5.28583366987481	1.86	1.86	registry
CD2_BENIGN_COLON_NOS	Benign neoplasm: Colon, unspecified	II Neoplasms from hospital discharges (CD2_)	sex_shared	0.0117540443610147	-0.00103021642579911	0.1609	0.155	10936	0.0127842607868138	0.00589999999999999	2.18638666416093	0.86	0.86	registry
CD2_BENIGN_COLORECANI	Benign neoplasm of colon, rectum, anus and anal canal	II Neoplasms from hospital discharges (CD2_)	sex_shared	0.0119615740035924	0.0169098118942424	0.1178	0.118	32220	-0.00494823789065	-0.000199999999999992	6.44160372341489	2.34	2.34	registry
CD2_BENIGN_CONJUNCTIVA	Benign neoplasm: Conjunctiva	II Neoplasms from hospital discharges (CD2_)	sex_shared	0.00675675461380591	-0.00811532590606664	0.3464	-0.0225	1201	0.0148720805198726	0.3689	0.240110678827476	0.13	0.13	registry
CD2_BENIGN_CONNECTIVE_SOFT	Other benign neoplasms of connective and other soft tissue	II Neoplasms from hospital discharges (CD2_)	sex_shared	0.0175701112298376	-0.0040487493335494	0.7082	0.3902	4066	0.021618860563387	0.318	0.812897602092022	0.44	0.44	registry
CD2_BENIGN_CONNSOFT_ABD	Benign neoplasm: Connective and other soft tissue of abdomen	II Neoplasms from hospital discharges (CD2_)	sex_shared	-0.0063372594269602	-0.0162568845418774	0.1108	0.118	93	0.0099196251149172	-0.0072	0.0185930833729853	0.01	0.01	registry
CD2_BENIGN_CONNSOFT_PELVIS	Benign neoplasm: Connective and other soft tissue of pelvis	II Neoplasms from hospital discharges (CD2_)	sex_shared	0.0152249518005699	-0.000944122377918037	-0.0371	0.1181	91	0.0161690741784879	-0.1552	0.0181932321176522	0.01	0.01	registry
CD2_BENIGN_CONNSOFT_THX	Benign neoplasm: Connective and other soft tissue of thorax	II Neoplasms from hospital discharges (CD2_)	sex_shared	-0.00390590721449017	0.0150627222852336	0.1527	0.1281	158	-0.0189686294997238	0.0246	0.0315882491713083	0.02	0.02	registry
CD2_BENIGN_CONNSOFT_TRUNK	Benign neoplasm: Connective and other soft tissue of trunk, unspecified	II Neoplasms from hospital discharges (CD2_)	sex_shared	0.0041663253635212	0.00896773429554505	0.1217	-0.0833	221	-0.00480140893202385	0.205	0.0441835637142983	0.02	0.02	registry
CD2_BENIGN_CONNSOFT_UPPERLIMB	Benign neoplasm: Connective and other soft tissue of upper limb, including shoulder	II Neoplasms from hospital discharges (CD2_)	sex_shared	0.00879894079554419	0.0123758357184675			1713	-0.00357689492292331		0.342472600192728	0.17	0.17	registry
CD2_BENIGN_CORNEA	Benign neoplasm: Cornea	II Neoplasms from hospital discharges (CD2_)	sex_shared	0.00223310056471286	0.00305200776565221	0.0231	0.1996	51	-0.00081890720093935	-0.1765	0.0101962070109919	0.01	0.01	registry
CD2_BENIGN_CORPUS_UTERI	Other benign neoplasm of uterus: Corpus uteri	II Neoplasms from hospital discharges (CD2_)	gynaecological	0.0104505125924911	0.00377515898752276			274	0.00667535360496834		0.0971944847450773	0.05	0.05	registry
CD2_BENIGN_CRANIAL_NERVE	Benign neoplasm: Cranial nerves	II Neoplasms from hospital discharges (CD2_)	sex_shared	-0.0254657975830715	0.000758209356982184	0.0204	0.0994	1034	-0.0262240069400537	-0.079	0.206723099007169	0.09	0.09	registry
CD2_BENIGN_DESCENDING_COLON	Benign neoplasm: Descending colon	II Neoplasms from hospital discharges (CD2_)	sex_shared	0.0137644331552947	0.0260002989226427			2597	-0.012235865767348		0.519206855049922	0.16	0.16	registry
CD2_BENIGN_DIGESTIVE_NOS	Benign neoplasm: Ill-defined sites within the digestive system	II Neoplasms from hospital discharges (CD2_)	sex_shared	0.0121615739701439	-0.00642077287658867			213	0.0185823468467326		0.0425841586929662	0.02	0.02	registry
CD2_BENIGN_DUODENUM	Benign neoplasm: Duodenum	II Neoplasms from hospital discharges (CD2_)	sex_shared	0.00675208478776274	-0.00317832063475966	0.1496	0.1017	902	0.0099304054225224	0.0479	0.18033291615519	0.06	0.06	registry
CD2_BENIGN_EAR_NASAL_SINUS	Benign neoplasm: Middle ear, nasal cavity and accessory sinuses	II Neoplasms from hospital discharges (CD2_)	sex_shared	0.0153596299134838	-0.00294242617402139			1489	0.0183020560875052		0.297689259595431	0.14	0.14	registry
CD2_BENIGN_EAR_RESP	Benign neoplasm of middle ear and respiratory system	II Neoplasms from hospital discharges (CD2_)	sex_shared	0.00152118320754072	0.0094560476058652			3156	-0.00793486439832448		0.630965280915499	0.29	0.29	registry
CD2_BENIGN_ENDOCRINE_NOS	Benign neoplasm: Endocrine gland, other/unspecified	II Neoplasms from hospital discharges (CD2_)	sex_shared	0.00387741039749395	-0.00881082028027573			118	0.0126882306777697		0.023591224064648	0.02	0.02	registry
CD2_BENIGN_ENDOCRINE_OTH	Benign neoplasm of other and unspecified endocrine glands	II Neoplasms from hospital discharges (CD2_)	sex_shared	0.0064900751971576	-0.00354157913978979	0.0869	0.0023	5409	0.0100316543369474	0.0846	1.08139772004814	0.38	0.38	registry
CD2_BENIGN_ENDOCRINE_PANCREAS	Benign neoplasm: Endocrine pancreas	II Neoplasms from hospital discharges (CD2_)	sex_shared	0.0110455878455016	0.022455488113853	9e-04	0.3731	215	-0.0114099002683514	-0.3722	0.0429840099482992	0.01	0.01	registry
CD2_BENIGN_EPIDIDYMIS	Benign neoplasm: Epididymis	II Neoplasms from hospital discharges (CD2_)	male_limited	0.0238583915586817	0.0157580056102108	0.1355	-0.0044	118	0.0081003859484709	0.1399	0.0540597497674973	0.03	0.03	registry
CD2_BENIGN_EXTRAHEPATIC_BILE	Benign neoplasm: Extrahepatic bile ducts	II Neoplasms from hospital discharges (CD2_)	sex_shared	0.0209397671342216	-0.00138305050274768	-0.1611	-0.063	105	0.0223228176369693	-0.0981	0.0209921909049833	0.01	0.01	registry
CD2_BENIGN_EYE	Benign neoplasm of eye and adnexa	II Neoplasms from hospital discharges (CD2_)	sex_shared	0.0276480261485885	-0.0102087685963214			4070	0.0378567947449099		0.813697304602688	0.37	0.37	registry
CD2_BENIGN_FEMALE_GEN_NOS	Benign neoplasm: Female genital organ, unspecified	II Neoplasms from hospital discharges (CD2_)	gynaecological	0.015347863726434	0.0185886121689814			107	-0.0032407484425474		0.0379555104661433	0.03	0.03	registry
CD2_BENIGN_FEMALE_GEN_OTH	Benign neoplasm of other and unspecified female genital organs	II Neoplasms from hospital discharges (CD2_)	gynaecological	0.00911981845319184	0.0236466812057452	0.2171	0.0054	1594	-0.0145268627525534	0.2117	0.565430688626472	0.32	0.32	registry
CD2_BENIGN_FLOOROFMOUTH	Benign neoplasm: Floor of mouth	II Neoplasms from hospital discharges (CD2_)	sex_shared	-0.00722273954405805	0.009802772160106	-0.1067	0.011	128	-0.0170255117041641	-0.1177	0.025590480341313	0.01	0.01	registry
CD2_BENIGN_HEAMANGIOMA_LYMPHANGIOMA	Haemangioma and lymphangioma, any site	II Neoplasms from hospital discharges (CD2_)	sex_shared	0.00296974114318118	0.00435076931035448	0.0603	-0.0184	3683	-0.0013810281671733	0.0787	0.736326086695749	0.45	0.45	registry
CD2_BENIGN_HEART	Benign neoplasm: Heart	II Neoplasms from hospital discharges (CD2_)	sex_shared	-0.0117826557637904	0.0217693726542737	-0.0909	0.111	114	-0.0335520284180641	-0.2019	0.0227915215539819	0.01	0.01	registry
CD2_BENIGN_HEMANGIOMA	Haemangioma, any site	II Neoplasms from hospital discharges (CD2_)	sex_shared	0.00736985766928041	0.00830112545536353	0.101	-0.0014	3401	-0.000931267786083119	0.1024	0.679947059693794	0.42	0.42	registry
CD2_BENIGN_HYPOPHARYNX	Benign neoplasm: Hypopharynx	II Neoplasms from hospital discharges (CD2_)	sex_shared	0.011161155572697	0.0107121665312024			160	0.0004489890414946		0.0319881004266413	0.01	0.01	registry
CD2_BENIGN_INTRATHORACIC	Benign neoplasm of other and unspecified intrathoracic organs	II Neoplasms from hospital discharges (CD2_)	sex_shared	-0.0106561236976707	0.011104885898608	-0.1479	0.0724	375	-0.0217610095962787	-0.2203	0.0749721103749405	0.04	0.04	registry
CD2_BENIGN_INTRATHORACIC_NOS	Benign neoplasm: Other specified/unspecified intrathoracic organs (+ respiratory system NOS of Icd-9)	II Neoplasms from hospital discharges (CD2_)	sex_shared	0.0186409765470875	-0.0107096167641773	0.0892	-0.0421	92	0.0293505933112648	0.1313	0.0183931577453187	0.01	0.01	registry
CD2_BENIGN_KIDNEY	Benign neoplasm: Kidney	II Neoplasms from hospital discharges (CD2_)	sex_shared	0.0156292133522513	-0.0152415436451767			1231	0.030870756997428		0.246108447657471	0.1	0.1	registry
CD2_BENIGN_LARYNX	Benign neoplasm: Larynx	II Neoplasms from hospital discharges (CD2_)	sex_shared	0.00717064949991277	0.0226146893998177			1189	-0.0154440398999049		0.237711571295478	0.12	0.12	registry
CD2_BENIGN_LEIOMYOMA_UTERI	Leiomyoma of uterus	II Neoplasms from hospital discharges (CD2_)	gynaecological	-0.00673177157494135	-0.0141132693064116	0.0157	-0.0199	42816	0.00738149773147025	0.0356	15.1878797768074	8.67	8.67	registry
CD2_BENIGN_LIP	Benign neoplasm: Lip	II Neoplasms from hospital discharges (CD2_)	sex_shared	0.00917559541446683	0.0210938710563717	1.1339	-0.086	766	-0.0119182756419049	1.2199	0.153143030792545	0.08	0.08	registry
CD2_BENIGN_LIPOMATOUS	Benign lipomatous neoplasm	II Neoplasms from hospital discharges (CD2_)	sex_shared	0.0306312394699823	0.0123376814487833	0.2031	0.0909	13526	0.018293558021199	0.1122	2.70419403981719	1.34	1.34	registry
CD2_BENIGN_LIPO_INTRATHO	Benign lipomatous neoplasm of  of intra-abdominal organs	II Neoplasms from hospital discharges (CD2_)	sex_shared	0.000419791153261871	0.0315161135576936	0.1845	0.2762	110	-0.0310963224044317	-0.0917	0.0219918190433159	0.01	0.01	registry
CD2_BENIGN_LIPO_NOS	Benign lipomatous neoplasm of other sites/unspecified	II Neoplasms from hospital discharges (CD2_)	sex_shared	-0.00174585203552342	0.0169525046699901	-0.0841	0.0082	3468	-0.0186983567055135	-0.0923	0.69334207674745	0.44	0.44	registry
CD2_BENIGN_LIPO_SKIN_HEADFACENECK	Benign lipomatous neoplasm of skin and subcutaneous tissue of head, face and neck	II Neoplasms from hospital discharges (CD2_)	sex_shared	0.00589272384091332	-0.0011750919709064	0.1496	-0.1488	2511	0.00706781581181972	0.2984	0.502013251070602	0.25	0.25	registry
CD2_BENIGN_LIPO_SKIN_LIMBS	Benign lipomatous neoplasm of skin and subcutaneous tissue of limbs	II Neoplasms from hospital discharges (CD2_)	sex_shared	0.000874114452770248	0.000838864387909806	0.0393	0.2991	3119	3.5250064860442e-05	-0.2598	0.623568032691839	0.27	0.27	registry
CD2_BENIGN_LIPO_SKIN_NOS	Benign lipomatous neoplasm of skin and subcutaneous tissue of other and unspecified sites	II Neoplasms from hospital discharges (CD2_)	sex_shared	0.0070180204081459	0.00550740169112989			256	0.00151061871701601		0.0511809606826261	0.03	0.03	registry
CD2_BENIGN_LIPO_SKIN_TRUNK	Benign lipomatous neoplasm of skin and subcutaneous tissue of trunk	II Neoplasms from hospital discharges (CD2_)	sex_shared	0.0470899825935803	0.00480826486876027	0.2912	0.1094	5593	0.04228171772482	0.1818	1.11818403553878	0.49	0.49	registry
CD2_BENIGN_LIVER	Benign neoplasm: Liver	II Neoplasms from hospital discharges (CD2_)	sex_shared	0.0110983745789043	0.0237089642858582	0.2776	0.2424	875	-0.0126105897069539	0.0352	0.174934924208195	0.06	0.06	registry
CD2_BENIGN_LIVE_BILE	Benign neoplasm: Liver/bile ducts	II Neoplasms from hospital discharges (CD2_)	sex_shared	0.0126761400041589	0.0208199537879209	0.1971	0.1827	977	-0.008143813783762	0.0144	0.195327338230178	0.07	0.07	registry
CD2_BENIGN_LYMPHANGIOMA	Lymphangioma, anys site	II Neoplasms from hospital discharges (CD2_)	sex_shared	-0.0122841603065609	-0.00748401805764664			291	-0.00480014224891426		0.0581783576509539	0.04	0.04	registry
CD2_BENIGN_LYMPHNODES	Benign neoplasm: Lymph nodes	II Neoplasms from hospital discharges (CD2_)	sex_shared	0.0118519443216469	-0.00300530064306			95	0.0148572449647069		0.0189929346283183	0.01	0.01	registry
CD2_BENIGN_MALE_GEN	Benign neoplasm of male genital organs	II Neoplasms from hospital discharges (CD2_)	male_limited	0.00331895643962116	0.0159524939219016	0.0987	-0.0774	748	-0.0126335374822804	0.1761	0.34268383750922	0.16	0.16	registry
CD2_BENIGN_MEDIASTINUM	Benign neoplasm: Mediastinum	II Neoplasms from hospital discharges (CD2_)	sex_shared	-0.0141676047059925	-0.00230269096095352			116	-0.011864913745039		0.0231913728093149	0.01	0.01	registry
CD2_BENIGN_MELANOCYTIC	Melanocytic naevi	II Neoplasms from hospital discharges (CD2_)	sex_shared	-0.0113737881287744	0.00564484359083423	-0.0366	-0.1047	14183	-0.0170186317196086	0.0681	2.83554517719408	1.31	1.31	registry
CD2_BENIGN_MELANOCYTIC_EAR	Melanocytic naevi of ear and external auricular canal	II Neoplasms from hospital discharges (CD2_)	sex_shared	-0.00926010451328068	0.00505097123382373			212	-0.0143110757471044		0.0423842330652997	0.02	0.02	registry
CD2_BENIGN_MELANOCYTIC_EYELID	Melanocytic naevi of eyelid, including canthus	II Neoplasms from hospital discharges (CD2_)	sex_shared	0.0188789871930729	-0.00161503408229963	-0.2273	-0.0615	337	0.0204940212753725	-0.1658	0.0673749365236132	0.04	0.04	registry
CD2_BENIGN_MELANOCYTIC_FACE	Melanocytic naevi of other and unspecified parts of face	II Neoplasms from hospital discharges (CD2_)	sex_shared	0.0159584583058801	0.00674915367053952	0.1287	-0.1007	2333	0.00920930463534058	0.2294	0.466426489345963	0.25	0.25	registry
CD2_BENIGN_MELANOCYTIC_LIP	Melanocytic naevi of lip	II Neoplasms from hospital discharges (CD2_)	sex_shared	0.0034175169113376	0.00870638203632819			311	-0.00528886512499059		0.062176870204284	0.03	0.03	registry
CD2_BENIGN_MELANOCYTIC_LOWERLIMB	Melanocytic naevi of lower limb, including hip	II Neoplasms from hospital discharges (CD2_)	sex_shared	-0.0190705203136694	-0.0207591389808725	0.1403	-0.1695	1705	0.0016886186672031	0.3098	0.340873195171396	0.16	0.16	registry
CD2_BENIGN_MELANOCYTIC_NOS	Melanocytic naevi, other sites/unspecified	II Neoplasms from hospital discharges (CD2_)	sex_shared	-0.0109689931951707	-0.00624747989178269	0.0346	-0.0082	3274	-0.00472151330338801	0.0428	0.654556504980147	0.26	0.26	registry
CD2_BENIGN_MELANOCYTIC_SCALPNECK	Melanocytic naevi of scalp and neck	II Neoplasms from hospital discharges (CD2_)	sex_shared	-0.00944594210816069	0.00758477343349013	-0.0568	0.2484	907	-0.0170307155416508	-0.3052	0.181332544293523	0.1	0.1	registry
CD2_BENIGN_MELANOCYTIC_TRUNK	Melanocytic naevi of trunk	II Neoplasms from hospital discharges (CD2_)	sex_shared	0.00797233021607029	0.017622916596914	0.0068	-0.0288	5088	-0.00965058638084371	0.0356	1.01722159356719	0.42	0.42	registry
CD2_BENIGN_MELANOCYTIC_UPPERLIMB	Melanocytic naevi of upper limb, including shoulder	II Neoplasms from hospital discharges (CD2_)	sex_shared	0.00435124436905114	-0.00127378487739253	0.3237	-0.0647	864	0.00562502924644367	0.3884	0.172735742303863	0.08	0.08	registry
CD2_BENIGN_MENINGES	Benign neoplasm of meninges	II Neoplasms from hospital discharges (CD2_)	sex_shared	0.000811093623947602	0.0159421792414334	0.0112	0.0541	4072	-0.0151310856174858	-0.0429	0.814097155858021	0.43	0.43	registry
CD2_BENIGN_MENINGES_CEREBRAL	Benign neoplasm: Cerebral meninges	II Neoplasms from hospital discharges (CD2_)	sex_shared	0.00184820020889276	0.0170833303233195	-0.012	0.0688	3676	-0.0152351301144267	-0.0808	0.734926607302084	0.38	0.38	registry
CD2_BENIGN_MENINGES_NOS	Beningn neoplasm: Meninges, unspecified	II Neoplasms from hospital discharges (CD2_)	sex_shared	-0.00528076153785839	0.0229483341636629			562	-0.0282290957015213		0.112358202748578	0.08	0.08	registry
CD2_BENIGN_MENINGES_SPINAL	Benign neoplasm: Spinal meninges	II Neoplasms from hospital discharges (CD2_)	sex_shared	-0.0186719088134324	0.0013598830552439	0.2637	0.2148	365	-0.0200317918686763	0.0489	0.0729728540982755	0.04	0.04	registry
CD2_BENIGN_MOUTH_NOS	Benign neoplasm: Other and unspecified parts of mouth	II Neoplasms from hospital discharges (CD2_)	sex_shared	0.000192265935761114	0.00759514250069815	-0.0809	0.2101	1221	-0.00740287656493704	-0.291	0.244109191380806	0.13	0.13	registry
CD2_BENIGN_MOUTH_PHARYNX	Benign neoplasm of mouth and pharynx	II Neoplasms from hospital discharges (CD2_)	sex_shared	0.0125788859798314	0.00126946409798206	0.1747	0.05	4420	0.0113094218818493	0.1247	0.883671274285966	0.43	0.43	registry
CD2_BENIGN_NASOPHARYNX	Benign neoplasm: Nasopharynx	II Neoplasms from hospital discharges (CD2_)	sex_shared	0.00646446629294786	0.00518281796240362			307	0.00128164833054424		0.061377167693618	0.02	0.02	registry
CD2_BENIGN_NOS	Benign neoplasm: Other/unspecified site	II Neoplasms from hospital discharges (CD2_)	sex_shared	0.00746155091011332	0.0171065846166585			568	-0.00964503370654518		0.113557756514577	0.07	0.07	registry
CD2_BENIGN_OESOPHAGUS	Benign neoplasm: Oesophagus	II Neoplasms from hospital discharges (CD2_)	sex_shared	0.012730079862695	0.0014986158884254			413	0.0112314639742696		0.0825692842262678	0.03	0.03	registry
CD2_BENIGN_ORBIT_NOS	Benign neoplasm: Orbit, unspecified	II Neoplasms from hospital discharges (CD2_)	sex_shared	0.0048632757840227	0.00709223185583552	0.0058	0.0394	220	-0.00222895607181282	-0.0336	0.0439836380866318	0.02	0.02	registry
CD2_BENIGN_OROPHA_OTHER	Benign neoplasm: Other parts of oropharynx	II Neoplasms from hospital discharges (CD2_)	sex_shared	0.0150560409885414	0.00194059687345057	-0.0609	0.1481	325	0.0131154441150908	-0.209	0.0649758289916151	0.03	0.03	registry
CD2_BENIGN_OTHERDIGESTIVE	Benign neoplasm of other and ill-defined parts of digestive system	II Neoplasms from hospital discharges (CD2_)	sex_shared	-0.00227390340558299	0.00829589667551528	-0.0663	0.1149	7543	-0.0105698000810983	-0.1812	1.50803900948847	0.57	0.57	registry
CD2_BENIGN_OTHER_NOS	Benign neoplasm of other and unspecified sites	II Neoplasms from hospital discharges (CD2_)	sex_shared	0.00998964496596335	0.0128352566464324			1218	-0.00284561168046905		0.243509414497807	0.13	0.13	registry
CD2_BENIGN_OVARY	Benign neoplasm of ovary	II Neoplasms from hospital discharges (CD2_)	gynaecological	0.0073954868299838	-0.00935502931512815	-0.0476	0.0224	7180	0.016750516145112	-0.07	2.54692116959728	1.55	1.55	registry
CD2_BENIGN_PANCREAS	Benign neoplasm: Pancreas	II Neoplasms from hospital discharges (CD2_)	sex_shared	-0.00193726831204903	-0.0120898481803619	0.014	-0.1056	954	0.0101525798683129	0.1196	0.190729048793849	0.06	0.06	registry
CD2_BENIGN_PARATHYROID	Benign neoplasm: Parathyroid gland	II Neoplasms from hospital discharges (CD2_)	sex_shared	-0.00691478632419825	-0.00717222660311539	-0.0676	-0.0363	389	0.000257440278917141	-0.0313	0.0777710691622716	0.04	0.04	registry
CD2_BENIGN_PAROTID	Benign neoplasm: Parotid gland	II Neoplasms from hospital discharges (CD2_)	sex_shared	0.0201004651215978	0.0058363704207402	0.164	0.0542	3070	0.0142640947008576	0.1098	0.61377167693618	0.25	0.25	registry
CD2_BENIGN_PELVIC_BONES_SACRUM_COCCYX	Benign neoplasm: Pelvic bones, sacrum and coccyx	II Neoplasms from hospital discharges (CD2_)	sex_shared	-0.0203882446399401	0.0159444461957809			154	-0.036332690835721		0.0307885466606422	0.01	0.01	registry
CD2_BENIGN_PENIS	Benign neoplasm: Penis	II Neoplasms from hospital discharges (CD2_)	male_limited	0.0137816604090028	0.0252333276890636	0.0929	0.0456	68	-0.0114516672800608	0.0473	0.0311530761372018	0.02	0.02	registry
CD2_BENIGN_PERIPH_AUTO_NEURO	Benign neoplasm: Peripheral nerves and autonomic nervous system	II Neoplasms from hospital discharges (CD2_)	sex_shared	0.000292238508171184	0.0180949778186424			570	-0.0178027393104712		0.11395760776991	0.05	0.05	registry
CD2_BENIGN_PHARYNX_NOS	Benign neoplasm: Pharynx, unspecified	II Neoplasms from hospital discharges (CD2_)	sex_shared	-0.00790441513689691	0.00806185093887558	-0.0029	-0.0428	275	-0.0159662660757725	0.0399	0.0549795476082897	0.02	0.02	registry
CD2_BENIGN_PINEAL	Benign neoplasm: Pineal gland	II Neoplasms from hospital discharges (CD2_)	sex_shared	-0.0197042643911764	-0.00250911212214433			85	-0.0171951522690321		0.0169936783516532	0.01	0.01	registry
CD2_BENIGN_PITUITARY_CRANIPHAR	Benign neoplasm: Pituitary gland, craniopharyngeal duct	II Neoplasms from hospital discharges (CD2_)	sex_shared	0.00923446003982874	-0.00650087151881674	0.1784	-0.0583	2009	0.0157353315586455	0.2367	0.401650585982015	0.15	0.15	registry
CD2_BENIGN_PROSTATE	Benign neoplasm: Prostate	II Neoplasms from hospital discharges (CD2_)	male_limited	-0.0091163022830508	-0.00704742256613903	0.2283	8e-04	237	-0.00206887971691177	0.2275	0.1085776330076	0.04	0.04	registry
CD2_BENIGN_RECTOSIGMOID_JUNC	Benign neoplasm: Rectosigmoid junction	II Neoplasms from hospital discharges (CD2_)	sex_shared	-0.0038813818379109	-0.0186765831154563	-0.1833	-0.0673	1462	0.0147952012775454	-0.116	0.292291267648435	0.11	0.11	registry
CD2_BENIGN_RECTUM	Benign neoplasm: Rectum	II Neoplasms from hospital discharges (CD2_)	sex_shared	0.00537625496201306	0.0239780698999309	0.1234	0.096	7451	-0.0186018149379178	0.0274	1.48964585174315	0.51	0.51	registry
CD2_BENIGN_RECTUM_ANAL	Benign neoplasm: Rectum, anus and anal canal	II Neoplasms from hospital discharges (CD2_)	sex_shared	0.0127702952722423	0.0235805568995709	0.1402	0.0953	8568	-0.0108102616273286	0.0449	1.71296277784664	0.65	0.65	registry
CD2_BENIGN_RENALPELVIS	Benign neoplasm: Renal pelvis	II Neoplasms from hospital discharges (CD2_)	sex_shared	-0.0261792237399239	-0.00365707549089182	-0.2581	-0.0058	51	-0.0225221482490321	-0.2523	0.0101962070109919	0.01	0.01	registry
CD2_BENIGN_RESPIRATORY_NOS	Benign neoplasm: Respiratory system, unspecified	II Neoplasms from hospital discharges (CD2_)	sex_shared	-0.00373082118655907	-0.0111472600088095	0.4667	-0.041	74	0.00741643882225043	0.5077	0.0147944964473216	0.01	0.01	registry
CD2_BENIGN_RETINA	Benign neoplasm: Retina	II Neoplasms from hospital discharges (CD2_)	sex_shared	0.00972205538536777	0.024284730134904	-0.1417	0.0822	193	-0.0145626747495362	-0.2239	0.0385856461396361	0.02	0.02	registry
CD2_BENIGN_RETROPERITONEUM_PERITONEUM	Benign neoplasm of soft tissue of retroperitoneum and peritoneum	II Neoplasms from hospital discharges (CD2_)	sex_shared	-0.00200448289110475	0.0119648127945578			183	-0.0139692956856626		0.036586389862971	0.02	0.02	registry
CD2_BENIGN_RIBS_STERNUM_CLAVICLE	Benign neoplasm: Ribs, sternum and clavicle	II Neoplasms from hospital discharges (CD2_)	sex_shared	0.00871894091991437	0.0110602900648864			82	-0.00234134914497203		0.0163939014686537	0.01	0.01	registry
CD2_BENIGN_SALIVARY	Benign neoplasm of major salivary glands	II Neoplasms from hospital discharges (CD2_)	sex_shared	0.0151035287472827	0.00624000948349056	0.1926	0.0668	3919	0.00886351926379214	0.1258	0.783508534825045	0.35	0.35	registry
CD2_BENIGN_SALIVARY_KNOWN	Benign neoplasm: salivary glands, exclude unknown (D119)	II Neoplasms from hospital discharges (CD2_)	sex_shared	0.0234679106733805	0.0063524397466602	0.1964	0.0716	3436	0.0171154709267203	0.1248	0.686944456662122	0.28	0.28	registry
CD2_BENIGN_SALIVARY_NOS	Benign neoplasm: other/unspecified salivary gland	II Neoplasms from hospital discharges (CD2_)	sex_shared	-0.0135603070344228	0.00543650648333806	0.1464	0.1009	995	-0.0189968135177609	0.0455	0.198925999528176	0.11	0.11	registry
CD2_BENIGN_SCROTUM	Benign neoplasm: Scrotum	II Neoplasms from hospital discharges (CD2_)	male_limited	0.00538447849447334	-0.00961031054497884	0.1086	-0.1737	144	0.0149947890394522	0.2823	0.0659712200552509	0.03	0.03	registry
CD2_BENIGN_SIGMOID_COLON	Benign neoplasm: Sigmoid colon	II Neoplasms from hospital discharges (CD2_)	sex_shared	0.0223167169358654	0.0221393002220396	0.1575	0.1594	7922	0.0001774167138258	-0.00189999999999999	1.58381082237408	0.53	0.53	registry
CD2_BENIGN_SKIN	Other benign neoplasms of skin	II Neoplasms from hospital discharges (CD2_)	sex_shared	-0.017033083228741	0.010322951126286	0.0568	-0.0805	18002	-0.027356034355027	0.1373	3.59906114925248	1.85	1.85	registry
CD2_BENIGN_SMALL_INTESTINE	Benign neoplasm: Small intestine	II Neoplasms from hospital discharges (CD2_)	sex_shared	0.0135911628310992	-0.0015682218718836			1425	0.0151593847029828		0.284894019424774	0.11	0.11	registry
CD2_BENIGN_SMALL_INTESTINE_OTH	Benign neoplasm: Other and unspecified parts of small intestine	II Neoplasms from hospital discharges (CD2_)	sex_shared	0.0163822151147362	0.00182728880789321			552	0.014554926306843		0.110358946471912	0.05	0.05	registry
CD2_BENIGN_SPINAL_CORD	Benign neoplasm: Spinal cord	II Neoplasms from hospital discharges (CD2_)	sex_shared	0.00801054959528889	0.0300240673312714	0.0062	0.0931	502	-0.0220135177359825	-0.0869	0.100362665088587	0.04	0.04	registry
CD2_BENIGN_STOMACH	Benign neoplasm: Stomach	II Neoplasms from hospital discharges (CD2_)	sex_shared	-0.00948215050050957	0.00179672079654389	-0.3913	0.0903	3810	-0.0112788712970535	-0.4816	0.761716641409396	0.3	0.3	registry
CD2_BENIGN_TESTIS	Benign neoplasm: Testis	II Neoplasms from hospital discharges (CD2_)	male_limited	-0.0210180819662359	0.0139035389248249	-0.185	-0.0365	154	-0.0349216208910608	-0.1485	0.07055255478131	0.04	0.04	registry
CD2_BENIGN_THYMUS	Benign neoplasm: Thymus	II Neoplasms from hospital discharges (CD2_)	sex_shared	-0.0207243356779359	0.0128635891617897	0.0795	0.0025	77	-0.0335879248397256	0.077	0.0153942733303211	0.01	0.01	registry
CD2_BENIGN_THYROID	Benign neoplasm of thyroid gland	II Neoplasms from hospital discharges (CD2_)	sex_shared	-0.00924502445870424	0.0129862563215009			1219	-0.0222312807802051		0.243709340125473	0.15	0.15	registry
CD2_BENIGN_TONGUE	Benign neoplasm: Tongue	II Neoplasms from hospital discharges (CD2_)	sex_shared	0.00329692398962092	-0.0107189768754877	0.0236	-0.0622	998	0.0140159008651086	0.0858	0.199525776411175	0.1	0.1	registry
CD2_BENIGN_TONSIL	Benign neoplasm: Tonsil	II Neoplasms from hospital discharges (CD2_)	sex_shared	0.0290172055945966	-0.0118832579649395	0.1472	-0.0426	426	0.0409004635595361	0.1898	0.0851683173859324	0.04	0.04	registry
CD2_BENIGN_TRANSVERSE_COLON	Benign neoplasm: Transverse colon	II Neoplasms from hospital discharges (CD2_)	sex_shared	0.0196840856729611	0.00864939805548049	0.1499	0.1355	4089	0.0110346876174806	0.0144	0.817495891528352	0.23	0.23	registry
CD2_BENIGN_URINARY	Benign neoplasm of urinary organs	II Neoplasms from hospital discharges (CD2_)	sex_shared	0.00309151995782196	-0.00672163309545524			1725	0.0098131530532772		0.344871707724726	0.15	0.15	registry
CD2_BENIGN_URINARY_NOS	Benign neoplasm: Urinary organ, other/unspecified	II Neoplasms from hospital discharges (CD2_)	sex_shared	0.00238464688973504	-0.00806330851308409			96	0.0104479554028191		0.0191928602559848	0.01	0.01	registry
CD2_BENIGN_UTERINE_TUBES_LIGAMENTS	Benign neoplasm: Uterine tubes and ligaments	II Neoplasms from hospital discharges (CD2_)	gynaecological	0.0103122445607533	-0.00814080537319209	-0.1633	-0.2254	220	0.0184530499339454	0.0621	0.0780393673135657	0.05	0.05	registry
CD2_BENIGN_UTERUS_NOS	Other benign neoplasm of uterus: Other parts/unspecified	II Neoplasms from hospital discharges (CD2_)	gynaecological	-0.0327398708733582	-0.0198499343204031	-0.086	-0.0702	1430	-0.0128899365529551	-0.0158	0.507255887538177	0.61	0.61	registry
CD2_BENIGN_UTERUS_OTH	Other benign neoplasms of uterus	II Neoplasms from hospital discharges (CD2_)	gynaecological	-0.0344380658272806	-0.0156161985984484	-0.0043	-0.0846	1914	-0.0188218672288322	0.0803	0.678942495628022	0.7	0.7	registry
CD2_BENIGN_VAGINA	Benign neoplasm: Vulva	II Neoplasms from hospital discharges (CD2_)	gynaecological	-0.00162126507321799	0.0179229530603651	0.0761	0.1025	743	-0.0195442181335831	-0.0264	0.263560226881724	0.15	0.15	registry
CD2_BENIGN_VULVA	Benign neoplasm: Vagina	II Neoplasms from hospital discharges (CD2_)	gynaecological	0.0139705874060813	0.0112391782048777	0.3715	-0.0521	462	0.0027314092012036	0.4236	0.163882671358488	0.09	0.09	registry
CD2_EYE_NOS	Benign neoplasm: Eye, unspecified	II Neoplasms from hospital discharges (CD2_)	sex_shared	0.00283471425603616	-0.00872158733382221	0.1682	0.1077	158	0.0115563015898584	0.0605	0.0315882491713083		0.0202262203594028	case-count proxy
CD2_INSITU	In situ neoplasms	II Neoplasms from hospital discharges (CD2_)	sex_shared	0.00688667152395477	-0.0171468731754642	0.025	-0.011	18216	0.024033544699419	0.036	3.64184523357311		1.73602523612512	case-count proxy
CD2_INSITU_BLADDER	Carcinoma in situ, bladder	II Neoplasms from hospital discharges (CD2_)	sex_shared	0.00106669837847406	-0.00272285888625166	0.1835	-0.3204	1135	0.00378955726472572	0.5039	0.226915587401487		0.128536430046032	case-count proxy
CD2_INSITU_BREAST	Carcinoma in situ of breast	II Neoplasms from hospital discharges (CD2_)	gynaecological	0.0259601954758544	-0.00142941817201519	0.1065	-0.1157	194	0.0273896136478696	0.2222	0.0688165329946898		0.0419819470132806	case-count proxy
CD2_INSITU_BREAST_INTRADUCTAL	Carcinoma in situ of breast, intraductal	II Neoplasms from hospital discharges (CD2_)	gynaecological	-0.00524394241171328	0.00141802176322722	-0.2714	-0.0375	3207	-0.0066619641749405	-0.2339	1.13760114079366		0.582954088607023	case-count proxy
CD2_INSITU_BREAST_LOBULAR	Carcinoma in situ of breast, lobular	II Neoplasms from hospital discharges (CD2_)	gynaecological	-0.0143655668480525	0.00489569575529315	-0.2963	-0.1958	253	-0.0192612626033456	-0.1005	0.0897452724106006		0.0538534487712235	case-count proxy
CD2_INSITU_BREAST_NOS	Carcinoma in situ of breast, other/unspecified	II Neoplasms from hospital discharges (CD2_)	gynaecological	0.00804719092384888	-0.0143761283999573			474	0.0224233193238062		0.168139364121046		0.0970339709325359	case-count proxy
CD2_INSITU_CERVIX_UTERI	Carcinoma in situ of cervix uteri	II Neoplasms from hospital discharges (CD2_)	gynaecological	0.0179121559169916	-0.00053802489833709	0.1473	0.1054	4062	0.0184501808153287	0.0419	1.44089050012593		0.727604671103501	case-count proxy
CD2_INSITU_CERVIX_UTERI_ENDOCERVIX	Carcinoma in situ of cervix uteri, endocervix	II Neoplasms from hospital discharges (CD2_)	gynaecological	-0.00944675464001856	0.00132226604214515			441	-0.0107690206821637		0.156433459024011		0.0906842845156114	case-count proxy
CD2_INSITU_CERVIX_UTERI_EXOCERVIX	Carcinoma in situ of cervix uteri, exocervix	II Neoplasms from hospital discharges (CD2_)	gynaecological	0.0222823818209096	-0.0100088986649661	0.1289	0.2006	252	0.0322912804858757	-0.0717	0.0893905480137207		0.0536537953967765	case-count proxy
CD2_INSITU_CERVIX_UTERI_NOS	Carcinoma in situ of uteri, other/unspecified	II Neoplasms from hospital discharges (CD2_)	gynaecological	0.00699824046251076	0.0160994652374685			225	-0.00910122477495774		0.079812989297965		0.0482438169276922	case-count proxy
CD2_INSITU_COLON	Carcinoma in situ of colon	II Neoplasms from hospital discharges (CD2_)	sex_shared	0.00530084268005732	0.020634222792651	0.0083	0.1006	652	-0.0153333801125937	-0.0923	0.130351509238563		0.0764261722810178	case-count proxy
CD2_INSITU_DIGESTIVE	Carcinoma in situ of other and unspecified digestive organs	II Neoplasms from hospital discharges (CD2_)	sex_shared	-0.00923426639794361	0.00206930097561776	-0.4131	0.1141	1167	-0.0113035673735614	-0.5272	0.233313207486815		0.131932163782233	case-count proxy
CD2_INSITU_EAR_RESP	Carcinoma in situ of middle ear and respiratory system	II Neoplasms from hospital discharges (CD2_)	sex_shared	0.00716577030749024	0.00365343670333622			167	0.00351233360415402		0.0333875798203068		0.0213048590047287	case-count proxy
CD2_INSITU_ENDOMETRIUM	Carcinoma in situ of endometrium	II Neoplasms from hospital discharges (CD2_)	gynaecological	-0.0123546562746846	0.00687402585426727	-0.6823	0.2685	162	-0.0192286821289519	-0.9508	0.0574653522945348		0.0354520956402328	case-count proxy
CD2_INSITU_GENITAL	Carcinoma in situ of other and unspecified genital organs	II Neoplasms from hospital discharges (CD2_)	sex_shared	-0.000857649115424622	-0.0166196445225779	0.0591	-0.0197	648	0.0157619954071533	0.0788	0.229861409178139		0.130100744838147	case-count proxy
CD2_INSITU_LARYNX	Carcinoma in situ of larynx	II Neoplasms from hospital discharges (CD2_)	sex_shared	0.00189099497596321	0.00066818922602372	0.3201	0.1753	61	0.00122280574993949	0.1448	0.012195463287657		0.00828473422135088	case-count proxy
CD2_INSITU_LIPORALPHARYNX	Carcinoma in situ of lip, oral cavity and pharynx	II Neoplasms from hospital discharges (CD2_)	sex_shared	0.0130253438822361	0.0123323286211193	0.2751	-0.0662	91	0.0006930152611168	0.3413	0.0181932321176522		0.0120557097617153	case-count proxy
CD2_INSITU_MELANOMA	Melanoma in situ	II Neoplasms from hospital discharges (CD2_)	sex_shared	-0.0110033487666823	-0.000335896110973501	-0.0365	0.0687	1561	-0.0106674526557088	-0.1052	0.312083904787419		0.17331267955579	case-count proxy
CD2_INSITU_MELANOMA_FACE	Melanoma in situ of other and unspecified parts of face	II Neoplasms from hospital discharges (CD2_)	sex_shared	0.00316337358154614	-0.00259734015790311	0.262	0.0723	402	0.00576071373944925	0.1897	0.0803701023219363		0.0485595700390624	case-count proxy
CD2_INSITU_MELANOMA_LOWERLIMB	Melanoma in situ of lower limb, including hip	II Neoplasms from hospital discharges (CD2_)	sex_shared	-0.00297756976079751	-0.0140562402108328			232	0.0110786704500353		0.0463827456186299		0.0289985283334913	case-count proxy
CD2_INSITU_MELANOMA_NOS	Melanoma in situ, other sites/unspecified	II Neoplasms from hospital discharges (CD2_)	sex_shared	-0.00587654045323968	-0.013605060102194	0.1738	0.07	116	0.00772851964895432	0.1038	0.0231913728093149		0.0151375999183206	case-count proxy
CD2_INSITU_MELANOMA_SCALPNECK	Melanoma in situ of scalp and neck	II Neoplasms from hospital discharges (CD2_)	sex_shared	-0.00188163750333709	-0.0130797119975129	-0.0978	-0.0067	86	0.0111980744941758	-0.0911	0.0171936039793197		0.0114333988358641	case-count proxy
CD2_INSITU_MELANOMA_TRUNK	Melanoma in situ of trunk	II Neoplasms from hospital discharges (CD2_)	sex_shared	-0.0204045891361123	0.0150356083469418	-0.0344	0.0295	509	-0.0354401974830541	-0.0639	0.101762144482253		0.0605893096714221	case-count proxy
CD2_INSITU_MELANOMA_UPPERLIMB	Melanoma in situ of upper limb, including shoulder	II Neoplasms from hospital discharges (CD2_)	sex_shared	-0.0148621282479578	-0.00528880854052385	-0.1467	0.0079	258	-0.00957331970743395	-0.1546	0.0515808119379591		0.0320361471042492	case-count proxy
CD2_INSITU_ORAL	Carcinoma in situ of oral cavity, oesophagus and stomach	II Neoplasms from hospital discharges (CD2_)	sex_shared	-0.0117494505835424	0.0146441200537391	0.3382	0.0453	195	-0.0263935706372815	0.2929	0.0389854973949691		0.0246384013046956	case-count proxy
CD2_INSITU_ORALCAVITY	Carcinoma in situ of oral cavity	II Neoplasms from hospital discharges (CD2_)	sex_shared	-0.0301514164392873	0.00669640102882669	-0.0148	-0.1716	79	-0.036847817468114	0.1568	0.0157941245856541		0.0105583437938406	case-count proxy
CD2_INSITU_OROPHARYNX	Carcinoma in situ of oral cavity and pharynx	II Neoplasms from hospital discharges (CD2_)	sex_shared	0.012463081030367	0.00872515523592051	-0.0063	-0.178	53	0.00373792579444649	0.1717	0.0105960582663249		0.00726138617642085	case-count proxy
CD2_INSITU_OTHER_NOS	Carcinoma in situ of other and unspecified sites	II Neoplasms from hospital discharges (CD2_)	sex_shared	-0.00167310817736998	-0.00710452923753501	0.1555	-0.1973	1257	0.00543142106016503	0.3528	0.251306513976801		0.141452182856478	case-count proxy
CD2_INSITU_PENIS	Carcinoma in situ of penis	II Neoplasms from hospital discharges (CD2_)	male_limited	0.0112747546665759	0.00370238810345863	0.1298	0.1261	58	0.00757236656311727	0.00370000000000001	0.0265717414111427		0.0171979830411733	case-count proxy
CD2_INSITU_PROSTATE	Carcinoma in situ of prostate	II Neoplasms from hospital discharges (CD2_)	male_limited	0.0174207593821913	0.000572958618055307	0.3017	0.0044	196	0.016847800764136	0.2973	0.0897941606307582		0.0538809612075927	case-count proxy
CD2_INSITU_RECTUM	Carcinoma in situ of rectum	II Neoplasms from hospital discharges (CD2_)	sex_shared	-0.0142723687990364	0.00511201724797823			373	-0.0193843860470146		0.0745722591196075		0.0452666940303297	case-count proxy
CD2_INSITU_SKIN	Carcinoma in situ of skin	II Neoplasms from hospital discharges (CD2_)	sex_shared	0.00696807431974184	-0.0170717599671338	0.2221	0.0514	3215	0.0240398342868756	0.1707	0.642760892947823		0.341275389517849	case-count proxy
CD2_INSITU_SKIN_EAR	Carcinoma in situ of skin of ear and external auricular canal	II Neoplasms from hospital discharges (CD2_)	sex_shared	0.0261848730706109	-0.0133330581146188	0.0737	-0.0871	510	0.0395179311852297	0.1608	0.101962070109919		0.0607009399369673	case-count proxy
CD2_INSITU_SKIN_EYELID	Carcinoma in situ of skin of eyelid, including canthus	II Neoplasms from hospital discharges (CD2_)	sex_shared	0.0222205576971117	0.000390915024533929	0.1292	-0.0169	74	0.0218296426725778	0.1461	0.0147944964473216		0.00993036914313727	case-count proxy
CD2_INSITU_SKIN_FACE	Carcinoma in situ of skin of other and unspecified parts of face	II Neoplasms from hospital discharges (CD2_)	sex_shared	0.0128166768480914	-0.0080382179595248	0.1304	0.0289	3227	0.0208548948076162	0.1015	0.645160000479821		0.342469886784547	case-count proxy
CD2_INSITU_SKIN_LIP	Carcinoma in situ of skin of lip	II Neoplasms from hospital discharges (CD2_)	sex_shared	0.00983058702546111	-0.0208439860167092	0.1626	-0.156	102	0.0306745730421703	0.3186	0.0203924140219838		0.0134174859239506	case-count proxy
CD2_INSITU_SKIN_LOWERLIMB	Carcinoma in situ of skin of lower limb, including hip	II Neoplasms from hospital discharges (CD2_)	sex_shared	-0.00308402456653911	-0.00322975783281345			709	0.00014573326627434		0.141747270015554		0.0826757846937512	case-count proxy
CD2_INSITU_SKIN_NOS	Carcinoma in situ of skin, other sites/unspecified	II Neoplasms from hospital discharges (CD2_)	sex_shared	0.000487014344119459	0.0140667102181996	0.2205	-0.1024	478	-0.0135796958740801	0.3229	0.0955644500245909		0.0571218639512063	case-count proxy
CD2_INSITU_SKIN_SCALPNECK	Carcinoma in situ of skin of scalp and neck	II Neoplasms from hospital discharges (CD2_)	sex_shared	0.00403311605632524	-0.00873523983114129	-0.0247	0.1062	859	0.0127683558874665	-0.1309	0.17173611416553		0.0989793679261885	case-count proxy
CD2_INSITU_SKIN_TRUNK	Carcinoma in situ of skin of trunk	II Neoplasms from hospital discharges (CD2_)	sex_shared	0.0171182223873452	0.0056835303588277	-0.0217	-0.0774	1122	0.0114346920285175	0.0557	0.224316554241822		0.127155221821131	case-count proxy
CD2_INSITU_SKIN_UPPERLIMB	Carcinoma in situ of skin of upper limb, including shoulder	II Neoplasms from hospital discharges (CD2_)	sex_shared	0.0172479293161902	0.0110148989668622	0.2844	0.0658	841	0.006233030349328	0.2186	0.168137452867533		0.0970329364978154	case-count proxy
CD2_INSITU_VAGINA	Carcinoma in situ of vagina	II Neoplasms from hospital discharges (CD2_)	gynaecological	0.00840589668885835	-0.00910794701946313	0.2023	-0.0543	171	0.0175138437083215	0.2566	0.0606578718664534		0.0372961066776878	case-count proxy
CD2_INSITU_VULVA	Carcinoma in situ of vulva	II Neoplasms from hospital discharges (CD2_)	gynaecological	0.0164297381711243	-0.0138626145913571	0.2208	-0.0855	278	0.0302923527624814	0.3063	0.0986133823325967		0.0588293532085184	case-count proxy
CHARCOT	Charcot foot	Comorbidities of Diabetes	sex_shared	-0.00172727189979645	0.00803869652388703	-0.1275	-0.081	656	-0.00976596842368348	-0.0465	0.191650914870183	0.04	0.04	registry
CHILDHOOD_ALLERGY	Childhood allergy (age < 16)	Asthma and related endpoints	sex_shared	-0.000209134000009296	0.0076798659966587	0.0913	0.0686	8112	-0.007888999996668	0.0227	1.62179669163071	3.16	3.16	registry
CHIRBIL_NAS	Biliary cirrhosis, NAS	Gastrointestinal endpoints	sex_shared	-0.00459461887343284	-0.0101794186845924	0.1683	-0.0911	100	0.00558479981115956	0.2594	0.0199925627666508	0.01	0.01	registry
CHIRBIL_PRIM	Primary biliary cholangitis (PBC)	Gastrointestinal endpoints	sex_shared	-0.0116567946053761	0.000457814029307764	0.1112	-0.0177	795	-0.0121146086346839	0.1289	0.215124758830263	0.09	0.09	registry
CHIRHEP_NAS	Cirrhosis of liver, NAS	Gastrointestinal endpoints	sex_shared	0.0183337997278985	-0.00816724287164034	0.0988	0.0644	1973	0.0265010425995388	0.0344	0.397726929116716	0.22	0.22	registry
CHONDRO_OTH	Other chondrocalcinosis	Rheuma endpoints	sex_shared	-0.0125285573351596	-0.0146606379858845	-0.0573	-0.1301	431	0.0021320806507249	0.0728	0.0862127594884043	0.04	0.04	registry
CHRONHEP_NAS	Chronic hepatitis NAS	Gastrointestinal endpoints	sex_shared	-0.00608399489554509	-0.0165410599173008			470	0.0104570650217557		0.0939650450032588	0.05	0.05	registry
CHRONIC_DRUGADVERS_INTERSTITIAL_LUNG_DISORD	Chronic drug-induced interstitial lung disorders	X Diseases of the respiratory system (J10_)	sex_shared	0.0195736222921194	-0.00288925952795835	0.1367	0.2505	51	0.0224628818200778	-0.1138	0.0101962070109919	0.01	0.01	registry
CHRONLARGE	Crohn's disease of large intestine	Gastrointestinal endpoints	sex_shared	-0.013962852467707	0.00254494785034824	-0.1381	-0.0699	2089	-0.0165078003180552	-0.0682	0.437480497668097	0.16	0.16	registry
CHRONMYELOPRO	Chronic myeloproliferative disease	Other, not yet classified endpoints (same as #MISC)	sex_shared	0.00366288679311342	-0.00064138323194926	-0.0375	-0.192	464	0.00430427002506268	0.1545	0.093285457520939	0.04	0.04	registry
CHRONNAS	Crohn's disease NAS	Gastrointestinal endpoints	sex_shared	-0.00714746244589609	0.0101038637014967	-0.0169	0.063	2682	-0.0172513261473928	-0.0799	0.56097050826187	0.22	0.22	registry
CHRONOTH	Other Crohn's disease	Gastrointestinal endpoints	sex_shared	-0.0138454212823375	0.00696547846427134	-0.056	-0.0629	2918	-0.0208108997466088	0.0069	0.610031442333423	0.2	0.2	registry
CHRONSMALL	Crohn's disease of small intestine	Gastrointestinal endpoints	sex_shared	-0.011454169224065	0.0113848209027319	-0.119	-0.0554	2875	-0.0228389901267969	-0.0636	0.601095980915464	0.2	0.2	registry
CHRYSTAL_NOS	Other/unspecified crystal arthropathies	Rheuma endpoints	sex_shared	-0.00192887014462027	-0.0033730385185173			213	0.00144416837389703		0.0426248929374755	0.02	0.02	registry
CIRRHOSIS_BROAD	Cirrhosis, broad definition used in the article https://doi.org/10.1101/594523	Gastrointestinal endpoints	sex_shared	0.0193790901987179	0.00154827238964303	0.1349	0.1165	6090	0.0178308178090749	0.0184	1.21754707248903	1.37	1.37	registry
CML	Chronic myeloid leukaemia [CML], BCR/ABL-positive	Other, not yet classified endpoints (same as #MISC)	sex_shared	-0.00437305500239275	0.0045827285174308			320	-0.00895578351982355		0.0643534290322451	0.04	0.04	registry
CMV_HEPATITIS	Cytomegaloviral hepatitis	I Certain infectious and parasitic diseases (AB1_)	sex_shared	-0.0213546962359801	-1.33583461229993e-05	0.179	0.1324	94	-0.0213413378898571	0.0466	0.0188188564942072	0.01	0.01	registry
CMV_NOS	Other/unspecified cytomegaloviral diseases	I Certain infectious and parasitic diseases (AB1_)	sex_shared	-0.00986659808944667	0.00948872687218229			654	-0.019355324961629		0.130784567421044	0.05	0.05	registry
CMV_PNEUMONIA	Cytomegaloviral pneumonitis	I Certain infectious and parasitic diseases (AB1_)	sex_shared	0.00606981561727695	0.0102132044036902	0.1255	0.2573	59	-0.00414338878641325	-0.1318	0.0118126631749235	0.01	0.01	registry
COLONPSEUDOP	Pseudopolyposis of colon	Gastrointestinal endpoints	sex_shared	-0.0187576484638142	0.00310730825049053	-0.0629	-0.0388	108	-0.0218649567143047	-0.0241	0.0227116918948701	0.01	0.01	registry
CONGEN_HEART_ARTER	Congenital malformations of heart and great arteries	Cardiometabolic endpoints	sex_shared	-0.00329018618103187	0.00468587179247534	0.0088	0.0224	5502	-0.00797605797350721	-0.0136	1.09999080342113	0.97	0.97	registry
COPD_EARLY	Early onset COPD	COPD and related endpoints	sex_shared	0.0445038791088085	0.040952179763454	0.2733	0.226	9795	0.0035516993453545	0.0473	2.01660222598298	1.26	1.26	registry
COPD_INSUFFICIENCY	COPD-related respiratory insufficiency	Comorbidities of COPD	sex_shared	0.052223391869921	0.0151750446147995	0.3379	0.2401	4881	0.0370483472551215	0.0978	1.01517458257419	0.46	0.46	registry
COPD_LATER	Later onset COPD	COPD and related endpoints	sex_shared	0.0343492058505764	0.0258267857494685	0.1993	0.1298	14468	0.0085224201011079	0.0695	6.02216061869917	1.83	1.83	registry
COPD_OPPORTUNIST_INFECTIONS	COPD related to chronic (opportunist) infections	COPD and related endpoints	sex_shared	0.0191878017873486	0.0402608697637645	0.3175	0.0574	872	-0.0210730679764159	0.2601	0.182887823907549	0.09	0.09	registry
CPAP	Continuous positive airway pressure	Interstitial lung disease endpoints	sex_shared	0.0263857892320527	0.0137860866794513	0.2777	0.2709	9817	0.0125997025526014	0.00680000000000003	4.73523765423166	0.92	0.92	registry
CREST	CR(E)ST syndrome	Rheuma endpoints	sex_shared	-0.00537121204564507	0.0106048772752348			546	-0.0159760893208799		0.109159392705913	0.05	0.05	registry
CROHN_ARTHR	Arthropathy in Crohn disease	Rheuma endpoints	sex_shared	0.00976918327018409	0.0216957672604389			369	-0.0119265839902548		0.0744929332652332	0.02	0.02	registry
CURRENT_SMOKER	Current smoker	Miscellaneous, not yet classified endpoints	sex_shared	0.0652114605784333	0.0570242271354755	0.2511	0.1784	77526	0.0081872334429578	0.0727	34.0293476018453		14.1176692307652	case-count proxy
C_DIFFICILE_ENTEROCOLITIS	Enterocolitis due to Clostridium difficile	I Certain infectious and parasitic diseases (AB1_)	sex_shared	0.00702848738123879	-0.00631244552333308	0.1083	-0.046	4590	0.0133409329045719	0.1543	0.924393102698261	0.59	0.59	registry
C_STROKE	STROKE	Comorbidities of Diabetes	sex_shared	0.0391315099050842	0.0166505700588535	0.2007	0.1313	56959	0.0224809398462307	0.0694	14.2900509794477	8.67	8.67	registry
D3_ACQCOAFACDEF	Acquired coagulation factor deficiency	III Diseases of the blood and blood-forming organs and certain disorders involving the immune mechanism (D3_)	sex_shared	-0.00208211732316237	0.0156436648309378	0.0346	0.0713	58	-0.0177257821541002	-0.0367	0.0117992420004191	0.01	0.01	registry
D3_ACQHAEMOLYTICANAEMIA	Acquired haemolytic anaemia	III Diseases of the blood and blood-forming organs and certain disorders involving the immune mechanism (D3_)	sex_shared	0.00635836867469757	-0.0128089751242865			872	0.0191673437989841		0.174449194672898	0.1	0.1	registry
D3_ACQHAEMOLYTICANAEMIANAS	Other and unspecified acquired haemolytic anaemias	III Diseases of the blood and blood-forming organs and certain disorders involving the immune mechanism (D3_)	sex_shared	0.0161093050133936	-0.0161736193404213	0.2446	-0.0168	332	0.0322829243538149	0.2614	0.0664905601429147	0.04	0.04	registry
D3_ACQPUREREDCLLAPLASIA	Acquired pure red cell aplasia [erythroblastopenia]	III Diseases of the blood and blood-forming organs and certain disorders involving the immune mechanism (D3_)	sex_shared	0.000865406942920462	-0.0128965180137626			155	0.0137619249566831		0.0324623646005244	0.02	0.02	registry
D3_ACUTEPOSTBLEEDANAEMIA	Acute posthaemorrhagic anaemia	III Diseases of the blood and blood-forming organs and certain disorders involving the immune mechanism (D3_)	sex_shared	0.010931544546097	0.00418902355372582	0.3393	-0.0613	1370	0.00674252099237118	0.4006	0.286197150144874	0.22	0.22	registry
D3_AGRANULOCYTOSIS	Agranulocytosis	III Diseases of the blood and blood-forming organs and certain disorders involving the immune mechanism (D3_)	sex_shared	0.00253521130952676	0.0134710676576386	-0.1211	0.1344	4505	-0.0109358563481118	-0.2555	0.910148815897401	0.39	0.39	registry
D3_AIHA_OTHER	Other autoimmune haemolytic anaemias	III Diseases of the blood and blood-forming organs and certain disorders involving the immune mechanism (D3_)	sex_shared	0.0192444506089062	-0.0162052586226935	0.2441	0.4353	429	0.0354497092315997	-0.1912	0.085900331587294	0.04	0.04	registry
D3_ALLERGPURPURA	Allergic purpura	III Diseases of the blood and blood-forming organs and certain disorders involving the immune mechanism (D3_)	sex_shared	0.00673468045650052	0.0330095968493784	0.0524	0.1303	1168	-0.0262749163928779	-0.0779	0.237076970854553	0.16	0.16	registry
D3_ANAEMIA	Anaemias	III Diseases of the blood and blood-forming organs and certain disorders involving the immune mechanism (D3_)	sex_shared	0.0197612048582271	0.00325169018635057	0.0846	0.1662	41313	0.0165095146718765	-0.0816	28.6446271823388	5.27	5.27	registry
D3_ANAEMIAINCHRONICDISEASE	Anaemia in chronic diseases classified elsewhere	III Diseases of the blood and blood-forming organs and certain disorders involving the immune mechanism (D3_)	sex_shared	0.0109936903854555	0.00411975004923327			858	0.00687394033622223		0.179430715276079	0.07	0.07	registry
D3_ANAEMIANAS	Other and unspecified anaemias	III Diseases of the blood and blood-forming organs and certain disorders involving the immune mechanism (D3_)	sex_shared	0.000145918967609128	-0.0212579625380216	0.0425	0.0698	20976	0.0214038815056307	-0.0273	4.20953768535632	2.49	2.49	registry
D3_ANAEMIA_B12_DEF	Vitamin B12 deficiency anaemia	III Diseases of the blood and blood-forming organs and certain disorders involving the immune mechanism (D3_)	sex_shared	-0.00209333903268498	0.00403122750138263	0.0033	0.0461	4568	-0.00612456653406761	-0.0428	0.952967069647123	0.74	0.74	registry
D3_ANAEMIA_FOLATEDEF	Folate deficiency anaemia	III Diseases of the blood and blood-forming organs and certain disorders involving the immune mechanism (D3_)	sex_shared	-0.00143840807824166	-0.014690503227061	-0.0013	-0.1505	333	0.0132520951488193	0.1492	0.070089032013639	0.04	0.04	registry
D3_ANAEMIA_IRONDEF	Iron deficiency anaemia	III Diseases of the blood and blood-forming organs and certain disorders involving the immune mechanism (D3_)	sex_shared	0.0143122203044054	0.0153097846159351	0.0776	0.1525	21297	-0.000997564311529699	-0.0749	4.29310949576071	2.64	2.64	registry
D3_ANAEMIA_IRONDEF_BLOODLOSS	Iron deficiency anaemia secondary to blood loss (chronic)	III Diseases of the blood and blood-forming organs and certain disorders involving the immune mechanism (D3_)	sex_shared	0.0106216854398942	0.00141894046435823	0.0329	0.1243	7181	0.00920274497553597	-0.0914	1.48996385577166	1.03	1.03	registry
D3_ANAEMIA_IRONDEF_NAS	Other and unspecified iron deficiency	III Diseases of the blood and blood-forming organs and certain disorders involving the immune mechanism (D3_)	sex_shared	0.0170602460984769	0.0183746674441949	0.1154	0.1507	16289	-0.001314421345718	-0.0353	3.31706939596714	1.84	1.84	registry
D3_BLOODNAS	Other and unspecified diseases of blood and blood-forming organs	III Diseases of the blood and blood-forming organs and certain disorders involving the immune mechanism (D3_)	sex_shared	0.00864741680900876	0.00496373605336942			957	0.00368368075563934		0.194739391078209	0.09	0.09	registry
D3_BLOODOTHER	Other diseases of blood and blood-forming organs, wide	III Diseases of the blood and blood-forming organs and certain disorders involving the immune mechanism (D3_)	sex_shared	0.0139009672470644	0.0109104649629735	0.1457	0.3562	9717	0.0029905022840909	-0.2105	1.94267732403546	0.87	0.87	registry
D3_COAGDEF	Chronic Coagulation defects	III Diseases of the blood and blood-forming organs and certain disorders involving the immune mechanism (D3_)	sex_shared	-0.00198511555849915	0.00695560766868283	0.1401	0.1998	901	-0.00894072322718198	-0.0597	0.180132990527524	0.1	0.1	registry
D3_COAGDEFNAS	Other and unspecified coagulation defects	III Diseases of the blood and blood-forming organs and certain disorders involving the immune mechanism (D3_)	sex_shared	-0.00843532209747384	0.0106898334281537	0.032	0.0523	1948	-0.0191251555256275	-0.0203	0.39477390682282	0.18	0.18	registry
D3_COAGDEF_PURPUR_HAEMORRHAGIC	Coagulation defects, purpura and other haemorrhagic conditions	III Diseases of the blood and blood-forming organs and certain disorders involving the immune mechanism (D3_)	sex_shared	0.00621539486058701	0.0234540080356904	0.0529	0.2262	8687	-0.0172386131751034	-0.1733	1.73675392753896	0.94	0.94	registry
D3_COAGOTHER	Other coagulation defects	III Diseases of the blood and blood-forming organs and certain disorders involving the immune mechanism (D3_)	sex_shared	-0.00703240352070528	0.0176381164041958	0.0295	0.1697	3026	-0.0246705199249011	-0.1402	0.611900308376725	0.3	0.3	registry
D3_COMBIMMUDEF	Combined immunodeficiencies	III Diseases of the blood and blood-forming organs and certain disorders involving the immune mechanism (D3_)	sex_shared	0.00878463553336069	-0.00670445654890733	-0.0979	-0.0839	383	0.015489092082268	-0.014	0.0778028317793081	0.04	0.04	registry
D3_COMPLEMENTDEF	Defects in the complement system	III Diseases of the blood and blood-forming organs and certain disorders involving the immune mechanism (D3_)	sex_shared	0.00165205618408711	0.0162914480128975			244	-0.0146393918288104		0.0495802946776367	0.02	0.02	registry
D3_CRYOGLOBU	Cryoglobulinemia	III Diseases of the blood and blood-forming organs and certain disorders involving the immune mechanism (D3_)	sex_shared	0.00934559167115835	0.0086933301786856	0.3091	0.0521	55	0.00065226149247275	0.257	0.0111801797772908		0.00763616762956141	case-count proxy
D3_CVID	Common variable immunodeficiency	III Diseases of the blood and blood-forming organs and certain disorders involving the immune mechanism (D3_)	sex_shared	0.0102795367206666	0.00379900383819004	0.1673	-0.0782	223	0.00648053288247656	0.2455	0.0453150718335332	0.01	0.01	registry
D3_CVIDNAS	Other or unspecified common variable immunodeficiency	III Diseases of the blood and blood-forming organs and certain disorders involving the immune mechanism (D3_)	sex_shared	0.0200569124675387	0.0168734240305157	0.2421	-0.1443	121	0.003183488437023	0.3864	0.0245930960472187	0.01	0.01	registry
D3_CVID_BCELL	Common variable immunodeficiency with predominant abnormalities of B-cell numbers and function	III Diseases of the blood and blood-forming organs and certain disorders involving the immune mechanism (D3_)	sex_shared	-0.00772148572150668	0.00927549847530432	0.2728	-0.1273	87	-0.016996984196811	0.4001	0.0176838613422661		0.0117388780033578	case-count proxy
D3_CYCLIC_NEUTROPENIA	Cyclic neutropenia	III Diseases of the blood and blood-forming organs and certain disorders involving the immune mechanism (D3_)	sex_shared	-0.0154344386159614	0.005610112669262	0.1441	0.2204	72	-0.0210445512852234	-0.0763	0.0143946451919886		0.00967844947434635	case-count proxy
D3_CYSTSPLEEN	Cyst of spleen	III Diseases of the blood and blood-forming organs and certain disorders involving the immune mechanism (D3_)	sex_shared	-0.00303740194299003	0.00457081764718265	-0.0465	-0.047	67	-0.00760821959017268	5e-04	0.0136585286299069	0.01	0.01	registry
D3_DEF_IGG	Selective deficiency of immunoglobulin G [IgG] subclasses	III Diseases of the blood and blood-forming organs and certain disorders involving the immune mechanism (D3_)	sex_shared	0.00140756968930902	0.0115247382695065	-0.0579	0.0884	245	-0.0101171685801975	-0.1463	0.0497833914478229	0.02	0.02	registry
D3_DEF_IIGA	Selective deficiency of immunoglobulin A [IgA]y	III Diseases of the blood and blood-forming organs and certain disorders involving the immune mechanism (D3_)	sex_shared	-0.00377133034586261	-0.00577413168548037	0.0429	0.1124	152	0.00200280133961776	-0.0695	0.0308918601980737	0.01	0.01	registry
D3_DISSEINTRAVASCCOAG	Disseminated intravascular coagulation [defibrination syndrome]	III Diseases of the blood and blood-forming organs and certain disorders involving the immune mechanism (D3_)	sex_shared	0.00413691894660704	-0.0150672654842281			106	0.0192041844308351		0.0215620264236531	0.02	0.02	registry
D3_FAMIERYTHROCYTOCIS	Familial erythrocytosis	III Diseases of the blood and blood-forming organs and certain disorders involving the immune mechanism (D3_)	sex_shared	0.0133690544732283	0.00233732049227844	0.0176	-0.1324	181	0.0110317339809499	0.15	0.0368898400081525	0.02	0.02	registry
D3_HAEMOLYTICANAEMIA	Haemolytic anaemias	III Diseases of the blood and blood-forming organs and certain disorders involving the immune mechanism (D3_)	sex_shared	0.00704131457620317	-0.0120112945310742			1199	0.0190526091072774		0.239710827572143	0.18	0.18	registry
D3_HAEMORRHAGCIRGUANTICO	Haemorrhagic disorder due to circulating anticoagulants	III Diseases of the blood and blood-forming organs and certain disorders involving the immune mechanism (D3_)	sex_shared	-0.0028006512430633	0.0127571870097347			474	-0.015557838252798		0.0963467507363209	0.06	0.06	registry
D3_HAEMORRHAGICNAS	Other and unspecified haemorrhagic conditions	III Diseases of the blood and blood-forming organs and certain disorders involving the immune mechanism (D3_)	sex_shared	-0.00230720873192234	0.00488911554226737			585	-0.00719632427418971		0.118882142073305	0.06	0.06	registry
D3_HEREDFVIIIDEF	Hereditary factor VIII deficiency	III Diseases of the blood and blood-forming organs and certain disorders involving the immune mechanism (D3_)	sex_shared	-0.0225780618039632	0.00600077785239892	-0.1083	0.277	97	-0.0285788396563621	-0.3853	0.0197316495659037	0.01	0.01	registry
D3_HEREDHAEMOLYTICANAEMIAOTHER	Other hereditary haemolytic anaemias	III Diseases of the blood and blood-forming organs and certain disorders involving the immune mechanism (D3_)	sex_shared	-0.00359962445874481	0.00420442428393545	-0.0374	0.0556	206	-0.00780404874268026	-0.093	0.0412666042993391		0.025988019021027	case-count proxy
D3_HEREDHYPOGAMMA	Hereditary hypogammaglobulinemia	III Diseases of the blood and blood-forming organs and certain disorders involving the immune mechanism (D3_)	sex_shared	-0.017322257551158	0.0218036996392931	4e-04	-0.1903	130	-0.0391259571904511	0.1907	0.0264218512774965	0.01	0.01	registry
D3_HEREDOTHCLOFACTORS	Hereditary deficiency of other clotting factors	III Diseases of the blood and blood-forming organs and certain disorders involving the immune mechanism (D3_)	sex_shared	0.0100018189995137	0.01249370197894	0.2221	0.0739	330	-0.0024918829794263	0.1482	0.0670964908535284	0.04	0.04	registry
D3_HERESPHERO	Hereditary spherocytosis	III Diseases of the blood and blood-forming organs and certain disorders involving the immune mechanism (D3_)	sex_shared	0.00733790227677911	0.000953327741505711	0.0451	0.0096	99	0.0063845745352734	0.0355	0.0198362606845313		0.0130740079913549	case-count proxy
D3_HYPERSPLENISM	Hypersplenism	III Diseases of the blood and blood-forming organs and certain disorders involving the immune mechanism (D3_)	sex_shared	-0.0102249584871817	0.0109665140325004	0.0868	0.1112	155	-0.0211914725196821	-0.0244	0.0315924210800939	0.02	0.02	registry
D3_IMMUDEF	Immunodeficiencies	III Diseases of the blood and blood-forming organs and certain disorders involving the immune mechanism (D3_)	sex_shared	-0.0186895446609767	-0.000390407949442046	-0.0981	0.1372	1802	-0.0182991367115347	-0.2353	0.360265981055048	0.16	0.16	registry
D3_IMMUDEFANTIBODY	Immunodeficiency with predominantly antibody defects	III Diseases of the blood and blood-forming organs and certain disorders involving the immune mechanism (D3_)	sex_shared	-0.0164505236413894	0.00693519526298689	-0.1757	0.1766	956	-0.0233857189043763	-0.3523	0.193976580777246	0.06	0.06	registry
D3_IMMUDEFANTIBODYNAS	Other and unspecified immunodeficiencies with predominantly antibody defects	III Diseases of the blood and blood-forming organs and certain disorders involving the immune mechanism (D3_)	sex_shared	-0.0276989008986833	0.0116777950540921	-0.2048	-0.0208	438	-0.0393766959527754	-0.184	0.0889656223023409	0.02	0.02	registry
D3_IMMUDEFNAS	Other or unspecified immunodeficiency	III Diseases of the blood and blood-forming organs and certain disorders involving the immune mechanism (D3_)	sex_shared	-0.0190239728602662	-0.0142722605620706			133	-0.0047517122981956		0.0270314214869314	0.01	0.01	registry
D3_IMMUDEFOTHER	Other immunodeficiencies	III Diseases of the blood and blood-forming organs and certain disorders involving the immune mechanism (D3_)	sex_shared	-0.0156378483333201	0.00677088419921522			394	-0.0224087325325353		0.0800355894296144	0.04	0.04	registry
D3_IMMUDEFWITHMAJORDEF	Immunodeficiency associated with other major defects	III Diseases of the blood and blood-forming organs and certain disorders involving the immune mechanism (D3_)	sex_shared	-0.00786956172316958	0.000438808769702288			92	-0.00830837049287187		0.0186999851619683	0.01	0.01	registry
D3_IMMUNEMECHANISM	Certain disorders involving the immune mechanism	III Diseases of the blood and blood-forming organs and certain disorders involving the immune mechanism (D3_)	sex_shared	-0.0206308589410834	0.00257012514610378	-0.0503	0.0415	8299	-0.0232009840871872	-0.0918	1.65918278400435	0.71	0.71	registry
D3_INFARCTSPLEEN	Infarction of spleen	III Diseases of the blood and blood-forming organs and certain disorders involving the immune mechanism (D3_)	sex_shared	0.000373336987671244	-0.0228584653633783	-0.0647	0.0022	217	0.0232318023510496	-0.0669	0.0442238009643642	0.02	0.02	registry
D3_ITP	Idiopathic thrombocytopenic purpura	III Diseases of the blood and blood-forming organs and certain disorders involving the immune mechanism (D3_)	sex_shared	-0.00347184814846909	0.0127709812047161			1117	-0.0162428293531852		0.226748623674424	0.13	0.13	registry
D3_KELA_IMMUDEF	Kela reimbursement Agammaglobulinemia (D80-84)	III Diseases of the blood and blood-forming organs and certain disorders involving the immune mechanism (D3_)	sex_shared	-0.0156627871764293	0.0153291837468839	-0.0379	0.0688	298	-0.0309919709233132	-0.1067	0.0605463392829932	0.01	0.01	registry
D3_NEFELOF	Nezelof syndrome	III Diseases of the blood and blood-forming organs and certain disorders involving the immune mechanism (D3_)	sex_shared	0.0100400747043563	-0.000864810917982133			150	0.0109048856223384		0.0304855122683863	0.02	0.02	registry
D3_NOCT_HAEMOGLOBINURIA	Other nonautoimmune haemolytic anaemias	III Diseases of the blood and blood-forming organs and certain disorders involving the immune mechanism (D3_)	sex_shared	-0.0135082291233571	0.00532484787608409	-0.2362	-0.0276	67	-0.0188330769994412	-0.2086	0.0134254008584241	0.01	0.01	registry
D3_NONAIHA_OTHER	Haemolytic-uraemic syndrome	III Diseases of the blood and blood-forming organs and certain disorders involving the immune mechanism (D3_)	sex_shared	-0.00912528804526782	-0.0184422127384777			82	0.00931692469320988		0.0164305937655915	0.01	0.01	registry
D3_NONHEREDHYPOGAMMA	Nonhereditary hypogammaglobulinemia	III Diseases of the blood and blood-forming organs and certain disorders involving the immune mechanism (D3_)	sex_shared	-0.0116022554461959	0.00356006562194505			381	-0.015162321068141		0.0773968651222505	0.02	0.02	registry
D3_NUTRIANAEMIAOTHER	Other nutritional anaemias	III Diseases of the blood and blood-forming organs and certain disorders involving the immune mechanism (D3_)	sex_shared	-0.00952052457558113	0.00022037541657659			370	-0.00974089999215772		0.0778706379288936	0.09	0.09	registry
D3_OTHDISLYMPHORETANDRETICULOHIST	Other specified diseases with participation of lymphoreticular and reticulohistiocytic tissue	III Diseases of the blood and blood-forming organs and certain disorders involving the immune mechanism (D3_)	sex_shared	-0.00848159940151261	0.0146632072082575	-0.3374	0.0964	120	-0.0231448066097701	-0.4338	0.0244603935269645	0.01	0.01	registry
D3_OTHERAPLASTICANAEMIA	Other and unspecified aplastic anaemias	III Diseases of the blood and blood-forming organs and certain disorders involving the immune mechanism (D3_)	sex_shared	-0.00646702188030071	-0.00131809892170948	-0.2285	-0.1078	401	-0.00514892295859123	-0.1207	0.0839400320688601	0.06	0.06	registry
D3_OTHERBLOOD	Other diseases of blood and blood-forming organs	III Diseases of the blood and blood-forming organs and certain disorders involving the immune mechanism (D3_)	sex_shared	0.0183430990424167	0.00467489720481605	0.1713	0.1409	2706	0.0136682018376007	0.0304	0.548689613220459	0.24	0.24	registry
D3_OTHERWHITECELL	Other disorders of white blood cells	III Diseases of the blood and blood-forming organs and certain disorders involving the immune mechanism (D3_)	sex_shared	-0.0132599927436809	0.00931684168758412	0.1318	-0.0528	2060	-0.022576834431265	0.1846	0.418249483786741	0.21	0.21	registry
D3_OTHHAEMOGLOPAT	Other haemoglobinopathies	III Diseases of the blood and blood-forming organs and certain disorders involving the immune mechanism (D3_)	sex_shared	0.00656471278894919	-0.00120008912080785	-0.1872	0.0927	60	0.00776480190975704	-0.2799	0.0120229156772809	0.01	0.01	registry
D3_OTHNONTHROMBOCYTOPENPURPURA	Other nonthrombocytopenic purpura	III Diseases of the blood and blood-forming organs and certain disorders involving the immune mechanism (D3_)	sex_shared	0.00742004833386297	0.0153308685554337	0.0111	0.1929	332	-0.00791082022157073	-0.1818	0.0675028617553591	0.03	0.03	registry
D3_OTHPRIMTHROMBOCYTOPENIA	Other primary thrombocytopenia	III Diseases of the blood and blood-forming organs and certain disorders involving the immune mechanism (D3_)	sex_shared	-2.31466822813189e-05	0.0178741211228636	-0.0081	0.1896	137	-0.0178972678051449	-0.1977	0.0278661448714089	0.02	0.02	registry
D3_PURPURA_AND3_OTHER_HAEMORRHAGIC	Purpura and other haemorrhagic conditions	III Diseases of the blood and blood-forming organs and certain disorders involving the immune mechanism (D3_)	sex_shared	0.00975481205578365	0.0258889968867392	0.1104	0.2023	5709	-0.0161341848309556	-0.0919	1.14821161365063	0.65	0.65	registry
D3_QUALIPATELETDEF	Qualitative platelet defects	III Diseases of the blood and blood-forming organs and certain disorders involving the immune mechanism (D3_)	sex_shared	-0.00590524197482988	0.0252922000078271	0.1436	0.3437	134	-0.031197441982657	-0.2001	0.027256103638283	0.01	0.01	registry
D3_SARCOIDOSIS	Sarcoidosis	III Diseases of the blood and blood-forming organs and certain disorders involving the immune mechanism (D3_)	sex_shared	-0.0105668495870637	-0.00753478629484598	-0.0381	0.0223	5576	-0.00303206329221772	-0.0604	1.12088738257921	0.49	0.49	registry
D3_SCIDA	Severe combined immunodeficiency [SCID] with reticular dysgenesis	III Diseases of the blood and blood-forming organs and certain disorders involving the immune mechanism (D3_)	sex_shared	0.0156475703060211	0.0043909970670711			104	0.01125657323895		0.0211385980637857	0.01	0.01	registry
D3_SCNDPOLYCYTHAEMIA	Secondary polycythaemia	III Diseases of the blood and blood-forming organs and certain disorders involving the immune mechanism (D3_)	sex_shared	0.0257107559215987	0.0110491023242078	0.0428	0.1233	874	0.0146616535973909	-0.0805	0.177879811048494	0.09	0.09	registry
D3_SCNDTHROMBOCYTOPENIA	Secondary thrombocytopenia	III Diseases of the blood and blood-forming organs and certain disorders involving the immune mechanism (D3_)	sex_shared	-0.018197600050766	0.0141785714185069			438	-0.0323761714692729		0.0890357911683813	0.04	0.04	registry
D3_SICKLECELLDIS	Sickle-cell disorders	III Diseases of the blood and blood-forming organs and certain disorders involving the immune mechanism (D3_)	sex_shared	0.0130203675277087	0.0296809541131026	-0.0903	0.0502	74	-0.0166605865853939	-0.1405	0.0148278466960953	0.01	0.01	registry
D3_SIDEROANAEMIAHERED	Hereditary sideroblastic anaemia	III Diseases of the blood and blood-forming organs and certain disorders involving the immune mechanism (D3_)	sex_shared	0.013848622143343	0.00487039447898845	0.082	0.1597	132	0.00897822766435455	-0.0777	0.0276467003034854	0.02	0.02	registry
D3_SIDEROANAMIEAOTHER	Other sideroblastic anaemias	III Diseases of the blood and blood-forming organs and certain disorders involving the immune mechanism (D3_)	sex_shared	-0.00814255974110108	-0.00663310428198427	0.0281	-0.1744	138	-0.00150945545911681	0.2025	0.0289030052842234	0.02	0.02	registry
D3_SIDEROANASCND	Secondary sideroblastic anaemia	III Diseases of the blood and blood-forming organs and certain disorders involving the immune mechanism (D3_)	sex_shared	0.00105794417283328	-0.0226810133368333	0.0959	-0.1493	108	0.0237389575096666	0.2452	0.0226211646129582	0.02	0.02	registry
D3_SPLEENDISEASE	Diseases of spleen	III Diseases of the blood and blood-forming organs and certain disorders involving the immune mechanism (D3_)	sex_shared	-0.0112130291708351	0.00714628857080878			639	-0.0183593177416439		0.13011394642319	0.06	0.06	registry
D3_SPLEENNAS	Other and unspecified diseases of spleen	III Diseases of the blood and blood-forming organs and certain disorders involving the immune mechanism (D3_)	sex_shared	-0.0186974260020257	0.000743116328352862	-0.0458	0.1192	145	-0.0194405423303786	-0.165	0.0295548027573612	0.01	0.01	registry
D3_THALASSAEMIA	Thalassaemia	III Diseases of the blood and blood-forming organs and certain disorders involving the immune mechanism (D3_)	sex_shared	0.00127983133966215	0.00136895462048612	0.026	0.1499	53	-8.91232808239702e-05	-0.1239	0.0106203911510099		0.00727702370291787	case-count proxy
D3_THROMBOCYTOPENIANAS	Thrombocytopenia, unspecified	III Diseases of the blood and blood-forming organs and certain disorders involving the immune mechanism (D3_)	sex_shared	0.0123601748439471	0.00512304384131576	0.1283	0.0613	2797	0.00723713100263134	0.067	0.565855277000016	0.29	0.29	registry
D3_VITAMIN_B12_DEFICIENCY_ANEMIA_DUE_TO_INTRINSIC_FACTOR_DEFICIENCY	Vitamin B12 deficiency anemia due to intrinsic factor deficiency	III Diseases of the blood and blood-forming organs and certain disorders involving the immune mechanism (D3_)	sex_shared	-0.00510845323334828	0.00404233312158213	-0.1121	0.2227	669	-0.00915078635493041	-0.3348	0.133750244908894		0.0782935183651823	case-count proxy
D3_VONVILLEBRAND	Von Willebrand disease	III Diseases of the blood and blood-forming organs and certain disorders involving the immune mechanism (D3_)	sex_shared	-0.00181791317234108	-0.000188820613574956	0.1366	0.2148	477	-0.00162909255876612	-0.0782	0.0969559490706864	0.05	0.05	registry
D3_WHITEBLOODCELLNAS	Other and unspecified disorders of white blood cells	III Diseases of the blood and blood-forming organs and certain disorders involving the immune mechanism (D3_)	sex_shared	-0.0110837353275428	0.00614754325858722	0.1615	0.0539	1484	-0.01723127858613	0.1076	0.301654832880377	0.16	0.16	registry
DERMATOPOLY_FG	Dermatopolymyositis (FG)	Rheuma endpoints	sex_shared	-0.00481655049823262	-0.0041190571319469	0.1596	0.0013	516	-0.00069749336628572	0.1583	0.139864689045017	0.05	0.05	registry
DM_MACULOPATHY	Diabetic maculopathy	Diabetes endpoints	sex_shared	-0.00704481618469638	-0.00865935916136855	0.1205	7e-04	4766	0.00161454297667217	0.1198	5.13262328095889		2.39503278248693	case-count proxy
DM_NEOVASCULAR_GLAUCOMA	Neovascular glaucoma	Diabetes endpoints	sex_shared	0.00382859280309678	-0.000716886588493109	-0.0012	0.0586	1576	0.00454547939158989	-0.0598	0.324615806070892	0.18	0.18	registry
DM_NEPHROPATHY	Diabetic nephropathy	Diabetes endpoints	sex_shared	-0.0040208299513681	0.0081262155396987	0.0101	0.0739	6043	-0.0121470454910668	-0.0638	5.83588446049696		2.70154646398268	case-count proxy
DM_NEPHROPATHY_EXMORE	Diabetic nephropathy (more control exclusions)	Diabetes endpoints	sex_shared	-0.00334211222092682	0.0147047681498802	0.0446	0.0921	6043	-0.018046880370807	-0.0475	8.81392024736735		3.97690233405884	case-count proxy
DM_NEUROPATHY	Diabetic neuropathy	Diabetes endpoints	sex_shared	-0.00672480295063445	0.000257977043512139	0.0372	-0.1106	4145	-0.00698277999414659	0.1478	4.00517919432608		1.89797022560504	case-count proxy
DM_RETINOPATHY	Diabetic retinopathy	Diabetes endpoints	sex_shared	0.00653145338529035	-0.00600593761347324	-0.0232	0.0026	15353	0.0125373909987636	-0.0258	14.8418467963342		6.48330570150316	case-count proxy
DM_RETINOPATHY_EXMORE	Diabetic retinopathy (more control exclusions)	Diabetes endpoints	sex_shared	0.00168746991830326	-0.00369380000952233	0.0016	0.0183	15353	0.00538126992782559	-0.0167	19.715687281693		8.46164991646423	case-count proxy
DM_RETINOPATHY_STRICT	Diabetic retinopathy, strict definition	Diabetes endpoints	sex_shared	-0.00423768532657453	-0.00223875309602094	0.0015	0.0011	6970	-0.00199893223055359	4e-04	7.33329124844812		3.34687288121997	case-count proxy
DRUGADVERS_ACUTE_PANCREATIT	Drug-induced acute pancreatitis	XI Diseases of the digestive system (K11_)	sex_shared	-0.0095867876469609	0.0119465347362885	0.0792	0.0451	59	-0.0215333223832494	0.0341	0.011795612032324		0.00802972463790679	case-count proxy
DRUGADVERS_ADRENOCORTICAL_INSUFFICIENCY	Drug-induced adrenocortical insufficiency	IV Endocrine, nutritional and metabolic diseases (E4_)	sex_shared	0.0136643355232729	-0.00169588377962675	0.0103	-0.0249	643	0.0153602193028997	0.0352	0.128552178589565	0.04	0.04	registry
DRUGADVERS_APLAST_ANAEM	Drug-induced aplastic anaemia	III Diseases of the blood and blood-forming organs and certain disorders involving the immune mechanism (D3_)	sex_shared	-0.00247220032837192	-0.00055558738980696	-0.0856	-0.0127	54	-0.00191661293856496	-0.0729	0.0107959838939914	0.01	0.01	registry
DRUGADVERS_CATAR	Drug-induced cataract	VII Diseases of the eye and adnexa (H7_)	sex_shared	-0.000393996641239167	0.00810016530212823	-0.175	-0.0086	846	-0.0084941619433674	-0.1664	0.169137081005866	0.06	0.06	registry
DRUGADVERS_DYSTON	Drug-induced dystonia	VI Diseases of the nervous system (G6_)	sex_shared	0.0035717419908649	0.00696011927557321			115	-0.00338837728470831		0.0229914471816484	0.01	0.01	registry
DRUGADVERS_GOUT	Drug-induced gout	XIII Diseases of the musculoskeletal system and connective tissue (M13_)	sex_shared	0.017692845060846	-0.00457132456210317	0.0499	0.117	158	0.0222641696229492	-0.0671	0.0315882491713083	0.03	0.03	registry
DRUGADVERS_HEADA_NOT_ELSEW_CLASSIFIED	Drug-induced headache, not elsewhere classified	VI Diseases of the nervous system (G6_)	sex_shared	0.0308438919284324	0.0216024458951435			197	0.0092414460332889		0.0393853486503021	0.02	0.02	registry
DRUGADVERS_INTERSTITIAL_LUNG_DISORD_UNSPE	Drug-induced interstitial lung disorders, unspecified	X Diseases of the respiratory system (J10_)	sex_shared	-0.00345611539000576	-0.0176045149928315	0.0403	0.0374	67	0.0141483996028257	0.0029	0.013395017053656		0.00904671630610183	case-count proxy
DRUGADVERS_NEUTROPENIA	Drug-induced neutropenia	III Diseases of the blood and blood-forming organs and certain disorders involving the immune mechanism (D3_)	sex_shared	0.00176251929535454	0.012619336571435	-0.0874	0.0882	2713	-0.0108568172760805	-0.1756	0.542398227859236	0.19	0.19	registry
DRUGADVERS_OSTEOPO	Drug-induced osteoporosis	XIII Diseases of the musculoskeletal system and connective tissue (M13_)	sex_shared	0.000386703534779005	-0.00201129657084763			442	0.00239800010562664		0.0883671274285966	0.03	0.03	registry
DRUGADVERS_SYSTEMIC_LUPUS_ERYTHEMAT	Drug-induced systemic lupus erythematosus	XIII Diseases of the musculoskeletal system and connective tissue (M13_)	sex_shared	-0.00818491419862431	0.00454862111755962			237	-0.0127335353161839		0.0473823737569624	0.02	0.02	registry
DRUGADVERS_TREMOR	Drug-induced tremor	VI Diseases of the nervous system (G6_)	sex_shared	0.0153481043346038	-0.00609493134036286	0.1128	-0.0624	226	0.0214430356749667	0.1752	0.0451831918526308	0.02	0.02	registry
DRY_AMD	Dry age-related macular degeneration (includes geographic atrophy)	VII Diseases of the eye and adnexa (H7_)	sex_shared	0.0293611144612877	-0.00895332430546743	0.0181	0.0765	9533	0.0383144387667551	-0.0584	2.77740550178595	1.17	1.17	registry
DUODENAL_ULCER_ACUTE_W_HAEMORRHAGE	Duodenal ulcer - Acute with haemorrhage, drug-induced	XI Diseases of the digestive system (K11_)	sex_shared	0.000436054858399606	0.0089169369676247	-0.1948	-0.1233	57	-0.00848088210922509	-0.0715	0.011395760776991		0.00777417707387432	case-count proxy
DUODENAL_ULCER_UNSPE_ACUTE_CHRONIC_WO_HAEMORRHAGE_PERFORATION	Duodenal ulcer - Unspecified as acute or chronic, without haemorrhage or perforation, drug-induced	XI Diseases of the digestive system (K11_)	sex_shared	0.0260333477437055	0.0182789614074488	0.1348	0.2039	131	0.0077543863362567	-0.0691	0.0261902572243126		0.0169663188020232	case-count proxy
E4_ACIDOSIS	Acidosis	IV Endocrine, nutritional and metabolic diseases (E4_)	sex_shared	0.00113119319452856	-0.0031816542854491	0.0328	0.1029	761	0.00431284747997766	-0.0701	0.184578368191399	0.09	0.09	registry
E4_ACROMEG	Acromegaly and pituitary gigantism	IV Endocrine, nutritional and metabolic diseases (E4_)	sex_shared	-0.000685885960196405	8.71945113400671e-05			238	-0.000773080471536472		0.0498035063342527	0.02	0.02	registry
E4_ADDISON	Adrenocortical insufficiency	IV Endocrine, nutritional and metabolic diseases (E4_)	sex_shared	0.0139159712915838	-0.0160247265425883	0.0012	-0.0019	1364	0.0299406978341721	0.0031	0.284757538559177	0.11	0.11	registry
E4_ADREACT	Other adrenocortical overactivity	IV Endocrine, nutritional and metabolic diseases (E4_)	sex_shared	0.00532990908389691	-0.0183562480840127	-0.0114	-0.1907	209	0.0236861571679096	0.1793	0.0437376660828002	0.09	0.09	registry
E4_ADREMEDHYPER	Adrenomedullary hyperfunction	IV Endocrine, nutritional and metabolic diseases (E4_)	sex_shared	-0.0165298966041182	-0.0208353238086453	-0.2409	-0.1182	109	0.0043054272045271	-0.1227	0.0228153277139251	0.01	0.01	registry
E4_ADRENAS	Disorders of adrenal gland, other and/or unspecified	IV Endocrine, nutritional and metabolic diseases (E4_)	sex_shared	0.0122854285530489	-0.00399613067314191	0.383	0.0096	179	0.0162815592261908	0.3734	0.0374618841025577	0.02	0.02	registry
E4_ADRENOGEN	Adrenogenital disorders	IV Endocrine, nutritional and metabolic diseases (E4_)	sex_shared	0.00687174934798339	-0.0138873583581827			155	0.0207591077061661		0.0324406910913676	0.02	0.02	registry
E4_ALKALOSIS	Alkalosis	IV Endocrine, nutritional and metabolic diseases (E4_)	sex_shared	0.0212605135690322	0.0198679182497288			89	0.0013925953193034		0.0216219367910616	0.01	0.01	registry
E4_AMINO	Other disorders of amino-acid metabolism	IV Endocrine, nutritional and metabolic diseases (E4_)	sex_shared	0.003412597235977	-0.00726580629965686	-0.0216	-0.1373	168	0.0106784035356339	0.1157	0.0408066106709287	0.02	0.02	registry
E4_AMINOTRANSPORT	Disorders of amino-acid transport	IV Endocrine, nutritional and metabolic diseases (E4_)	sex_shared	-0.010515698693887	-0.00304476179590131	-0.0211	-0.0977	61	-0.00747093689798569	0.0766	0.0148205378640446	0.01	0.01	registry
E4_AMYLNAS	Amyloidosis, other/unspecified	IV Endocrine, nutritional and metabolic diseases (E4_)	sex_shared	-0.0138232144897041	-0.00464524939205606	-0.1613	-0.1304	656	-0.00917796509764804	-0.0309	0.159151451043946	0.07	0.07	registry
E4_AMYL_ORGAN	Organ-limited amyloidosis	IV Endocrine, nutritional and metabolic diseases (E4_)	sex_shared	-0.0220603367555264	-0.00656432663083875	-0.4152	-0.3012	172	-0.0154960101246877	-0.114	0.0417777907321315	0.02	0.02	registry
E4_AMYL_SCNDSYST	Secondary systemic amyloidosis	IV Endocrine, nutritional and metabolic diseases (E4_)	sex_shared	-0.0183131120539484	0.0146798253166449			106	-0.0329929373705933		0.0257509061403765	0.02	0.02	registry
E4_ANTIDIU	Syndrome of inappropriate secretion of antidiuretic hormone	IV Endocrine, nutritional and metabolic diseases (E4_)	sex_shared	0.00871027998459585	0.0040660505875028	0.0131	-0.085	185	0.00464422939709305	0.0981	0.0387171035420918	0.02	0.02	registry
E4_AROMAMINO	Disorders of aromatic amino-acid metabolism	IV Endocrine, nutritional and metabolic diseases (E4_)	sex_shared	0.0233579694228216	-0.0082988123197575	0.4194	0.1611	113	0.0316567817425791	0.2583	0.0274509708655315	0.02	0.02	registry
E4_ATROTHY	Atrophy of thyroid (acquired)	IV Endocrine, nutritional and metabolic diseases (E4_)	sex_shared	-0.0152484747036784	-0.00547179515413766	-0.1126	0.021	50	-0.00977667954954074	-0.1336	0.0118591606086121	0.01	0.01	registry
E4_AUTOPOLYFAI	Autoimmune polyglandular failure	IV Endocrine, nutritional and metabolic diseases (E4_)	sex_shared	-0.0310793924459659	-0.00591711334223194	-0.2919	0.1468	51	-0.025162279103734	-0.4387	0.0106763577291596		0.00731298217809902	case-count proxy
E4_CARBO	Other disorders of carbohydrate metabolism	IV Endocrine, nutritional and metabolic diseases (E4_)	sex_shared	-0.00151938511777757	-0.0140683485100879	-0.1098	0.0196	169	0.0125489633923103	-0.1294	0.0410494074554468	0.02	0.02	registry
E4_CARBONAS	Disorder of carbohydrate metabolism, other/unspecified	IV Endocrine, nutritional and metabolic diseases (E4_)	sex_shared	-0.00414086666735453	-0.0106258881165904	-0.0108	0.0103	118	0.00648502144923587	-0.0211	0.0286652674129353	0.01	0.01	registry
E4_CARCISDR	Carcinoid syndrome	IV Endocrine, nutritional and metabolic diseases (E4_)	sex_shared	-0.0127875254233383	0.00688995238502736			323	-0.0196774778083657		0.0675784527254202	0.02	0.02	registry
E4_CENTRAL_NERVOUS_SYSTEM_DISORDER_CAUSING_PRECOCIOUS_PUBERTY	Central nervous system disorder causing precocious puberty	IV Endocrine, nutritional and metabolic diseases (E4_)	sex_shared	-0.0107025465288619	-0.00753469822548823			82	-0.00316784830337367		0.0163939014686537		0.0109339338722373	case-count proxy
E4_CONGEIOD	Congenital iodine-deficiency syndrome/hypothyroidism	IV Endocrine, nutritional and metabolic diseases (E4_)	sex_shared	0.000341210184474314	0.0136695250429295	-0.0691	0.2428	1114	-0.0133283148584552	-0.3119	0.263556978226976	0.21	0.21	registry
E4_CONGENITAL_HYPOTHYROIDISM_WITHOUT_GOITER	Congenital hypothyroidism without goiter	IV Endocrine, nutritional and metabolic diseases (E4_)	sex_shared	-0.00605250952569127	-0.0200244456424997			180	0.0139719361168084		0.0359866129799715		0.0228565732395874	case-count proxy
E4_CORTICOTROPIN_DEFICIENCY	Corticotropin deficiency	IV Endocrine, nutritional and metabolic diseases (E4_)	sex_shared	-0.0175872305834291	-0.00205341840204577	-0.2055	-0.0977	297	-0.0155338121813833	-0.1078	0.0593779114169529		0.0365575395414603	case-count proxy
E4_CUSHING	Cushing syndrome	IV Endocrine, nutritional and metabolic diseases (E4_)	sex_shared	0.0162086371234665	-0.0282334172847907	0.1508	-0.0314	414	0.0444420544082572	0.1822	0.0866010952737557	0.04	0.04	registry
E4_CYSTFIBRO	Cystic fibrosis	IV Endocrine, nutritional and metabolic diseases (E4_)	sex_shared	-0.000989966484397837	-0.0133748982031754	0.1187	-0.0206	88	0.0123849317187776	0.1393	0.021379045619968		0.0140254041715147	case-count proxy
E4_CYSTFIBRO_INT	Cystic fibrosis with intestinal manifestations	IV Endocrine, nutritional and metabolic diseases (E4_)	sex_shared	0.016898053387958	-0.00876052246293732	0.0128	0.0203	52	0.0256585758508953	-0.0075	0.0126341773935692		0.00856393226879334	case-count proxy
E4_CYSTFIBRO_NAS	Cystic fibrosis, other manifestations/unspecified	IV Endocrine, nutritional and metabolic diseases (E4_)	sex_shared	-0.00111327150742888	-0.0014029910461041	0.0533	0.0467	58	0.00028971953867522	0.0066	0.0140917616645772		0.00948733360220732	case-count proxy
E4_DELPUB	Delayed puberty	IV Endocrine, nutritional and metabolic diseases (E4_)	sex_shared	0.0171282528371733	-0.00454854463814046	0.0889	-0.0238	314	0.0216767974753138	0.1127	0.0656966988454956	0.14	0.14	registry
E4_DIABINSIPIDUS	Diabetes insipidus	IV Endocrine, nutritional and metabolic diseases (E4_)	sex_shared	-0.0147197741677611	0.018022782135672	0.1327	0.3013	332	-0.0327425563034331	-0.1686	0.0694601357401689	0.03	0.03	registry
E4_DISPUB	Disorders of puberty	IV Endocrine, nutritional and metabolic diseases (E4_)	sex_shared	0.0114199701985296	-0.00145881276238445			594	0.0128787829609141		0.124206978173865	0.19	0.19	registry
E4_DYSPOLYGL	Polyglandular dysfunction	IV Endocrine, nutritional and metabolic diseases (E4_)	sex_shared	-0.0192087150141998	-0.00558574321307061	-0.2277	0.0956	88	-0.0136229718011292	-0.3233	0.0184205238127135	0.01	0.01	registry
E4_ENDINOTH	Disorders of endocrine glands in diseases classified elsewhere	IV Endocrine, nutritional and metabolic diseases (E4_)	sex_shared	0.0133870145560829	0.00212362855915077	0.1556	-0.0096	62	0.0112633859969321	0.1652	0.0129788026845188	0.01	0.01	registry
E4_ENDODIS	Other endocrine disorders	IV Endocrine, nutritional and metabolic diseases (E4_)	sex_shared	-0.00331964144549705	0.0184110690451362			2089	-0.0217307104906333		0.435454183507772	0.44	0.44	registry
E4_ENDODISNAS	Endocrine disorders, other/unspecified	IV Endocrine, nutritional and metabolic diseases (E4_)	sex_shared	0.0142976348557061	0.000496870216013361			724	0.0138007646396927		0.151349181794617	0.07	0.07	registry
E4_ENDOGLAND	Disorders of other endocrine glands	IV Endocrine, nutritional and metabolic diseases (E4_)	sex_shared	0.00276377010665642	-0.00281578154376857	0.0155	0.1166	22546	0.00557955165042499	-0.1011	4.50752320136909	2.99	2.99	registry
E4_ENDOMETPOSTOP	Postprocedural endocrine and metabolic disorders, not elsewhere classified	IV Endocrine, nutritional and metabolic diseases (E4_)	sex_shared	0.0216995953126731	-0.00657423065724535	-0.0188	0.003	5464	0.0282738259699185	-0.0218	1.31033060427728	0.48	0.48	registry
E4_FABRY_KIDNEY	Kidney diseases associated to Fabry's disease	IV Endocrine, nutritional and metabolic diseases (E4_)	sex_shared	0.00521180451576433	0.000964346244485521	0.1347	-0.0684	61	0.00424745827127881	0.2031	0.0148205378640446		0.00994676130764369	case-count proxy
E4_FE_DEF	Iron deficiency	IV Endocrine, nutritional and metabolic diseases (E4_)	sex_shared	0.0423881664215097	-0.00907952243153374	0.2754	-0.0075	1092	0.0514676888530434	0.2829	0.234685785391455	0.07	0.07	registry
E4_FH	Familial hypercholesterolemia	IV Endocrine, nutritional and metabolic diseases (E4_)	sex_shared	0.02938077099134	0.0144907616542925	0.2956	0.2776	6732	0.0148900093370475	0.018	1.60951747947459	0.72	0.72	registry
E4_FH_IHD	Familial hypercholesterolemia, with ischemic heart disease	IV Endocrine, nutritional and metabolic diseases (E4_)	sex_shared	0.0339155970263574	0.0150118806644377	0.2627	0.3031	3737	0.0189037163619197	-0.0404	0.899513054613465	0.39	0.39	registry
E4_FLUIDELECTRO	Other disorders of fluid, electrolyte and acid-base balance	IV Endocrine, nutritional and metabolic diseases (E4_)	sex_shared	0.00572229477176466	-0.000732189764061789	0.1293	0.1204	15220	0.00645448453582645	0.00890000000000001	3.56649091974224	2.01	2.01	registry
E4_FLUIDELECTRONAS	Other disorders of electrolyte and fluid balance, not elsewhere classified	IV Endocrine, nutritional and metabolic diseases (E4_)	sex_shared	0.029328284283954	0.000864090350775792			334	0.0284641939331782		0.0810947302993221	0.07	0.07	registry
E4_FLUIDOVER	Fluid overload	IV Endocrine, nutritional and metabolic diseases (E4_)	sex_shared	0.000347000797559017	0.00944314920131893	0.1916	-0.113	110	-0.00909614840375991	0.3046	0.0267223787775726	0.01	0.01	registry
E4_GILBERT	Gilbert syndrome	IV Endocrine, nutritional and metabolic diseases (E4_)	sex_shared	-0.0105624022235552	-0.000343156305922635			267	-0.0102192459176326		0.0648377720090239	0.03	0.03	registry
E4_GLUCOPANCREAS	Other disorders of glucose regulation and pancreatic internal secretion	IV Endocrine, nutritional and metabolic diseases (E4_)	sex_shared	0.037084441548975	0.0282723484530591	0.1555	0.3127	3587	0.0088120930959159	-0.1572	0.717133226439764	0.4	0.4	registry
E4_GOITREDIFF	Nontoxic diffuse goitre	IV Endocrine, nutritional and metabolic diseases (E4_)	sex_shared	-0.00186426061751574	0.00367251488098304	0.2394	0.1933	1191	-0.00553677549849878	0.0461	0.28172279045123	0.19	0.19	registry
E4_GOITREMULTINOD	Nontoxic multinodular goitre	IV Endocrine, nutritional and metabolic diseases (E4_)	sex_shared	0.0235595709042852	0.00916301458889144	0.052	0.0627	8586	0.0143965563153938	-0.0107	1.99604324992851	1.32	1.32	registry
E4_GOITRENAS	Other and/or unspecified nontoxic goitre	IV Endocrine, nutritional and metabolic diseases (E4_)	sex_shared	0.0170331171524702	0.010047790572283	0.0896	0.057	3267	0.0069853265801872	0.0326	0.769009867429949	0.47	0.47	registry
E4_GOITRENOD	Nontoxic single thyroid nodule	IV Endocrine, nutritional and metabolic diseases (E4_)	sex_shared	0.029195700323512	0.0039136106408706	0.431	0.293	2884	0.0252820896826414	0.138	0.679469147058893	0.35	0.35	registry
E4_GRAVES_OPHT_STRICT	Graves ophthalmopathy, strict	IV Endocrine, nutritional and metabolic diseases (E4_)	sex_shared	0.0172381921511195	-0.0104466402347804	0.0051	-0.063	802	0.0276848323858999	0.0681	0.160340353388539	0.07	0.07	registry
E4_GRAVES_STRICT	Graves disease, strict definition	IV Endocrine, nutritional and metabolic diseases (E4_)	sex_shared	0.0133837156264573	-0.0148211620983569	-0.0369	0.0722	4247	0.0282048777248142	-0.1091	0.84908414069966	0.46	0.46	registry
E4_HYPERALDO	Hyperaldosteronism	IV Endocrine, nutritional and metabolic diseases (E4_)	sex_shared	0.0112770478905446	-0.000928806007315282	0.1178	0.0503	1001	0.0122058538978599	0.0675	0.209133776671869	0.08	0.08	registry
E4_HYPERALI	Other hyperalimentation	IV Endocrine, nutritional and metabolic diseases (E4_)	sex_shared	-0.0134161572444278	-0.0106775936249425	0.138	0.1175	114	-0.0027385636194853	0.0205	0.024452657296008	0.01	0.01	registry
E4_HYPERALISEQ	Sequelae of hyperalimentation	IV Endocrine, nutritional and metabolic diseases (E4_)	sex_shared	-0.00561078377759479	-0.0131513317115159	0.1034	0.0671	60	0.00754054793392111	0.0363	0.0128713104924778		0.00871459191004841	case-count proxy
E4_HYPERCALCEMIA	Hypercalcemia	IV Endocrine, nutritional and metabolic diseases (E4_)	sex_shared	-0.00213546473169585	-0.0138341659121018	-0.2477	0.1321	1559	0.011698701180406	-0.3798	0.311684053532086		0.173104419986823	case-count proxy
E4_HYPERCHOL	Pure hypercholesterolaemia	IV Endocrine, nutritional and metabolic diseases (E4_)	sex_shared	0.0346821256661248	0.0137306306982948	0.2349	0.0786	48649	0.02095149496783	0.1563	10.5717557732969	4	4	registry
E4_HYPERCHYLO	Hyperchylomicronaemia	IV Endocrine, nutritional and metabolic diseases (E4_)	sex_shared	0.000959801242514054	0.0033504254143389	0.3269	0.0513	72	-0.00239062417182485	0.2756	0.0174926263720779	0.01	0.01	registry
E4_HYPERGLYCER	Pure hyperglyceridaemia	IV Endocrine, nutritional and metabolic diseases (E4_)	sex_shared	0.0111152814325595	0.0195227202432561	-0.0537	0.1176	846	-0.0084074388106966	-0.1713	0.205152579199565	0.08	0.08	registry
E4_HYPERKALAEMIA	Hyperkalaemia	IV Endocrine, nutritional and metabolic diseases (E4_)	sex_shared	0.00719400266825236	0.017395707459125	-0.0316	0.1477	2334	-0.0102017047908726	-0.1793	0.563953375988247	0.26	0.26	registry
E4_HYPERLIPMIX	Mixed hyperlipidaemia	IV Endocrine, nutritional and metabolic diseases (E4_)	sex_shared	-0.00917432594022505	0.0170287800147625	0.2179	0.1556	1563	-0.0262031059549876	0.0623	0.378365162324222	0.15	0.15	registry
E4_HYPERLIPNAS	Hyperlipidaemia, other/unspecified	IV Endocrine, nutritional and metabolic diseases (E4_)	sex_shared	0.0310917369798265	0.0150001303581072	0.2493	0.1024	19024	0.0160916066217193	0.1469	4.41849338294384	1.71	1.71	registry
E4_HYPEROSMHNAT	Hyperosmolality and hypernatraemia	IV Endocrine, nutritional and metabolic diseases (E4_)	sex_shared	-0.00211361716651464	-0.00453820968936388			513	0.00242459252284924		0.124501569011001	0.09	0.09	registry
E4_HYPERPARA	Hyperparathyroidism	IV Endocrine, nutritional and metabolic diseases (E4_)	sex_shared	-0.00163765622915603	-0.00956078755097101	-0.0296	0.13	8130	0.00792313132181498	-0.1596	1.67363155402763	1.44	1.44	registry
E4_HYPERPIT	Hyperfunction of pituitary gland	IV Endocrine, nutritional and metabolic diseases (E4_)	sex_shared	0.0153261177232732	-0.00114654927779397			1982	0.0164726670010672		0.413242094816335	0.24	0.24	registry
E4_HYPERPITNAS	Hyperfunction of pituitary gland, other and/or unspecified	IV Endocrine, nutritional and metabolic diseases (E4_)	sex_shared	-0.0162993898327355	-0.0133593240041676	0.1074	0.1184	58	-0.0029400658285679	-0.011	0.0121415622422535	0.01	0.01	registry
E4_HYPERPRO	Hyperprolactinaemia	IV Endocrine, nutritional and metabolic diseases (E4_)	sex_shared	0.0163527876523693	0.00644483408297562			1376	0.00990795356939368		0.287255540524742	0.16	0.16	registry
E4_HYPERPRO_ADVERSE	Hyperprolactinaemia, drug-induced	IV Endocrine, nutritional and metabolic diseases (E4_)	sex_shared	0.00530715089249125	0.00692827841684444			196	-0.00162112752435319		0.0391854230226356		0.0247568796696338	case-count proxy
E4_HYPERURI	Hyperuricaemia without signs of inflammatory arthritis and tophaceous disease	IV Endocrine, nutritional and metabolic diseases (E4_)	sex_shared	-0.0170041243407057	-0.0139200686164861			167	-0.0030840557242196		0.040563812706918	0.02	0.02	registry
E4_HYPOCALCEMIA	Hypocalcemia	IV Endocrine, nutritional and metabolic diseases (E4_)	sex_shared	-0.000873295669679398	0.0191006567594954			801	-0.0199739524291748		0.160140427760873		0.0926981675192498	case-count proxy
E4_HYPOCOMA	Nondiabetic hypoglycaemic coma	IV Endocrine, nutritional and metabolic diseases (E4_)	sex_shared	-0.0048232326689343	-0.00520031804926348			144	0.000377085380329181		0.0289888332598547	0.02	0.02	registry
E4_HYPODRUG	Drug-induced hypoglycaemia without coma	IV Endocrine, nutritional and metabolic diseases (E4_)	sex_shared	-0.0240530479262561	0.0123914861706648			603	-0.0364445340969209		0.121278675467918	0.06	0.06	registry
E4_HYPOGONADOTROPIC_HYPOGONADISM	Hypogonadotropic hypogonadism	IV Endocrine, nutritional and metabolic diseases (E4_)	sex_shared	-0.00010901367927083	0.0148462232565188	-0.0309	0.2568	1088	-0.0149552369357896	-0.2877	0.217519082901161		0.123538094783998	case-count proxy
E4_HYPOKALAEMIA	Hypokalaemia	IV Endocrine, nutritional and metabolic diseases (E4_)	sex_shared	0.0040480235361427	-0.00372322072514402	0.1457	0.1264	5227	0.00777124426128672	0.0193	1.25420808768659	0.68	0.68	registry
E4_HYPOOSMNAT	Hypo-osmolality and hyponatraemia	IV Endocrine, nutritional and metabolic diseases (E4_)	sex_shared	-0.0105596682442798	0.00231509523780706	0.0388	0.072	7957	-0.0128747634820869	-0.0332	1.89684066490738	1.13	1.13	registry
E4_HYPOPARA	Hypoparathyroidism	IV Endocrine, nutritional and metabolic diseases (E4_)	sex_shared	0.00378626406328467	-0.0059811939225517			1326	0.00976745798583637		0.276846373228997	0.16	0.16	registry
E4_HYPOPIT	Hypopituitarism	IV Endocrine, nutritional and metabolic diseases (E4_)	sex_shared	-0.0185844583244334	0.0143218929789672	0.1637	0.3459	2864	-0.0329063513034006	-0.1822	0.596040823801675	0.23	0.23	registry
E4_HYPOTHALDYSF	Hypothalamic dysfunction, including iatrogenic, not elsewhere classified	IV Endocrine, nutritional and metabolic diseases (E4_)	sex_shared	-0.00263302499514112	-0.0214201458116937	-0.6644	-0.7338	67	0.0187871208165526	0.0694	0.0140253335203378	0.01	0.01	registry
E4_HYTHYPOSTINF	Postinfectious hypothyroidism	IV Endocrine, nutritional and metabolic diseases (E4_)	sex_shared	-0.0249930518450436	-0.0133585875682128	9e-04	0.0104	203	-0.0116344642768308	-0.0095	0.0481307258967015	0.04	0.04	registry
E4_HYTHYSUBS	Hypothyroidism due to medicaments and other exogenous substances	IV Endocrine, nutritional and metabolic diseases (E4_)	sex_shared	-0.016872796188139	-0.0115923115998365			406	-0.0052804845883025		0.0962151427467764	0.04	0.04	registry
E4_HYTHY_AI_DX	Hypothyroidism, autoimmune, DX-based	IV Endocrine, nutritional and metabolic diseases (E4_)	sex_shared	-0.0175161615135314	-0.00800132343547876	-0.3058	-0.0701	142	-0.00951483807805264	-0.2357	0.0284225106284177	0.02	0.02	registry
E4_HYTHY_AI_STRICT	Hypothyroidism, strict autoimmune	IV Endocrine, nutritional and metabolic diseases (E4_)	sex_shared	-0.00287160559990819	0.00196515450286465	0.0113	0.0972	56098	-0.00483676010277284	-0.0859	13.5321333288305	8.02	8.02	registry
E4_IDIOPATHIC_HYPERCALCIURIA	Idiopathic hypercalciuria	IV Endocrine, nutritional and metabolic diseases (E4_)	sex_shared	-0.00196178662007724	0.00194322958280682	0.1479	0.174	203	-0.00390501620288406	-0.0261	0.0405849024163011		0.0255851875477751	case-count proxy
E4_IDIOPATHIC_HYPOPARATHYROIDISM	Idiopathic hypoparathyroidism	IV Endocrine, nutritional and metabolic diseases (E4_)	sex_shared	0.0195701738936398	0.00214654549924051	-0.3294	-0.1992	103	0.0174236283943993	-0.1302	0.0205923396496503		0.0135408160920797	case-count proxy
E4_IODHYPSUB	Subclinical iodine-deficiency hypothyroidism	IV Endocrine, nutritional and metabolic diseases (E4_)	sex_shared	-0.00241274815631573	-0.00827721062251745	-0.1826	-0.1118	50	0.00586446246620172	-0.0708	0.0118591606086121		0.00807028890649003	case-count proxy
E4_IRON_MET	Disorders of iron metabolism	IV Endocrine, nutritional and metabolic diseases (E4_)	sex_shared	0.0177356694872	-0.00550873843004242	0.0953	-0.1272	559	0.0232444079172424	0.2225	0.135650308549852	0.04	0.04	registry
E4_ISOLATED_GROWTH_HORMONE_DEFICIENCY	Isolated growth hormone deficiency	IV Endocrine, nutritional and metabolic diseases (E4_)	sex_shared	0.0137613053724234	0.0123417828060966	0.1901	0.0884	224	0.0014195225663268	0.1017	0.0447833405972978		0.0280597152242154	case-count proxy
E4_KWASHIORKOR	Kwashiorkor	IV Endocrine, nutritional and metabolic diseases (E4_)	sex_shared	0.00662305553323567	0.00782160746721701	-0.2661	0.3065	55	-0.00119855193398134	-0.5726	0.0110113196365864	0.01	0.01	registry
E4_LACTOCON	Congenital lactase deficiency	IV Endocrine, nutritional and metabolic diseases (E4_)	sex_shared	0.00925356736823665	0.0120781800928788	-0.0184	0.0364	86	-0.00282461272464215	-0.0548	0.0208932597372308	0.02	0.02	registry
E4_LACTONAS	Lactose intolerance, other/unspecified	IV Endocrine, nutritional and metabolic diseases (E4_)	sex_shared	0.0308525933658206	-0.00692611931762549	0.0177	0.0148	1059	0.0377787126834461	0.0029	0.256671893821697	0.16	0.16	registry
E4_LIPODEF	Lipoprotein deficiency	IV Endocrine, nutritional and metabolic diseases (E4_)	sex_shared	-0.00645993750386713	0.0347351942864541			72	-0.0411951317903212		0.0174926263720779	0.01	0.01	registry
E4_LIPODYST	Lipodystrophy, not elsewhere classified	IV Endocrine, nutritional and metabolic diseases (E4_)	sex_shared	-0.0176543934147477	0.0209778665824232	-0.0628	0.1931	53	-0.0386322599971709	-0.2559	0.0128771110565791	0.01	0.01	registry
E4_LIPOMATOSIS	Lipomatosis, not elsewhere classified	IV Endocrine, nutritional and metabolic diseases (E4_)	sex_shared	0.0203939663512181	-0.00366005878310033	0.2528	0.1114	102	0.0240540251343184	0.1414	0.0247794146227699	0.01	0.01	registry
E4_LIPOPROT	Disorders of lipoprotein metabolism and other lipidaemias	IV Endocrine, nutritional and metabolic diseases (E4_)	sex_shared	0.0327614969130564	0.0132147312639015	0.2259	0.1	66025	0.0195467656491549	0.1259	13.8256326496425	5.62	5.62	registry
E4_LIPOPROTNAS	Disorder of lipoprotein metabolism, unspecified	IV Endocrine, nutritional and metabolic diseases (E4_)	sex_shared	0.0153096939132966	0.0213970792019193	0.2402	0.3424	5747	-0.0060873852886227	-0.1022	1.37726258576437	0.51	0.51	registry
E4_LOCALADIP	Localized adiposity	IV Endocrine, nutritional and metabolic diseases (E4_)	sex_shared	0.00920038315801204	0.0201051546524558	0.3552	0.0467	178	-0.0109047714944438	0.3085	0.0381752242794426	0.02	0.02	registry
E4_MALNUTRITION	Malnutrition	IV Endocrine, nutritional and metabolic diseases (E4_)	sex_shared	0.000160697228558437	0.0047883114459897	-0.5183	0.2343	755	-0.00462761421743126	-0.7526	0.150943848888214	0.13	0.13	registry
E4_MARAKWASH	Marasmic kwashiorkor	IV Endocrine, nutritional and metabolic diseases (E4_)	sex_shared	-0.00968310887204196	-0.0177670322544423	0.0729	0.0687	79	0.00808392338240034	0.00420000000000001	0.0158154991892054	0.02	0.02	registry
E4_MARASMUS	Nutritional marasmus	IV Endocrine, nutritional and metabolic diseases (E4_)	sex_shared	-0.00455928063918329	0.0067801870723846	0.0653	0.0263	65	-0.0113394677115679	0.039	0.0130131172221599	0.01	0.01	registry
E4_MERETOJA_DISEASE	Meretoja disease	IV Endocrine, nutritional and metabolic diseases (E4_)	sex_shared	-0.00107207541720449	-0.00478436593152912	-0.0245	0.0081	122	0.00371229051432463	-0.0326	0.024390926575314		0.0158707523880669	case-count proxy
E4_METABOLIA	Metabolic disorders	IV Endocrine, nutritional and metabolic diseases (E4_)	sex_shared	0.0193018116189192	0.00807872898108865	0.2115	0.1078	88656	0.0112230826378305	0.1037	17.7246064464019	8.45	8.45	registry
E4_METABONAS	Metabolic disorder, other/unspecified	IV Endocrine, nutritional and metabolic diseases (E4_)	sex_shared	-0.00317241196821351	-0.0205384954422601			106	0.0173660834740466		0.0257509061403765	0.01	0.01	registry
E4_MG_DEF	Magnesium deficiency	IV Endocrine, nutritional and metabolic diseases (E4_)	sex_shared	0.0248466260571649	0.00544849545617523	0.186	0.2881	104	0.0193981306009897	-0.1021	0.0223985871660403	0.01	0.01	registry
E4_MG_MET	Disorders of magnesium metabolism	IV Endocrine, nutritional and metabolic diseases (E4_)	sex_shared	0.0294973380001611	0.0153301352087876			268	0.0141672027913735		0.0650804520663044	0.02	0.02	registry
E4_MINERAL_MET	Disorders of mineral metabolism	IV Endocrine, nutritional and metabolic diseases (E4_)	sex_shared	0.00642278262353098	0.00858944546988898			3451	-0.002166662846358		0.831604338511884	0.3	0.3	registry
E4_MINERAL_METNAS	Disorder of mineral metabolism, other/unspecified	IV Endocrine, nutritional and metabolic diseases (E4_)	sex_shared	-0.011014732134515	0.0228152685606678	0.1613	0.0055	77	-0.0338300006951828	0.1558	0.0187071648441353	0.01	0.01	registry
E4_NONTOXIC_THYROID	Nontoxic goitre/thyroid nodule	IV Endocrine, nutritional and metabolic diseases (E4_)	sex_shared	0.0200073785531178	0.0122570249559827	0.1211	0.0762	13273	0.0077503535971351	0.0449	2.65361285601756	1.98	1.98	registry
E4_NUTRI_DEF_NAS	Other specified/unspecified nutritional deficiencies	IV Endocrine, nutritional and metabolic diseases (E4_)	sex_shared	0.00347441979774646	0.0138925741838543			258	-0.0104181543861078		0.0555473024033897	0.04	0.04	registry
E4_OBESITY	Obesity	IV Endocrine, nutritional and metabolic diseases (E4_)	sex_shared	0.029854208627614	0.0183638474941318	0.2007	0.1005	33933	0.0114903611334822	0.1002	6.78624711515001	3.03	3.03	registry
E4_OBESITYCAL	Obesity due to excess calories	IV Endocrine, nutritional and metabolic diseases (E4_)	sex_shared	0.0363691224542084	0.0162754925380587	0.2046	0.1106	24226	0.0200936299161497	0.094	4.93925326058812	2.02	2.02	registry
E4_OBESITYDRUG	Drug-induced obesity	IV Endocrine, nutritional and metabolic diseases (E4_)	sex_shared	-0.009971940244116	0.00594850653278199	0.0353	0.0232	326	-0.015920446776898	0.0121	0.0698702684861513	0.03	0.03	registry
E4_OBESITYNAS	Obesity, other/unspecified	IV Endocrine, nutritional and metabolic diseases (E4_)	sex_shared	0.0334143182454931	0.00534424844222656	0.2287	0.094	17123	0.0280700698032665	0.1347	3.54237694879349	1.52	1.52	registry
E4_OBESITYXTRMALV	Extreme obesity with alveolar hypoventilation	IV Endocrine, nutritional and metabolic diseases (E4_)	sex_shared	0.019684074213655	-0.00640046112513896	0.4125	0.103	1519	0.026084535338794	0.3095	0.324730851782492	0.13	0.13	registry
E4_ODANDRO	Ovarian dysfunction: androgen excess	IV Endocrine, nutritional and metabolic diseases (E4_)	gynaecological	-0.00942942395284208	-0.015096872995844	0.2159	-0.0742	56	0.00566744904300192	0.2901	0.020986122926215	0.01	0.01	registry
E4_OVARDYS	Ovarian dysfunction	IV Endocrine, nutritional and metabolic diseases (E4_)	gynaecological	-0.00114922535447157	-0.00281697301239217	0.143	-0.0458	3215	0.0016677476579206	0.1888	1.19073192050429	0.5	0.5	registry
E4_OVARDYSNAS	Ovarian dysfunction, other/unspecified	IV Endocrine, nutritional and metabolic diseases (E4_)	gynaecological	0.00838217965086607	-0.0167059583306602			212	0.0250881379815263		0.0794010464458668	0.04	0.04	registry
E4_OVARFAIL	Primary ovarian failure	IV Endocrine, nutritional and metabolic diseases (E4_)	gynaecological	0.0170370641934539	-0.00926426365255993			686	0.0263013278460138		0.256474485275149	0.08	0.08	registry
E4_PANCSECNAS	Disorder of pancreatic internal secretion, other and/or unspecified	IV Endocrine, nutritional and metabolic diseases (E4_)	sex_shared	0.0186602643438648	0.00988146887177571	0.1631	0.2241	258	0.00877879547208909	-0.061	0.0519264094095484	0.03	0.03	registry
E4_PANHYPOPITUITARISM	Panhypopituitarism	IV Endocrine, nutritional and metabolic diseases (E4_)	sex_shared	-0.0171196163384065	-0.0120393145901292			652	-0.0050803017482773		0.130351509238563		0.0764261722810178	case-count proxy
E4_PARANAS	Disorders of parathyroid gland, other and/or unspecified	IV Endocrine, nutritional and metabolic diseases (E4_)	sex_shared	-0.0181225735352336	-0.0215611429654467	-0.214	-0.1477	242	0.0034385694302131	-0.0663	0.0506401161793079	0.03	0.03	registry
E4_PARATHYRO	Disorders of parathyroid gland	IV Endocrine, nutritional and metabolic diseases (E4_)	sex_shared	-0.00417514776179801	-0.0137778989062517	-0.0321	0.1237	9268	0.00960275114445369	-0.1558	1.90343966416654	1.57	1.57	registry
E4_PCOS	Polycystic ovarian syndrome	IV Endocrine, nutritional and metabolic diseases (E4_)	gynaecological	-0.0180727815255634	0.00345770411130909	0.0151	-0.0303	2349	-0.0215304856368725	0.0454	0.872792937399679	0.38	0.38	registry
E4_PCOS_BROAD	Polycystic ovarian syndrome, broad definition	IV Endocrine, nutritional and metabolic diseases (E4_)	gynaecological	-0.00723071829092048	0.0205804105306357	0.0666	0.0164	4961	-0.0278111288215562	0.0502	1.78800547826714	0.84	0.84	registry
E4_PCOS_CONCORTIUM	Polycystic ovarian syndrome, consortium definition	IV Endocrine, nutritional and metabolic diseases (E4_)	gynaecological	0.0373067887810987	0.027503394862257	0.2921	0.2248	43558	0.0098033939188417	0.0673	15.4510852792923	9.53	9.53	registry
E4_PHOS_MET	Disorders of phosphorus metabolism and phosphatases	IV Endocrine, nutritional and metabolic diseases (E4_)	sex_shared	-0.0100165112248449	0.00309004683653091	-0.3586	-0.3942	172	-0.0131065580613758	0.0356	0.0417777907321315	0.01	0.01	registry
E4_PITUDISNAS	Disorders of pituitary gland, other and/or unspecified	IV Endocrine, nutritional and metabolic diseases (E4_)	sex_shared	-0.00806950051551666	0.020106601806446	0.0332	0.1219	212	-0.0281761023219627	-0.0887	0.0443652009408771	0.02	0.02	registry
E4_PITUITARY_DEPENDENT_CUSHINGS_DISEASE	Pituitary-dependent Cushing's disease	IV Endocrine, nutritional and metabolic diseases (E4_)	sex_shared	0.00768792672285018	-0.0125567133208301	-0.1029	0.0845	112	0.0202446400436803	-0.1874	0.0223916702986489		0.0146475275573077	case-count proxy
E4_PLASMAPROT	Disorders of plasma-protein metabolism, not elsewhere classified	IV Endocrine, nutritional and metabolic diseases (E4_)	sex_shared	-0.00248318560018935	-0.00859088755257022			257	0.00610770195238087		0.062410906609485	0.02	0.02	registry
E4_PORBILIR	Disorders of porphyrin and bilirubin metabolism	IV Endocrine, nutritional and metabolic diseases (E4_)	sex_shared	-0.0121615459403755	-0.0107632232272332			419	-0.0013983227131423		0.101711619642237	0.05	0.05	registry
E4_PORBILIRNAS	Disorder of bilirubin metabolism, other/unspecified	IV Endocrine, nutritional and metabolic diseases (E4_)	sex_shared	-0.00464399301456275	-0.00253910646973749	-0.0542	-0.119	55	-0.00210488654482526	0.0648	0.0133629748411628		0.00902641926435713	case-count proxy
E4_PORPHYNAS	Other porphyria	IV Endocrine, nutritional and metabolic diseases (E4_)	sex_shared	-0.00215260058742543	0.00419674120828787	-0.0716	-0.1107	60	-0.0063493417957133	0.0391	0.0145776136446464	0.01	0.01	registry
E4_PRECOXCENTPUB	Precocious central puberty	IV Endocrine, nutritional and metabolic diseases (E4_)	sex_shared	0.00407601058909859	-0.0146245880670397	-0.3018	-0.1949	219	0.0187005986561383	-0.1069	0.0458294183012144	0.05	0.05	registry
E4_PREPUB	Precocious puberty	IV Endocrine, nutritional and metabolic diseases (E4_)	sex_shared	0.00520950105577833	0.00652399991013829			177	-0.00131449885435996		0.0370434706174121	0.07	0.07	registry
E4_PRIMARY_ADRENOCORTICAL_INSUFFICIENCY	Primary adrenocortical insufficiency	IV Endocrine, nutritional and metabolic diseases (E4_)	sex_shared	-0.0118543448822244	-0.00609917509745085	-0.2002	0.0612	407	-0.00575516978477355	-0.2614	0.0813697304602688		0.0491257856594908	case-count proxy
E4_PRIMARY_HYPERPARATHYROIDISM	Primary hyperparathyroidism	IV Endocrine, nutritional and metabolic diseases (E4_)	sex_shared	0.00853854472009922	-0.00950183148863177	-0.0693	0.1539	4291	0.018040376208731	-0.2232	0.857880868316986		0.44739326516996	case-count proxy
E4_PROTMALMODMILD	Protein-energy malnutrition of moderate and mild degree	IV Endocrine, nutritional and metabolic diseases (E4_)	sex_shared	-0.0157458753378738	0.00879733650605549	-0.2602	0.0742	307	-0.0245432118439293	-0.3344	0.0614321904678051	0.05	0.05	registry
E4_PROTMALNAS	Unspecified protein-energy malnutrition	IV Endocrine, nutritional and metabolic diseases (E4_)	sex_shared	0.0104074903386926	-0.0188302861380433			198	0.0292377764767359		0.0396294050185237	0.04	0.04	registry
E4_PROTMALSEVERNAS	Unspecified severe protein-energy malnutrition	IV Endocrine, nutritional and metabolic diseases (E4_)	sex_shared	0.0184532006178339	-0.00227358891863473	0.0732	-0.0369	65	0.0207267895364686	0.1101	0.0130131172221599	0.01	0.01	registry
E4_PUBDISNAS	Disorders of puberty, other/unspecified	IV Endocrine, nutritional and metabolic diseases (E4_)	sex_shared	-0.0102328424292735	-0.00906608403220211	-0.1659	-0.2405	142	-0.00116675839707139	0.0746	0.0297206675847981	0.05	0.05	registry
E4_SEQUMAL	Sequelae of malnutrition and other nutritional deficiencies	IV Endocrine, nutritional and metabolic diseases (E4_)	sex_shared	-0.0198292903350706	-0.00283737183514655	-0.4538	0.1011	78	-0.016991918499924	-0.5549	0.0167998811085337	0.01	0.01	registry
E4_SHORT_STATURE_STARTING_BEFORE_BIRTH	Short stature starting before birth	IV Endocrine, nutritional and metabolic diseases (E4_)	sex_shared	0.00778149120144159	0.00271875993984135	-0.1354	0.0024	126	0.00506273126160024	-0.1378	0.02519062908598		0.0163582698914591	case-count proxy
E4_SPHIGLOLIPNAS	Sphingolipidosis, other/unspecified	IV Endocrine, nutritional and metabolic diseases (E4_)	sex_shared	0.00864058955436195	0.00525122209172701	0.0784	-0.0856	66	0.00338936746263494	0.164	0.0160351412550171		0.0107093770709491	case-count proxy
E4_SPHINGOLIP	Disorders of sphingolipid metabolism and other lipid storage disorders	IV Endocrine, nutritional and metabolic diseases (E4_)	sex_shared	0.0252174363705959	-0.0198009446328154	0.1815	-0.1104	126	0.0450183810034113	0.2919	0.0306080805332608	0.02	0.02	registry
E4_TESTICDYSNAS	Testicular dysfunction, other/unspecified	IV Endocrine, nutritional and metabolic diseases (E4_)	male_limited	-0.0119555138183474	0.00743922660276344			159	-0.0193947404211108		0.0753511648626618	0.03	0.03	registry
E4_TESTICHYPO	Testicular hypofunction	IV Endocrine, nutritional and metabolic diseases (E4_)	male_limited	-0.00696585056877711	-0.00543618606616174			1188	-0.00152966450261537		0.560269004579303	0.13	0.13	registry
E4_THIA_DEF	Thiamine deficiency	IV Endocrine, nutritional and metabolic diseases (E4_)	sex_shared	-0.0193152550979796	0.00382125089825276	0.1663	0.2187	197	-0.0231365059962324	-0.0524	0.0424195965616441	0.04	0.04	registry
E4_THYCRISIS	Thyroid crisis or storm	IV Endocrine, nutritional and metabolic diseases (E4_)	sex_shared	-0.0105290085714067	-0.00280658370668518	-0.0648	0.2225	85	-0.00772242486472152	-0.2873	0.0201588995612475	0.01	0.01	registry
E4_THYMUSDIS	Diseases of thymus	IV Endocrine, nutritional and metabolic diseases (E4_)	sex_shared	0.0105539546816734	0.0154550197411811	-0.2256	-0.2062	89	-0.0049010650595077	-0.0194	0.0186298089502626	0.01	0.01	registry
E4_THYMUSDISNAS	Disease of thymus, other/unspecified	IV Endocrine, nutritional and metabolic diseases (E4_)	sex_shared	-0.00129110422194549	0.0130410739540197	-0.2751	-0.1447	57	-0.0143321781759652	-0.1304	0.0119322499408621		0.00811692652324169	case-count proxy
E4_THYROID	Disorders of the thyroid gland	IV Endocrine, nutritional and metabolic diseases (E4_)	sex_shared	0.0104002573965618	0.0122465170583753	0.0218	0.107	78621	-0.0018462596618135	-0.0852	15.7183527727685	10.77	10.77	registry
E4_THYROIDITACU	Acute thyroiditis	IV Endocrine, nutritional and metabolic diseases (E4_)	sex_shared	0.01409117125818	0.00763305293975796	0.5377	0.0682	146	0.00645811831842204	0.4695	0.0346208659484813	0.02	0.02	registry
E4_THYROIDITAUTOIM	Autoimmune thyroiditis	IV Endocrine, nutritional and metabolic diseases (E4_)	sex_shared	-0.0121208565456401	-0.0125678551137612	-0.2392	-0.0231	724	0.000446998568121099	-0.2161	0.17144656858218	0.11	0.11	registry
E4_THYROIDITCHRON	Chronic thyroiditis	IV Endocrine, nutritional and metabolic diseases (E4_)	sex_shared	-0.0252141391817866	-0.00927689565194578	-0.1669	0.0301	143	-0.0159372435298408	-0.197	0.0339097195215647	0.02	0.02	registry
E4_THYROIDITDRUG	Drug-induced thyroiditis	IV Endocrine, nutritional and metabolic diseases (E4_)	sex_shared	8.17105794125488e-05	-0.0063030303477453	-0.2293	0.0924	80	0.00638474092715785	-0.3217	0.0189733069288145		0.0125398586219751	case-count proxy
E4_THYROIDITNAS	Thyroiditis, unspecified	IV Endocrine, nutritional and metabolic diseases (E4_)	sex_shared	-0.0115271858412025	-0.00609417470034258	-0.3473	-0.1836	569	-0.00543301114085992	-0.1637	0.134791322186794	0.08	0.08	registry
E4_THYROIDITSUBAC	Subacute thyroiditis	IV Endocrine, nutritional and metabolic diseases (E4_)	sex_shared	-0.0368370793067275	-0.00891174537135288	-0.0925	0.1461	1396	-0.0279253339353746	-0.2386	0.330054071179139	0.16	0.16	registry
E4_THYROIDNASOTH	Disorder of thyroid, unspecified	IV Endocrine, nutritional and metabolic diseases (E4_)	sex_shared	0.00168380729917346	0.0279383885990792	-0.0121	0.1686	480	-0.0262545812999057	-0.1807	0.113731948015022	0.07	0.07	registry
E4_THYROTROPIN_DEFICIENCY	Thyrotropin deficiency	IV Endocrine, nutritional and metabolic diseases (E4_)	sex_shared	-0.00955306067363418	0.00984714492922896			397	-0.0194002056028631		0.0793704741836037		0.0479929164995611	case-count proxy
E4_THYTOXFAC	Thyrotoxicosis factitia	IV Endocrine, nutritional and metabolic diseases (E4_)	sex_shared	-0.00898365116656489	0.0108980864953171	0.4098	0.2715	113	-0.019881737661882	0.1383	0.02312730249693	0.01	0.01	registry
E4_THYTOXGOITDIF	Thyrotoxicosis with diffuse goitre	IV Endocrine, nutritional and metabolic diseases (E4_)	sex_shared	0.0121756211564406	-0.018213749244612	-0.0317	0.0341	6304	0.0303893704010526	-0.0658	1.47334815095274	0.76	0.76	registry
E4_THYTOXGOITMULT	Thyrotoxicosis with toxic multinodular goitre	IV Endocrine, nutritional and metabolic diseases (E4_)	sex_shared	0.00661141193501932	-0.00297054827069553	0.068	0.0302	2305	0.00958196020571485	0.0378	0.469649057034345	0.38	0.38	registry
E4_THYTOXNOD	Thyrotoxicosis with toxic single thyroid nodule	IV Endocrine, nutritional and metabolic diseases (E4_)	sex_shared	0.00566575037034922	0.0132063630854379			322	-0.00754061271508868		0.0658744008395918	0.04	0.04	registry
E4_VIT_A_DEF	Vitamin A deficiency	IV Endocrine, nutritional and metabolic diseases (E4_)	sex_shared	0.0096659106028629	0.0233260865493628	0.515	0.26	163	-0.0136601759464999	0.255	0.03510101771417	0.03	0.03	registry
E4_VIT_B_DEF	Deficiency of other B group vitamins	IV Endocrine, nutritional and metabolic diseases (E4_)	sex_shared	-0.00289001926661839	-0.01248184442393	-0.1104	-0.0051	794	0.00959182515731161	-0.1053	0.170750852141375	0.07	0.07	registry
E4_VIT_D_DEF	Vitamin D deficiency	IV Endocrine, nutritional and metabolic diseases (E4_)	sex_shared	0.00576097600983072	0.00123242844622949	0.1707	0.14	664	0.00452854756360123	0.0307	0.142834095186878	0.08	0.08	registry
E4_VOLUME	Volume depletion	IV Endocrine, nutritional and metabolic diseases (E4_)	sex_shared	-0.0180939129349355	-0.00796842849520548	0.0573	-0.0627	4203	-0.01012548443973	0.12	1.01098541612044	0.63	0.63	registry
EHEC	Enterohaemorrhagic Escherichia coli infection	I Certain infectious and parasitic diseases (AB1_)	sex_shared	-0.0145601145471852	-0.00179111509107329			59	-0.0127689994561119		0.0119916018137806	0.01	0.01	registry
ENTEROPATH_E_COLI	Enteropathogenic Escherichia coli infection	I Certain infectious and parasitic diseases (AB1_)	sex_shared	-0.00790076072503539	0.0176625358805549	0.0359	0.1377	110	-0.0255632966055903	-0.1018	0.0223549064955229	0.01	0.01	registry
EOSINOPHIL_DISEASE	Eosinophilic disease (BM)	III Diseases of the blood and blood-forming organs and certain disorders involving the immune mechanism (D3_)	sex_shared	0.000772418441525785	0.014443738122965	0.0907	-0.3452	571	-0.0136713196814392	0.4359	0.215706125902868		0.122572190509707	case-count proxy
EPILEPTIC_SEIZU_RELATED_DRUGS	Epileptic seizures related to drugs	VI Diseases of the nervous system (G6_)	sex_shared	0.00426903674484994	0.0202051597710803	-0.1717	-0.0922	106	-0.0159361230262304	-0.0795	0.0211921165326499	0.01	0.01	registry
EPISEIZALCO	Epileptic seizures related to alcohol	Alcohol related diseases	sex_shared	0.0267064552364607	-0.00318512659475373	0.4562	0.2913	211	0.0298915818312144	0.1649	0.0421843074376332	0.07	0.07	registry
ERECTILE_DYSFUNCTION	Erectile dysfunction	V Mental and behavioural disorders (F5_)	male_limited	0.0138591030481195	-0.00153343827245553	0.1697	0.0521	2978	0.015392541320575	0.1176	1.36514703522886	0.51	0.51	registry
EVER_SMOKER	Ever smoker	Miscellaneous, not yet classified endpoints	sex_shared	0.077879237528495	0.0617401388051716	0.2777	0.203	145362	0.0161390987233234	0.0747	49.165756264861		19.9360393121234	case-count proxy
F5_ADHD	Disturbance of activity and attention	V Mental and behavioural disorders (F5_)	sex_shared	0.0265057955434747	0.0384515198390427	0.2559	0.2024	5559	-0.011945724295568	0.0535	1.1229123405218	1.21	1.21	registry
F5_AGORAPHOBIA	Agoraphobia	V Mental and behavioural disorders (F5_)	sex_shared	0.00686136302688432	0.0162352882507792	0.044	0.1648	1369	-0.00937392522389488	-0.1208	0.308972851465082	0.17	0.17	registry
F5_ALCOHOLAC	Acute alcohol intoxication	V Mental and behavioural disorders (F5_)	sex_shared	0.0442566170421376	0.0481823882371994	0.255	0.2307	12622	-0.0039257711950618	0.0243	2.63147470577811	3.17	3.17	registry
F5_ALCOHOL_DEPENDENCE	Alcohol dependence	V Mental and behavioural disorders (F5_)	sex_shared	0.0443438497250004	0.0387969671322739	0.2639	0.2288	12881	0.0055468825927265	0.0351	2.68402255404093	3.11	3.11	registry
F5_ALLANXIOUS	All anxiety disorders	V Mental and behavioural disorders (F5_)	sex_shared	0.0308931518694752	0.0273542913679669	0.0871	0.1344	38032	0.0035388605015083	-0.0473	7.9275613660619	5.13	5.13	registry
F5_ALZHDEMENT	Dementia in Alzheimer disease	V Mental and behavioural disorders (F5_)	sex_shared	-0.0199363013307123	0.0320127844815658	0.1093	0.1641	8916	-0.0519490858122781	-0.0548	1.88125476063375	1.96	1.96	registry
F5_ANAPER	Anankastic personality disorder	V Mental and behavioural disorders (F5_)	sex_shared	-0.000636001937589218	0.0025824177186473	-0.0427	-0.0538	1570	-0.00321841965623652	0.0111	0.322107444374917	0.14	0.14	registry
F5_ANOREX	Anorexia (incl.atypical)	V Mental and behavioural disorders (F5_)	sex_shared	-0.012515583457963	-0.0166698434875525	0.0044	-0.0323	2660	0.0041542600295895	0.0367	0.599279962871678	0.55	0.55	registry
F5_ANXIETY	Other anxiety disorders	V Mental and behavioural disorders (F5_)	sex_shared	0.0282939232667155	0.0240813609024761	0.1244	0.143	26248	0.0042125623642394	-0.0186	5.60902641251389	3.43	3.43	registry
F5_ANXPER	Anxious personality disorder	V Mental and behavioural disorders (F5_)	sex_shared	-0.00840538583479071	-0.00442695569391873	0.079	0.0355	772	-0.00397843014087198	0.0435	0.158646327604667	0.09	0.09	registry
F5_BEHAVE	Behavioural syndromes associated with physiological disturbances and physical factors	V Mental and behavioural disorders (F5_)	sex_shared	0.0232464592760069	0.0181372875383645	0.1316	0.1077	58980	0.0051091717376424	0.0239	11.7916135197706	1.96	1.96	registry
F5_BEHEMOCHILD	Behavioural and emotional disorders with onset usually occurring in childhood and adolescence	V Mental and behavioural disorders (F5_)	sex_shared	0.0211289595857758	0.0352503050779672	0.2359	0.235	10693	-0.0141213454921914	0.000900000000000012	2.13780473663797	2.85	2.85	registry
F5_BIPO	Bipolar affective disorders	V Mental and behavioural disorders (F5_)	sex_shared	0.0217120228063594	0.0445082462040105	0.1549	0.233	9221	-0.0227962233976511	-0.0781	2.08670424740831	0.93	0.93	registry
F5_BULIMIA	Bulimia nervosa (incl. atypical)	V Mental and behavioural disorders (F5_)	sex_shared	-0.00383043442478059	-0.00120099493623927	0.223	0.2398	1434	-0.00262943948854132	-0.0168	0.323965299114404	0.25	0.25	registry
F5_CANNABIS	Mental and behavioural disorders due to cannabinoids	V Mental and behavioural disorders (F5_)	sex_shared	0.0315640095294791	0.0238112664273283	0.3215	0.2627	1212	0.00775274310215081	0.0588	0.246311425435922	0.29	0.29	registry
F5_COCAINE	Mental and behavioural disorders due to cocaine	V Mental and behavioural disorders (F5_)	sex_shared	0.00760887234731351	0.0318366820125563	0.2963	0.6731	58	-0.0242278096652428	-0.3768	0.011814889204858	0.01	0.01	registry
F5_DELIRIUM	Delirium, not induced by alcohol and other psychoactive substances	V Mental and behavioural disorders (F5_)	sex_shared	0.0181360257979738	0.0246882661166611	0.3335	0.1769	5121	-0.0065522403186873	0.1566	1.08924074326164	0.76	0.76	registry
F5_DELUSIO	Persistent delusional disorders	V Mental and behavioural disorders (F5_)	sex_shared	-0.00488422870313582	0.00300996653031353	-0.0286	0.0166	3083	-0.00789419523344935	-0.0452	0.632565964955476	0.57	0.57	registry
F5_DEMENTIA	Dementia	V Mental and behavioural disorders (F5_)	sex_shared	-0.0131647924499844	0.0446546087144706	0.015	0.0914	29106	-0.057819401164455	-0.0764	5.89036466185956	6.12	6.12	registry
F5_DEMENTIA_INCLAVO	Dementia, including avohilmo	V Mental and behavioural disorders (F5_)	sex_shared	-0.00858582218988296	0.0441184207010795	0.0126	0.0942	31107	-0.0527042428909625	-0.0816	6.21908649982207	6.31	6.31	registry
F5_DEMINOTH	Dementia in other diseases classified elsewhere	V Mental and behavioural disorders (F5_)	sex_shared	-0.0225417796761297	-0.00597924977114572			1761	-0.016562529904984		0.377262288338932	0.27	0.27	registry
F5_DEMNAS	Unspecified dementia	V Mental and behavioural disorders (F5_)	sex_shared	-0.00964722763078592	0.0273364547688761	-0.0988	0.0119	5908	-0.036983682399662	-0.1107	1.25453622717553	2.19	2.19	registry
F5_DEPPER	Dependent personality disorder	V Mental and behavioural disorders (F5_)	sex_shared	-0.00107228571948674	0.00384420660524216	-0.022	0.3585	747	-0.0049164923247289	-0.3805	0.153516703932658	0.09	0.09	registry
F5_DEPRESSIO	Depression	V Mental and behavioural disorders (F5_)	sex_shared	0.0337279811853439	0.0462708538037409	0.1043	0.2282	61203	-0.012542872618397	-0.1239	12.3924069855733		5.47435688971638	case-count proxy
F5_DEPRESSION_DYSTHYMIA	Depression or dysthymia	V Mental and behavioural disorders (F5_)	sex_shared	0.0225344661135903	0.0434228626916464	0.1053	0.203	77622	-0.0208883965780561	-0.0977	24.5072316887201		10.3768292264612	case-count proxy
F5_DEPRESSION_PSYCHOTIC	Psychotic depression	V Mental and behavioural disorders (F5_)	sex_shared	0.0100165061252578	0.029711827218219	-0.043	0.2543	2702	-0.0196953210929612	-0.2973	1.11740160704021		0.573241007235502	case-count proxy
F5_DEPRESSION_RECURRENT	Recurrent or chronic depression	V Mental and behavioural disorders (F5_)	sex_shared	0.0157329161628402	0.0366005347923504	0.0839	0.1717	28545	-0.0208676186295102	-0.0878	10.6648882512497		4.75539209557469	case-count proxy
F5_DISPER	Dissocial personality disorder	V Mental and behavioural disorders (F5_)	sex_shared	0.014897714436371	0.0232590311458065	0.4092	0.2856	580	-0.0083613167094355	0.1236	0.119237292491134	0.17	0.17	registry
F5_DISSOCIATIVE	Dissociative [conversion] disorders	V Mental and behavioural disorders (F5_)	sex_shared	0.0240251035886412	-0.00167047865134838	0.3559	0.1758	1586	0.0256955822399896	0.1801	0.357772875131401	0.22	0.22	registry
F5_EATOTH	Other eating disorders	V Mental and behavioural disorders (F5_)	sex_shared	0.00306482583174032	0.0066813720463179	0.2681	0.1813	2236	-0.00361654621457758	0.0868	0.504237307246495	0.43	0.43	registry
F5_EMOCHILD	Emotional disorders and disorders of social functioning with onset specific to childhood	V Mental and behavioural disorders (F5_)	sex_shared	0.00409445402533211	-0.0076366409878836	0.1997	0.252	2252	0.0117310950132157	-0.0523	0.457960935037469	0.75	0.75	registry
F5_EMOPER	Emotionally unstable personality disorder	V Mental and behavioural disorders (F5_)	sex_shared	0.0173032622433375	0.0501726776937681	0.2131	0.3096	5676	-0.0328694154504306	-0.0965	1.15478280683837	0.66	0.66	registry
F5_GAD	Generalized anxiety disorder	V Mental and behavioural disorders (F5_)	sex_shared	0.0073588610891224	0.0153887744474257	-0.0474	0.1162	7883	-0.0080299133583033	-0.1636	1.75335579799597	0.87	0.87	registry
F5_GENDER	Gender identity disorders	V Mental and behavioural disorders (F5_)	sex_shared	-0.0012355595496103	0.024700604281356	0.0194	0.0188	561	-0.0259361638309663	6e-04	0.115335748325473	0.08	0.08	registry
F5_HABIT	Habit and impulse disorders	V Mental and behavioural disorders (F5_)	sex_shared	0.0253981023721814	0.0418574275184294	-0.0451	0.4973	636	-0.016459325146248	-0.5424	0.130734807731443	0.1	0.1	registry
F5_HALLUCIN	Mental and behavioural disorders due to hallucinogens	V Mental and behavioural disorders (F5_)	sex_shared	0.0249588405264755	0.00337207478870848	0.1219	0.1341	184	0.021586765737767	-0.0122	0.0374720995780316	0.04	0.04	registry
F5_HISPER	Histrionic personality disorder	V Mental and behavioural disorders (F5_)	sex_shared	-0.0024610342204513	0.0218811732533011			172	-0.0243422074737524		0.0353897085904403	0.03	0.03	registry
F5_HYPERKIN	Hyperkinetic disorders (excl. ADHD)	V Mental and behavioural disorders (F5_)	sex_shared	0.0220643027161114	0.0334056442650797			709	-0.0113413415489683		0.144634252818226	0.35	0.35	registry
F5_HYPERSOMNIA	Hypersomnia	V Mental and behavioural disorders (F5_)	sex_shared	0.0167846909231972	-0.0028274221261392	0.3078	0.0758	525	0.0196121130493364	0.232	0.117502764112642	0.04	0.04	registry
F5_INSOMNIA	Insomnia	V Mental and behavioural disorders (F5_)	sex_shared	0.0243397374988484	0.0201718105189221	0.1119	0.0786	51643	0.0041679269799263	0.0333	10.3718297865503	0.67	0.67	registry
F5_KELAMENT	Kela-code for severe mental illness	V Mental and behavioural disorders (F5_)	sex_shared	-0.00484635423763127	0.0286098077811043	0.041	0.1226	18676	-0.0334561620187356	-0.0816	3.75197884941458	2.25	2.25	registry
F5_KELARET	Kela-code for behavioural disturbances in mental retardation	V Mental and behavioural disorders (F5_)	sex_shared	-0.00699082589091258	-0.00950476270164834	-0.103	-0.0313	282	0.00251393681073576	-0.0717	0.0565228807427347	0.17	0.17	registry
F5_MANIA	Manic episode	V Mental and behavioural disorders (F5_)	sex_shared	0.00390618282909671	0.00875993097043669	0.0535	-0.0082	1206	-0.00485374814133998	0.0617	0.27795832008076	0.12	0.12	registry
F5_MENTALUNSPE	Mental disorders, not otherwise specified	V Mental and behavioural disorders (F5_)	sex_shared	0.00646470820914259	0.0234435533165098	0.1497	0.29	3548	-0.0169788451073672	-0.1403	0.735129580056191	0.49	0.49	registry
F5_MENTORG	Other mental disorders due to brain damage and dysfunction and to physical disease	V Mental and behavioural disorders (F5_)	sex_shared	-0.0127392310047078	0.0508662827949378	-0.1179	0.0853	4752	-0.0636055137996456	-0.2032	1.01154808152839	0.54	0.54	registry
F5_MILDRET	Mild mental retardation	V Mental and behavioural disorders (F5_)	sex_shared	0.0115725008596761	0.00827149194027319			931	0.00330100891940291		0.186363254210689	0.32	0.32	registry
F5_MIXEDDEV	Mixed specific developmental disorders	V Mental and behavioural disorders (F5_)	sex_shared	-0.0166098570742634	0.0176421856424255	0.2072	0.142	817	-0.0342520427166889	0.0652	0.165003837298542	0.52	0.52	registry
F5_MIXPER	Mixed and other personality disorders	V Mental and behavioural disorders (F5_)	sex_shared	0.0159741457155183	0.0208615957183658	0.0604	0.269	3405	-0.0048874500028475	-0.2086	0.695963208993357	0.37	0.37	registry
F5_MODRET	Moderate mental retardation	V Mental and behavioural disorders (F5_)	sex_shared	-0.0125237376781148	0.00508132479001313	0.2381	0.1287	228	-0.0176050624681279	0.1094	0.0457042972062246	0.13	0.13	registry
F5_MOOD	Mood [affective] disorders	V Mental and behavioural disorders (F5_)	sex_shared	0.0331201919296409	0.0470401610313344	0.0963	0.2298	67514	-0.0139199691016935	-0.1335	13.4977788262766		5.93107364681845	case-count proxy
F5_MOODOTH	Other and unspecified mood [affective] disorders	V Mental and behavioural disorders (F5_)	sex_shared	0.0173837201358543	0.0182451040138819	0.2203	0.3189	3220	-0.000861383878027602	-0.0986	0.738715094564709	0.41	0.41	registry
F5_NEUROTICOTH	Other neurotic disorders	V Mental and behavioural disorders (F5_)	sex_shared	0.0057402388409976	0.0179566790414084	-0.039	0.2167	1916	-0.0122164402004108	-0.2557	0.431893388154039	0.32	0.32	registry
F5_NIGHTMARES	Nightmares	V Mental and behavioural disorders (F5_)	sex_shared	-0.00962226741689273	0.00602510035796639			88	-0.0156473677748591		0.0197149840599873	0.01	0.01	registry
F5_OCD	Obsessive-compulsive disorder	V Mental and behavioural disorders (F5_)	sex_shared	0.010171915720183	0.00434141713877276	-0.0306	0.0158	3045	0.00583049858141024	-0.0464	0.684643524441437	0.42	0.42	registry
F5_OPIOIDS	Mental and behavioural disorders due to opioids	V Mental and behavioural disorders (F5_)	sex_shared	0.0324127008816726	0.0291770101177416	0.2535	0.274	1500	0.003235690763931	-0.0205	0.304662555753248	0.28	0.28	registry
F5_OTHERSUB	Mental and behavioural disorders due to multiple drug use and use of multiple drugs and use of other psychoactive substances	V Mental and behavioural disorders (F5_)	sex_shared	0.0513313425776562	0.0433584743177374	0.2974	0.2703	2980	0.0079728682599188	0.0271	0.603448974136744	0.63	0.63	registry
F5_OTHPER	Other specified and unspecified personality disorders	V Mental and behavioural disorders (F5_)	sex_shared	0.00515136100325811	0.0249663859926422	0.0676	0.1964	3862	-0.0198150249893841	-0.1288	0.788634836749322	0.48	0.48	registry
F5_OTHRET	Other and unspecified mental retardation	V Mental and behavioural disorders (F5_)	sex_shared	0.00404473788638087	0.0124710220138936			549	-0.00842628412751273		0.109980367803197	0.24	0.24	registry
F5_PANIC	Panic disorder	V Mental and behavioural disorders (F5_)	sex_shared	0.0401457760906609	0.0241840155313777	0.158	0.1796	7203	0.0159617605592832	-0.0216	1.60453537974895	0.96	0.96	registry
F5_PARAPER	Paranoid personality disorder	V Mental and behavioural disorders (F5_)	sex_shared	-0.0213756671843242	0.00509664675550024	-0.1147	0.2365	695	-0.0264723139398244	-0.3512	0.142845398117318	0.1	0.1	registry
F5_PERSBEHORG	Personality and behavioural disorders due to brain disease, damage and dysfunction	V Mental and behavioural disorders (F5_)	sex_shared	-0.00704226475807385	0.0196931439505724			549	-0.0267354087086463		0.117919462510632	0.12	0.12	registry
F5_PERSMOOD	Persistent mood disorders	V Mental and behavioural disorders (F5_)	sex_shared	0.00724236441185004	0.038617344154419	0.0595	0.2474	9246	-0.031374979742569	-0.1879	2.09224335736494	1.32	1.32	registry
F5_PERSOCHANGE	Enduring personality changes	V Mental and behavioural disorders (F5_)	sex_shared	0.00653611344892903	0.0137172129090564	0.0992	0.1114	147	-0.00718109946012737	-0.0122	0.0302474114800244	0.02	0.02	registry
F5_PERSOTH	Other and unspecified disorders of adult personality and behaviour	V Mental and behavioural disorders (F5_)	sex_shared	0.000344552595923093	-0.016323431428656	0.0778	0.1521	216	0.0166679840245791	-0.0743	0.0444388667266043	0.03	0.03	registry
F5_PERVASIVE	Pervasive developmental disorders excl. Autism + Asperger	V Mental and behavioural disorders (F5_)	sex_shared	-0.0180692596406225	0.0194583388936647			451	-0.0375275985342872		0.0911527283163626	0.22	0.22	registry
F5_PHOBANX	Phobic anxiety disorders	V Mental and behavioural disorders (F5_)	sex_shared	0.0203059941139788	0.00486018622912482	-4e-04	0.0815	6577	0.015445807884854	-0.0819	1.46713392476728	1.02	1.02	registry
F5_PHYSBEHOTH	Unspecified behavioural syndromes associated with physiological disturbances and physical factors +Physiological and behavioural factors associated with disorders of diseases classified elsewhere	V Mental and behavioural disorders (F5_)	sex_shared	-0.0161232069173141	-0.000524648295116677	-0.2413	-0.0028	607	-0.0155985586221974	-0.2385	0.137388442621652	0.07	0.07	registry
F5_PSYCHDEV	Disorders of psychological development	V Mental and behavioural disorders (F5_)	sex_shared	-0.0126181854950515	0.0207735758912503	0.0387	0.1619	5863	-0.0333917613863018	-0.1232	1.17216395500874	2.3	2.3	registry
F5_PSYCHDEVOTH	Other and unspecified disorders of psychological development	V Mental and behavioural disorders (F5_)	sex_shared	-0.0131363648140463	0.0245248022621615	0.1059	0.3584	419	-0.0376611670762078	-0.2525	0.084690606417082	0.19	0.19	registry
F5_PSYCHOTH	Other and unspecified nonorganic psychotic disorders	V Mental and behavioural disorders (F5_)	sex_shared	-0.00325745304690771	0.00750483781515338	-0.0043	0.1021	9216	-0.0107622908620611	-0.1064	1.86742801101491	1.23	1.23	registry
F5_PSYTRANS	Acute and transient psychotic disorders	V Mental and behavioural disorders (F5_)	sex_shared	-0.0260615353375954	0.0128978714801593	-0.051	0.1223	5076	-0.0389594068177547	-0.1733	1.0372456183729	0.75	0.75	registry
F5_PTSD	Post-traumatic stress disorder	V Mental and behavioural disorders (F5_)	sex_shared	0.0241282442085586	0.0154899403097139	0.2661	0.3395	3752	0.0086383038988447	-0.0734	0.84226783758059	0.52	0.52	registry
F5_SCHIZOAFF	Schizoaffective disorder	V Mental and behavioural disorders (F5_)	sex_shared	-0.017061148461132	0.000579860883358208	-0.035	-0.0209	3168	-0.0176410093444902	-0.0141	0.64989281281733	0.28	0.28	registry
F5_SCHIZOTYP	Schizotypal disorder	V Mental and behavioural disorders (F5_)	sex_shared	-0.0298348598125583	0.0064068482220337	-0.1645	0.0737	907	-0.036241708034592	-0.2382	0.186931682343921	0.1	0.1	registry
F5_SCHIZPER	Schizoid personality disorder	V Mental and behavioural disorders (F5_)	sex_shared	-0.0195424156112618	0.0177507910678305	-0.3606	0.0074	650	-0.0372932066790923	-0.368	0.133608772957584	0.1	0.1	registry
F5_SCHOLA	Specific development disorders of scholastic skills	V Mental and behavioural disorders (F5_)	sex_shared	0.000624859984870388	0.0210440409685649	0.0928	0.0059	1795	-0.0204191809836945	0.0869	0.361809085741699	0.62	0.62	registry
F5_SCHZPHR	Schizophrenia	V Mental and behavioural disorders (F5_)	sex_shared	-0.0180368061252578	-0.00767554067466272	-0.084	0.0174	7312	-0.0103612654505951	-0.1014	1.48736089046376	0.98	0.98	registry
F5_SEDAHYP	Mental and behavioural disorders due to sedatives or hypnotics	V Mental and behavioural disorders (F5_)	sex_shared	0.0231561235252981	0.0235084489440014	0.336	0.2052	2795	-0.000352325418703298	0.1308	0.566198649631414	0.47	0.47	registry
F5_SEVRET	Severe mental retardation	V Mental and behavioural disorders (F5_)	sex_shared	0.0174320300440118	-0.0158688287220149	0.0015	0.0257	87	0.0333008587660267	-0.0242	0.0174447282833184	0.07	0.07	registry
F5_SEXDYS	Sexual dysfunction	V Mental and behavioural disorders (F5_)	sex_shared	0.00985610885240816	0.0188904894705763			580	-0.00903438061816814		0.131285282919785	0.06	0.06	registry
F5_SEXPREF	Disorders of sexual preference	V Mental and behavioural disorders (F5_)	sex_shared	0.0124406515192735	0.0136806802712607	0.084	0.1445	73	-0.0012400287519872	-0.0605	0.0150231108952539	0.02	0.02	registry
F5_SEXUAL	Physiological and behavioural disorders associated with sexual development and orientation	V Mental and behavioural disorders (F5_)	sex_shared	-0.00192513223492198	-0.00537139189914929	0.1968	-0.0362	61	0.00344625966422731	0.233	0.0125538684436908	0.01	0.01	registry
F5_SLEEPTERRORS	Sleep terrors [night terrors]	V Mental and behavioural disorders (F5_)	sex_shared	0.00597780350805476	0.0180628187347295	0.1658	0.2956	78	-0.0120850152266747	-0.1298	0.0174750364623357	0.02	0.02	registry
F5_SLEEPWAKE	Disorder of the sleep-wake schedule	V Mental and behavioural disorders (F5_)	sex_shared	0.00394595587679443	-0.00180207391939249	0.0361	-0.0619	677	0.00574802979618692	0.098	0.151471081776485	0.1	0.1	registry
F5_SLEEPWALKING	Sleepwalking [somnambulism]	V Mental and behavioural disorders (F5_)	sex_shared	0.00423058747677142	0.0263791390055381	0.0974	0.2027	108	-0.0221485515287667	-0.1053	0.0215919677879829	0.01	0.01	registry
F5_SLEEP_NOS	Sleep disorders, other/unspecified	V Mental and behavioural disorders (F5_)	sex_shared	0.00204202191821736	0.0103073946337796	0.0734	0.3014	1407	-0.00826537271556224	-0.228	0.314286990707648	0.16	0.16	registry
F5_SOCPHOB	Social phobias	V Mental and behavioural disorders (F5_)	sex_shared	0.00995282209514498	0.00835183209321097	0.0137	0.0893	4009	0.00160099000193401	-0.0756	0.899441578924933	0.59	0.59	registry
F5_SOLVENT	Mental and behavioural disorders due to use of volatile solvents	V Mental and behavioural disorders (F5_)	sex_shared	0.00297573811871142	0.0169560598061236	0.1006	0.0998	101	-0.0139803216874122	0.000799999999999995	0.0205724016140169	0.02	0.02	registry
F5_SOMATOFORM	Somatoform disorder	V Mental and behavioural disorders (F5_)	sex_shared	0.0293179787387833	0.0104024497276537	0.1678	0.156	7465	0.0189155290111296	0.0118	1.66192837122114	0.77	0.77	registry
F5_SPEECH	Specific development disorders of speech and language	V Mental and behavioural disorders (F5_)	sex_shared	-0.014708193948287	0.00302478197829909	0.0809	0.052	2495	-0.0177329759265861	0.0289	0.502195975186084	1.06	1.06	registry
F5_STIMUL	Mental and behavioural disorders due to use of other stimulants, including caffeine	V Mental and behavioural disorders (F5_)	sex_shared	0.0437696778004755	0.0404434484975758	0.309	0.1986	1114	0.0033262293028997	0.1104	0.226440253515515	0.23	0.23	registry
F5_STRESSOTH	Other reaction to severe stress, and adjustment disorders	V Mental and behavioural disorders (F5_)	sex_shared	0.0446062799480152	0.0290508303864652	0.2237	0.2714	19398	0.01555544956155	-0.0477	4.20680531760318	2.34	2.34	registry
F5_SUBSNOALCO	Substance use, excluding alcohol	V Mental and behavioural disorders (F5_)	sex_shared	0.0605257164823689	0.0448932736116851	0.3505	0.2694	9338	0.0156324428706838	0.0811	1.96023687420099	1.46	1.46	registry
F5_UNSORG	Unspecified organic or symptomatic mental disorder	V Mental and behavioural disorders (F5_)	sex_shared	-0.00856162759082221	0.00808069233593166	0.1787	0.1194	134	-0.0166423199267539	0.0593	0.0288074779053094	0.03	0.03	registry
F5_VASCDEM	Vascular dementia	V Mental and behavioural disorders (F5_)	sex_shared	-0.00013789453594477	0.0228584247204226	0.1895	0.1049	4254	-0.0229963192563674	0.0846	0.894949656452095	0.94	0.94	registry
FALLS	Falls/tendency to fall	Miscellaneous, not yet classified endpoints	sex_shared	0.0260794385063302	0.0315350757002378	0.2683	0.1977	142520	-0.0054556371939076	0.0706	28.4934004550307	20.15	20.15	registry
FE	Focal epilepsy	VI Diseases of the nervous system (G6_)	sex_shared	-0.00782995912806071	0.0102189311306015	0.0935	0.1241	9820	-0.0180488902586622	-0.0306	1.9890178667277	1.31	1.31	registry
FELTY	Felty syndrome	Rheuma endpoints	sex_shared	0.0261890350332529	0.00643174038721154	0.3777	-0.0047	192	0.0197572946460414	0.3824	0.0393320919141823	0.03	0.03	registry
FEMHER_BILATERAL	Femoral hernia, bilateral	XI Diseases of the digestive system (K11_)	sex_shared	0.0323726886686005	-0.0173196618896564	0.1396	0.045	110	0.0496923505582569	0.0946	0.0259761114233492	0.01	0.01	registry
FE_MODE	Focal epilepsy, mode (most common among epilepsy diagnosis)	VI Diseases of the nervous system (G6_)	sex_shared	-0.00275430758379705	0.00368584326808479	0.0875	0.1061	8528	-0.00644015085188184	-0.0186	1.73185843763137		0.864593005113253	case-count proxy
FE_STRICT	Focal epilepsy, strict definition	VI Diseases of the nervous system (G6_)	sex_shared	-0.0148773269700996	0.00776603581779857	0.0276	0.1005	8990	-0.0226433627878982	-0.0729	1.82399188435202	1.17	1.17	registry
FG_CARDMYO	Cardiomyopathy (excluding other)	Cardiometabolic endpoints	sex_shared	-0.0266280849470627	-0.0082159200710839	-0.0096	0.0194	5557	-0.0184121648759788	-0.029	1.41396972573008	0.75	0.75	registry
FG_CVD	Cardiovascular diseases (excluding rheumatic etc)	Cardiometabolic endpoints	sex_shared	0.0353643252019105	0.0136290034651487	0.147	0.1169	258917	0.0217353217367618	0.0301	51.7641437385293		20.9225673138937	case-count proxy
FG_DOAAC	Diseases of arteries, arterioles and capillaries (FINNGEN)	IX Diseases of the circulatory system (I9_)	sex_shared	0.0495415924059307	0.000896162068287968	0.1636	0.1278	31672	0.0486454303376427	0.0358	11.6039730198101		5.14705324795144	case-count proxy
FG_OTHHEART	Other heart diseases	Cardiometabolic endpoints	sex_shared	0.0245733371337019	-0.00414744677623114	0.0965	0.0954	112736	0.028720783909933	0.0011	31.8458778830808	14.75	14.75	registry
FIBROLIV	Fibrosis of liver	Gastrointestinal endpoints	sex_shared	0.00866923213079124	-0.00299270991566414	0.1595	-0.1278	244	0.0116619420464554	0.2873	0.049358740947526	0.02	0.02	registry
FOOD_ALLERGY	Food allergy	Comorbidities of Asthma	sex_shared	0.0107638216176034	-0.0232273315926362	0.1413	0.0389	105	0.0339911532102396	0.1024	0.0212903579010546	0.02	0.02	registry
FTD	Frontotemporal dementia	Neurological endpoints	sex_shared	0.0052077731232576	-0.00641484162033674	0.1316	0.2188	194	0.0116226147435943	-0.0872	0.0412466699692351	0.03	0.03	registry
G6_ADEM	Acute disseminated encephalitis/encephalomyelitis	VI Diseases of the nervous system (G6_)	sex_shared	0.00823430802102304	0.00992929460287769	0.161	-0.0299	65	-0.00169498658185465	0.1909	0.0130827878817155	0.01	0.01	registry
G6_AD_STRICT	Alzheimer’s disease, strict definition	VI Diseases of the nervous system (G6_)	sex_shared	-0.00943345022227439	0.0323685114986119	0.0294	0.0814	12545	-0.0418019617208863	-0.052	2.5304838075259		1.23386093573207	case-count proxy
G6_ALCODEGEN	Degeneration of the brain due to alcohol	VI Diseases of the nervous system (G6_)	sex_shared	0.0250737873145338	0.0245606176874764	0.0965	0.2967	782	0.0005131696270574	-0.2002	0.162140755592508	0.24	0.24	registry
G6_ALCOPOLY	Alcohol induced polyneuropathy	VI Diseases of the nervous system (G6_)	sex_shared	0.0347762973180979	0.0199529535057721	0.3872	0.3064	354	0.0148233438123258	0.0808	0.0720808771876241	0.09	0.09	registry
G6_ALS	Motor neuron disease	VI Diseases of the nervous system (G6_)	sex_shared	0.000366845681859618	-0.00394388018580652	-0.0823	-0.2415	747	0.00431072586766614	0.1592	0.387488328664799	0.12	0.12	registry
G6_ALZHEIMER	Alzheimer disease	VI Diseases of the nervous system (G6_)	sex_shared	-0.0125746496145349	0.0377252651955209	0.0602	0.0675	16652	-0.0502999148100558	-0.00730000000000001	3.32916155190269	3.46	3.46	registry
G6_ANOXBRAINDAM	Anoxic brain damage	VI Diseases of the nervous system (G6_)	sex_shared	0.0015889730317844	-0.013452326159063			497	0.0150412991908474		0.107790872693991	0.12	0.12	registry
G6_ATROPHCIRCUM	Circumscribed brain atrophy	VI Diseases of the nervous system (G6_)	sex_shared	-0.0171523287389414	0.0111778573793051	0.0448	0.2099	766	-0.0283301861182465	-0.1651	0.158828566748431	0.13	0.13	registry
G6_ATYFAC	Atypical facial pain	VI Diseases of the nervous system (G6_)	sex_shared	0.0435060114053807	0.00654648731006891	0.224	0.0458	2010	0.0369595240953118	0.1782	0.463521332358632	0.2	0.2	registry
G6_AUTONOM	Autonomic disorders	VI Diseases of the nervous system (G6_)	sex_shared	0.00681559890319585	-0.0167336346238097			860	0.0235492335270056		0.186372689032834	0.08	0.08	registry
G6_AUTOTHUNS	Other and unspecified disorders of autonomic nervous system	VI Diseases of the nervous system (G6_)	sex_shared	-0.0173189181640111	-0.00895639517044267			145	-0.00836252299356843		0.0290307144959367	0.02	0.02	registry
G6_BASDEGENOTH	Other degenerative diseases of the basal ganglia	VI Diseases of the nervous system (G6_)	sex_shared	-0.0130625412657988	-0.0155126190934789	0.0337	-0.1166	583	0.0024500778276801	0.1503	0.120765691771983	0.06	0.06	registry
G6_BELLPA	Bell's palsy	VI Diseases of the nervous system (G6_)	sex_shared	0.00903190897709658	0.0055282702736647	0.1604	0.1379	5062	0.00350363870343188	0.0225	1.15917735505131	0.58	0.58	registry
G6_BENIGN_MUSCULAR_DYSTROPHY	Benign muscular dystrophy (Becker)	VI Diseases of the nervous system (G6_)	sex_shared	-0.0193321092630443	-0.00281933581874174	-0.0045	0.084	52	-0.0165127734443026	-0.0885	0.0103961326386584		0.00713281897048703	case-count proxy
G6_BENINTRAHYP	Benign intracranial hypertension	VI Diseases of the nervous system (G6_)	sex_shared	0.0034572782490869	0.0147539924887002	0.2067	0.2003	382	-0.0112967142396133	0.00639999999999999	0.0828699917346945	0.03	0.03	registry
G6_BLEPHAROSPASM	Blepharospasm	VI Diseases of the nervous system (G6_)	sex_shared	0.016622126868919	-0.0151449457228533	0.5563	0.1526	334	0.0317670725917723	0.4037	0.0667751596406137		0.0408129135941786	case-count proxy
G6_BRACHPLE	Brachial plexus disorders	VI Diseases of the nervous system (G6_)	sex_shared	0.0312562707446667	0.00823714538851043	0.2645	0.1606	4075	0.0230191253561563	0.1039	0.935272273250984	0.37	0.37	registry
G6_CARPTU	Carpal tunnel syndrome	VI Diseases of the nervous system (G6_)	sex_shared	0.0546111290910654	0.0193694853694221	0.2808	0.1878	32951	0.0352416437216433	0.093	7.09267335086896	3.11	3.11	registry
G6_CAUDA	Cauda equina syndrome	VI Diseases of the nervous system (G6_)	sex_shared	0.00461293368637394	-0.00115346425684431	0.6399	-0.0947	464	0.00576639794321825	0.7346	0.0935812159910937	0.04	0.04	registry
G6_CAUSALGIA	Causalgia	VI Diseases of the nervous system (G6_)	sex_shared	0.00319351952891267	0.00170187952713999	0.0383	0.0598	621	0.00149164000177268	-0.0215	0.143667524199071	0.06	0.06	registry
G6_CERCYST	Cerebral cysts	VI Diseases of the nervous system (G6_)	sex_shared	0.00607646178182607	0.0137819803638076	0.162	0.3117	2353	-0.00770551858198153	-0.1497	0.508279797984162	0.29	0.29	registry
G6_CEROEDEMA	Cerebral oedema	VI Diseases of the nervous system (G6_)	sex_shared	-0.00624696457781961	-0.000422956951295205	-0.5903	-0.013	70	-0.00582400762652441	-0.5773	0.0151958858224556	0.01	0.01	registry
G6_CERVROOT	Cervical root disorders	VI Diseases of the nervous system (G6_)	sex_shared	0.00333244852221238	0.00676827188070339	0.3129	0.1829	248	-0.00343582335849101	0.13	0.0574240231548481	0.03	0.03	registry
G6_CLUSTHEADACHE_STRICT_INCLAVO	Cluster headache, strict, including avohilmo	VI Diseases of the nervous system (G6_)	sex_shared	0.0251517064408789	-0.00373502872598121	0.1046	0.1588	1969	0.0288867351668601	-0.0542	0.393653560875354	0.16	0.16	registry
G6_CLUSTHEADACHE_WIDE	Cluster headache, wide	VI Diseases of the nervous system (G6_)	sex_shared	0.0123329225903766	0.000228826543240162	0.1017	0.1036	1583	0.0121040960471364	-0.0019	0.430000624764016	0.14	0.14	registry
G6_CNSABSC	Intracranial and intraspinal abscess and granuloma	VI Diseases of the nervous system (G6_)	sex_shared	0.0176284724992398	0.00490474991850565			408	0.0127237225807342		0.0820629994428566	0.05	0.05	registry
G6_CNSOTH	Other disorders of central nervous system	VI Diseases of the nervous system (G6_)	sex_shared	0.00733891072169846	-0.0141048699387466	0.0827	-0.1188	454	0.0214437806604451	0.2015	0.0984740854815795	0.05	0.05	registry
G6_CONMYOP	Congenital myopathies	VI Diseases of the nervous system (G6_)	sex_shared	-0.00284290951880965	-7.93571741169731e-05	0.1162	0.3392	62	-0.00276355234469268	-0.223	0.0125208765421378	0.01	0.01	registry
G6_CP	Cerebral palsy	VI Diseases of the nervous system (G6_)	sex_shared	0.0123588247118342	-0.00630960931853214	0.3145	0.0566	628	0.0186684340303663	0.2579	0.126615455956773	0.19	0.19	registry
G6_CPETAL	Cerebral palsy and other paralytic syndromes	VI Diseases of the nervous system (G6_)	sex_shared	0.0215137437629409	0.000613770268235936	0.4192	0.1117	4824	0.020899973494705	0.3075	0.964441227863235	0.81	0.81	registry
G6_CRAINOTH	Other cranial nerve disorders in other disorders	VI Diseases of the nervous system (G6_)	sex_shared	0.006948407418118	-0.00158315006587877	0.2222	0.116	93	0.00853155748399677	0.1062	0.0215417400166775	0.01	0.01	registry
G6_DEGENOTH	Other and unspecified degenerative diseases of nervous system	VI Diseases of the nervous system (G6_)	sex_shared	-0.00318379341172297	0.00119393119621553	0.1832	-0.1759	944	-0.0043777246079385	0.3591	0.195664294789816	0.15	0.15	registry
G6_DEGENSEN	Senile degeneration of the brain, not elsewhere classified	VI Diseases of the nervous system (G6_)	sex_shared	0.0142100000353163	0.00128160980732122			150	0.0129283902279951		0.0311419762698141	0.05	0.05	registry
G6_DISBROTHUNS	Disorders of brain, other and unspecified	VI Diseases of the nervous system (G6_)	sex_shared	-0.0381439113356661	-0.0133536671418064			359	-0.0247902441938597		0.0778843233392633	0.07	0.07	registry
G6_DISGLO	Disorders of glossopharyngeal nerve	VI Diseases of the nervous system (G6_)	sex_shared	-0.00724852453956715	0.0156411877447926	0.0786	0.1619	67	-0.0228897122843598	-0.0833	0.0155202527716392	0.01	0.01	registry
G6_DISOTHUNS	Disorders of other and unspecified cranial nerves	VI Diseases of the nervous system (G6_)	sex_shared	0.00298282556385597	-0.0142903732993657			192	0.0172731988632217		0.0444630736489131	0.02	0.02	registry
G6_DISSOTH	Other acute disseminated demyelination	VI Diseases of the nervous system (G6_)	sex_shared	-0.00127802874433585	-0.00872185262807777	0.119	0.0363	363	0.00744382388374192	0.0827	0.0730436672347841	0.03	0.03	registry
G6_DRUGMYOP	Drug-induced myopathy	VI Diseases of the nervous system (G6_)	sex_shared	-0.0127291751624155	-0.0171884171447895			100	0.004459241982374		0.0201934125049726	0.02	0.02	registry
G6_DRUGPOLY	Drug-induced polyneuropathy	VI Diseases of the nervous system (G6_)	sex_shared	0.0170460217677829	0.00266472865257689			304	0.014381293115206		0.0619062649547412	0.02	0.02	registry
G6_DYSTON	Dystonia	VI Diseases of the nervous system (G6_)	sex_shared	0.0243177280485669	0.00336958588782176	0.0519	0.0309	2142	0.0209481421607451	0.021	0.44227687936702	0.24	0.24	registry
G6_ENCEPATH	Encephalopathy	VI Diseases of the nervous system (G6_)	sex_shared	0.0138268683821806	0.0200186990849905			358	-0.0061918307028099		0.0776675438615522	0.06	0.06	registry
G6_ENCEPHOTH	Other encephalitis	VI Diseases of the nervous system (G6_)	sex_shared	0.0137841172029543	0.00939810061782681	0.2397	0.1083	1033	0.00438601658512749	0.1314	0.20751139002499	0.12	0.12	registry
G6_ENCEPHTOX	Toxic encephalopathy	VI Diseases of the nervous system (G6_)	sex_shared	0.0180791096347854	0.014702447049102	-0.0713	0.1657	73	0.0033766625856834	-0.237	0.0158470348678184	0.01	0.01	registry
G6_EPIPAROX	Episodal and paroxysmal disorders	VI Diseases of the nervous system (G6_)	sex_shared	0.0429647450512552	0.0060614671421155	0.264	0.1889	133630	0.0369032779091397	0.0751	26.7160616250755	12.95	12.95	registry
G6_EPLEPSY	Epilepsy	VI Diseases of the nervous system (G6_)	sex_shared	0.0079707431592433	0.0250163881422833	0.1545	0.1644	16295	-0.01704564498304	-0.00989999999999999	4.25622500659525	2.43	2.43	registry
G6_FACOTH	Other facial nerve disorders	VI Diseases of the nervous system (G6_)	sex_shared	-0.00278378218419622	-0.0169411068082193			1083	0.0141573246240231		0.250283099535486	0.11	0.11	registry
G6_FEMLAPOP	Lesion of lateral popliteal nerve	VI Diseases of the nervous system (G6_)	sex_shared	0.0135636138825774	0.0155904652179059	0.4719	0.4741	1935	-0.0020268513353285	-0.00220000000000004	0.446302950904369	0.21	0.21	registry
G6_FEMLE	Lesion of femoral nerve	VI Diseases of the nervous system (G6_)	sex_shared	0.0100115366523985	0.00710725177020499	0.3912	0.3382	277	0.00290428488219351	0.053	0.0641346225087056	0.03	0.03	registry
G6_FEMMEPOP	Lesion of medial popliteal nerve	VI Diseases of the nervous system (G6_)	sex_shared	-0.0130798128131316	0.00207323405345746	0.0156	-0.0149	139	-0.0151530468665891	0.0305	0.0321933639980916	0.01	0.01	registry
G6_GUILBAR	Guillain-Barre syndrome	VI Diseases of the nervous system (G6_)	sex_shared	-0.0104066318711245	0.00151224751270302	-0.2684	-0.084	575	-0.0119188793838275	-0.1844	0.117027858736181	0.07	0.07	registry
G6_HCCOMM	Communicating hydrocephalus	VI Diseases of the nervous system (G6_)	sex_shared	0.0116819973607926	0.00094379097544759	-0.0089	-0.1095	789	0.010738206385345	0.1006	0.158459826718456	0.09	0.09	registry
G6_HCINOTH	Hydrocephalus in other diseases	VI Diseases of the nervous system (G6_)	sex_shared	0.0157551241636933	0.013767103187797	0.1227	0.0693	205	0.0019880209758963	0.0534	0.0412197838876892	0.02	0.02	registry
G6_HCNP	Normal-pressure hydrocephalus	VI Diseases of the nervous system (G6_)	sex_shared	7.56116272252955e-06	-0.00689534699619235	0.0112	-0.055	1783	0.00690290815891488	0.0662	0.357377653774614	0.11	0.11	registry
G6_HCOBSTR	Obstructive hydrocephalus	VI Diseases of the nervous system (G6_)	sex_shared	0.00770182534362768	-0.00106051587340857			566	0.00876234121703625		0.113724268879535	0.08	0.08	registry
G6_HCOTHUNS	Other and unspecified hydrocephalus	VI Diseases of the nervous system (G6_)	sex_shared	-0.00866425779417094	0.0106321572127876	-0.0219	-0.0781	679	-0.0192964150069585	0.0562	0.136397968694758	0.09	0.09	registry
G6_HCPOSTRAU	Post-traumatic hydrocephalus, unspecified	VI Diseases of the nervous system (G6_)	sex_shared	0.008964011611218	-0.00853643139885478	0.0054	-0.0484	93	0.0175004430100728	0.0538	0.0187039189738185	0.01	0.01	registry
G6_HEADACHE	Other headache syndromes	VI Diseases of the nervous system (G6_)	sex_shared	0.0418220491592884	0.01362316845085	0.3033	0.1957	22497	0.0281988807084384	0.1076	5.78250264102834	2.48	2.48	registry
G6_HEMIPLE	Hemiplegia	VI Diseases of the nervous system (G6_)	sex_shared	0.02138006961792	0.0107919974181763	0.5869	0.2609	2048	0.0105880721997437	0.326	0.411732775778533	0.37	0.37	registry
G6_HERATAXIA	Hereditary ataxia	VI Diseases of the nervous system (G6_)	sex_shared	0.0055151766551933	-0.00920653554688228	-0.2297	-0.1377	466	0.0147217122020756	-0.092	0.0933710557741783	0.07	0.07	registry
G6_HEREMOSEN	Hereditary motor and sensory neuropathy	VI Diseases of the nervous system (G6_)	sex_shared	-0.00278950654676867	-0.000659487936480212			311	-0.00213001861028846		0.0633308353968461	0.03	0.03	registry
G6_HERIPOTHUN	Other and unspecified neuropathies	VI Diseases of the nervous system (G6_)	sex_shared	0.0141201824643478	-0.00114969168859876	0.2381	0.2236	150	0.0152698741529466	0.0145	0.0305554367288572	0.02	0.02	registry
G6_HORNER	Horner syndrome	VI Diseases of the nervous system (G6_)	sex_shared	0.000378812529849585	-0.00831918160284679	-0.3624	-0.2884	438	0.00869799413269638	-0.074	0.0876413667250943	0.04	0.04	registry
G6_HYDROCEPH	Hydrocephalus	VI Diseases of the nervous system (G6_)	sex_shared	0.0115202012403284	-0.0071339307671355	0.0577	-0.0492	3057	0.0186541320074639	0.1069	0.659350614056656	0.31	0.31	registry
G6_ICNEUROP	Intercostal neuropathy	VI Diseases of the nervous system (G6_)	sex_shared	0.007717658239045	-0.0112544331411356			281	0.0189720913801806		0.0650601516989729	0.03	0.03	registry
G6_IDIOAUT	Idiopathic peripheral autonomic neuropathy	VI Diseases of the nervous system (G6_)	sex_shared	-0.000592550499285198	0.0058602393672279	-0.5589	-0.0261	128	-0.0064527898665131	-0.5328	0.0256279857604504	0.01	0.01	registry
G6_INFLAMYOP	Inflammatory myopathy	VI Diseases of the nervous system (G6_)	sex_shared	-0.00334251537844148	-0.0175912934640036	0.0788	-0.1104	57	0.0142487780855621	0.1892	0.0115112446684762	0.01	0.01	registry
G6_IPNEUROP	Idiopathic progressive neuropathy	VI Diseases of the nervous system (G6_)	sex_shared	0.0131723831865773	-0.0148329475540454	0.1063	0.0543	53	0.0280053307406227	0.052	0.0107983879840428	0.01	0.01	registry
G6_LSPLEX	Lumbosacral plexus disorders	VI Diseases of the nervous system (G6_)	sex_shared	0.0385599125379076	0.00314471687483306	0.3743	0.106	119	0.0354151956630745	0.2683	0.0275625020266546	0.01	0.01	registry
G6_LSROOT	Lumbosacral root disorders, not elsewhere classified	VI Diseases of the nervous system (G6_)	sex_shared	0.00210000117140412	0.00948237361507881			439	-0.00738237244367469		0.101604847407572	0.05	0.05	registry
G6_MEDLEOTH	Other lesions of median nerve	VI Diseases of the nervous system (G6_)	sex_shared	0.0256041354410992	0.00236807975526894	0.3158	0.3396	1031	0.0232360556858303	-0.0238	0.238294449657697	0.15	0.15	registry
G6_MENINGBACT	Bacterial meningitis	VI Diseases of the nervous system (G6_)	sex_shared	0.00299072924884092	0.0278605948452631	0.0498	0.9364	1299	-0.0248698655964222	-0.8866	0.260806713915715	0.19	0.19	registry
G6_MENINGOTH	Other meningitis	VI Diseases of the nervous system (G6_)	sex_shared	-0.00509204751471919	0.011466488400542			593	-0.0165585359152612		0.119228573037051	0.07	0.07	registry
G6_MENINGVIR	Meningitis, viral	VI Diseases of the nervous system (G6_)	sex_shared	0.0167617838137658	0.0084480587879721			164	0.0083137250257937		0.0330023041242818	0.02	0.02	registry
G6_MERALGIA	Meralgia paraesthetica	VI Diseases of the nervous system (G6_)	sex_shared	0.0270220702707506	0.00858304298491759			1280	0.018439027285833		0.295675514602443	0.1	0.1	registry
G6_MIGRAINE	Migraine	VI Diseases of the nervous system (G6_)	sex_shared	0.0415882376931613	0.0253236019175329	0.2142	0.1659	28504	0.0162646357756284	0.0483	7.21510656609123	3.15	3.15	registry
G6_MIGRAINE_NO_AURA	Migraine without aura	VI Diseases of the nervous system (G6_)	sex_shared	0.0298704693575554	-0.00408347631371581	0.1979	0.1495	10206	0.0339539456712712	0.0484	2.7088719138342	1.1	1.1	registry
G6_MIGRAINE_NO_AURA_ADVERSE	Migraine without aura, drug-induced	VI Diseases of the nervous system (G6_)	sex_shared	-0.00487558657052308	0.00528136905817766	-0.118	0.0567	424	-0.0101569556287007	-0.1747	0.0847684661305994		0.0510477189025717	case-count proxy
G6_MIGRAINE_NO_AURA_TRIPTAN	Migraine without aura and triptan purchases	VI Diseases of the nervous system (G6_)	sex_shared	0.0232454294775201	0.000359596193892995	0.1644	0.1095	7815	0.0228858332836271	0.0549	1.73271223230538	0.79	0.79	registry
G6_MIGRAINE_WITH_AURA	Migraine with aura	VI Diseases of the nervous system (G6_)	sex_shared	0.0368207056969904	0.0247163525536997	0.2304	0.1783	12743	0.0121043531432907	0.0521	3.35961866495825	1.28	1.28	registry
G6_MIGRAINE_WITH_AURA_ADVERSE	Migraine with aura, drug-induced	VI Diseases of the nervous system (G6_)	sex_shared	0.0309068091961773	-0.0218216667707557	0.1719	-0.0181	388	0.052728475966933	0.19	0.0775711435346051		0.0469718177665055	case-count proxy
G6_MIGRAINE_WITH_AURA_TRIPTAN	Migraine with aura and triptan purchases	VI Diseases of the nervous system (G6_)	sex_shared	0.0346113156685395	0.0327744846791465	0.2254	0.2124	7473	0.001836830989393	0.013	1.6581426051455	0.71	0.71	registry
G6_MITOCMY	Mitochondrial myopathy	VI Diseases of the nervous system (G6_)	sex_shared	-0.00233789564886388	0.0112588677052222	0.0014	-0.0113	146	-0.0135967633540861	0.0127	0.0294796439020549		0.018957293017874	case-count proxy
G6_MONNEURMPLX	Mononeuritis multiplex	VI Diseases of the nervous system (G6_)	sex_shared	0.027652943319925	0.0134102209300906	0.0254	0.1401	102	0.0142427223898344	-0.1147	0.0236259320082737	0.01	0.01	registry
G6_MONOLOWOTHUNS	Other and unspecified mononeuropathies of lower limb	VI Diseases of the nervous system (G6_)	sex_shared	-0.0101848887296653	0.0135586780317578			1045	-0.0237435667614231		0.241522446564603	0.09	0.09	registry
G6_MONONPOTHUS	Other and unspecified mononeuropathies of upper limb	VI Diseases of the nervous system (G6_)	sex_shared	0.0227299177125481	0.00160765048418752			1146	0.0211222672283606		0.264803950338861	0.12	0.12	registry
G6_MONOOTHUNS	Other and unspecified mononeuropathies, also in other diseases	VI Diseases of the nervous system (G6_)	sex_shared	0.0180078846631352	-0.00366575370305844	0.1348	0.2022	1126	0.0216736383661936	-0.0674	0.260194614479853	0.12	0.12	registry
G6_MONOPLE	Monoplegia	VI Diseases of the nervous system (G6_)	sex_shared	-0.00032570469374341	0.0177325700020035	0.1918	0.2224	547	-0.0180582746957469	-0.0306	0.110302495014206	0.05	0.05	registry
G6_MS	MS-disease / Multiple Sclerosis	VI Diseases of the nervous system (G6_)	sex_shared	-0.013922700452895	0.00991289415007878	-0.0406	0.0373	3002	-0.0238355946029738	-0.0779	0.6020749725737	0.31	0.31	registry
G6_MULTIPLE_SYSTEM_ATROPHY	Multiple system atrophy (rare forms of Parkinsonism)	VI Diseases of the nervous system (G6_)	sex_shared	0.00148601723746311	0.00231211305753415			100	-0.00082609582007104		0.0199925627666508		0.0131705992594242	case-count proxy
G6_MUSCOTHUNS	Other and unspecified primary disorders of muscles	VI Diseases of the nervous system (G6_)	sex_shared	0.0155503244431668	0.00167997379072845			264	0.0138703506524384		0.0532929598788796	0.02	0.02	registry
G6_MUSDYST	Muscular dystrophy	VI Diseases of the nervous system (G6_)	sex_shared	-0.00460794861438153	0.00498656033178741	-0.0328	0.2735	283	-0.00959450894616894	-0.3063	0.0571262469872465	0.03	0.03	registry
G6_MYASTHENIA	Myasthenia gravis	VI Diseases of the nervous system (G6_)	sex_shared	-0.00116478203599214	0.0142563804027648	0.1682	-0.1434	594	-0.0154211624387569	0.3116	0.119829333978879	0.05	0.05	registry
G6_MYASTHENIA_ADVERSE	Myasthenia gravis, drug-induced	VI Diseases of the nervous system (G6_)	sex_shared	0.0190507384132478	-0.0146338004451305	0.3555	-0.0601	52	0.0336845388583783	0.4156	0.0103961326386584		0.00713281897048703	case-count proxy
G6_MYOMUSCINOTH	Disorders of myoneural junction and muscle in diseases classified elsewhere	VI Diseases of the nervous system (G6_)	sex_shared	0.00764538316804978	-0.014331943927016			279	0.0219773270950658		0.0563192636104887	0.02	0.02	registry
G6_MYONEU	Diseases of the myoneural junction and muscle	VI Diseases of the nervous system (G6_)	sex_shared	-0.00399198195668089	-0.00202235174517581			5075	-0.00196963021150508		1.01462256040753	0.6	0.6	registry
G6_MYONEUOTHUNS	Other and unspecified myoneural disorders	VI Diseases of the nervous system (G6_)	sex_shared	-0.0161270050677391	-0.00263208703914811	0.0511	-0.069	128	-0.013494918028591	0.1201	0.0258461066273052	0.01	0.01	registry
G6_MYOPOTHUNS	Other and unspecified myopathies	VI Diseases of the nervous system (G6_)	sex_shared	0.00220390030732355	0.00192038314242162	-0.0726	0.1607	3510	0.00028351716490193	-0.2333	0.703941470575848	0.44	0.44	registry
G6_MYOTDIS	Myotonic disorders	VI Diseases of the nervous system (G6_)	sex_shared	-0.0193851879981732	0.0160114952870956			289	-0.0353966832852688		0.0583366976180864	0.03	0.03	registry
G6_MYOTONIC_DYSTROPHY	Myotonic dystrophy (Steinert)	VI Diseases of the nervous system (G6_)	sex_shared	-0.00706879429042384	0.0267465632575369	-0.1042	0.0778	115	-0.0338153575479607	-0.182	0.0229914471816484		0.0150151817252677	case-count proxy
G6_NARCOCATA	Narcolepsy and cataplexy	VI Diseases of the nervous system (G6_)	sex_shared	0.0206539957787736	0.00435765032988234			263	0.0162963454488913		0.0716974856809489	0.03	0.03	registry
G6_NERPLEX	Nerve, nerve root and plexus disorders	VI Diseases of the nervous system (G6_)	sex_shared	0.0739985015780253	0.0398710105023098	0.3473	0.2258	68559	0.0341274910757155	0.1215	13.7067011071881	6.59	6.59	registry
G6_NEUATR	Systemic atrophies primarily affecting the central nervous system	VI Diseases of the nervous system (G6_)	sex_shared	0.000274616570893564	-0.00263686779300634			1568	0.0029114843638999		0.313483384181085	0.24	0.24	registry
G6_NEUINFL	Inflammatory diseases of the central nervous system	VI Diseases of the nervous system (G6_)	sex_shared	0.0133636546447186	0.0290532064666754	0.1631	0.3056	3415	-0.0156895518219568	-0.1425	0.682746018481125	0.43	0.43	registry
G6_NEURAMYO	Neuralgic amyotrophy	VI Diseases of the nervous system (G6_)	sex_shared	0.00655999791584037	-0.00883076635091984	-0.3037	0.1128	71	0.0153907642667602	-0.4165	0.0164466826346196	0.01	0.01	registry
G6_NEURODEGENERATIVE	Unspecific neurodegenerative disorder	VI Diseases of the nervous system (G6_)	sex_shared	-0.0153683946067565	0.0452536982459375	0.0172	0.0562	24306	-0.060622092852694	-0.039	4.85939230606215		2.27525836693356	case-count proxy
G6_NEUROINFSEQ	Sequelae of inflammatory diseases of the central nervous system	VI Diseases of the nervous system (G6_)	sex_shared	0.00463157505316076	0.0161555267612985	-0.0272	0.0923	109	-0.0115239517081377	-0.1195	0.0219368861696989	0.02	0.02	registry
G6_NEUROOTH	Other disorders of nervous system	VI Diseases of the nervous system (G6_)	sex_shared	0.00832532766522864	-0.00276172273778098	0.2273	0.0575	2592	0.0110870504030096	0.1698	0.559618112454742	0.19	0.19	registry
G6_NMO	Neuromyelitis optica	VI Diseases of the nervous system (G6_)	sex_shared	-0.00284644372227852	-0.0150134691874861	0.2744	0.0996	99	0.0121670254652076	0.1748	0.019931588346262		0.0131329240052895	case-count proxy
G6_OTHDEMYEL	Other demyelinating diseases of the central nervous system	VI Diseases of the nervous system (G6_)	sex_shared	-0.00356266826531327	0.000581645511870274	-0.1356	0.0495	1462	-0.00414431377718354	-0.1851	0.293537752328023	0.13	0.13	registry
G6_OTHINMUSC	Other inherited muscular atrophy	VI Diseases of the nervous system (G6_)	sex_shared	-0.014862940285651	0.00552078652725464	-0.0093	-0.051	63	-0.0203837268129056	0.0417	0.0126333267158765		0.00856339148652648	case-count proxy
G6_OTHNEU	Other neurological diseases	VI Diseases of the nervous system (G6_)	sex_shared	0.0297401533910916	0.0032524687943605	0.2909	0.1381	39605	0.0264876845967311	0.1528	7.91805448373205	4.63	4.63	registry
G6_PARALOTHUNS	Other and unspecified paralytic syndromes	VI Diseases of the nervous system (G6_)	sex_shared	0.0163804500123768	-0.0188322501744324			520	0.0352127001868092		0.104863657079708	0.08	0.08	registry
G6_PARDIPLE	Paraplegia, diplegia of upper limbs	VI Diseases of the nervous system (G6_)	sex_shared	0.00306790046868943	-0.0123433181411385	-0.0277	-0.0894	812	0.0154112186098279	0.0617	0.163652267148218	0.11	0.11	registry
G6_PARKINSON	Parkinson's disease	VI Diseases of the nervous system (G6_)	sex_shared	-0.0303944349917092	0.012341511473059	-0.1063	-0.0104	6320	-0.0427359464647682	-0.0959	1.26352996685233	0.92	0.92	registry
G6_PERIPHOTH	Other disorders of peripheral nervous system	VI Diseases of the nervous system (G6_)	sex_shared	-0.0153268711401732	0.0233759116164948	-0.4036	0.0314	224	-0.038702782756668	-0.435	0.0456225750277503	0.02	0.02	registry
G6_PHANTOM	Phantom limb syndrome	VI Diseases of the nervous system (G6_)	sex_shared	0.00850944988375726	0.000649942167215097	0.3681	0.5893	98	0.00785950771654216	-0.2212	0.0226996351844345	0.01	0.01	registry
G6_PLANTAR	Lesion of plantar nerve	VI Diseases of the nervous system (G6_)	sex_shared	0.0162906400283295	0.017629643548603	0.1566	0.0215	2338	-0.0013390035202735	0.1351	0.538753125252037	0.24	0.24	registry
G6_POLYOTHUNS	Other and unspecified polyneuropathies, also in other diseases	VI Diseases of the nervous system (G6_)	sex_shared	0.0100875957521008	-0.00434153239517857	0.0815	0.0805	8109	0.0144291281472794	0.001	1.62547357026881	0.73	0.73	registry
G6_POSTOPNEURO	Postprocedural disorders of nervous system	VI Diseases of the nervous system (G6_)	sex_shared	0.0110933313983531	0.000160441053364577	0.384	0.2336	3088	0.0109328903449885	0.1504	0.665992335049356	0.3	0.3	registry
G6_POSTPOLIO	Postpolio syndrome	VI Diseases of the nervous system (G6_)	sex_shared	0.00287318164105309	-0.00292782922680845	0.1234	0.1296	71	0.00580101086786154	-0.0062	0.0142373302799941	0.01	0.01	registry
G6_POSTVIRFAT	Postviral fatigue syndrome	VI Diseases of the nervous system (G6_)	sex_shared	-0.00399593117817931	0.00386938328661792	0.0789	0.2065	314	-0.00786531446479723	-0.1276	0.0681283155599432	0.03	0.03	registry
G6_POSTZOST	Postzoster neuralgia	VI Diseases of the nervous system (G6_)	sex_shared	0.0187572009042117	-0.00667593714027666	0.4209	-0.0092	554	0.0254331380444884	0.4301	0.128187032747853	0.05	0.05	registry
G6_PROGRESSIVE_SUPRANUCLEAR_OPHTHALMOPLEGIA	Progressive supranuclear ophthalmoplegia (Steele-Richardson-Olszewski)	VI Diseases of the nervous system (G6_)	sex_shared	-0.0198152405915882	-0.00314492996521279			189	-0.0166703106263754		0.03778594362897		0.0239267305961943	case-count proxy
G6_RADLES	Lesion of radial nerve	VI Diseases of the nervous system (G6_)	sex_shared	0.0285338069269458	0.00277679333092971	0.2637	0.2126	1463	0.0257570135960161	0.0511	0.337805075157589	0.18	0.18	registry
G6_RLS	Restless leg syndrome	VI Diseases of the nervous system (G6_)	sex_shared	-0.00697967469856416	-0.016403494770725	0.0794	-0.0144	5505	0.00942382007216084	0.0938	1.10059058030413	0.34	0.34	registry
G6_ROOTPLEXOTHUNS	Other and unspecified nerve root and plexus disorders, also in other diseases	VI Diseases of the nervous system (G6_)	sex_shared	0.034650127542299	0.0186359370508088	0.2594	0.1701	9074	0.0160141904914902	0.0893	2.05899237805224	0.63	0.63	registry
G6_SCIALE	Lesion of sciatic nerve	VI Diseases of the nervous system (G6_)	sex_shared	0.0338066991130098	-0.00293091172156982	0.3923	0.1441	1730	0.0367376108345796	0.2482	0.399208966279534	0.28	0.28	registry
G6_SLEEPAPNO	Sleep apnoea	VI Diseases of the nervous system (G6_)	sex_shared	0.0374917082250475	-0.00230511930897787	0.2041	0.1504	62442	0.0397968275340254	0.0537	12.5464902498568	4.66	4.66	registry
G6_SLEEPAPNO_INCLAVO	Sleep apnoea, including avohilmo	VI Diseases of the nervous system (G6_)	sex_shared	0.0411471699887183	0.00476504527660629	0.2238	0.1493	69677	0.036382124712112	0.0745	13.9302179589193	5.01	5.01	registry
G6_SLEEPDISOTH	Other sleep disorders	VI Diseases of the nervous system (G6_)	sex_shared	0.0051208016832662	0.000991990054694724	0.2872	0.2255	4959	0.00412881162857148	0.0617	1.33480478580946	0.55	0.55	registry
G6_SPASMODIC_TORTICOLLIS	Spasmodic torticollis	VI Diseases of the nervous system (G6_)	sex_shared	0.0105592350852391	0.00452947134806629	0.0356	0.0875	1185	0.00602976373717281	-0.0519	0.236911868784812		0.133839711740112	case-count proxy
G6_SPINAMUSCOTH	Other and unspecified spinal muscular atrophies	VI Diseases of the nervous system (G6_)	sex_shared	0.00232296748994286	-0.00502012233007698			302	0.00734308982001984		0.0605307464122505	0.05	0.05	registry
G6_SPINOTH	Other diseases of spinal cord	VI Diseases of the nervous system (G6_)	sex_shared	-0.000632029715954467	-0.0107668355394637	0.1991	-0.0979	1147	0.0101348058235092	0.297	0.248414651049969	0.13	0.13	registry
G6_STATUSEPI	Status epilepticus	VI Diseases of the nervous system (G6_)	sex_shared	0.0138458982572948	0.0280694287583149	0.1655	0.3169	1458	-0.0142235305010201	-0.1514	0.396180580086627	0.23	0.23	registry
G6_TARSTUN	Tarsal tunnel syndrome	VI Diseases of the nervous system (G6_)	sex_shared	-0.00532960608211173	0.0267280885363397	0.3607	0.29	368	-0.0320576946184514	0.0707	0.08518617113624	0.04	0.04	registry
G6_TETRAPLE	Tetraplegia	VI Diseases of the nervous system (G6_)	sex_shared	0.0129523801160147	0.000889035679916341	-0.1285	-0.1302	259	0.0120633444360984	0.00170000000000001	0.0522576726974846	0.06	0.06	registry
G6_THROOT	Thoracic root disorders	VI Diseases of the nervous system (G6_)	sex_shared	0.0183616280612285	-0.014495022382104			63	0.0328566504433325		0.0145938057402303	0.01	0.01	registry
G6_TRINEU	Trigeminal neuralgia	VI Diseases of the nervous system (G6_)	sex_shared	0.0253698164671639	-4.98516514697417e-05	0.1503	0.2539	2356	0.0254196681186336	-0.1036	0.542878407679564	0.25	0.25	registry
G6_TRIOTHUNS	Other and unspecified trigeminal disorders	VI Diseases of the nervous system (G6_)	sex_shared	0.00883067602114554	0.0215342564542245	-0.0969	0.3256	585	-0.012703580433079	-0.4225	0.13535024478728	0.06	0.06	registry
G6_ULLNLE	Lesion of ulnar nerve	VI Diseases of the nervous system (G6_)	sex_shared	0.0642670963935643	0.0210248370363689	0.454	0.2218	6136	0.0432422593571954	0.2322	1.40167168079532	0.56	0.56	registry
G6_XTRAPYR	Extrapyramidal and movement disorders	VI Diseases of the nervous system (G6_)	sex_shared	-0.00755369144544016	0.00604139443811018	-0.0266	-4e-04	18016	-0.0135950858835503	-0.0262	3.60186010803981	1.89	1.89	registry
G6_XTRAPYROTH	Other extrapyramidal and movement disorders in other diseases	VI Diseases of the nervous system (G6_)	sex_shared	0.00357857980924202	0.00234157132284996	0.0747	0.0339	10510	0.00123700848639206	0.0408	2.13323049443858	0.82	0.82	registry
GASTRIC_ULCER_ACUTE_W_HAEMORRHAGE	Gastric ulcer - Acute with haemorrhage, drug-induced	XI Diseases of the digestive system (K11_)	sex_shared	-0.0187798509029264	0.0107034197494041	-0.0109	-0.0028	63	-0.0294832706523305	-0.0081	0.01259531454299		0.00853922454702045	case-count proxy
GE	Generalized epilepsy	VI Diseases of the nervous system (G6_)	sex_shared	0.0175964870262528	0.000702451352572476	0.1591	0.0913	1710	0.0168940356736803	0.0678	0.352145306273747	0.33	0.33	registry
GENERALI_SKIN_ERUPT_DRUGS_MEDICAM	Generalized skin eruption due to drugs and medicaments	XII Diseases of the skin and subcutaneous tissue (L12_)	sex_shared	0.0155030825093712	0.0024201268165022	-0.1082	-0.1489	1502	0.013082955692869	0.0407	0.300288292755095	0.16	0.16	registry
GEST_DIABETES	Gestational diabetes (for exclusion)	Diabetes endpoints	fertility_bound	0.0147981310430988	0.0389373028306061	0.2678	0.2502	19420	-0.0241391717875073	0.0176	6.88874778740657	3.55	3.55	registry
GE_MODE	Generalized epilepsy, mode (most common among epilepsy diagnosis)	VI Diseases of the nervous system (G6_)	sex_shared	0.0123631533687052	0.0017942975844001	0.0973	0.0349	1234	0.0105688557843051	0.0624	0.25437057711613		0.143069033722995	case-count proxy
GE_STRICT	Generalized epilepsy, strict definition	VI Diseases of the nervous system (G6_)	sex_shared	0.00747216237952127	0.00385187336944581	0.0171	0.0161	880	0.00362028901007546	0.001	0.181531257413386	0.19	0.19	registry
GOUT_IDIO	Idiopathic gout	Rheuma endpoints	sex_shared	-0.00511079654999684	0.0187751855568615	0.1393	0.1376	3614	-0.0238859821068583	0.00170000000000001	0.73701705906945	0.41	0.41	registry
GOUT_KIDNEY	Gout due to impairment of renal function	Rheuma endpoints	sex_shared	-0.00592903521412424	0.00186503909093778			365	-0.00779407430506202		0.0749323555858479	0.03	0.03	registry
GOUT_NOS	Gout, unspecified	Rheuma endpoints	sex_shared	0.000650229130348662	0.0107542822870209	0.1351	0.1288	8684	-0.0101040531566722	0.0063	1.75283847201897	0.91	0.91	registry
GOUT_SCND	Other secondary gout	Rheuma endpoints	sex_shared	-0.00339816397486641	0.00696557454157314			115	-0.0103637385164396		0.0236209474670128	0.01	0.01	registry
GOUT_STRICT	Gout, strict definition	Rheuma endpoints	sex_shared	0.00302899173001034	0.0265085796534508	0.1237	0.1314	7510	-0.0234795879234405	-0.00769999999999999	1.51133399877644	0.8	0.8	registry
GRAVES_OPHT	Graves ophthalmopathy	IV Endocrine, nutritional and metabolic diseases (E4_)	sex_shared	0.0118730798457738	-0.00509172142242872	0.0372	-0.0147	902	0.0169648012682025	0.0519	0.18033291615519	0.09	0.09	registry
H7_ADHESIOIRIS	Pupillary membranes and other adhesions and disruptions of iris and ciliary body	VII Diseases of the eye and adnexa (H7_)	sex_shared	0.0048455769199567	0.00421641414363463	0.1504	0.1257	76	0.00062916277632207	0.0247	0.016122360228683	0.01	0.01	registry
H7_ALLERGICCONJUNCTIVITIS	Allergic conjunctivitis	VII Diseases of the eye and adnexa (H7_)	sex_shared	0.0065286427311953	-0.0156706204762887	-0.0094	-0.0841	31260	0.022199263207484	0.0747	6.24967512085504	3.59	3.59	registry
H7_AMBLYANOPSIA	Amblyopia ex anopsia	VII Diseases of the eye and adnexa (H7_)	sex_shared	0.0188372771752643	0.0148041784750502	0.1125	0.0709	1619	0.0040330987002141	0.0416	0.340747413350395	0.44	0.44	registry
H7_AMD	Age-related macular degeneration (whether dry or wet)	VII Diseases of the eye and adnexa (H7_)	sex_shared	0.0275435263164978	-0.0157038485399204	0.0031	0.0542	13947	0.0432473748564182	-0.0511	2.95018508725542	1.64	1.64	registry
H7_ANISOMETROPIA	Anisometropia and aniseikonia	VII Diseases of the eye and adnexa (H7_)	sex_shared	0.00170691408583722	-0.0137600732691905	0.1701	-0.3175	1179	0.0154669873550277	0.4876	0.247325880692009	0.2	0.2	registry
H7_ANOMAPUPFUNC	Anomalies of pupillary function	VII Diseases of the eye and adnexa (H7_)	sex_shared	-0.00570424599041922	0.00953467609944437	0.0378	0.1154	808	-0.0152389220898636	-0.0776	0.163269264965002	0.09	0.09	registry
H7_APHAKIA	Aphakia	VII Diseases of the eye and adnexa (H7_)	sex_shared	-0.00353767277432239	-0.00443838283545231			634	0.00090071006112992		0.157786803647513	0.14	0.14	registry
H7_ASTIGMATISM	Astigmatism	VII Diseases of the eye and adnexa (H7_)	sex_shared	-0.00430394257136468	-0.00733133543342534	0.396	0.1246	2427	0.00302739286206066	0.2714	0.507796889613284	0.46	0.46	registry
H7_BCKRNDRETINOPAT	Background retinopathy and retinal vascular changes	VII Diseases of the eye and adnexa (H7_)	sex_shared	0.000612740033636645	-0.00914794132265802	0.0876	-0.054	763	0.00976068135629466	0.1416	0.168620275096354	0.08	0.08	registry
H7_BINOCUMOVNAS	Other and unspecified disorders of binocular movement	VII Diseases of the eye and adnexa (H7_)	sex_shared	0.00578183047309511	0.000969259332167564			202	0.00481257114092755		0.0424617738931561	0.02	0.02	registry
H7_BINOCUMOVOTH	Other disorders of binocular movement	VII Diseases of the eye and adnexa (H7_)	sex_shared	0.00380280403178517	-0.0146914078915455	-0.0431	-0.0013	871	0.0184942119233307	-0.0418	0.182833009019902	0.1	0.1	registry
H7_BINODISTOTH	Other disorders of binocular vision	VII Diseases of the eye and adnexa (H7_)	sex_shared	0.00841438625983555	0.00756947901003935	0.2994	0.0782	511	0.0008449072497962	0.2212	0.107800448922417	0.06	0.06	registry
H7_BLEPHAROCHALASIS	Blepharochalasis	VII Diseases of the eye and adnexa (H7_)	sex_shared	0.0266050447460645	-0.00530022268574804	0.1408	0.0897	13121	0.0319052674318125	0.0511	2.83179919930074	1.11	1.11	registry
H7_BLINDANDVISIMPAIRMENT	Visual impairment including blindness (binocular or monocular)	VII Diseases of the eye and adnexa (H7_)	sex_shared	0.0211076476524588	-0.0212942559696063			2792	0.0424019036220651		0.586179023944741		0.313020847218533	case-count proxy
H7_BLINDMONOCULAR	Blindness, monocular	VII Diseases of the eye and adnexa (H7_)	sex_shared	0.0054080440882241	-0.00183224520242655			331	0.00724028929065065		0.0698542136230489	0.04	0.04	registry
H7_BULLKERATOPATHY	Bullous keratopathy	VII Diseases of the eye and adnexa (H7_)	sex_shared	-0.00473023324258674	-0.035122587183733	-0.1437	0.027	295	0.0303923539411463	-0.1707	0.062551154121803	0.03	0.03	registry
H7_CATARACTOTHER	Other cataract	VII Diseases of the eye and adnexa (H7_)	sex_shared	0.00413907218283507	-0.0182622473005724	0.039	0.0457	28446	0.0224013194834075	-0.0067	6.62120013034775	3.18	3.18	registry
H7_CATARACTSENILE	Senile cataract	VII Diseases of the eye and adnexa (H7_)	sex_shared	0.020513127785733	-0.00269369630917416	0.0202	0.0353	91611	0.0232068240949072	-0.0151	18.5904603427458	11.52	11.52	registry
H7_CENTRRETARTOCC	Central retinal artery occlusion	VII Diseases of the eye and adnexa (H7_)	sex_shared	0.018877705319862	0.00491173022187447			797	0.0139659750979875		0.176120920159989	0.09	0.09	registry
H7_CHALAZION	Chalazion	VII Diseases of the eye and adnexa (H7_)	sex_shared	0.0295309983385376	0.0186559424315135	0.1077	0.0376	4913	0.0108750559070241	0.0701	1.07945519700662	0.59	0.59	registry
H7_CHORDETACH	Choroidal detachment	VII Diseases of the eye and adnexa (H7_)	sex_shared	0.0205725502173073	-0.000234558845927233	0.1789	-0.0273	87	0.0208071090632345	0.2062	0.0192554557124519	0.01	0.01	registry
H7_CHORHAEMORRHAGE	Choroidal haemorrhage and rupture	VII Diseases of the eye and adnexa (H7_)	sex_shared	-0.0168174941155762	-0.00915013874332766	-0.4261	-0.1679	117	-0.00766735537224854	-0.2582	0.0258935487440522	0.02	0.02	registry
H7_CHORIORETINFLAM	Chorioretinal inflammation	VII Diseases of the eye and adnexa (H7_)	sex_shared	0.0171397433396505	-0.021614664645097	0.2958	-0.2912	1079	0.0387544079847475	0.587	0.238288737930974	0.11	0.11	registry
H7_CHORNAS	Other specified and unspecified disorders of choroid	VII Diseases of the eye and adnexa (H7_)	sex_shared	0.000516127244844848	0.00364550625256136			131	-0.00312937900771651		0.0289910238478834	0.01	0.01	registry
H7_CHOROIDOTH	Other disorders of choroid	VII Diseases of the eye and adnexa (H7_)	sex_shared	-0.00727069918998438	-0.00496580726783013			512	-0.00230489192215425		0.113212970845449	0.06	0.06	registry
H7_CHOROIDRETINA	Disorders of choroid and retina	VII Diseases of the eye and adnexa (H7_)	sex_shared	0.00444428859730988	-0.0187417999199494	0.0178	0.024	48453	0.0231860885172593	-0.0062	9.68699643732531	4.76	4.76	registry
H7_CHORSCAR	Chorioretinal scars	VII Diseases of the eye and adnexa (H7_)	sex_shared	-0.0209548120510567	-0.0197252126235958	-0.2275	-0.1852	120	-0.0012295994274609	-0.0423	0.0265573095674921	0.01	0.01	registry
H7_CONJUHAEMOR	conjunctival haemorrhage	VII Diseases of the eye and adnexa (H7_)	sex_shared	0.00941080052365997	-0.0243192184280237	0.0694	0.0972	2926	0.0337300189516837	-0.0278	0.642879114118733	0.25	0.25	registry
H7_CONJUNAS	Other specified and unspecified disorders of conjunctiva	VII Diseases of the eye and adnexa (H7_)	sex_shared	0.0189531767624643	-0.0192255592329771			363	0.0381787359954414		0.0802073459322944	0.03	0.03	registry
H7_CONJUNCTDEGDEPOT	conjunctival degenerations and deposits	VII Diseases of the eye and adnexa (H7_)	sex_shared	0.000238943625473156	-0.00560863699828712	-0.0648	0.0386	766	0.00584758062376028	-0.1034	0.169102388626429	0.08	0.08	registry
H7_CONJUNCTIVITIS	Conjunctivitis	VII Diseases of the eye and adnexa (H7_)	sex_shared	0.0122106570333285	-0.0193073064253442	0.0172	-0.0465	43167	0.0315179634586727	0.0637	8.71389899895232	5.41	5.41	registry
H7_CONJUNCTIVITISACUNONATOPIC	Conjunctivitis (acute, non atopic)	VII Diseases of the eye and adnexa (H7_)	sex_shared	0.00878783448563362	-0.00329374874494245	0.0936	0.0613	13568	0.0120815832305761	0.0323	2.91295069367215	2.01	2.01	registry
H7_CONJUNCTIVITISATOPIC	Atopic conjunctivitis	VII Diseases of the eye and adnexa (H7_)	sex_shared	0.0225732985589797	-0.00880564337945344	0.2119	0.1703	1814	0.0313789419384331	0.0416	0.399534830450985	0.27	0.27	registry
H7_CONJUNCTIVITISCHRON	Chronic conjunctivitis	VII Diseases of the eye and adnexa (H7_)	sex_shared	-0.00173805295393813	-0.0260453586021192	-0.0467	0.1893	1130	0.0243073056481811	-0.236	0.249258840968448	0.12	0.12	registry
H7_CONJUNCTSCAR	conjunctival scars	VII Diseases of the eye and adnexa (H7_)	sex_shared	-0.0112971413333208	-0.00322288406730357	-0.0749	-0.0399	58	-0.00807425726601723	-0.035	0.0128241412247497	0.01	0.01	registry
H7_CONJUVASC	Other conjunctival vascular disorders and cysts	VII Diseases of the eye and adnexa (H7_)	sex_shared	0.00514966185170017	-0.00745217299204834	-0.0336	-0.079	846	0.0126018348437485	0.0454	0.186730234406039	0.08	0.08	registry
H7_CONVERGINSUFF	Convergence insufficiency and excess	VII Diseases of the eye and adnexa (H7_)	sex_shared	0.0139950530658217	-0.00705200001150355	-0.0287	0.1175	525	0.0210470530773252	-0.1462	0.110283691667805	0.06	0.06	registry
H7_CONVERSTRAB	Convergent concomitant strabismus	VII Diseases of the eye and adnexa (H7_)	sex_shared	0.0133566310226357	0.0199540055181964	-0.0328	-0.0274	2408	-0.0065973744955607	-0.0054	0.503841582832561	0.45	0.45	registry
H7_CORNEALDEFORM	Keratoconus	VII Diseases of the eye and adnexa (H7_)	sex_shared	-0.0108447714587314	-0.0190197733959478	-0.1064	-0.0341	921	0.0081750019372164	-0.0723	0.19502795188887	0.12	0.12	registry
H7_CORNEALDYSTROPHY	Corneal degeneration	VII Diseases of the eye and adnexa (H7_)	sex_shared	0.00138153898052335	-0.0137867022156856	0.1374	0.0061	567	0.015168241196209	0.1313	0.120156139406552	0.05	0.05	registry
H7_CORNEALMEMBRANE	Changes in corneal membranes	VII Diseases of the eye and adnexa (H7_)	sex_shared	0.00157492585152083	-0.0151107062559446	0.0488	0.0945	104	0.0166856321074654	-0.0457	0.0220608667799407	0.01	0.01	registry
H7_CORNEALNAS	Other and unspecified corneal deformities and disorders	VII Diseases of the eye and adnexa (H7_)	sex_shared	-0.00178181542130369	-0.00525658646581714	0.0326	0.0127	1211	0.00347477104451345	0.0199	0.256280024548706	0.12	0.12	registry
H7_CORNEALOEDEMA	Other corneal oedema	VII Diseases of the eye and adnexa (H7_)	sex_shared	-0.012028741075937	0.0176032606919118			282	-0.0296320017678488		0.0597963108644808	0.03	0.03	registry
H7_CORNEALOTH	Other disorders of cornea	VII Diseases of the eye and adnexa (H7_)	sex_shared	-0.0175693273889305	-0.0169413644551002	-0.0125	0.0527	3918	-0.000627962933830301	-0.0652	0.824430757706155	0.39	0.39	registry
H7_CORNEALSCAR	Corneal scars and opacities	VII Diseases of the eye and adnexa (H7_)	sex_shared	0.00115667670864569	0.00737194421027914			990	-0.00621526750163345		0.209608540171794	0.11	0.11	registry
H7_CORNEAPIGMENT	Corneal pigmentations and deposits	VII Diseases of the eye and adnexa (H7_)	sex_shared	-0.00823803417566675	-0.0098511480084692	0.6032	-0.1795	145	0.00161311383280245	0.7827	0.0307552644528532	0.02	0.02	registry
H7_CORNULCER	Corneal ulcer	VII Diseases of the eye and adnexa (H7_)	sex_shared	0.0219819830171082	-0.0150972042207914	0.0596	0.0894	8484	0.0370791872378996	-0.0298	1.76822570930153	1.02	1.02	registry
H7_COULOURVISDEF	Colour vision deficiencies	VII Diseases of the eye and adnexa (H7_)	sex_shared	0.0192546209906609	-0.0141171101602811	0.3327	-0.2173	167	0.033371731150942	0.55	0.0352558689410573	0.07	0.07	registry
H7_CYSTIRIS	Cyst of iris, ciliary body and anterior chamber	VII Diseases of the eye and adnexa (H7_)	sex_shared	0.00207685386862074	0.00458008597486143	-0.091	0.0375	61	-0.00250323210624069	-0.1285	0.0129407272264415	0.01	0.01	registry
H7_DACRYOADENITIS	Dacryoadenitis	VII Diseases of the eye and adnexa (H7_)	sex_shared	-7.21171280101968e-05	-0.00821589513916196	-0.3774	-0.0078	277	0.00814377801115177	-0.3696	0.0614870999176472	0.04	0.04	registry
H7_DEGENMYOPIA	Degenerative myopia	VII Diseases of the eye and adnexa (H7_)	sex_shared	-0.0157174162684578	-0.011741930537252	-0.1555	-0.1126	246	-0.0039754857312058	-0.0429	0.051671879365066	0.04	0.04	registry
H7_DIPLOPIA	Diplopia	VII Diseases of the eye and adnexa (H7_)	sex_shared	0.0116743394205178	0.0250581850368499	0.2327	0.2647	5533	-0.0133838456163321	-0.032	1.15500390359172	0.45	0.45	registry
H7_DISORDERLENSNAS	Other specified and unspecified disorders of lens	VII Diseases of the eye and adnexa (H7_)	sex_shared	-0.00676514586643689	0.00308672850251529	-0.3336	0.0692	308	-0.00985187436895218	-0.4028	0.0767157680792663	0.04	0.04	registry
H7_DIVERGSTRAB	Divergent concomitant strabismus	VII Diseases of the eye and adnexa (H7_)	sex_shared	-0.0177903918466149	0.00490255889157572	-0.047	0.0597	3161	-0.0226929507381906	-0.1067	0.660356270668775	0.44	0.44	registry
H7_ECTROPION	Ectropion of eyelid	VII Diseases of the eye and adnexa (H7_)	sex_shared	0.0169322898436784	0.00366191606912895	0.15	0.1283	1600	0.0132703737745495	0.0217	0.35412018839194	0.18	0.18	registry
H7_ENTROPION	Entropion and trichiasis of eyelid	VII Diseases of the eye and adnexa (H7_)	sex_shared	0.0272961234061306	0.00153897135512232	0.1036	-0.029	3460	0.0257571520510083	0.1326	0.762645365496689	0.37	0.37	registry
H7_EPIPHORA	Epiphora	VII Diseases of the eye and adnexa (H7_)	sex_shared	-0.00290840109814453	-0.00971935452268599	0.1234	-0.0186	793	0.00681095342454146	0.142	0.175824858043045	0.08	0.08	registry
H7_EPISCLERITIS	Episcleritis	VII Diseases of the eye and adnexa (H7_)	sex_shared	-0.00095819686983067	-0.000680000450466511			2074	-0.000278196419364159		0.43811378706487	0.19	0.19	registry
H7_EXOPTHALMUS	Exophthalmic conditions	VII Diseases of the eye and adnexa (H7_)	sex_shared	-0.0350322423712436	-0.00317218539354931	-0.1515	-0.0437	388	-0.0318600569776943	-0.1078	0.0861051192600286	0.04	0.04	registry
H7_EYEADNEXOTH	Other specified and unspecified disorders of eye and adnexa	VII Diseases of the eye and adnexa (H7_)	sex_shared	-0.0096070589382875	-0.0230063556859337	-0.1097	0.1172	1447	0.0133992967476462	-0.2269	0.292012342415247	0.18	0.18	registry
H7_EYELIDDEGEN	Other degenerative disorders of eyelid and periocular area	VII Diseases of the eye and adnexa (H7_)	sex_shared	0.0111570902900691	-0.00697008215293997	0.0558	0.0598	98	0.0181271724430091	-0.004	0.0217622057105804	0.01	0.01	registry
H7_EYELIDDIS	Other disorders of eyelid	VII Diseases of the eye and adnexa (H7_)	sex_shared	0.0248166648727599	-0.00133211804594832	0.1334	0.0927	21848	0.0261487829187082	0.0407	4.62810757681032	1.98	1.98	registry
H7_EYELIDFUNC	Other disorders affecting eyelid function	VII Diseases of the eye and adnexa (H7_)	sex_shared	-0.0278091090741152	0.000302334925880276			322	-0.0281114439999955		0.0714688400296529	0.02	0.02	registry
H7_EYELIDINFLAMMATION	Other inflammation of eyelid	VII Diseases of the eye and adnexa (H7_)	sex_shared	0.0161483662153701	-0.0120409605940245	0.01	-0.0842	5746	0.0281893268093946	0.0942	1.26017062526043	0.52	0.52	registry
H7_EYELIDINOTH	Disorders of eyelid in diseases classified elsewhere	VII Diseases of the eye and adnexa (H7_)	sex_shared	0.000861605396782314	-0.000890781099003043	0.1238	0.0445	1258	0.00175238649578536	0.0793	0.278637908045061	0.15	0.15	registry
H7_EYELIDNAS	Other specified and unspecified  disorders of eyelid	VII Diseases of the eye and adnexa (H7_)	sex_shared	0.000356444610889394	0.00219578810092204	0.1065	0.0171	502	-0.00183934349003265	0.0894	0.111375869153322	0.04	0.04	registry
H7_EYEOTH	Other disorders of eye and adnexa	VII Diseases of the eye and adnexa (H7_)	sex_shared	-0.00556986119804669	-0.0233574269525858	0.2358	0.2918	6106	0.0177875657545391	-0.056	1.2207458825317	0.64	0.64	registry
H7_EYEPOSTOP	Postprocedural disorders of eye and adnexa, not elsewhere classified	VII Diseases of the eye and adnexa (H7_)	sex_shared	-0.00247984870961364	-0.0304826492786215	-0.1442	-0.0341	99	0.0280028005690079	-0.1101	0.0197926371389843	0.01	0.01	registry
H7_GLAUCCLOSEPRIM	Primary angle-closure glaucoma	VII Diseases of the eye and adnexa (H7_)	sex_shared	-0.00581197421466452	-0.000174855822461338	0.0072	-0.068	1662	-0.00563711839220318	0.0752	0.35107212187399	0.28	0.28	registry
H7_GLAUCNAS	Other and unspecified glaucoma	VII Diseases of the eye and adnexa (H7_)	sex_shared	-0.0051483119162013	0.00831110507917948	-0.1938	-0.1177	2746	-0.0134594169953808	-0.0761	0.578725413126909	0.4	0.4	registry
H7_GLAUCOMA	Glaucoma	VII Diseases of the eye and adnexa (H7_)	sex_shared	0.0143072658171622	-0.000967367143930495	-0.0211	-0.0492	28441	0.0152746329610927	0.0281	5.68608477646316	3.48	3.48	registry
H7_GLAUCOMAMEDICATION	Use of antiglaucoma preparations and miotics	VII Diseases of the eye and adnexa (H7_)	sex_shared	-0.00038300706009304	0.00505536220894739	-0.0223	-0.0506	3267	-0.00543836926904043	0.0283	0.687772098389093	0.47	0.47	registry
H7_GLAUCOMA_JOAG	Juvenile Open Angle Glaucoma	VII Diseases of the eye and adnexa (H7_)	sex_shared	0.0139322132277111	-0.00771630288828258	0.0171	0.0832	211	0.0216485161159937	-0.0661	0.0421843074376332	0.03	0.03	registry
H7_GLAUCOMA_NTG	Normotensive glaucoma	VII Diseases of the eye and adnexa (H7_)	sex_shared	0.00331258923452391	-0.00268239212019813	-0.1034	-0.0611	3239	0.00599498135472204	-0.0423	0.681917706701699	0.31	0.31	registry
H7_GLAUCOMA_POAG	Primary open-angle glaucoma, strict	VII Diseases of the eye and adnexa (H7_)	sex_shared	0.0161052895772022	-0.000401387218598908	-0.0283	-0.0773	11637	0.0165066767958011	0.049	2.40741277085204	1.43	1.43	registry
H7_GLAUCOMA_XFG	Glaucoma, exfoliation	VII Diseases of the eye and adnexa (H7_)	sex_shared	-0.00909528356197116	-0.0126132161193337	0.0029	-0.0663	4528	0.00351793255736254	0.0692	0.950715241048726	0.78	0.78	registry
H7_GLAUCSECDRUG	Glaucoma secondary to drugs	VII Diseases of the eye and adnexa (H7_)	sex_shared	-0.0123234816513761	-0.0122190907340593	-0.0035	0.1338	113	-0.0001043909173168	-0.1373	0.0239478826257052	0.01	0.01	registry
H7_GLAUCSECINFLAM	Glaucoma secondary to eye inflammation	VII Diseases of the eye and adnexa (H7_)	sex_shared	-0.0264724039344851	0.00201732993307908			312	-0.0284897338675642		0.0660937132592039	0.04	0.04	registry
H7_GLAUCSECTRAUMA	Glaucoma secondary to eye trauma	VII Diseases of the eye and adnexa (H7_)	sex_shared	-0.00769126900783973	-0.00290715701542454	0.2219	-0.1311	227	-0.00478411199241519	0.353	0.0480960734958854	0.04	0.04	registry
H7_GLAUCSUSP	Glaucoma suspect	VII Diseases of the eye and adnexa (H7_)	sex_shared	0.0320450299340595	0.0122704584619823	0.0146	-0.0021	16604	0.0197745714720772	0.0167	3.40002743939273	1.77	1.77	registry
H7_GLOBE	Disorders of globe	VII Diseases of the eye and adnexa (H7_)	sex_shared	-0.0105700734153014	-0.00662148174068849	-0.0542	-0.2483	956	-0.00394859167461291	0.1941	0.200507140445185	0.14	0.14	registry
H7_GLOBEDEGENERATED	Degenerative conditions of globe	VII Diseases of the eye and adnexa (H7_)	sex_shared	0.030983122597286	0.0237538619199856	0.2321	-0.0407	200	0.0072292606773004	0.2728	0.0420137174787568	0.05	0.05	registry
H7_GLOBENAS	Other and unspecified disorders of globe	VII Diseases of the eye and adnexa (H7_)	sex_shared	-0.00645081925234207	-0.0231744335518811	-0.0698	-0.3669	70	0.016723614299539	0.2971	0.0147088179363528	0.01	0.01	registry
H7_HEREDRETINADYST	Hereditary retinal dystrophy	VII Diseases of the eye and adnexa (H7_)	sex_shared	0.0128006015579631	-0.0052802426750796	0.0264	0.0304	530	0.0180808442330427	-0.004	0.117188450083248	0.07	0.07	registry
H7_HERPESKERATITIS	Herpesviral keratitis and keratoconjunctivitis	VII Diseases of the eye and adnexa (H7_)	sex_shared	0.00423994611321967	-0.00152460317266233			1663	0.005764549285882		0.351599003767585	0.17	0.17	registry
H7_HETEROPHORIA	Heterophoria	VII Diseases of the eye and adnexa (H7_)	sex_shared	0.0172009260853202	-0.00220794043749995	0.185	0.1067	3359	0.0194088665228202	0.0783	0.701429797506259	0.52	0.52	registry
H7_HETEROTRONAS	Other and unspecified heterotropia	VII Diseases of the eye and adnexa (H7_)	sex_shared	0.00228844966013333	-0.0018838516080597	-0.1662	-0.0061	101	0.00417230126819303	-0.1601	0.0212353954093701	0.01	0.01	registry
H7_HORDEOLUM	Hordeolum and other deep inflammation of eyelid	VII Diseases of the eye and adnexa (H7_)	sex_shared	0.00635667486274195	0.00975752500577037	0.2662	0.1064	2325	-0.00340085014302842	0.1598	0.513756521393264	0.27	0.27	registry
H7_HYPERMETRO	Hypermetropia	VII Diseases of the eye and adnexa (H7_)	sex_shared	0.00782883252644623	0.0180647542836717	0.1899	0.1545	2839	-0.0102359217572255	0.0354	0.593487318102095	0.63	0.63	registry
H7_INTERHETEROTRO	Intermittent heterotropia	VII Diseases of the eye and adnexa (H7_)	sex_shared	-0.00975927725498905	0.0188456299485262	0.1263	0.0547	2433	-0.0286049072035153	0.0716	0.509045868526822	0.58	0.58	registry
H7_INTERNUCOPHTHALMOPLEGIA	Internuclear ophthalmoplegia	VII Diseases of the eye and adnexa (H7_)	sex_shared	0.00139291060662142	-0.020999871579436	-0.1024	-0.0951	128	0.0223927821860574	-0.0073	0.0269106566200215	0.01	0.01	registry
H7_IRIDOACUTE	Acute and subacute iridocyclitis	VII Diseases of the eye and adnexa (H7_)	sex_shared	-0.008668325268463	-0.023761003860194	0.0919	-0.0821	8641	0.015092678591731	0.174	1.80035836319693	0.92	0.92	registry
H7_IRIDOCHRONIC	Chronic iridocyclitis	VII Diseases of the eye and adnexa (H7_)	sex_shared	-0.0024612866794917	-0.00837153488460503	0.0916	-0.133	1937	0.00591024820511333	0.2246	0.409292222391264	0.2	0.2	registry
H7_IRIDOCYCLITIS	Iridocyclitis	VII Diseases of the eye and adnexa (H7_)	sex_shared	-0.00672828778876529	-0.0319741306493594	0.1309	-0.0841	10412	0.0252458428605941	0.215	2.16137221810513	1.09	1.09	registry
H7_IRIDOCYCLITISINOTH	Iridocyclitis in diseases classified elsewhere	VII Diseases of the eye and adnexa (H7_)	sex_shared	0.0253592529011955	-0.0120566249716214	0.1997	-0.1243	691	0.0374158778728169	0.324	0.146395203491451	0.06	0.06	registry
H7_IRIDOCYC_ANTER	Anterior Iridocyclitis	VII Diseases of the eye and adnexa (H7_)	sex_shared	-0.0140378981234678	-0.0198801426430931	0.1198	-0.0944	9133	0.0058422445196253	0.2142	1.82592075747822	0.98	0.98	registry
H7_IRIDOLENS	Lens-induced iridocyclitis	VII Diseases of the eye and adnexa (H7_)	sex_shared	-0.0192924293732457	-0.00459221298729449	-0.3754	-0.19	59	-0.0147002163859512	-0.1854	0.0125164941936196		0.00848909859308246	case-count proxy
H7_IRIDONAS	Other and unspecified iridocyclitis	VII Diseases of the eye and adnexa (H7_)	sex_shared	0.0203009252962821	-0.0109388302042407			1742	0.0312397555005228		0.36824003669717	0.15	0.15	registry
H7_IRISCILIARYNAS	Other specified and unspecified disorders of iris and ciliary body	VII Diseases of the eye and adnexa (H7_)	sex_shared	0.023627731347824	-0.000447618129246371	0.0853	0.0056	139	0.0240753494770704	0.0797	0.0294830080304078	0.01	0.01	registry
H7_JUVENILE_CATARACT	Juvenile cataract	VII Diseases of the eye and adnexa (H7_)	sex_shared	0.0229407963986606	0.0119130355673622	0.431	0.2168	145	0.0110277608312984	0.2142	0.0289892160116437		0.0186613655338805	case-count proxy
H7_KERATITIS	Keratitis	VII Diseases of the eye and adnexa (H7_)	sex_shared	0.00275411319574188	-0.0120884229339172	0.073	0.0808	17756	0.0148425361296591	-0.0078	3.63052701528395	2.04	2.04	registry
H7_KERATITISINOTH	Keratitis and keratoconjunctivitis in other diseases classified elsewhere	VII Diseases of the eye and adnexa (H7_)	sex_shared	-0.00305179467066213	0.00146321551173636	0.01	0.0036	1366	-0.00451501018239849	0.0064	0.288987380602304	0.15	0.15	registry
H7_KERATITISOTH	Other keratitis	VII Diseases of the eye and adnexa (H7_)	sex_shared	0.0154791008052556	0.0205320234167533	0.2066	0.0268	4907	-0.0050529226114977	0.1798	1.0303931326723	0.58	0.58	registry
H7_KERATOCONUS	Hereditary corneal dystrophies	VII Diseases of the eye and adnexa (H7_)	sex_shared	-0.0113853805707669	-0.00215733088685211	0.0304	0.0704	1196	-0.00922804968391479	-0.04	0.253113657767478	0.1	0.1	registry
H7_LACRIMALSYSTEM	Disorders of lacrimal system	VII Diseases of the eye and adnexa (H7_)	sex_shared	0.00253304144919915	-0.0217326243277097	0.0188	0.0075	20927	0.0242656657769088	0.0113	4.44167581093959	2.06	2.06	registry
H7_LACRIMINFLAMACU	Inflammation of lacrimal passages (acute and unspecified)	VII Diseases of the eye and adnexa (H7_)	sex_shared	0.0113311476617623	0.00968217676394618	-0.139	-0.0995	659	0.00164897089781612	-0.0395	0.146157650654383	0.1	0.1	registry
H7_LACRIMINFLAMCHRON	Inflammation of lacrimal passages (chronic)	VII Diseases of the eye and adnexa (H7_)	sex_shared	0.00380324595004447	-0.000504773008595062	0.0088	0.2154	581	0.00430801895863953	-0.2066	0.128880558112709	0.12	0.12	registry
H7_LACRINAS	Other and unspecified disorders of lacrimal system	VII Diseases of the eye and adnexa (H7_)	sex_shared	0.00578471264801778	-0.00176401265155341	0.2734	-0.0189	69	0.00754872529957119	0.2923	0.0153233561259002	0.01	0.01	registry
H7_LAGOPHTALMOS	Lagophthalmos	VII Diseases of the eye and adnexa (H7_)	sex_shared	0.00640664863237885	-0.00289968493589428	0.2697	0.0866	443	0.00930633356827313	0.1831	0.0982987438618758	0.04	0.04	registry
H7_LENSDISLOCATIO	Dislocation of lens	VII Diseases of the eye and adnexa (H7_)	sex_shared	0.00385985941849915	0.0187974086157992			589	-0.0149375491973001		0.146603843559511	0.07	0.07	registry
H7_LIDLACRIMALORBIT	Disorders of eyelid, lacrimal system and orbit	VII Diseases of the eye and adnexa (H7_)	sex_shared	0.0285879471533445	-0.00417598956186068	0.1017	0.0498	49962	0.0327639367152052	0.0519	9.98868420947408	4.98	4.98	registry
H7_MACULADEGEN	Degeneration of macula and posterior pole	VII Diseases of the eye and adnexa (H7_)	sex_shared	0.0191080047179687	0.00427716144461808	-0.0025	0.0888	23850	0.0148308432733506	-0.0913	5.01489750474681	2.41	2.41	registry
H7_MILDVISIMPBINOC	Mild or no visual impairment, binocular	VII Diseases of the eye and adnexa (H7_)	sex_shared	-0.00764299974946938	0.00184830615668712			172	-0.0094913059061565		0.0363110505926935	0.02	0.02	registry
H7_MODVISIMPBINOC	Moderate visual impairment, binocular	VII Diseases of the eye and adnexa (H7_)	sex_shared	0.00883271752808633	-0.012247207808324			1169	0.0210799253364103		0.246270134532171	0.16	0.16	registry
H7_MODVISIMPMONOC	Moderate visual impairment, monocular	VII Diseases of the eye and adnexa (H7_)	sex_shared	-0.00270625106870251	-0.013354119772632	-0.1586	-0.3471	150	0.0106478687039295	0.1885	0.0316680846931257	0.01	0.01	registry
H7_MYOPIA	Myopia	VII Diseases of the eye and adnexa (H7_)	sex_shared	-0.0110493584938481	-0.0112578088009648	-0.127	-0.1388	5697	0.000208450307116701	0.0118	1.18387338768165	0.7	0.7	registry
H7_NYSTAGMUS	Nystagmus and other irregular eye movements	VII Diseases of the eye and adnexa (H7_)	sex_shared	-0.0151432891518794	-0.012464466263048			506	-0.0026788228888314		0.102307788736438	0.07	0.07	registry
H7_OCUMUSCLE	Disorders of ocular muscles, binocular movement, accommodation and refraction	VII Diseases of the eye and adnexa (H7_)	sex_shared	0.00709056733261233	-0.00321353655075468	0.0569	0.0525	24666	0.010304103883367	0.0044	4.93136553202209	3.54	3.54	registry
H7_OCUPAIN	Ocular pain	VII Diseases of the eye and adnexa (H7_)	sex_shared	0.00306213697791949	-0.00512625969491372	0.4894	0.3717	3374	0.00818839667283321	0.1177	0.678253667675805	0.31	0.31	registry
H7_OPTATROPHY	Optic atrophy	VII Diseases of the eye and adnexa (H7_)	sex_shared	0.00833546079488643	-0.00474405934509135			660	0.0130795201399778		0.132814418011245	0.08	0.08	registry
H7_OPTICDISCOTH	Other disorders of optic disc	VII Diseases of the eye and adnexa (H7_)	sex_shared	-0.0351876541488598	-0.00386644837776644	-0.0901	0.2168	492	-0.0313212057710934	-0.3069	0.0990405945656506	0.05	0.05	registry
H7_OPTIC_ATROPHY	Optic atrophy	VII Diseases of the eye and adnexa (H7_)	sex_shared	0.0126711598386446	-0.00134922218751563			626	0.0140203820261602		0.125153442919234		0.0735643428623771	case-count proxy
H7_OPTNERVE	Disorders of optic nerve and visual pathways	VII Diseases of the eye and adnexa (H7_)	sex_shared	0.00264110257272771	-0.017501883776442	0.0884	0.0224	3912	0.0201429863491697	0.066	0.78210905543138	0.4	0.4	registry
H7_OPTNERVNAS	Disorders of optic nerve, not elsewhere classified	VII Diseases of the eye and adnexa (H7_)	sex_shared	-0.0100595408265596	0.000232821872397704	0.2636	0.2206	739	-0.0102923626989573	0.043	0.148688263687268	0.07	0.07	registry
H7_OPTNEURITIS	Optic neuritis	VII Diseases of the eye and adnexa (H7_)	sex_shared	-0.00531129447626846	-0.0286840063015491	-0.1846	-0.2646	1629	0.0233727118252806	0.08	0.327172160039204	0.16	0.16	registry
H7_OPTNEUROTH	Other disorders of optic [2nd] nerve and visual pathways	VII Diseases of the eye and adnexa (H7_)	sex_shared	0.00123430457604425	0.0105788266686813	0.1811	0.1819	2482	-0.00934452209263705	-0.000799999999999995	0.497638123651645	0.26	0.26	registry
H7_ORBIT	Disorders of orbit	VII Diseases of the eye and adnexa (H7_)	sex_shared	-0.000289790854080792	-0.00520323621189942	0.0371	0.0546	1712	0.00491344535781863	-0.0175	0.378814699426467	0.17	0.17	registry
H7_ORBITINFLAMACU	Acute inflammation of orbit	VII Diseases of the eye and adnexa (H7_)	sex_shared	0.00739868079837626	-0.0117866373290007			247	0.019185318127377		0.0548314985870345	0.04	0.04	registry
H7_ORBITINFLAMCHRON	Chronic inflammatory disorders of orbit	VII Diseases of the eye and adnexa (H7_)	sex_shared	-0.00633808732165843	-0.00842157552710069	-0.1371	-0.0436	97	0.00208348820544226	-0.0935	0.0215401902198654	0.01	0.01	registry
H7_ORBITNAS	Other and unspecified disorders of orbit	VII Diseases of the eye and adnexa (H7_)	sex_shared	0.00601954074659203	-0.0146359580765812	-0.0215	0.1107	175	0.0206554988231732	-0.1322	0.0388544379539031	0.01	0.01	registry
H7_OTHENDOPHTHALMITIS	Other endophthalmitis	VII Diseases of the eye and adnexa (H7_)	sex_shared	0.00197144707992769	0.00395548818576424	0.0101	0.1645	191	-0.00198404110583655	-0.1544	0.0401238587808229	0.02	0.02	registry
H7_OTHERCONJ	Other disorders of conjunctiva	VII Diseases of the eye and adnexa (H7_)	sex_shared	0.00596833123982125	-0.0249590510196432	0.0335	0.0352	5852	0.0309273822594645	-0.0017	1.27754515724808	0.58	0.58	registry
H7_OTHIRISCILIARY	Other disorders of iris and ciliary body	VII Diseases of the eye and adnexa (H7_)	sex_shared	-0.00496516678494444	-0.00854213583373191	0.2557	-0.1467	1010	0.00357696904878747	0.4024	0.213834001299941	0.12	0.12	registry
H7_OTHRETARTOCC	Other retinal artery occlusion	VII Diseases of the eye and adnexa (H7_)	sex_shared	0.00192874694162234	0.00857126027493685			834	-0.00664251333331451		0.184282106295863	0.09	0.09	registry
H7_PAPILLOEDEMA	Papilloedema, unspecified	VII Diseases of the eye and adnexa (H7_)	sex_shared	0.006480143935457	0.00917578438389672	0.0525	0.0522	849	-0.00269564044843972	0.000299999999999995	0.170782683561211	0.08	0.08	registry
H7_PARASTRA3	Third [oculomotor] nerve palsy	VII Diseases of the eye and adnexa (H7_)	sex_shared	0.00403579834139095	-0.00296537049010752			646	0.00700116883149847		0.135666973282427	0.06	0.06	registry
H7_PARASTRA4	Fourth [trochlear] nerve palsy	VII Diseases of the eye and adnexa (H7_)	sex_shared	-0.0307238427638882	-0.00263546611680563			802	-0.0280883766470826		0.168373495240615	0.07	0.07	registry
H7_PARASTRA6	Sixth [abducent] nerve palsy	VII Diseases of the eye and adnexa (H7_)	sex_shared	0.0232073516679277	-0.00528350109548108	0.1381	0.1748	1218	0.0284908527634088	-0.0367	0.255486241919042	0.11	0.11	registry
H7_PARASTRAB	Paralytic strabismus	VII Diseases of the eye and adnexa (H7_)	sex_shared	0.0100383255067655	-0.00351794924017445	0.3339	0.23	2745	0.01355627474694	0.1039	0.573949588617189	0.27	0.27	registry
H7_PARASTRANAS	Other or unspecified paralytic strabismus	VII Diseases of the eye and adnexa (H7_)	sex_shared	0.00715209746167208	-0.00414022831190164			250	0.0112923257735737		0.0525463984698489	0.04	0.04	registry
H7_PERIPHRETINADEGEN	Peripheral retinal degeneration	VII Diseases of the eye and adnexa (H7_)	sex_shared	-0.0149424723021998	0.00501793667167059	-0.2071	0.0244	1164	-0.0199604089738704	-0.2315	0.257012080009362	0.13	0.13	registry
H7_POSTOPEYENAS	Other and unspecified postprocedural disorders of eye and adnexa	VII Diseases of the eye and adnexa (H7_)	sex_shared	-0.00300092336012926	-0.0326585713027333	-0.2009	-0.0787	71	0.029657647942604	-0.1222	0.0141955142175073	0.01	0.01	registry
H7_PRESBYOPIA	Presbyopia	VII Diseases of the eye and adnexa (H7_)	sex_shared	0.0300380830973926	0.00975953833628042			2552	0.0202785447611122		0.533810806740407	0.18	0.18	registry
H7_PROLIFRETINOPATHOTH	Other proliferative retinopathy	VII Diseases of the eye and adnexa (H7_)	sex_shared	-0.00481382238142217	-0.0118673514959583	0.0579	-0.2767	169	0.00705352911453613	0.3346	0.0373974888360751	0.02	0.02	registry
H7_PTERYGIUM	Pterygium	VII Diseases of the eye and adnexa (H7_)	sex_shared	-0.0129565159033102	-0.0208724493559226	-0.019	0.0203	1017	0.0079159334526124	-0.0393	0.224388887785699	0.15	0.15	registry
H7_PTOSIS	Ptosis of eyelid	VII Diseases of the eye and adnexa (H7_)	sex_shared	0.0260000827002056	-0.0059032601650037	0.1217	0.0948	4432	0.0319033428652093	0.0269	0.974802927927928	0.33	0.33	registry
H7_PURENDOPHTHALMITIS	Purulent endophthalmitis	VII Diseases of the eye and adnexa (H7_)	sex_shared	-0.00190598712589853	0.0232546113440827			222	-0.0251605984699812		0.0466330712498713	0.03	0.03	registry
H7_REFRAACCOMMODIS	Disorders of refraction and accommodation	VII Diseases of the eye and adnexa (H7_)	sex_shared	-0.00328148324681825	-0.00368892427430438	0.0425	-0.0118	12909	0.00040744102748613	0.0543	2.64296346040059	1.84	1.84	registry
H7_RETARTOCCTRANS	Transient retinal artery occlusion	VII Diseases of the eye and adnexa (H7_)	sex_shared	-0.00279506622607828	0.00774357897533872			78	-0.010538645201417		0.0172638559043494	0.01	0.01	registry
H7_RETINAHAEMORR	Retinal haemorrhage	VII Diseases of the eye and adnexa (H7_)	sex_shared	0.00860385217654532	0.00321210304608552			908	0.0053917491304598		0.200600475873816	0.09	0.09	registry
H7_RETINALBREAK	Retinal breaks without detachment	VII Diseases of the eye and adnexa (H7_)	sex_shared	-0.0129373840172216	-0.0144535880553286	-0.0205	-0.0715	6729	0.001516204038107	0.051	1.46773342174488	0.53	0.53	registry
H7_RETINALDETACH	Retinal detachments and breaks	VII Diseases of the eye and adnexa (H7_)	sex_shared	-0.0111895214760781	-0.00428898953193546	0.0431	-0.0917	16740	-0.00690053194414264	0.1348	3.57331158892828	1.59	1.59	registry
H7_RETINALDETACHBREAK	Retinal detachment with retinal break	VII Diseases of the eye and adnexa (H7_)	sex_shared	-0.0184390087333861	-0.0157407592259601	-0.0589	-0.1204	5399	-0.002698249507426	0.0615	1.18105930015838	0.55	0.55	registry
H7_RETINALDETACHOTH	Other, unspecified and serous retinal detachments	VII Diseases of the eye and adnexa (H7_)	sex_shared	-0.0134258020908513	0.0126253070302884	0.1093	-0.0504	1179	-0.0260511091211397	0.1597	0.260315469671813	0.14	0.14	registry
H7_RETINALDETACHTRACTION	Traction detachment of retina	VII Diseases of the eye and adnexa (H7_)	sex_shared	-0.00670442330381246	-0.000783967527531995			305	-0.00592045577628047		0.0674722036642937	0.03	0.03	registry
H7_RETINALDISOTH	Other retinal disorders	VII Diseases of the eye and adnexa (H7_)	sex_shared	0.01410433002885	-0.011379707840789	-0.0043	0.0956	35130	0.025484037869639	-0.0999	7.2155822069042	3.43	3.43	registry
H7_RETINANAS	Other specified and unspecified retinal disorders	VII Diseases of the eye and adnexa (H7_)	sex_shared	0.0134796773048982	0.00171583464308212	0.2362	0.045	1304	0.0117638426618161	0.1912	0.287835209927666	0.12	0.12	registry
H7_RETINASEPAR	Separation of retinal layers (serosa)	VII Diseases of the eye and adnexa (H7_)	sex_shared	0.0260615347161607	-0.0106162051391777	0.1052	0.1197	1581	0.0366777398553384	-0.0145	0.348764873796088	0.16	0.16	registry
H7_RETINAVASC	Retinal vascular disorders	VII Diseases of the eye and adnexa (H7_)	sex_shared	0.0276435021337411	0.018402733291434	0.2611	0.0246	5054	0.0092407688423071	0.2365	1.10642378176262	0.56	0.56	registry
H7_RETINOCHISISCYST	Retinoschisis and retinal cysts	VII Diseases of the eye and adnexa (H7_)	sex_shared	-0.0169197033664016	-0.00493028825131528	-0.1229	-0.0434	841	-0.0119894151150863	-0.0795	0.185825964372677	0.08	0.08	registry
H7_RETINODISINOTH	Other retinal disorders in diseases classified elsewhere	VII Diseases of the eye and adnexa (H7_)	sex_shared	0.0112510984320755	-0.0206177650948694			75	0.0318688635269449		0.0165999716693817	0.01	0.01	registry
H7_RETIVASCOCCLUSION	Retinal vascular occlusion	VII Diseases of the eye and adnexa (H7_)	sex_shared	0.0242798185730506	0.02078395987466	0.2749	0.0166	4922	0.0034958586983906	0.2583	1.07783775497914	0.52	0.52	registry
H7_RETROBULBNEURINOTH	Retrobulbar neuritis in diseases classified elsewhere	VII Diseases of the eye and adnexa (H7_)	sex_shared	0.0137256926244692	-0.00441773945499142	0.3586	0.0568	129	0.0181434320794606	0.3018	0.0259869501191572	0.01	0.01	registry
H7_SCLERACORNEA	Disorders of sclera, cornea, iris and ciliary body	VII Diseases of the eye and adnexa (H7_)	sex_shared	0.00750849509906381	-0.0157144716812403	0.1148	0.041	28867	0.0232229667803041	0.0738	5.77125309384909	3.22	3.22	registry
H7_SCLERITIS	Scleritis	VII Diseases of the eye and adnexa (H7_)	sex_shared	0.0135299402717608	0.0176987026695649			474	-0.0041687623978041		0.100467789899384	0.04	0.04	registry
H7_SEVVISIMPBINOC	Severe visual impairment, binocular	VII Diseases of the eye and adnexa (H7_)	sex_shared	-0.00601656532531507	-0.00762188218235432			187	0.00160531685703925		0.0394764618957146	0.02	0.02	registry
H7_SEVVISIMPMONOC	Severe visual impairment, monocular	VII Diseases of the eye and adnexa (H7_)	sex_shared	-0.00442023216533488	0.00116345924155841			335	-0.00558369140689329		0.0706977765021695	0.04	0.04	registry
H7_STENOLACRI	Stenosis and insufficiency of lacrimal passages	VII Diseases of the eye and adnexa (H7_)	sex_shared	0.00709891056600073	0.0164656157653562	0.033	-0.0133	3871	-0.00936670519935547	0.0463	0.852464792609476	0.51	0.51	registry
H7_STRABMECH	Mechanical strabismus	VII Diseases of the eye and adnexa (H7_)	sex_shared	-0.0155327273365678	-0.00517771462456017			88	-0.0103550127120076		0.0185026324199761	0.01	0.01	registry
H7_STRABNAS	Other specified and unspecified strabismus	VII Diseases of the eye and adnexa (H7_)	sex_shared	-0.0103033286818864	0.00190001651239277			436	-0.0122033451942792		0.0916051063543689	0.06	0.06	registry
H7_STRABOTH	Other strabismus	VII Diseases of the eye and adnexa (H7_)	sex_shared	0.0077842585730338	0.00350816901634335	0.0162	0.0769	10322	0.00427608955669045	-0.0607	2.12455901301246	1.73	1.73	registry
H7_VASCCILIARY	Hyphaema and other vascular disorders of iris and ciliary body	VII Diseases of the eye and adnexa (H7_)	sex_shared	-0.00974469467696523	-0.0164310122169327	0.1743	-0.1046	730	0.00668631753996747	0.2789	0.154644962705143	0.09	0.09	registry
H7_VERTISTRAB	Vertical strabismus	VII Diseases of the eye and adnexa (H7_)	sex_shared	-0.00735091834755191	-0.0134263520810625			1278	0.00607543373351059		0.268038037072303	0.14	0.14	registry
H7_VISDISTNAS	Other and unspecified visual disturbances	VII Diseases of the eye and adnexa (H7_)	sex_shared	0.00167413779049644	-0.0153630374063068	0.1937	0.0146	4192	0.0170371751968032	0.1791	0.877529018955213	0.31	0.31	registry
H7_VISFIELDDEF	Visual field defects	VII Diseases of the eye and adnexa (H7_)	sex_shared	-0.00492299378654751	-0.0120331877594415	-0.1642	0.0452	3412	0.00711019397289399	-0.2094	0.715416470094879	0.33	0.33	registry
H7_VISIMPBILATERAL	Blindness or visual impairment, binocular	VII Diseases of the eye and adnexa (H7_)	sex_shared	0.0231489913173888	0.00392218815534627	0.0893	0.0411	166	0.0192268031620425	0.0482	0.0350448299375738	0.03	0.03	registry
H7_VISUALPATHNAS	Disorder of visual pathways, unspecified	VII Diseases of the eye and adnexa (H7_)	sex_shared	0.00323475491415852	0.00161611549030816	0.138	-0.0298	61	0.00161863942385036	0.1678	0.0122900863328196	0.01	0.01	registry
H7_VISUDISTURB	Visual disturbances	VII Diseases of the eye and adnexa (H7_)	sex_shared	0.0211910133894215	0.000711071491773532	0.1425	0.1385	24510	0.020479941897648	0.00399999999999998	4.92145945066794	2.32	2.32	registry
H7_VISUDISTURBSUB	Subjective visual disturbances	VII Diseases of the eye and adnexa (H7_)	sex_shared	0.029789644785975	0.00171019354856968	0.1098	0.1299	11644	0.0280794512374053	-0.0201	2.40004781957181	0.92	0.92	registry
H7_VITRBODYGLOBE	Disorders of vitreous body	VII Diseases of the eye and adnexa (H7_)	sex_shared	-0.0150339732644741	-0.0212843472801825	0.1137	0.0575	23565	0.0062503740157084	0.0562	4.71866239487385	1.92	1.92	registry
H7_VITRCRYSTAL	Crystalline deposits in vitreous body	VII Diseases of the eye and adnexa (H7_)	sex_shared	-0.00319643332066301	0.00329454762465432	0.0488	0.0404	308	-0.00649098094531733	0.0084	0.0646864492389891	0.03	0.03	registry
H7_VITROPACIT	Other vitreous opacities	VII Diseases of the eye and adnexa (H7_)	sex_shared	-0.00370609375881212	-0.0255567100703278	0.261	0.1228	1474	0.0218506163115157	0.1382	0.30881462532657	0.13	0.13	registry
H7_VITROTH	Other and unspecified disorders of vitreous body	VII Diseases of the eye and adnexa (H7_)	sex_shared	-0.015822487154123	-0.0177442942692734	0.0898	0.0718	18978	0.0019218071151504	0.018	3.83538831841524	1.55	1.55	registry
H7_VITRPROLAPSE	Vitreous prolapse	VII Diseases of the eye and adnexa (H7_)	sex_shared	-0.0266534596796254	0.00804346706856524	0.044	0.0979	91	-0.0346969267481906	-0.0539	0.0191206195921215	0.01	0.01	registry
H7_XANTHELASMA	Xanthelasma of eyelid	VII Diseases of the eye and adnexa (H7_)	sex_shared	0.00214151172975625	0.0118949704969703			308	-0.00975345876721405		0.0683636234496107	0.04	0.04	registry
H8_ABNAUDPER	Other abnormal auditory perceptions	VIII Diseases of the ear and mastoid process (H8_)	sex_shared	-0.0025063837471269	0.002700987059788			406	-0.0052073708069149		0.0938645853081117	0.04	0.04	registry
H8_ACOUSNERVDIS	Disorders of acoustic nerve	VIII Diseases of the ear and mastoid process (H8_)	sex_shared	-0.0179264059927856	-0.00428477860502444	0.02	0.1181	990	-0.0136416273877612	-0.0981	0.22857301176112		0.129416723584954	case-count proxy
H8_BPV	Benign paroxysmal vertigo	VIII Diseases of the ear and mastoid process (H8_)	sex_shared	0.0176630636531165	-0.00817936248382682	0.1908	0.0626	13129	0.0258424261369433	0.1282	2.70064013954713	1.3	1.3	registry
H8_CERUMEN	Impacted cerumen	VIII Diseases of the ear and mastoid process (H8_)	sex_shared	0.0120736466791268	-0.00875746996855907	0.0372	-0.0655	3996	0.0208311166476859	0.1027	0.818855814982848	0.4	0.4	registry
H8_CHOLEASTOMA	Cholesteatoma of middle ear	VIII Diseases of the ear and mastoid process (H8_)	sex_shared	0.0140206947851151	0.000586991512397002	0.2146	0.0074	1944	0.0134337032727181	0.2072	0.417005412060981	0.25	0.25	registry
H8_CHRON_SUPOTITIS	Chronic suppurative otitis media	VIII Diseases of the ear and mastoid process (H8_)	sex_shared	0.00420676137483591	0.0166607317581878	0.1666	0.1464	2767	-0.0124539703833519	0.0202	0.592500278370207	0.51	0.51	registry
H8_DEGVASCEAR	Degenerative and vascular disorders of ear	VIII Diseases of the ear and mastoid process (H8_)	sex_shared	0.0033079562858219	0.0207696736788945	0.0059	0.11	50	-0.0174617173930726	-0.1041	0.0115692000129575		0.00788509055079052	case-count proxy
H8_DISCON	Discontinuity and dislocation of ear ossicles	VIII Diseases of the ear and mastoid process (H8_)	sex_shared	0.0185277016529589	0.010555127704282	-0.187	0.0467	190	0.0079725739486769	-0.2337	0.0409106275044302	0.02	0.02	registry
H8_EARNAS	Other specified/unspecified disorders of ear	VIII Diseases of the ear and mastoid process (H8_)	sex_shared	-0.00247315817398059	0.0165127054576585	-0.1258	0.086	106	-0.0189858636316391	-0.2118	0.0245235263905534	0.01	0.01	registry
H8_EUSTNAS	Other disorders of Eustachian tube	VIII Diseases of the ear and mastoid process (H8_)	sex_shared	-0.0166338577937771	0.00617106759802113	-0.0826	-0.0691	1095	-0.0228049253917982	-0.0135	0.235315860503898	0.09	0.09	registry
H8_EUSTSALP	Eustachian salpingitis and obstruction	VIII Diseases of the ear and mastoid process (H8_)	sex_shared	0.0210900404418606	0.0027220233398534	0.0616	-0.0233	3432	0.0183680171020072	0.0849	0.733852361392352	0.45	0.45	registry
H8_EXCESSIVE_EARWAX	Excessive earwax	VIII Diseases of the ear and mastoid process (H8_)	sex_shared	0.00396772365911966	-0.0204932224284319	-0.0193	-0.0925	27448	0.0244609460875516	0.0732	5.48755862819031		2.55003549749199	case-count proxy
H8_EXTDISINOTH	Disorder of external ear, unspecified	VIII Diseases of the ear and mastoid process (H8_)	sex_shared	0.00182955242639678	0.0115608138152293	0.0566	0.137	1233	-0.00973126138883252	-0.0804	0.254103681721228	0.1	0.1	registry
H8_EXTDISNAS	Other specified disorders of external ear	VIII Diseases of the ear and mastoid process (H8_)	sex_shared	0.00382887052603958	0.0073682152936525	0.1106	-0.022	1341	-0.00353934476761292	0.1326	0.27629944183804	0.14	0.14	registry
H8_EXTERNAL	Diseases of external ear	VIII Diseases of the ear and mastoid process (H8_)	sex_shared	0.0323527925891155	0.00755391654143377	0.1631	0.0567	16184	0.0247988760476817	0.1064	3.23559635815477	1.72	1.72	registry
H8_EXTOTITIS	Otitis externa	VIII Diseases of the ear and mastoid process (H8_)	sex_shared	0.0358372115074643	0.00522734897919049	0.1924	0.0758	10117	0.0306098625282738	0.1166	2.04748248903604	1.12	1.12	registry
H8_EXT_ABSC	Abscess of external ear	VIII Diseases of the ear and mastoid process (H8_)	sex_shared	0.0289189316205768	-0.000517563132941662	0.5254	0.1708	514	0.0294364947535185	0.3546	0.106085247958788	0.07	0.07	registry
H8_EXT_CELLUL	Cellulitis of external ear	VIII Diseases of the ear and mastoid process (H8_)	sex_shared	-0.00203331409485147	0.0253194125405655	0.0349	0.1684	438	-0.027352726635417	-0.1335	0.0904136735199405	0.05	0.05	registry
H8_EXT_CHOL	Cholesteatoma of external ear	VIII Diseases of the ear and mastoid process (H8_)	sex_shared	-0.0126807027721968	0.00887153092048274	-0.2722	-0.4599	260	-0.0215522336926795	0.1877	0.053689944699357	0.03	0.03	registry
H8_EXT_INFNAS	Other infective otitis externa	VIII Diseases of the ear and mastoid process (H8_)	sex_shared	0.0378383929810759	-0.00551689344817133	0.1986	-4e-04	2341	0.0433552864292472	0.199	0.481347526334295	0.23	0.23	registry
H8_EXT_MALIGN	Malignant otitis externa	VIII Diseases of the ear and mastoid process (H8_)	sex_shared	0.00434336183683605	-0.00497806829020204	0.0585	0.1333	63	0.00932143012703809	-0.0748	0.0130147810727898	0.01	0.01	registry
H8_EXT_NAS	Otitis externa, unspecified	VIII Diseases of the ear and mastoid process (H8_)	sex_shared	0.0316344886904925	0.00954674735926497	0.1401	0.1534	4712	0.0220877413312275	-0.0133	0.964163089250564	0.54	0.54	registry
H8_EXT_NONINF	Acute otitis externa, noninfective	VIII Diseases of the ear and mastoid process (H8_)	sex_shared	0.0148515492836818	-0.00112103829435773	-0.1108	0.0944	613	0.0159725875780395	-0.2052	0.12649216388267	0.07	0.07	registry
H8_EXT_OTH	Other otitis externa (chronic)	VIII Diseases of the ear and mastoid process (H8_)	sex_shared	0.0156918999691808	0.01015364393904	0.1906	0.0836	2566	0.0055382560301408	0.107	0.527367192252676	0.25	0.25	registry
H8_HL_CON_NAS	Conductive hearing loss, unspecified	VIII Diseases of the ear and mastoid process (H8_)	sex_shared	-0.00456604917659461	0.00793468991740456	0.0582	0.1925	3392	-0.0125007390939992	-0.1343	0.778831935783103	0.41	0.41	registry
H8_HL_DEAFMUT	Deaf mutism, not elsewhere classified	VIII Diseases of the ear and mastoid process (H8_)	sex_shared	0.00384680131203954	-0.00166729606553051			184	0.00551409737757005		0.042561459673017	0.03	0.03	registry
H8_HL_IDIOP	Sudden idiopathic hearing loss	VIII Diseases of the ear and mastoid process (H8_)	sex_shared	0.00463969360084862	0.00891798164826732	0.3357	0.2223	4082	-0.0042782880474187	0.1134	0.935779227626807	0.34	0.34	registry
H8_HL_MIX_NAS	Mixed conductive and sensorineural hearing loss	VIII Diseases of the ear and mastoid process (H8_)	sex_shared	-0.00470338521034502	-0.00108578953632195	0.2462	0.0596	5044	-0.00361759567402307	0.1866	1.15376873387377	0.52	0.52	registry
H8_HL_NAS	Other specified/unspecified hearing loss	VIII Diseases of the ear and mastoid process (H8_)	sex_shared	-0.00891963329857841	-0.00591742208397288			3500	-0.00300221121460553		0.803430418334741	0.44	0.44	registry
H8_HL_OTOTOX	Ototoxic hearing loss	VIII Diseases of the ear and mastoid process (H8_)	sex_shared	-0.0122040608135788	-0.0105642569917921	-0.107	-0.0798	66	-0.0016398038217867	-0.0272	0.015270778670887	0.01	0.01	registry
H8_HL_PRESBY	Presbycusis	VIII Diseases of the ear and mastoid process (H8_)	sex_shared	0.00876153550437936	0.0010680725269583	0.085	0.0848	6361	0.00769346297742106	0.000200000000000006	1.45065029544371	0.94	0.94	registry
H8_HL_SEN_NAS	Sensorineural hearing loss	VIII Diseases of the ear and mastoid process (H8_)	sex_shared	-0.00504668695923072	0.0178299943029372	0.0548	0.0726	48388	-0.0228766812621679	-0.0178	10.0699242487305	4.75	4.75	registry
H8_INNERNAS	Other specified/unspecified diseases of inner ear	VIII Diseases of the ear and mastoid process (H8_)	sex_shared	-0.0257523184516561	0.0133639701868306	-0.1019	0.1068	178	-0.0391162886384867	-0.2087	0.0376167863852593	0.02	0.02	registry
H8_LABYRFISTU	Labyrinthine fistula	VIII Diseases of the ear and mastoid process (H8_)	sex_shared	-0.00878404542380294	0.00767452999009133	-0.0671	0.1686	104	-0.0164585754138943	-0.2357	0.0219817847095551	0.01	0.01	registry
H8_LABYRINTHITIS	Labyrinthitis	VIII Diseases of the ear and mastoid process (H8_)	sex_shared	0.0110871823779463	0.00964048941532187			115	0.00144669296262443		0.0243062160505569	0.02	0.02	registry
H8_MASTACU	Acute mastoiditis	VIII Diseases of the ear and mastoid process (H8_)	sex_shared	0.00993279191124588	-0.00257061689705723			328	0.0125034088083031		0.0706036830152939	0.05	0.05	registry
H8_MASTCHRON	Chronic mastoiditis	VIII Diseases of the ear and mastoid process (H8_)	sex_shared	0.000940508472201945	0.00245670990163418	0.1725	0.0283	944	-0.00151620142943224	0.1442	0.202931762045311	0.12	0.12	registry
H8_MASTNAS	Other/unspecified mastoiditis and related conditions	VIII Diseases of the ear and mastoid process (H8_)	sex_shared	0.0175503938461774	-0.0346690894067191			176	0.0522194832528965		0.0378973026164212	0.02	0.02	registry
H8_MED_SUPP	Suppurative and unspecified otitis media	VIII Diseases of the ear and mastoid process (H8_)	sex_shared	0.0132837918383055	0.0230802934718348	0.1972	0.1461	20877	-0.0097965016335293	0.0511	4.30352453237796	6.33	6.33	registry
H8_MENIERE	Ménière disease	VIII Diseases of the ear and mastoid process (H8_)	sex_shared	0.0209397256782212	0.0107105699251102	0.1003	0.148	3779	0.010229155753111	-0.0477	0.79258547716624	0.41	0.41	registry
H8_MIDDLEADDH	Adhesive middle ear disease	VIII Diseases of the ear and mastoid process (H8_)	sex_shared	0.039107782817622	0.0211048570155413	0.3769	0.1951	605	0.0180029258020807	0.1818	0.130151750487262	0.1	0.1	registry
H8_MIDDLEMASTOID	Diseases of middle ear and mastoid	VIII Diseases of the ear and mastoid process (H8_)	sex_shared	0.0111151060839293	0.019559167999362	0.1221	0.0945	35949	-0.0084440619154327	0.0276	7.1871263889833	9.31	9.31	registry
H8_MIDDMASTNAS	Other specified/unspecified disorders of middle ear and mastoid	VIII Diseases of the ear and mastoid process (H8_)	sex_shared	-0.00913448411059843	-0.00332401492923167	-0.1049	-0.1262	88	-0.00581046918136676	0.0213	0.0189522425025575	0.01	0.01	registry
H8_MYRINGACU	Acute myringitis	VIII Diseases of the ear and mastoid process (H8_)	sex_shared	-0.0221614915813502	0.0296037492915552			259	-0.0517652408729054		0.0557593606834074	0.05	0.05	registry
H8_MYRINGCHRON	Chronic myringitis	VIII Diseases of the ear and mastoid process (H8_)	sex_shared	0.0105590291703704	-0.0268849255446898	0.1796	-0.0513	169	0.0374439547150602	0.2309	0.0363905720425662	0.02	0.02	registry
H8_MYRINGNAS	Other specified/unspecified disorders of tympanic membrane	VIII Diseases of the ear and mastoid process (H8_)	sex_shared	-0.00331914511969217	-2.81221474386862e-05	-0.0149	0.0712	128	-0.00329102297225348	-0.0861	0.0275645235967396	0.02	0.02	registry
H8_NOISEINNER	Noise effects on inner ear	VIII Diseases of the ear and mastoid process (H8_)	sex_shared	-0.000358182948684202	0.00611356471566437			1560	-0.00647174766434857		0.328715166201338	0.33	0.33	registry
H8_NONSUPPNAS	Nonsuppurative otitis media	VIII Diseases of the ear and mastoid process (H8_)	sex_shared	-0.00405266942220536	0.00872233522342916	0.0802	0.0972	12397	-0.0127750046456345	-0.017	2.60094747751944	3.53	3.53	registry
H8_OSSICABN	Abnormalities of ear ossicles	VIII Diseases of the ear and mastoid process (H8_)	sex_shared	-0.0177684951043535	0.0101721602333723			68	-0.0279406553377258		0.0146455454927257	0.01	0.01	registry
H8_OTALGIA	Otalgia	VIII Diseases of the ear and mastoid process (H8_)	sex_shared	0.0287626750935245	-0.00346885583604691	0.4045	0.1505	3199	0.0322315309295714	0.254	0.734843142344561	0.47	0.47	registry
H8_OTHEREAR	Other disorders of ear	VIII Diseases of the ear and mastoid process (H8_)	sex_shared	-0.0015412740301675	0.0252260738597279	0.0735	0.1004	68054	-0.0267673478898954	-0.0269	13.6057386652165	7.11	7.11	registry
H8_OTHHEARINGLOSS	Other hearing loss	VIII Diseases of the ear and mastoid process (H8_)	sex_shared	0.0153285978045792	0.00511011402882416	0.1597	0.1431	13476	0.010218483775755	0.0166	3.02418268971832	1.65	1.65	registry
H8_OTIMEDNAS	Otitis media, unspecified	VIII Diseases of the ear and mastoid process (H8_)	sex_shared	0.0205251936514251	-0.00199227359163691	0.3161	0.0385	5359	0.022517467243062	0.2776	1.14119370693106	2.12	2.12	registry
H8_OTORRHAGIA	Otorrhagia	VIII Diseases of the ear and mastoid process (H8_)	sex_shared	-0.0199825495564186	0.00591449893786452			247	-0.0258970484942831		0.0571258086077261	0.03	0.03	registry
H8_OTORRHOEA	Otorrhoea	VIII Diseases of the ear and mastoid process (H8_)	sex_shared	-0.00157916004979452	0.00786300608504971	0.0395	0.2964	97	-0.00944216613484423	-0.2569	0.0224418074678006	0.02	0.02	registry
H8_OTOSCLE	Otosclerosis	VIII Diseases of the ear and mastoid process (H8_)	sex_shared	-0.0224309047594573	-0.00127256183990593	-0.147	0.0247	2946	-0.0211583429195514	-0.1717	0.618958275993201	0.33	0.33	registry
H8_PERCHRONDR	Perichondritis of external ear	VIII Diseases of the ear and mastoid process (H8_)	sex_shared	-0.00330008091279233	-0.0033944303002939	0.3659	0.1475	636	9.434938750157e-05	0.2184	0.131231971079445	0.07	0.07	registry
H8_PERFORATION	Perforation of tympanic membrane	VIII Diseases of the ear and mastoid process (H8_)	sex_shared	0.00265875292190151	0.00516993729711232	0.0589	0.1761	4077	-0.00251118437521081	-0.1172	0.87056974593969	0.55	0.55	registry
H8_PERIPHVERTIGO	Other peripheral vertigo	VIII Diseases of the ear and mastoid process (H8_)	sex_shared	0.00974741101262333	-0.0117901774709047	0.0359	0.1505	3639	0.021537588483528	-0.1146	0.763446860825672	0.34	0.34	registry
H8_PINNADIS	Noninfective disorders of pinna	VIII Diseases of the ear and mastoid process (H8_)	sex_shared	0.0370262950977425	-0.0144612332338001	-0.0856	-0.1667	78	0.0514875283315426	0.0811	0.0161130391670798	0.01	0.01	registry
H8_POLYPMIDD	Polyp of middle ear	VIII Diseases of the ear and mastoid process (H8_)	sex_shared	0.0205233616995737	-0.0043629696700689	0.0836	0.0181	53	0.0248863313696426	0.0655	0.0114152792435762	0.01	0.01	registry
H8_POSTMASTCHOLEASTOMA	Recurrent cholesteatoma of postmastoidectomy cavity	VIII Diseases of the ear and mastoid process (H8_)	sex_shared	0.023744701425946	0.0272903176185015			105	-0.0035456161925555		0.0242922285690489	0.01	0.01	registry
H8_POSTMASTNAS	Other disorders following mastoidectomy	VIII Diseases of the ear and mastoid process (H8_)	sex_shared	0.00411095128156789	-0.00462756355242218	-0.0111	0.024	128	0.00873851483399007	-0.0351	0.0296118077083237	0.02	0.02	registry
H8_POSTOP	Postprocedural disorders of ear and mastoid process, not elsewhere classified	VIII Diseases of the ear and mastoid process (H8_)	sex_shared	0.0342371187052374	0.0172926756735695	0.0268	0.103	275	0.0169444430316679	-0.0762	0.0635974903273999	0.04	0.04	registry
H8_POSTOPNAS	Other/unspecified postprocedural disorders of ear and mastoid process	VIII Diseases of the ear and mastoid process (H8_)	sex_shared	0.0157006775910366	-0.00239027638573882	-0.088	-0.1254	93	0.0180909539767754	0.0374	0.021516571230262	0.01	0.01	registry
H8_STENOEXTCAN	Acquired stenosis of external ear canal	VIII Diseases of the ear and mastoid process (H8_)	sex_shared	0.00312008967946304	0.00735673390784312			349	-0.00423664422838008		0.0720551831213314	0.03	0.03	registry
H8_SUP_ACUTE	Acute suppurative otitis media	VIII Diseases of the ear and mastoid process (H8_)	sex_shared	0.0191810485397438	0.0200901408618038	0.1855	0.2078	14387	-0.00090909232206	-0.0223	3.00590860466671	4.44	4.44	registry
H8_SUP_OTINAS	Suppurative otitis media, unspecified	VIII Diseases of the ear and mastoid process (H8_)	sex_shared	0.0220341827128133	0.00325459874648451			1006	0.0187795839663288		0.216231087840118	0.2	0.2	registry
H8_TINNITUS	Tinnitus	VIII Diseases of the ear and mastoid process (H8_)	sex_shared	-0.0199621952498014	0.00490075674916527	-0.1355	0.0032	10582	-0.0248629519989667	-0.1387	2.3902564635408	0.86	0.86	registry
H8_TYMPSCLE	Tympanosclerosis	VIII Diseases of the ear and mastoid process (H8_)	sex_shared	-0.0155281483805216	-0.00951690812677254			68	-0.00601124025374906		0.0146455454927257	0.01	0.01	registry
H8_VERTIGO	Disorders of vestibular function (Vertigo)	VIII Diseases of the ear and mastoid process (H8_)	sex_shared	0.0137881422193964	-0.00740169856202988	0.1585	0.1049	22736	0.0211898407814263	0.0536	4.58617330070943	2.31	2.31	registry
H8_VERTIGOCENT	Vertigo of central origin	VIII Diseases of the ear and mastoid process (H8_)	sex_shared	0.00995439077265448	-0.00136569356566565			573	0.0113200843383201		0.120991241332128	0.07	0.07	registry
H8_VESTIBNEUR	Vestibular neuronitis	VIII Diseases of the ear and mastoid process (H8_)	sex_shared	-0.000955098439998078	0.000513293977291628	0.0952	0.1566	3542	-0.00146839241728971	-0.0614	0.743247922074379	0.34	0.34	registry
H8_VESTIFUNCNAS	Other/unspecified disorders of vestibular function	VIII Diseases of the ear and mastoid process (H8_)	sex_shared	-0.000139748604710809	-0.0042164510823883	-0.2508	0.0922	1485	0.00407670247767749	-0.343	0.312961011591149	0.16	0.16	registry
HAEMOPHIL_SEPTICHE	Haemophilus septicemia	Asthma and related endpoints	sex_shared	-0.0170336805679396	-0.00155360240795584	0.117	-0.052	70	-0.0154800781599838	0.169	0.0140297992936998	0.01	0.01	registry
HEIGHT_IRN	Height, inverse-rank normalized	Quantitative endpoints	sex_shared	0.000956639578518803	-0.0443720897266269	0.0324	-0.0675	364515	0.0453287293051457	0.0999	100		38.7981394854328	case-count proxy
HERING_BILATERAL	Inguinal hernia, bilateral	XI Diseases of the digestive system (K11_)	sex_shared	0.0149960296864459	-0.0104161157603712	-0.0144	-0.05	4339	0.0254121454468171	0.0356	1.01450800219783	0.73	0.73	registry
HERING_UNILATERAL	Inguinal hernia, unilateral	XI Diseases of the digestive system (K11_)	sex_shared	-0.00455827267031849	0.0156623795566824	0.2277	0.1159	1020	-0.0202206522270009	0.1118	0.240352894602899	0.13	0.13	registry
HYPOTE_DRUGS	Hypotension due to drugs	IX Diseases of the circulatory system (I9_)	sex_shared	0.00532011793795368	0.00217979483678427	0.126	0.0102	512	0.00314032310116941	0.1158	0.102361921365252	0.06	0.06	registry
HYPOTHY_REIMB	Hypothyroidism, drug reimbursement	IV Endocrine, nutritional and metabolic diseases (E4_)	sex_shared	0.0111257405602283	-0.00171952035581986	0.0589	0.0971	16368	0.0128452609160482	-0.0382	13.7226791418295	2.61	2.61	registry
I9_ABAORTANEUR	Abdominal aortic aneurysm (AAA)	IX Diseases of the circulatory system (I9_)	sex_shared	0.0115966296309993	-0.0136607284648643	0.1097	0.0274	4634	0.0252573580958636	0.0823	0.996293461528539	0.68	0.68	registry
I9_AF	Atrial fibrillation and flutter	IX Diseases of the circulatory system (I9_)	sex_shared	0.0268902373105071	-0.00319942463268286	0.0896	0.0623	67783	0.03008966194319	0.0273	21.9325550392814	8.44	8.44	registry
I9_AF_REIMB	Atrial fibrillation and flutter with reimbursement	IX Diseases of the circulatory system (I9_)	sex_shared	0.029783563188535	-0.00357387738239467	0.082	0.0449	43880	0.0333574405709297	0.0371	15.3884460404911	3.81	3.81	registry
I9_ANEURYSM	Cerebral aneurysm, nonruptured	IX Diseases of the circulatory system (I9_)	sex_shared	0.0043372749866684	-0.00220625001042038	0.1003	-6e-04	3520	0.00654352499708878	0.1009	0.775711417722802	0.25	0.25	registry
I9_ANGINA	Angina pectoris	IX Diseases of the circulatory system (I9_)	sex_shared	0.0292766196318662	0.00967918776811845	0.2395	0.1487	46079	0.0195974318637478	0.0908	10.4222363962888	6.11	6.11	registry
I9_ANGIO	Percutaneous Coronary Intervention	IX Diseases of the circulatory system (I9_)	sex_shared	0.0304505889475298	0.00851328386943467	0.185	0.1347	72139	0.0219373050780951	0.0503	15.4083241132722	1.97	1.97	registry
I9_AORTANEUR	Aortic aneurysm	IX Diseases of the circulatory system (I9_)	sex_shared	0.0179731451133854	-0.0262897741974968	0.0748	0.0786	10694	0.0442629193108822	-0.0038	2.26960168426772	1.19	1.19	registry
I9_AORTDIS	Dissection of aorta	IX Diseases of the circulatory system (I9_)	sex_shared	-0.0124661124508268	-0.0273557166337291	-0.1426	0.0959	1219	0.0148896041829023	-0.2385	0.264019111604929	0.16	0.16	registry
I9_ARTEMBTHR	Arterial embolism and thrombosis	IX Diseases of the circulatory system (I9_)	sex_shared	0.0174063999147074	0.00376649727587259	0.1813	0.1219	2410	0.0136399026388348	0.0594	0.520630805789588		0.280074746504046	case-count proxy
I9_ARTEMBTHRLOW	Arterial embolism and thrombosis of lower extremity artery	IX Diseases of the circulatory system (I9_)	sex_shared	0.0289236059623378	0.00599504087826171	0.1451	0.1581	1400	0.0229285650840761	-0.013	0.303102470285133	0.22	0.22	registry
I9_ARTEMBTHRNAS	Other arterial embolism and thrombosis	IX Diseases of the circulatory system (I9_)	sex_shared	-0.00543970078113109	-0.0217722666280004	0.002	6e-04	1099	0.0163325658468693	0.0014	0.238090595746432	0.18	0.18	registry
I9_ARTOTH	Other diseases of arteries and capillaries	IX Diseases of the circulatory system (I9_)	sex_shared	0.016536404152249	-0.00204858887050892	0.0114	0.0971	3709	0.0185849930227579	-0.0857	0.799010769088257	0.4	0.4	registry
I9_ATHSCLE	Atherosclerosis, excluding cerebral and coronary sclerosis	IX Diseases of the circulatory system (I9_)	sex_shared	0.0491045220757543	0.0175437547419702	0.1917	0.1004	21001	0.0315607673337841	0.0913	4.36165992718452	2.79	2.79	registry
I9_AVBLOCK	AV-block	IX Diseases of the circulatory system (I9_)	sex_shared	-0.00828529420440576	-0.00834436295098409	-0.0282	-0.0191	8716	5.90687465783293e-05	-0.0091	2.31533257005634	0.84	0.84	registry
I9_CABG	Coronary artery bypass grafting	IX Diseases of the circulatory system (I9_)	sex_shared	0.0342387581545616	0.000949447764392716	0.1382	0.0732	13883	0.0332893103901689	0.065	3.3867088206164	1.58	1.58	registry
I9_CARDARR	Cardiac arrest	IX Diseases of the circulatory system (I9_)	sex_shared	0.0127161323400958	0.0115901223381741	0.0759	0.2024	3219	0.0011260100019217	-0.1265	1.31662903700795	0.55	0.55	registry
I9_CARDMSEC	Cardiomyopathies, Secondary/extrinsic	IX Diseases of the circulatory system (I9_)	sex_shared	-0.00764620757594795	-0.016829400807885	0.1001	0.0516	249	0.00918319323193705	0.0485	0.0676667210174466	0.1	0.1	registry
I9_CARDMYO	Cardiomyopathy	IX Diseases of the circulatory system (I9_)	sex_shared	-0.0254826559249839	-0.0154228758689287	0.0038	0.062	8015	-0.0100597800560552	-0.0582	2.13308990647938	1.02	1.02	registry
I9_CARDMYOALC	Alcoholic cardiomyopathy	IX Diseases of the circulatory system (I9_)	sex_shared	-0.00115873569810492	-0.0147995655804519			189	0.013640829882347		0.0383865464294419	0.12	0.12	registry
I9_CARDMYOHYP	Cardiomyopathy, Hypertrophic obstructive	IX Diseases of the circulatory system (I9_)	sex_shared	-0.00334757125654631	-0.0264466380986173	-0.1051	-0.0786	680	0.023099066842071	-0.0265	0.184576464872113	0.07	0.07	registry
I9_CARDMYOINOTH	Cardiomyopathy in other diseases	IX Diseases of the circulatory system (I9_)	sex_shared	-0.0177374057114097	0.0174688060516565			197	-0.0352062117630662		0.0535430845165358	0.02	0.02	registry
I9_CARDMYOOTH	Cardiomyopathy, other and unspecified	IX Diseases of the circulatory system (I9_)	sex_shared	-0.0144844684065012	0.00129730143663092	-0.1019	0.1415	3245	-0.0157817698431321	-0.2434	0.874719658414561	0.35	0.35	registry
I9_CARDMYORESTR	Restrictive cardiomyopathy	IX Diseases of the circulatory system (I9_)	sex_shared	-0.0103281472343095	-0.0189214137374929	0.0204	-0.333	120	0.0085932665031834	0.3534	0.024375826492867	0.01	0.01	registry
I9_CAVS_OPERATED	Calcific aortic valvular stenosis, operated	IX Diseases of the circulatory system (I9_)	sex_shared	0.027485283510012	-0.00389952356166228	0.0853	0.0772	13490	0.0313848070716743	0.0081	2.69699671722119	1.38	1.38	registry
I9_CEREBAMY	Cerebral amyloid angiopathy	IX Diseases of the circulatory system (I9_)	sex_shared	-0.00370037813544536	-0.00260616219543176	-0.0378	-0.0176	153	-0.0010942159400136	-0.0202	0.0339690504207278	0.01	0.01	registry
I9_CEREBATHER	Cerebral atherosclerosis	IX Diseases of the circulatory system (I9_)	sex_shared	0.0123291389696647	-0.00189670236843885	0.1955	-0.0541	494	0.0142258413381036	0.2496	0.098763260067255	0.19	0.19	registry
I9_CEREBDOTH	Other specified cerebrovascular diseases, other cerebrovascular disorders in diseases classified elsewhere	IX Diseases of the circulatory system (I9_)	sex_shared	0.0237879234186733	0.00553092333006699	0.2451	0.0652	2834	0.0182570000886063	0.1799	0.625481415433103	0.49	0.49	registry
I9_CEREBRART	Cerebral arteritis	IX Diseases of the circulatory system (I9_)	sex_shared	0.0102514438158121	-0.000806093412680583	0.1132	0.0455	94	0.0110575372284927	0.0677	0.0208726082544504	0.01	0.01	registry
I9_CHD	Major coronary heart disease event	IX Diseases of the circulatory system (I9_)	sex_shared	0.0216225499793334	0.00630659219858163	0.1435	0.1164	90714	0.0153159577807518	0.0271	18.1360533881396	10.76	10.76	registry
I9_CHRONIC_CONSTRICTIVE_PERICARDITIS	Chronic constrictive pericarditis	IX Diseases of the circulatory system (I9_)	sex_shared	0.0160422525358655	0.0207086316774169			92	-0.0046663791415514		0.0183931577453187		0.0121799132676181	case-count proxy
I9_CONDUCTIO	Conduction disorders	IX Diseases of the circulatory system (I9_)	sex_shared	-0.00310798748413595	0.00270094933185828	0.009	0.0574	15325	-0.00580893681599423	-0.0484	4.00072052128148	1.45	1.45	registry
I9_CORATHER	Coronary atherosclerosis	IX Diseases of the circulatory system (I9_)	sex_shared	0.0202754621227838	0.0175058086364643	0.1757	0.117	67091	0.0027696534863195	0.0587	14.4863041797838	9.32	9.32	registry
I9_CVD_HARD	Hard cardiovascular diseases	Cardiometabolic endpoints	sex_shared	0.0379016971585971	0.0074196967852253	0.15	0.111	112746	0.0304820003733718	0.039	22.5408148168881	14.91	14.91	registry
I9_DILATED_CARDIOMYOPATHY	Dilated cardiomyopathy	IX Diseases of the circulatory system (I9_)	sex_shared	-0.025742543137372	-0.000389208977142764	-0.0417	0.0322	4757	-0.0253533341602292	-0.0739	0.951046210809579		0.492811723867426	case-count proxy
I9_DISCER	Dissection of cerebral arteries, nonruptured	IX Diseases of the circulatory system (I9_)	sex_shared	-0.0152186109035168	0.000319695716318207	-0.507	-0.0576	274	-0.015538306619835	-0.4494	0.0608171246817644	0.02	0.02	registry
I9_DISVEINLYMPH	Diseases of veins, lymphatic vessels and lymph nodes, not elsewhere classified	IX Diseases of the circulatory system (I9_)	sex_shared	0.0274192513421732	0.000783239038465973	0.112	0.1066	70743	0.0266360123037072	0.0054	14.1433386780118	9.45	9.45	registry
I9_EMBTHROAOR	Embolism and thrombosis of abdominal aorta	IX Diseases of the circulatory system (I9_)	sex_shared	-0.0201885089179119	0.00680360652968094			67	-0.0269921154475928		0.014547602142623		0.00977486819559556	case-count proxy
I9_ENDOCARD	Endocarditis	IX Diseases of the circulatory system (I9_)	sex_shared	-0.00679356133800617	-0.0187095996756093	-0.1271	-0.2166	1375	0.0119160383376031	0.0895	0.372521714629402	0.17	0.17	registry
I9_E_DRONE	Dronedarone medication	IX Diseases of the circulatory system (I9_)	sex_shared	0.00650616998237492	0.00883194524680494	0.1941	0.0709	1043	-0.00232577526443002	0.1232	0.28282904977032	0.06	0.06	registry
I9_HEARTFAIL	Heart failure, strict	IX Diseases of the circulatory system (I9_)	sex_shared	0.021348214045317	-0.0106826731185806	0.1614	0.1248	41591	0.0320308871638976	0.0366	8.31510678027774	6.87	6.87	registry
I9_HEARTFAIL_AND_CHD	Heart failure and coronary heart disease	Cardiometabolic endpoints	sex_shared	0.00456507844598515	-0.00350518458399088	0.1166	0.0972	26459	0.00807026302997603	0.0194	6.06953852788629	3.22	3.22	registry
I9_HEARTFAIL_AND_HYPERTCARDIOM	Heart failure and hypertrophic cardiomyopathy	Cardiometabolic endpoints	sex_shared	-0.0129541481090882	-0.0103213662391357	0.064	-0.0368	622	-0.0026327818699525	0.1008	0.124577398215058	0.06	0.06	registry
I9_HEARTFAIL_AND_OVERWEIGHT	Heart failure and bmi 25plus	Cardiometabolic endpoints	sex_shared	0.0196079963455772	-0.0074309297305115	0.1367	0.1343	25129	0.0270389260760887	0.00239999999999999	10.9512686196407		4.87505080558189	case-count proxy
I9_HYPERTENC	Hypertensive encephalopathy	IX Diseases of the circulatory system (I9_)	sex_shared	-0.00431283541055515	-0.0067594318970548	0.098	0.0499	139	0.00244659648649965	0.0481	0.0308617305659908	0.01	0.01	registry
I9_HYPERTROCARDMYOP	Hypertrophic cardiomyopathy	IX Diseases of the circulatory system (I9_)	sex_shared	0.00059240047126221	-0.0208229950779822	-0.0158	-0.0098	1520	0.0214153955492444	-0.006	0.303886954053092	0.14	0.14	registry
I9_HYPOTE	Hypotension	IX Diseases of the circulatory system (I9_)	sex_shared	-0.000510752758804247	-0.00112799467553159	0.1745	0.2632	7436	0.000617241916727343	-0.0887	1.49060752881086	0.85	0.85	registry
I9_HYPTENS	Hypertension	IX Diseases of the circulatory system (I9_)	sex_shared	0.00543942379835605	0.00457501732943201	0.1023	0.0399	162639	0.00086440646892404	0.0624	32.5211006532654	20.02	20.02	registry
I9_HYPTENSEC	Secondary hypertension	IX Diseases of the circulatory system (I9_)	sex_shared	0.0313124651683298	-0.00830343321726041	0.0627	0.0239	3542	0.0396158983855902	0.0388	1.44683041203214	0.32	0.32	registry
I9_HYPTENSESS	Hypertension, essential	IX Diseases of the circulatory system (I9_)	sex_shared	0.0045483281724963	0.00782724926152725	0.1172	0.0532	141737	-0.00327892108903095	0.064	29.5777763401996	16.21	16.21	registry
I9_HYPTENSHD	Hypertensive Heart Disease	IX Diseases of the circulatory system (I9_)	sex_shared	0.0264264163214467	0.000354896620094722	0.1505	0.0735	12985	0.026071519701352	0.077	3.70524669780767	2.13	2.13	registry
I9_HYPTENSPOR	Hypertension, portal	IX Diseases of the circulatory system (I9_)	sex_shared	-0.00449909133598257	0.0186825800157837	0.3165	0.1702	112	-0.0231816713517663	0.1463	0.0226625226625227	0.01	0.01	registry
I9_HYPTENSPUL	Hypertension, Pulmonary Arterial	IX Diseases of the circulatory system (I9_)	sex_shared	-0.0184501720048401	0.00428082988604931			315	-0.0227310018908894		0.0932562415070209	0.04	0.04	registry
I9_HYPTENSRD	Hypertensive Renal Disease	IX Diseases of the circulatory system (I9_)	sex_shared	-0.00534503545037996	0.0134040206233053	-0.0487	0.0575	1492	-0.0187490560736853	-0.1062	0.440175125975053	0.2	0.2	registry
I9_ICH	Intracerebral haemorrhage	IX Diseases of the circulatory system (I9_)	sex_shared	0.0199677409871487	0.00532386481189922	0.1015	0.0633	5576	0.0146438761752495	0.0382	1.23329816575651	1.11	1.11	registry
I9_IHD	Ischaemic heart disease, wide definition	IX Diseases of the circulatory system (I9_)	sex_shared	0.0254166863977867	0.0127748199577935	0.1912	0.1339	88476	0.0126418664399932	0.0573	17.688619833422	14.59	14.59	registry
I9_INTRACRA	Nontraumatic intracranial haemmorrhage	IX Diseases of the circulatory system (I9_)	sex_shared	0.0162033375353346	-0.000654804989040259	0.1015	0.0256	9244	0.0168581425243749	0.0759	2.01174752612073	1.68	1.68	registry
I9_LBBB	Left bundle-branch block	IX Diseases of the circulatory system (I9_)	sex_shared	0.00692919475697795	0.0260501418500468	-0.0023	0.1793	3046	-0.0191209470930689	-0.1816	0.821518055327056	0.24	0.24	registry
I9_LYMPHADE	Nonspecific lymphadenitis	IX Diseases of the circulatory system (I9_)	sex_shared	0.0333795053430338	-0.00617481883893285	0.4243	0.196	2512	0.0395543241819667	0.2283	0.581542058779271	0.31	0.31	registry
I9_LYMPHOTH	Other noninfective disorders of lymphatic vessels and lymph nodes	IX Diseases of the circulatory system (I9_)	sex_shared	0.0205419647684049	-0.0109063102414226			1412	0.0314482750098275		0.32772046280071	0.14	0.14	registry
I9_MI_COMPLICATIONS	Complications following myocardial infarction	IX Diseases of the circulatory system (I9_)	sex_shared	0.00317430364029048	0.0161374243899382			321	-0.0129631207496477		0.0809861642328769	0.06	0.06	registry
I9_MI_STRICT	Myocardial infarction, strict	IX Diseases of the circulatory system (I9_)	sex_shared	0.0312542892635245	-0.000227937237955277	0.1584	0.1261	33297	0.0314822265014798	0.0323	7.75539199701868	6.92	6.92	registry
I9_MYOCARD	Myocarditis	IX Diseases of the circulatory system (I9_)	sex_shared	-0.0054748869201312	-0.0007428301964793	0.1386	0.0403	2121	-0.0047320567236519	0.0983	0.87144089732528	0.28	0.28	registry
I9_NONISCHCARDMYOP	Non-ischemic cardiomyopathy	IX Diseases of the circulatory system (I9_)	sex_shared	0.0213382006792075	-0.0112111915130811	0.1555	0.1369	15614	0.0325493921922886	0.0186	3.79247528600228	2.46	2.46	registry
I9_NONISCHCARDMYOP_STRICT	Nonischemic cardiomyopathy	IX Diseases of the circulatory system (I9_)	sex_shared	-0.0117702367361852	0.011370885376614	-0.0073	0.0903	4112	-0.0231411221127992	-0.0976	1.00073497559005	0.27	0.27	registry
I9_OTHANEUR	Other aneurysm	IX Diseases of the circulatory system (I9_)	sex_shared	0.0104760842367045	0.00670741193111529	0.0971	0.2244	2151	0.00376867230558921	-0.1273	0.46493933741281	0.21	0.21	registry
I9_OTHARR	Other arrhythmias	IX Diseases of the circulatory system (I9_)	sex_shared	0.0120020820020761	0.0044479694181931	0.0729	0.0785	41678	0.007554112583883	-0.00559999999999999	10.1800400088909	4.18	4.18	registry
I9_OTHILLHEART	Other or ill-defined heart diseases	IX Diseases of the circulatory system (I9_)	sex_shared	0.0070497094974684	0.0052354137019439			2375	0.0018142957955245		0.641708051206952	0.5	0.5	registry
I9_OTHINTRACRA	Other intracranial haemorrhages	IX Diseases of the circulatory system (I9_)	sex_shared	-0.0105033376609198	-0.0044303093161896	0.0388	-0.0979	1209	-0.0060730283447302	0.1367	0.26779425250185	0.16	0.16	registry
I9_OTHOTH	Other other unspecified disorders of the circulatory system	IX Diseases of the circulatory system (I9_)	sex_shared	0.0173750966411403	-0.00920463627118643	0.2331	-0.048	1390	0.0265797329123267	0.2811	0.282055392432393	0.12	0.12	registry
I9_OTHPER	Other peripheral vascular diseases	IX Diseases of the circulatory system (I9_)	sex_shared	0.0175620951798033	-0.0159513226871588	0.1451	0.2308	3370	0.0335134178669621	-0.0857	0.726512309748631	0.32	0.32	registry
I9_PAD	Peripheral artery disease	IX Diseases of the circulatory system (I9_)	sex_shared	0.0530942346263302	0.0169542810362291	0.2317	0.1022	22244	0.0361399535901011	0.1295	4.60792071824235		2.16465229761796	case-count proxy
I9_PAROXTAC	Paroxysmal tachycardia	IX Diseases of the circulatory system (I9_)	sex_shared	-0.00191780685819869	0.00252963684090082	0.0444	0.0861	13493	-0.00444744369909951	-0.0417	5.29631577707821	1.35	1.35	registry
I9_PERICAOTH	Other diseases of pericardium	IX Diseases of the circulatory system (I9_)	sex_shared	0.0130039031685311	0.0148601401607171	-0.0476	0.0419	1743	-0.001856236992186	-0.0895	0.471751733545527	0.15	0.15	registry
I9_PERICARD	Pericarditis	IX Diseases of the circulatory system (I9_)	sex_shared	-0.0191997759052941	-0.0120462044963952	-0.307	-0.0027	1422	-0.0071535714088989	-0.3043	0.385206134041983	0.17	0.17	registry
I9_PHLETHROM	Phlebitis and thrombophlebitis (not including DVT)	IX Diseases of the circulatory system (I9_)	sex_shared	0.025074350300215	0.00446301064114314	0.1429	0.0574	10405	0.0206113396590719	0.0855	2.3655899310671	1.05	1.05	registry
I9_PHLETHROMBDVTLOW	DVT of lower extremities	IX Diseases of the circulatory system (I9_)	sex_shared	0.0220709457779578	0.00280759994795481	0.1857	-0.0098	8601	0.019263345830003	0.1955	1.96350138342267	1.07	1.07	registry
I9_POSTAMI	Status post-ami	IX Diseases of the circulatory system (I9_)	sex_shared	0.0100705136346821	0.0162364872647138	0.1724	0.1182	15229	-0.0061659736300317	0.0542	3.70290221556537	1.75	1.75	registry
I9_PROGVASC	Progressive vascular leukoencephalopathy	IX Diseases of the circulatory system (I9_)	sex_shared	-0.00519478284303137	0.0113305226065704	-0.0474	0.1464	1359	-0.0165253054496018	-0.1938	0.300919365124353	0.12	0.12	registry
I9_PULMEMB	Pulmonary embolism	IX Diseases of the circulatory system (I9_)	sex_shared	0.0118368510693067	0.00543987289347645	0.1259	0.0821	13783	0.00639697817583025	0.0438	2.76302126141152	1.73	1.73	registry
I9_PVT	Portal vein thrombosis	IX Diseases of the circulatory system (I9_)	sex_shared	0.0166742159844756	0.0241074090542094	0.1641	0.2427	569	-0.0074331930697338	-0.0786	0.132321888691478	0.05	0.05	registry
I9_RAYNAUD	Raynaud syndrome	IX Diseases of the circulatory system (I9_)	sex_shared	0.00256664565193532	-0.00948610159183677	-0.0544	0.0081	3535	0.0120527472437721	-0.0625	0.706737093801106		0.373037100818759	case-count proxy
I9_RBBB	Right bundle-branch block	IX Diseases of the circulatory system (I9_)	sex_shared	0.0153077739995702	-0.01167123295697	0.0015	0.0197	1469	0.0269790069565402	-0.0182	0.397887323943662	0.14	0.14	registry
I9_REVASC	Coronary revascularization (ANGIO or CABG)	IX Diseases of the circulatory system (I9_)	sex_shared	0.0310855104834071	0.00766391999846037	0.1801	0.1306	74985	0.0234215904849467	0.0495	15.9194357872568	3.26	3.26	registry
I9_RHEUFEV	Rheumatic fever incl heart disease	IX Diseases of the circulatory system (I9_)	sex_shared	0.00694572259528291	-0.000411441653047473	0.2595	-0.0734	1228	0.00735716424833038	0.3329	0.245508670774472	0.29	0.29	registry
I9_RHEUFEVHRT	Rheumatic fever with heart involvement	IX Diseases of the circulatory system (I9_)	sex_shared	0.0165327266155619	-0.00279833080618372	0.1614	0.0017	176	0.0193310574217456	0.1597	0.0352610721770106	0.03	0.03	registry
I9_RHEUFEVWITHOUTHEART	Rheumatic fever without mention of heart involvement	IX Diseases of the circulatory system (I9_)	sex_shared	0.0120355078629819	-0.0147968007628608	0.2502	-0.0087	121	0.0268323086258427	0.2589	0.0241910009476475	0.02	0.02	registry
I9_RHEUOTHHRT	Rheumatic heart disease, other	IX Diseases of the circulatory system (I9_)	sex_shared	0.0182417525990783	0.00840473523848389	0.1721	0.0252	68	0.00983701736059441	0.1469	0.013626544508703	0.02	0.02	registry
I9_RHEUVALV	Rheumatic valve diseases	IX Diseases of the circulatory system (I9_)	sex_shared	-0.00483845680659122	0.000443203015758564			877	-0.00528165982234978		0.175457901107365	0.24	0.24	registry
I9_SAH	Subarachnoid haemorrhage	IX Diseases of the circulatory system (I9_)	sex_shared	-0.00075798608077682	0.0119230654177347	0.1287	0.0212	4365	-0.0126810514985115	0.1075	0.967139416525787	0.68	0.68	registry
I9_SAHANEUR	Aneurysms, operations, SAH	IX Diseases of the circulatory system (I9_)	sex_shared	-0.000344161618863877	0.0017435772664271	0.1144	0.009	7212	-0.00208773888529098	0.1054	1.57650026559177	0.87	0.87	registry
I9_SECONDRIGHT	Secondary right heart disease	IX Diseases of the circulatory system (I9_)	sex_shared	-0.0124244700933466	-0.0144884686933974	0.0296	0.004	1572	0.0020639986000508	0.0256	0.323040028605071	0.2	0.2	registry
I9_SEQULAE	Sequelae of cerebrovascular disease	IX Diseases of the circulatory system (I9_)	sex_shared	0.0122834053327675	0.00547836810090583	0.145	0.1374	17432	0.00680503723186167	0.0076	3.72726320268384	2.62	2.62	registry
I9_STENOSIS	Occlusion and stenosis of arteries, not leading to stroke	IX Diseases of the circulatory system (I9_)	sex_shared	0.0247529563085145	-0.0117221920054102	0.2908	0.0895	552	0.0364751483139247	0.2013	0.122446535007065	0.1	0.1	registry
I9_STR	Stroke, excluding SAH	IX Diseases of the circulatory system (I9_)	sex_shared	0.0305404427429628	0.0107897851176814	0.1481	0.0804	36461	0.0197506576252814	0.0677	7.54865811065127	6.19	6.19	registry
I9_STR_EMBOLIC	Embolic stroke	IX Diseases of the circulatory system (I9_)	sex_shared	0.033082321597864	-0.00619860822399412	0.4567	-0.1076	1919	0.0392809298218581	0.5643	0.424392272035668	0.4	0.4	registry
I9_STR_EMBOLIC_WITH_FLIMMER	Embolic stroke with flimmer	IX Diseases of the circulatory system (I9_)	sex_shared	0.0323427434464881	0.00581300333940966	0.3962	-0.1201	1041	0.0265297401070784	0.5163	0.240169433652329	0.24	0.24	registry
I9_STR_SAH	Stroke, including SAH	IX Diseases of the circulatory system (I9_)	sex_shared	0.031211617776767	0.0149298080631091	0.1472	0.0694	39385	0.0162818097136579	0.0778	8.14982349119111		3.69520590300265	case-count proxy
I9_THAORTANEUR	Thoracic aortic aneurysm	IX Diseases of the circulatory system (I9_)	sex_shared	8.94780056965868e-05	-0.0150330417617959	0.0155	0.1222	5704	0.0151225197674925	-0.1067	1.22352497029134	0.43	0.43	registry
I9_THROMBANG	Thromboangiitis obliterans	IX Diseases of the circulatory system (I9_)	sex_shared	0.0224307359252492	0.00566297746749759	0.3244	0.0985	134	0.0167677584577516	0.2259	0.0290909722463441	0.02	0.02	registry
I9_THROMBICV	Nonpyogenic thrombosis of intracranial venous system	IX Diseases of the circulatory system (I9_)	sex_shared	0.00285092574984159	-0.0246961942753994	0.0656	-0.0336	336	0.027547120025241	0.0992	0.0745684020834767	0.03	0.03	registry
I9_THROMBOTH	Other embolism and thrombosis	IX Diseases of the circulatory system (I9_)	sex_shared	0.0387307101795296	-0.0189683463004053	0.1574	0.0683	5616	0.0576990564799349	0.0891	1.29085940067899	0.65	0.65	registry
I9_TIA	Transient ischemic attack	IX Diseases of the circulatory system (I9_)	sex_shared	0.0264808249638622	-0.00428380721978163	0.2222	0.1108	26546	0.0307646321836438	0.1114	5.56944922330667	3.27	3.27	registry
I9_UAP	Unstable angina pectoris	IX Diseases of the circulatory system (I9_)	sex_shared	0.0497660501655062	0.0137865571037072	0.2407	0.1624	18242	0.035979493061799	0.0783	4.26737407480186	2.05	2.05	registry
I9_VARICVE	Varicose veins	IX Diseases of the circulatory system (I9_)	sex_shared	0.014207372515591	0.00623203212933313	0.079	0.0867	39004	0.00797534038625787	-0.0077	8.32623541190359	6.63	6.63	registry
I9_VARICVEOES	Oesophageal varices	IX Diseases of the circulatory system (I9_)	sex_shared	0.0200112867739724	-0.0089201495366333	0.1609	0.0461	1531	0.0289314363106057	0.1148	0.355241847536046	0.25	0.25	registry
I9_VARICVESOTH	Varicose veins of other sites	IX Diseases of the circulatory system (I9_)	sex_shared	0.0026064628538972	-0.00499030231200693	0.1826	0.1803	2649	0.00759676516590413	0.00230000000000002	0.613063884543107	0.4	0.4	registry
I9_VASCINT	Vascular diseases of the intestine	IX Diseases of the circulatory system (I9_)	sex_shared	0.0204393554873257	-0.00470367628326873	0.1647	0.2656	1515	0.0251430317705944	-0.1009	0.327918529020249	0.22	0.22	registry
I9_VASCSYND	Vascular syndromes of brain in cerebrovascular disorders	IX Diseases of the circulatory system (I9_)	sex_shared	0.0181971830297962	0.000631226704075461	0.3454	0.027	1706	0.0175659563257207	0.3184	0.362581426734536	0.23	0.23	registry
I9_VEINSOTH	Other disorders of veins	IX Diseases of the circulatory system (I9_)	sex_shared	0.00531852450482899	-0.0107570268610849	0.0405	0.0699	19868	0.0160755513659139	-0.0294	4.42188150301239	1.73	1.73	registry
I9_VHD	Valvular heart disease excluding rheumatic fever	IX Diseases of the circulatory system (I9_)	sex_shared	0.0207161735034189	-0.0212632625064023	0.0478	0.0365	30795	0.0419794360098212	0.0113	7.7272248234745	3.04	3.04	registry
I9_VTE	Venous thromboembolism	IX Diseases of the circulatory system (I9_)	sex_shared	0.0402025471131458	0.000791029780487036	0.1827	0.064	27928	0.0394115173326588	0.1187	5.58352292947024	3.54	3.54	registry
ILD_ENDPOINTS	Interstitial lung disease endpoints	Interstitial lung disease endpoints	sex_shared	-0.0141975885399853	0.00169439291161931	0.0998	-9e-04	6356	-0.0158919814516046	0.1007	1.27072728944833	0.54	0.54	registry
ILD_INSUFFICIENCY	ILD-related respiratory insufficiency	Interstitial lung disease endpoints	sex_shared	-0.00665553396573839	-0.0215357066194941	0.0276	-0.0574	1162	0.0148801726537557	0.085	0.234751268707373	0.09	0.09	registry
INCREASEDMUSCLETONE	Increased muscle tone	Miscellaneous, not yet classified endpoints	sex_shared	0.0276748045914773	-8.88763977854719e-05			248	0.0277636809892628		0.049581555661294	0.04	0.04	registry
INFLUENZA	All influenza (not pneumonia)	Asthma and related endpoints	sex_shared	0.0107007009521573	0.00564719749316985	0.1912	0.2898	7004	0.00505350345898745	-0.0986	1.68132989257637	1.24	1.24	registry
INTERSTITIAL_CYSTIT_CHRONIC	Interstitial cystitis (chronic), drug-induced	XIV Diseases of the genitourinary system (N14_)	sex_shared	0.00518979930996445	0.0171614327782521			118	-0.0119716334682877		0.023591224064648		0.0153822401621714	case-count proxy
INV_VENT	Invasive ventilation	Comorbidities of COPD	sex_shared	0.00711909932159526	0.0109766901270855	-0.0017	0.089	2828	-0.00385759080549024	-0.0907	0.570385534635593	0.37	0.37	registry
IPF	Idiopathic pulmonary fibrosis	Interstitial lung disease endpoints	sex_shared	0.0319321801770122	-0.0010756874328608	0.1188	-0.0261	2992	0.033007867609873	0.1449	0.602227759640274	0.27	0.27	registry
J10_ABSCLUNGPNEUMO	Abscess of lung	X Diseases of the respiratory system (J10_)	sex_shared	0.00216716923987813	0.0061591727701584	-0.3051	0.3337	559	-0.00399200353028027	-0.6388	0.112108972327735	0.08	0.08	registry
J10_ABSCMEDIASTINUM	Abscess of mediastinum	X Diseases of the respiratory system (J10_)	sex_shared	0.0170847574051734	0.00421445056230536			63	0.012870306842868		0.0126474024644367	0.01	0.01	registry
J10_ACUTELOWERNAS	Unspecified acute lower respiratory infection	X Diseases of the respiratory system (J10_)	sex_shared	0.0135073133307611	0.0079215923552104	0.3069	0.3071	6866	0.0055857209755507	-0.000199999999999978	1.43842389300439	1.03	1.03	registry
J10_ACUTEUPPERINFEC	Acute upper respiratory infections of multiple and unspecified sites	X Diseases of the respiratory system (J10_)	sex_shared	0.0136364388227379	0.0383765087479173	0.1882	0.2263	54308	-0.0247400699251794	-0.0381	11.960612874595	10.26	10.26	registry
J10_AIRWDISDUST	Airway disease due to specific organic dust	X Diseases of the respiratory system (J10_)	sex_shared	0.0342979763940491	0.0130571061023754	0.1725	0.2379	91	0.0212408702916737	-0.0654	0.0184184800098772	0.01	0.01	registry
J10_ARDS	Adult respiratory distress syndrome	X Diseases of the respiratory system (J10_)	sex_shared	0.00620251176550684	0.00804922936392779	0.0309	0.2486	464	-0.00184671759842095	-0.2177	0.0941310125169902	0.07	0.07	registry
J10_ASBESTPNEUMOC	Pneumoconiosis due to asbestos and other mineral fibres	X Diseases of the respiratory system (J10_)	sex_shared	0.0197461092463517	-0.00302705751969868	0.133	-0.027	840	0.0227731667660504	0.16	0.1697593862794	0.15	0.15	registry
J10_ASTHMACOPDKELA	Asthma/COPD (KELA code 203)	X Diseases of the respiratory system (J10_)	sex_shared	0.026764218751867	0.0135002007509519	0.1693	0.1545	60743	0.0132640180009151	0.0148	13.0146187616368	5.84	5.84	registry
J10_ASTHMA_EXMORE	Asthma (more control exclusions)	X Diseases of the respiratory system (J10_)	sex_shared	0.0307497453383333	0.0162570279272931	0.1979	0.18	61196	0.0144927174110402	0.0179	19.6374535104243	7.73	7.73	registry
J10_ASTHMA_MAIN_EXMORE	Asthma (only as main-diagnosis) (more control exclusions)	X Diseases of the respiratory system (J10_)	sex_shared	0.0269836220586835	0.0107834819963651	0.2019	0.1721	48477	0.0162001400623184	0.0298	16.2179251279649	6.45	6.45	registry
J10_BRONCH	Bronchitis, not specified as acute or chronic	X Diseases of the respiratory system (J10_)	sex_shared	-0.000959737929044922	0.0156655451988038	0.0858	0.1338	3798	-0.0166252831278487	-0.048	0.926829744450735	0.64	0.64	registry
J10_BRONCHIECTASIS	Bronchiectasis	X Diseases of the respiratory system (J10_)	sex_shared	0.0168194852290845	0.0162396103578755	0.3157	0.0434	3096	0.000579874871208998	0.2723	0.756816481781159	0.28	0.28	registry
J10_BRONCHIOLITIS	Acute bronchiolitis	X Diseases of the respiratory system (J10_)	sex_shared	-0.0156883322962235	0.0182849223394863	0.0899	0.2794	2839	-0.0339732546357098	-0.1895	0.599829706677146	1.85	1.85	registry
J10_BRONCHITIS	Acute bronchitis	X Diseases of the respiratory system (J10_)	sex_shared	0.0337596469184191	0.0147768976677651	0.2932	0.2617	21635	0.018982749250654	0.0315	4.39649093573015	3.28	3.28	registry
J10_BRONCHNAS	Unspecified chronic bronchitis	X Diseases of the respiratory system (J10_)	sex_shared	-0.00359771594018023	0.00525672828599133	0.1107	0.1133	1516	-0.00885444422617156	-0.00259999999999999	0.37202271399895	0.28	0.28	registry
J10_CHEMGASRESP	Respiratory conditions due to inhalation of chemicals, gases, fumes and vapours	X Diseases of the respiratory system (J10_)	sex_shared	-0.00063298408497963	-0.00563153582965492			308	0.00499855174467529		0.0623121027097672	0.05	0.05	registry
J10_CHRONLARYNGITIS	Chronic laryngitis and laryngotracheitis	X Diseases of the respiratory system (J10_)	sex_shared	0.0166875145521713	0.0174751477278069	0.1433	0.1989	6115	-0.000787633175635603	-0.0556	1.62994948889155	0.44	0.44	registry
J10_CHRONRHINITIS	Chronic rhinitis, nasopharyngitis and pharyngitis	X Diseases of the respiratory system (J10_)	sex_shared	0.0227701283296689	-0.002357901392348	0.1264	0.0463	16043	0.0251280297220169	0.0801	4.16600665293838	1.36	1.36	registry
J10_CHRONSINUSITIS	Chronic sinusitis	X Diseases of the respiratory system (J10_)	sex_shared	0.0314087173563756	-0.0113175870585859	0.1722	0.0801	22757	0.0427263044149615	0.0921	5.80821680061867	2.12	2.12	registry
J10_CHRONTONSADEN	Chronic diseases of tonsils and adenoids	X Diseases of the respiratory system (J10_)	sex_shared	0.0375868642360523	0.00939950703816772	0.2293	0.1276	59983	0.0281873571978846	0.1017	13.9809758223726	9.09	9.09	registry
J10_CHYLOTHORAX	Chylothorax	X Diseases of the respiratory system (J10_)	sex_shared	-0.00951818607645631	0.0105044446244345	0.1141	0.1073	75	-0.0200226307008908	0.00679999999999999	0.0149944220749881		0.0100561696360609	case-count proxy
J10_COLD	Acute nasopharyngitis (common cold)	X Diseases of the respiratory system (J10_)	sex_shared	0.00480244121875491	0.0138583435130178	0.2546	0.1022	5464	-0.00905590229426289	0.1524	1.34842662994524	1.15	1.15	registry
J10_COPD	COPD	X Diseases of the respiratory system (J10_)	sex_shared	0.0460834769090497	0.0483773196970859	0.2382	0.1798	25466	-0.0022938427880362	0.0584	5.90239470439354	3.3	3.3	registry
J10_EMPHYSEMA	Emphysema	X Diseases of the respiratory system (J10_)	sex_shared	0.0268196635212404	0.0178725137174569	0.1983	0.1798	2997	0.0089471498037835	0.0185	0.732793294586817	0.44	0.44	registry
J10_EPIGLOTTITIS	Acute epiglottitis	X Diseases of the respiratory system (J10_)	sex_shared	0.0212315594981485	0.00821609916856424	0.1364	0.0616	576	0.0130154603295843	0.0748	0.143883094985324	0.07	0.07	registry
J10_EXTERLUNG	Lung diseases due to external agents	X Diseases of the respiratory system (J10_)	sex_shared	0.0188936370780883	-0.00408463673787782	0.2654	0.1703	6208	0.0229782738159661	0.0951	1.24113829655368	0.95	0.95	registry
J10_FIBROTHORAX	Fibrothorax	X Diseases of the respiratory system (J10_)	sex_shared	-0.00713900893106674	0.0166139476333447	0.2811	-0.0251	70	-0.0237529565644114	0.3062	0.0139947939366556		0.00942609441317111	case-count proxy
J10_HYPERSPNEUMONI	Hypersensitivity pneumonitis due to organic dust	X Diseases of the respiratory system (J10_)	sex_shared	0.0141896789241122	-0.00235797313460956			584	0.0165476520587218		0.118084284680182	0.08	0.08	registry
J10_INFLUENZA	All influenza	X Diseases of the respiratory system (J10_)	sex_shared	0.0138491892147927	0.0227983124014972	0.2351	0.3327	12399	-0.0089491231867045	-0.0976	2.93836054695831	1.8	1.8	registry
J10_INFLUPNEU	Influenza and pneumonia	X Diseases of the respiratory system (J10_)	sex_shared	0.0461958800711614	0.0271396466784707	0.3061	0.2223	90615	0.0190562333926907	0.0838	18.1162607510006	14.21	14.21	registry
J10_INORGPNEUMOC	Pneumoconiosis due to other inorganic dusts	X Diseases of the respiratory system (J10_)	sex_shared	0.0106559939320953	-0.00865598808190467			129	0.019311982014		0.0261077054160334	0.03	0.03	registry
J10_LARYNGITIS	Acute laryngitis and tracheitis	X Diseases of the respiratory system (J10_)	sex_shared	0.00558244318561574	0.032424225962612	0.0675	0.0972	6169	-0.0268417827769963	-0.0297	1.51976507570495	1.93	1.93	registry
J10_LOWCHRON	Chronic lower respiratory diseases	X Diseases of the respiratory system (J10_)	sex_shared	0.029549529806253	0.0169524081189261	0.1929	0.1699	94200	0.0125971216873269	0.023	18.8329941261851	11.51	11.51	registry
J10_LOWERINF	Other acute lower respiratory infections	X Diseases of the respiratory system (J10_)	sex_shared	0.0292556341415752	0.0205057762623373	0.2596	0.2721	29724	0.0087498578792379	-0.0125	5.94258935675929	5.71	5.71	registry
J10_NASALPOLYP	Nasal polyp	X Diseases of the respiratory system (J10_)	sex_shared	0.00619199624330529	-0.0191651664137623	0.0051	-0.0144	8793	0.0253571626570676	0.0195	2.32715704670988	0.9	0.9	registry
J10_NECROTIC	Suppurative and necrotic conditions of lower respiratory tract	X Diseases of the respiratory system (J10_)	sex_shared	0.00647596367018595	-0.00751061341580484			2123	0.0139865770859908		0.424442107535997	0.29	0.29	registry
J10_PERITONSABSC	Peritonsillar abscess	X Diseases of the respiratory system (J10_)	sex_shared	0.0206191327341796	0.0114366792222952	0.2661	0.0808	10670	0.0091824535118844	0.1853	2.80996523754345	1.5	1.5	registry
J10_PHARYNGITIS	Acute pharyngitis	X Diseases of the respiratory system (J10_)	sex_shared	0.00955493646411986	0.0234070059426894	0.172	0.2479	7430	-0.0138520694785695	-0.0759	1.8247502940967	1.29	1.29	registry
J10_PLEURA	Other diseases of pleura	X Diseases of the respiratory system (J10_)	sex_shared	0.0143948749486635	0.00968038547233048	0.1702	0.1539	22200	0.00471448947633302	0.0163	4.43834893419648	2.45	2.45	registry
J10_PLEURAL_PLAQUE_WITHOUT_ASBESTOS	Pleural plaque without asbestos	X Diseases of the respiratory system (J10_)	sex_shared	0.00812512952707382	0.0210405794320498	1.9491e-05	0.0096	1335	-0.012915449904976	-0.009580509	0.266900712934788		0.149668529225543	case-count proxy
J10_PLEURAL_PLAQUE_WITH_PRESENCE_OF_ASBESTOS	Pleural plaque with presence of asbestos	X Diseases of the respiratory system (J10_)	sex_shared	-0.0130216418063828	0.03837099499303	-0.1278	0.2093	2807	-0.0513926367994128	-0.3371	0.561191236859888		0.300489872053367	case-count proxy
J10_PLEUREFFUSION	Pleural effusion	X Diseases of the respiratory system (J10_)	sex_shared	0.00742735033597463	-0.011685458423538	0.0962	0.008	6654	0.0191128087595126	0.0882	1.37297788048861	0.71	0.71	registry
J10_PLEUROTH	Other pleural conditions	X Diseases of the respiratory system (J10_)	sex_shared	0.00233838153014696	0.00854766167214172	0.2199	0.2734	4261	-0.00620928014199476	-0.0535	0.883572111386904	0.53	0.53	registry
J10_PLEURPLAGUE	Pleural plaque	X Diseases of the respiratory system (J10_)	sex_shared	-0.00511686617541001	0.0314268833659895	-0.0915	0.1549	3860	-0.0365437495413995	-0.2464	0.801085824101476	0.47	0.47	registry
J10_PNEUMOBACT	Bacterial pneumoniae	X Diseases of the respiratory system (J10_)	sex_shared	0.0438503596220603	-0.00878828094833484	0.3897	0.1224	22740	0.0526386405703951	0.2673	5.26010210242164	3.49	3.49	registry
J10_PNEUMOHAEM	Pneumonia due to Haemophilus influenzae	X Diseases of the respiratory system (J10_)	sex_shared	0.0124730087568455	-0.0025300854985324	0.5387	0.2931	133	0.0150030942553779	0.2456	0.032462460703337	0.02	0.02	registry
J10_PNEUMONIA	All pneumoniae	X Diseases of the respiratory system (J10_)	sex_shared	0.0457165840867015	0.0260005945115432	0.3172	0.2168	84364	0.0197159895751583	0.1004	16.8665256524573	13.12	13.12	registry
J10_PNEUMONISOLLIQ	Pneumonitis due to solids and liquids	X Diseases of the respiratory system (J10_)	sex_shared	0.00358853895686717	-0.00412491887109959			3511	0.00771345782796676		0.705744247611505	0.61	0.61	registry
J10_PNEUMONONBACT	Pneumonia due to other infectious organisms, not elsewhere classified	X Diseases of the respiratory system (J10_)	sex_shared	0.00568179185189539	0.0101289462884622	0.3502	0.1796	1280	-0.00444715443656681	0.1706	0.311548468909653	0.14	0.14	registry
J10_PNEUMOPNEUMO	Pneumonia due to Streptococcus pneumoniae	X Diseases of the respiratory system (J10_)	sex_shared	0.0180276018004299	-0.0296630155125043			1701	0.0476906173129342		0.41359489583536	0.27	0.27	registry
J10_PNEUMOTHORAX	Pneumothorax	X Diseases of the respiratory system (J10_)	sex_shared	0.00199992323469376	-0.00568188893268184	-0.0976	0.108	2853	0.0076818121673756	-0.2056	0.593337894804706	0.38	0.38	registry
J10_PULMEOS	Pulmonary eosinophilia, not elsewhere classified	X Diseases of the respiratory system (J10_)	sex_shared	0.00115393851237597	-0.00124236532822374	0.0961	0.0338	425	0.00239630384059971	0.0623	0.0862259607093658	0.05	0.05	registry
J10_PULMOEDEMA	Pulmonary oedema	X Diseases of the respiratory system (J10_)	sex_shared	-0.0020937981410792	0.0213314579585797	0.0517	0.1458	681	-0.0234252560996589	-0.0941	0.138092698525997	0.13	0.13	registry
J10_PYOTHORAX	Pyothorax	X Diseases of the respiratory system (J10_)	sex_shared	0.0070046040385647	-0.00809392600235479			1607	0.0150985300409195		0.321612264094302	0.22	0.22	registry
J10_RESPCONDEXT	Respiratory conditions due to other external agents	X Diseases of the respiratory system (J10_)	sex_shared	0.012921678603875	0.021001251827146			740	-0.008079573223271		0.149580164861598	0.07	0.07	registry
J10_RESPOTHER	Other diseases of the respiratory system	X Diseases of the respiratory system (J10_)	sex_shared	0.0280943186956192	0.00374018981017526	0.2651	0.1491	9246	0.0243541288854439	0.116	1.84851235340453	1.1	1.1	registry
J10_SEPTDEV	Deviated nasal septum	X Diseases of the respiratory system (J10_)	sex_shared	0.012964918602826	-0.0181341651897132	0.1198	-0.015	16183	0.0310990837925392	0.1348	4.20083430028061	1.85	1.85	registry
J10_SILICAPNEUMOC	Pneumoconiosis due to dust containing silica	X Diseases of the respiratory system (J10_)	sex_shared	0.0177414173949113	0.0265235047238093	0.2297	0.2933	124	-0.008782087328898	-0.0636	0.0250960328029435	0.03	0.03	registry
J10_SIMPLBRONCH	Simple and mucopurulent chronic bronchitis	X Diseases of the respiratory system (J10_)	sex_shared	0.0123361505833618	0.0243188219980665	0.1601	0.1785	1732	-0.0119826714147047	-0.0184	0.424803418048749	0.29	0.29	registry
J10_SINUSITIS	Acute sinusitis	X Diseases of the respiratory system (J10_)	sex_shared	0.0371272664658311	0.0170983414083288	0.2818	0.1925	29358	0.0200289250575023	0.0893	6.84165021777785	3.45	3.45	registry
J10_TONSILLECTOMY	Tonsillectomy and adenotomy	X Diseases of the respiratory system (J10_)	sex_shared	0.0363085347460224	0.000814857748392249	0.2557	0.1242	39409	0.0354936769976302	0.1315	7.87886906070942	5.25	5.25	registry
J10_TONSILLITIS	Other and unspecified tonsillitis	X Diseases of the respiratory system (J10_)	sex_shared	0.0268874693402731	0.0317427050203607	0.3397	0.3171	19049	-0.0048552356800876	0.0226	4.54849354581445	3.44	3.44	registry
J10_UPPERDIS	Other diseases of upper respiratory tract	X Diseases of the respiratory system (J10_)	sex_shared	0.0367636472206988	0.00233280587821785	0.2327	0.1273	131136	0.034430841342481	0.1054	26.2174471096752	17.07	17.07	registry
J10_UPPERINFEC	Acute upper respiratory infections	X Diseases of the respiratory system (J10_)	sex_shared	0.0315548781634626	0.0458319307195193	0.2436	0.2574	100437	-0.0142770525560567	-0.0138	20.0799302659411	17.86	17.86	registry
J10_VIRALPNEUMO	Viral pneumonia	X Diseases of the respiratory system (J10_)	sex_shared	0.000489159917961973	0.0174774560467995	0.447	0.5018	5713	-0.0169882961288375	-0.0548	1.3756850733474	0.67	0.67	registry
J10_VOCALLARYNX	Diseases of vocal cords and larynx+other diseases of upper respiratory tract, no elsewhere classified	X Diseases of the respiratory system (J10_)	sex_shared	0.0494630950591272	0.0043794077271445	0.2637	0.1303	28020	0.0450836873319827	0.1334	7.05669025612612	2.6	2.6	registry
JOINTPAIN	Pain in joint	XIII Diseases of the musculoskeletal system and connective tissue (M13_)	sex_shared	0.0637749219121965	0.0383845506535447	0.3482	0.2721	41727	0.0253903712586518	0.0761	14.1198565240931	3.88	3.88	registry
JUVEN_ARTHR	Juvenile arthritis (FINNGEN)	Rheuma endpoints	sex_shared	-0.0311869599967913	0.0115812815102229	-0.0878	-0.0178	2000	-0.0427682415070142	-0.07	0.539939310821464	0.28	0.28	registry
K11_ABRASION	Abrasion of teeth	XI Diseases of the digestive system (K11_)	sex_shared	-0.0177169159224099	-0.0113481696390601	0.1405	0.0923	15788	-0.0063687462833498	0.0482	3.15642580959883	1.07	1.07	registry
K11_ABSCANAL	Abscess of anal and rectal regions	XI Diseases of the digestive system (K11_)	sex_shared	0.0123719774150063	-0.0166836357484729	0.1274	0.0322	3781	0.0290556131634792	0.0952	0.968930665463939	0.49	0.49	registry
K11_ACHAL	Achalasia of cardia	XI Diseases of the digestive system (K11_)	sex_shared	-0.00376162289939179	0.00213932112335014	0.3138	0.2103	670	-0.00590094402274193	0.1035	0.159226586562227	0.07	0.07	registry
K11_ACUTGASTR	Acute gastritis	XI Diseases of the digestive system (K11_)	sex_shared	0.0224511345786922	0.0135321067556346	0.1078	0.3182	3178	0.0089190278230576	-0.2104	0.750781966113227	0.41	0.41	registry
K11_ACUTPANC	Acute pancreatitis	XI Diseases of the digestive system (K11_)	sex_shared	-0.00589577200174931	0.047191007701502	0.2585	0.2791	8985	-0.0530867797032513	-0.0206	2.02850060279317	1.19	1.19	registry
K11_ADHE	Intestinal adhesions without obstruction	XI Diseases of the digestive system (K11_)	sex_shared	0.0141189182252889	-0.0108596213535135	0.3721	0.2034	3521	0.0249785395788024	0.1687	0.902903857792001	0.35	0.35	registry
K11_ALCGASTR	Alcoholic gastritis	XI Diseases of the digestive system (K11_)	sex_shared	0.0164411160797848	0.0204066405847331	0.1283	0.4689	545	-0.0039655245049483	-0.3406	0.129558621115916	0.18	0.18	registry
K11_ALCOLIV	Alcoholic liver disease	XI Diseases of the digestive system (K11_)	sex_shared	0.0302937760750926	0.0123717251997632	0.1614	0.1432	4079	0.0179220508753294	0.0182	0.836049109430405	1.2	1.2	registry
K11_ANOMALI_DENTAL_ARCH_RELATIONS1	Anomalies of dental arch relationship, including avohilmo	XI Diseases of the digestive system (K11_)	sex_shared	-0.0101859752790831	-0.00675781798444642	-0.1712	-0.1281	11408	-0.00342815729463668	-0.0431	2.28075156041952	4.82	4.82	registry
K11_APHTA_RECUR_INCLAVO	Recurrent aphthous stomatitis , including avohilmo	XI Diseases of the digestive system (K11_)	sex_shared	-0.00762612500146785	0.0165713613526305	-0.0723	0.1549	6033	-0.0241974863540984	-0.2272	1.20615131171204	0.63	0.63	registry
K11_APPENDACUT	Acute appendicitis	XI Diseases of the digestive system (K11_)	sex_shared	0.0124616268569245	0.0150683957390403	0.0986	0.1219	39702	-0.0026067688821158	-0.0233	7.98632134774956	4.76	4.76	registry
K11_APPENDECTOMY	Appendectomy	XI Diseases of the digestive system (K11_)	sex_shared	0.0163664234199506	0.0290598519357773	0.153	0.1697	36366	-0.0126934285158267	-0.0167	7.27049537572023	3.04	3.04	registry
K11_APPENDOTH	Other appendicitis	XI Diseases of the digestive system (K11_)	sex_shared	0.0232587480195534	7.84863817917125e-05	0.7105	0.3936	3571	0.0231802616377617	0.3169	0.774630472413958	0.43	0.43	registry
K11_ASYMMETRY_JAW	Asymmetry of jaw	XI Diseases of the digestive system (K11_)	sex_shared	0.0344405571168544	-1.31065105992654e-05	-0.1818	0.0167	558	0.0344536636274537	-0.1985	0.111558500237912	0.09	0.09	registry
K11_ATTRITION	Excessive attrition of teeth	XI Diseases of the digestive system (K11_)	sex_shared	-0.00233817439027973	0.00275694841770308	0.2097	0.1494	29688	-0.00509512280798281	0.0603	5.93539203416329	1.74	1.74	registry
K11_BARRET	Barrett oesophagus	XI Diseases of the digestive system (K11_)	sex_shared	0.0165238128093932	0.00906065452975063	0.2016	0.0876	1854	0.00746315827964257	0.114	0.439369810032988	0.14	0.14	registry
K11_BILIAOTH	Other diseases of biliary tract	XI Diseases of the digestive system (K11_)	sex_shared	0.00480031360040081	0.000449028946639511	0.3222	0.2314	3563	0.0043512846537613	0.0908	0.814370217317767	0.41	0.41	registry
K11_CARIES_3	Caries of dentine, including avohilmo	XI Diseases of the digestive system (K11_)	sex_shared	0.0464051894386202	0.0673123526883652	0.4174	0.3904	233767	-0.020907163249745	0.027	46.7360142027166		19.010606200227	case-count proxy
K11_CD_STRICT2	Crohn disease (strict definition, require KELA, min 2 HDR)	XI Diseases of the digestive system (K11_)	sex_shared	-0.020145748283599	0.0113275091067105	-0.0388	-0.0242	2608	-0.0314732573903095	-0.0146	0.521643818080719	0.18	0.18	registry
K11_CD_STRICT_PSC	Crohn's disease (strict) with PSC	Gastrointestinal endpoints	sex_shared	0.00102945028235052	0.00292985435452231	-0.0317	-0.1406	66	-0.00190040407217179	0.1089	0.0136802024669965		0.00922723406489538	case-count proxy
K11_CHOLANGI	Cholangitis (primary sclerosing, PSC)	XI Diseases of the digestive system (K11_)	sex_shared	0.00971428630487634	-0.0103333252010507	-0.0465	0.1307	2521	0.020047611505927	-0.1772	0.577583086277762	0.25	0.25	registry
K11_CHOLANGI_STRICT	Cholangitis (primary sclerosing, PSC), with reimbursement 202	Gastrointestinal endpoints	sex_shared	0.0133756651002418	-0.0139418703130411	0.0472	-0.0112	685	0.0273175354132829	0.0584	0.145537522122766	0.04	0.04	registry
K11_CHOLECYST	Cholecystitis	XI Diseases of the digestive system (K11_)	sex_shared	-0.0226209044445408	0.017808924844723	0.2398	0.1306	6311	-0.0404298292892638	0.1092	1.43345810695401	0.87	0.87	registry
K11_CHOLECYSTECTOMY	Cholecystectomy	XI Diseases of the digestive system (K11_)	sex_shared	-0.0266047844961543	0.017088322227181	0.0474	0.0804	38528	-0.0436931067233353	-0.033	7.70273458273522	3.48	3.48	registry
K11_CHOLELITH	Cholelithiasis	XI Diseases of the digestive system (K11_)	sex_shared	-0.0143140502238921	0.0252141067254746	0.0904	0.1187	52042	-0.0395281569493667	-0.0283	10.7083406207883	7.06	7.06	registry
K11_CHRONGASTR	Chronic gastritis	XI Diseases of the digestive system (K11_)	sex_shared	0.00588317237490206	-0.00601208676283005	0.1262	0.1266	12849	0.0118952591377321	-0.000399999999999984	2.96769007975277	1.36	1.36	registry
K11_CHRONHEP	Chronic hepatitis, not elsewhere classified	XI Diseases of the digestive system (K11_)	sex_shared	-0.0105728817352652	-0.00844126307919252	-0.0032	-0.0651	1279	-0.00213161865607268	0.0619	0.263662413160445	0.12	0.12	registry
K11_CHRONPANC	Chronic pancreatitis	XI Diseases of the digestive system (K11_)	sex_shared	-0.00507859273691349	0.0241713570770574	0.0399	0.1482	5157	-0.0292499498139709	-0.1083	1.17442098790736	0.69	0.69	registry
K11_COELIAC	Coeliac disease	XI Diseases of the digestive system (K11_)	sex_shared	-0.0238736457817575	-0.00964276771126217	-0.0719	-0.0189	5308	-0.0142308780704953	-0.053	1.10156019773296	0.63	0.63	registry
K11_CONSTIPATION	Constipation	XI Diseases of the digestive system (K11_)	sex_shared	-0.0136229786175243	0.00167300894573979	0.0311	0.1014	57028	-0.0152959875632641	-0.0703	11.4013586945656	6.71	6.71	registry
K11_CROSSBITE	Crossbite	XI Diseases of the digestive system (K11_)	sex_shared	0.00174358546500074	0.00910335937862511	0.1068	-0.0326	2986	-0.00735977391362437	0.1394	0.596977924212193	1.52	1.52	registry
K11_CROWDI_TEETH	Crowding of teeth, including avohilmo	XI Diseases of the digestive system (K11_)	sex_shared	-0.0294591543840777	0.0110679381665177	-0.1195	-0.0219	4734	-0.0405270925505954	-0.0976	0.946447921373249	2.75	2.75	registry
K11_DEEP_BITE	Deep bite	XI Diseases of the digestive system (K11_)	sex_shared	-0.0138092634665914	-3.86612379517296e-05	-0.0732	-0.0138	5129	-0.0137706022286397	-0.0594	1.02541854430152	2.37	2.37	registry
K11_DEEP_BITE_SURGERY	Deep bite that required surgery	XI Diseases of the digestive system (K11_)	sex_shared	0.00476556401719454	0.0162542753484825	-0.1532	0.0305	461	-0.011488711331288	-0.1837	0.0921657143542602	0.04	0.04	registry
K11_DENTOFACIAL_ANOMALIES	Dentofacial anomalies [including malocclusion]	XI Diseases of the digestive system (K11_)	sex_shared	-0.000757725855067936	-0.0134577321891657	0.0496	0.0534	45329	0.0127000063340978	-0.0038	9.06242877649514	1.59	1.59	registry
K11_DIAHER	Diaphragmatic hernia	XI Diseases of the digestive system (K11_)	sex_shared	0.0169136762467557	0.00702831907994216	0.1248	0.1032	16991	0.00988535716681354	0.0216	3.85854791789203	1.51	1.51	registry
K11_DISLIVOTH	Other diseases of liver	XI Diseases of the digestive system (K11_)	sex_shared	0.00696122647695695	0.0239182669265143	0.26	0.2817	7872	-0.0169570404495574	-0.0217	1.6010315589516	0.7	0.7	registry
K11_DISOESINOTH	Disorders of oesophagus in diseases classified elsewhere	XI Diseases of the digestive system (K11_)	sex_shared	0.00113035345055915	5.63784048324952e-05	-0.0418	0.1809	764	0.00107397504572665	-0.2227	0.181525287613038	0.06	0.06	registry
K11_DISTAL_BITE	Distal bite	XI Diseases of the digestive system (K11_)	sex_shared	-0.00680377089398045	-0.00418959759377992	-0.0377	-0.0048	1515	-0.00261417330020053	-0.0329	0.30288732591476	0.97	0.97	registry
K11_DIVERTIC	Diverticular disease of intestine	XI Diseases of the digestive system (K11_)	sex_shared	0.0292289668079849	0.00410611613051569	0.1684	0.079	46946	0.0251228506774692	0.0894	10.8323007736698	4.38	4.38	registry
K11_DULC	Duodenal ulcer	XI Diseases of the digestive system (K11_)	sex_shared	0.0176478662022205	0.00890283865459788	0.232	0.182	4812	0.00874502754762262	0.05	1.13243247059488	0.78	0.78	registry
K11_EMBED_TEETH	Embedded teeth, including avohilmo	XI Diseases of the digestive system (K11_)	sex_shared	-0.016298765707193	0.00554010811439598	-0.0173	0.0415	4191	-0.021838873821589	-0.0588	0.837888305550335	0.6	0.6	registry
K11_EMBIMPACT_TEETH	Embedded and impacted teeth	XI Diseases of the digestive system (K11_)	sex_shared	-0.0246028141968973	0.00590158917690611	-0.0969	0.1151	14356	-0.0305044033738034	-0.212	2.87013231078039	2.12	2.12	registry
K11_ENERCOLNONINF	Noninfective enteritis and colitis	XI Diseases of the digestive system (K11_)	sex_shared	0.00553352929164944	0.0041430842375103	0.0043	0.021	24768	0.00139044505413914	-0.0167	4.95175794604407	2.9	2.9	registry
K11_EROSION_INCLAVO	Erosion of teeth , including avohilmo	XI Diseases of the digestive system (K11_)	sex_shared	-0.0319309860536555	0.0185416470121799	0.1074	0.1398	11793	-0.0504726330658354	-0.0324	2.35772292707113	0.8	0.8	registry
K11_ERUPTION	Tooth eruption problems	XI Diseases of the digestive system (K11_)	sex_shared	-0.0290954265363168	0.00746118356255077	-0.1091	0.0887	6996	-0.0365566100988676	-0.1978	1.39867969115489	1.31	1.31	registry
K11_FEMHER	Femoral hernia	XI Diseases of the digestive system (K11_)	sex_shared	-0.00528288758223169	0.0127038009742319	0.1467	0.0756	1724	-0.0179866885564636	0.0711	0.405570716100499	0.25	0.25	registry
K11_FIBROCHIRLIV	Fibrosis and cirrhosis of liver	XI Diseases of the digestive system (K11_)	sex_shared	0.00690059228206289	-0.00684081076095522	0.1478	-0.0013	2963	0.0137414030430181	0.1491	0.608701368602267	0.33	0.33	registry
K11_FISTULA	Colonic or urogenital fistula	XI Diseases of the digestive system (K11_)	sex_shared	0.0143875675460661	0.000621668557683751	0.0947	0.0104	12466	0.0137658989883824	0.0843	2.49227287449069	1.24	1.24	registry
K11_FUNCDYSP	Functional dyspepsia	XI Diseases of the digestive system (K11_)	sex_shared	0.00508486932448266	-0.00805690287179462	0.2832	0.1188	12936	0.0131417721962773	0.1644	2.98718392795289	1.3	1.3	registry
K11_GALLBLAOTH	Other diseases of gallbladder	XI Diseases of the digestive system (K11_)	sex_shared	-0.0078338785213103	0.0105742947146867	0.1935	0.291	1753	-0.018408173235997	-0.0975	0.402335519823	0.23	0.23	registry
K11_GASTRODUOULC	Gastroduodenal ulcer	XI Diseases of the digestive system (K11_)	sex_shared	0.0441894438219675	0.022965158145323	0.3311	0.2299	12712	0.0212242856766445	0.1012	2.9369769838226	1.81	1.81	registry
K11_GINGIVITIS_PERIODONTAL	Gingivitis and periodontal diseases	XI Diseases of the digestive system (K11_)	sex_shared	0.0494419563683575	0.0428899278664658	0.4046	0.2912	153769	0.0065520285018917	0.1134	30.7423638406513		12.8347900666307	case-count proxy
K11_GINGIV_HYPERPLAS	Gingival hyperplasia	XI Diseases of the digestive system (K11_)	sex_shared	-0.0142573711164484	0.0270536490312046	0.0014	0.0107	1294	-0.041311020147653	-0.0093	0.258703762200461	0.1	0.1	registry
K11_GJULC	Gastrojejunal ulcer	XI Diseases of the digestive system (K11_)	sex_shared	0.00646273754416304	0.02895123914721			469	-0.022488501603047		0.111511877560434	0.06	0.06	registry
K11_GULC	Gastric ulcer	XI Diseases of the digestive system (K11_)	sex_shared	0.0425339545735855	0.0142218420968226	0.3267	0.2337	8215	0.0283121124767629	0.093	1.91791823574869	1.11	1.11	registry
K11_HAEMORR	Haemorrhoids and perianal venous thrombosis	XI Diseases of the digestive system (K11_)	sex_shared	0.0268838313060956	0.00735145490547091	0.1722	0.1692	16411	0.0195323764006247	0.003	4.07368426278503	1.35	1.35	registry
K11_HEPFAIL	Hepatic failure, not elsewhere classified	XI Diseases of the digestive system (K11_)	sex_shared	0.0165002712641073	-0.0257658998213399	-0.0392	0.1324	1408	0.0422661710854472	-0.1716	0.29017824940903	0.19	0.19	registry
K11_HERING	Inguinal hernia	XI Diseases of the digestive system (K11_)	sex_shared	-0.0187223321371221	0.00349752179465209	-0.0059	-0.0019	44409	-0.0222198539317742	-0.004	9.49386978504163	8.66	8.66	registry
K11_HERNIA	Hernia	XI Diseases of the digestive system (K11_)	sex_shared	0.00581669497275741	0.0169584071562994	0.0973	0.0705	76830	-0.011141712183542	0.0268	15.3602859736178	10.49	10.49	registry
K11_HYPERTROPHY_TONGUE_PAPILLAE	Hypertrophy of tongue papillae	XI Diseases of the digestive system (K11_)	sex_shared	-0.0203747934955483	0.0144845726402368			473	-0.0348593661357851		0.0945648218862583	0.04	0.04	registry
K11_HYPOPLASIA_ENAMEL	Hypoplasia of dental enamel	XI Diseases of the digestive system (K11_)	sex_shared	0.0076833043025859	-0.00438059529829156	-0.0031	0.2514	291	0.0120638996008775	-0.2545	0.0582986413010814	0.03	0.03	registry
K11_HYPOPLASIA_ENAMEL_INCLAVO	Hypoplasia of dental enamel , including avohilmo	XI Diseases of the digestive system (K11_)	sex_shared	-0.00314784443546313	0.00323388815366607			1233	-0.0063817325891292		0.246508298912804	0.35	0.35	registry
K11_HYPOPLASIA_ENAMEL_PRENATAL	Hypoplasia of dental enamel, prenatal	XI Diseases of the digestive system (K11_)	sex_shared	-0.023425469073317	0.00340279511381584			63	-0.0268282641871328		0.0126271230603336	0.01	0.01	registry
K11_HYPOPLASIA_ENAMEL_PRENATAL_INCLAVO	Hypoplasia of dental enamel, prenatal , including avohilmo	XI Diseases of the digestive system (K11_)	sex_shared	-0.0188766655035798	0.00434684464634025	0.0201	0.1078	156	-0.0232235101499201	-0.0877	0.0311883979159753	0.04	0.04	registry
K11_HYPO_ONLY	Tooth agenesis EXCLUDE clefts and syndromes	XI Diseases of the digestive system (K11_)	sex_shared	0.0138846156112593	-0.00217737286644094	-0.069	-0.0906	1576	0.0160619884777002	0.0216	0.315853817402022	0.55	0.55	registry
K11_IBD_STRICT	Inflammatory bowel disease, strict (require KELA)	XI Diseases of the digestive system (K11_)	sex_shared	-0.0195688326450372	-0.00895134047804219	-0.1119	-0.0095	11246	-0.010617492166995	-0.1024	2.24836360873755	0.9	0.9	registry
K11_IBD_STRICT_PSC	IBD (strict) with PSC	Gastrointestinal endpoints	sex_shared	0.00360256386857748	-0.0169248464791002	-0.0832	-0.065	370	0.0205274103476777	-0.0182	0.0766437494950834	0.02	0.02	registry
K11_IBS	Irritable bowel syndrome	XI Diseases of the digestive system (K11_)	sex_shared	0.0231838778056553	0.022101110725258	0.1562	0.2001	13914	0.0010827670803973	-0.0439	3.47539820710016	1.41	1.41	registry
K11_ILEUS	Paralytic ileus and intestinal obstruction	XI Diseases of the digestive system (K11_)	sex_shared	0.00168857099048358	0.0052167715518746	0.0902	0.2494	12738	-0.00352820056139102	-0.1592	3.19103364138073	1.55	1.55	registry
K11_IMPACT	Impaction of intestines	XI Diseases of the digestive system (K11_)	sex_shared	-0.0182020844755411	-0.00248258268301945	-0.0997	0.0224	257	-0.0157195017925216	-0.1221	0.0664597879493147	0.04	0.04	registry
K11_IMPACTED_TEETH	Impacted teeth	XI Diseases of the digestive system (K11_)	sex_shared	-0.011964618808579	0.00743984050777005	-0.094	0.1487	9994	-0.0194044593163491	-0.2427	1.99805672289908	1.47	1.47	registry
K11_INTESTOTH	Other diseases of intestines	XI Diseases of the digestive system (K11_)	sex_shared	0.0334147641570544	0.0227986539419278	0.1644	0.1472	113743	0.0106161102151266	0.0172	22.7401406676716	12.35	12.35	registry
K11_INTUSS	Intussusception	XI Diseases of the digestive system (K11_)	sex_shared	0.00310637539339396	0.0136135541239199	0.0643	0.025	818	-0.0105071787305259	0.0393	0.211227053589181	0.09	0.09	registry
K11_LICHEN_PLANUS_WIDE	Lichen ruber planus, wide definition including periferal and oral lichen planus	XI Diseases of the digestive system (K11_)	sex_shared	0.00803571853036327	0.0146446236355447	0.0847	0.0477	9526	-0.00660890510518143	0.037	1.90449152915116	0.76	0.76	registry
K11_LIP_ORAL_MUCOSA	Other diseases of lip and oral mucosa	XI Diseases of the digestive system (K11_)	sex_shared	0.0245477758061615	0.00285902723395127	0.2401	0.073	19369	0.0216887485722102	0.1671	3.87235948227259	0.62	0.62	registry
K11_LIVDISINOTH	Liver disorders in diseases classified elsewhere	XI Diseases of the digestive system (K11_)	sex_shared	-0.0126302980406548	0.0041775000085181			103	-0.0168077980491729		0.0212847737407887	0.01	0.01	registry
K11_LIVER	Diseases of liver	XI Diseases of the digestive system (K11_)	sex_shared	0.0148142565105855	0.00750532572444976	0.19	0.2092	16375	0.00730893078613574	-0.0192	3.27378215303907	2.17	2.17	registry
K11_MAJOR_ANOMALI_JAW_SIZE	Major anomalies of jaw size	XI Diseases of the digestive system (K11_)	sex_shared	0.020401693362406	0.00951274494855357	0.0548	-0.0017	1027	0.0108889484138524	0.0565	0.205323619613504	0.19	0.19	registry
K11_MALABSORB	Intestinal malabsorption	XI Diseases of the digestive system (K11_)	sex_shared	0.00937832346894255	0.00727954186631449			1811	0.00209878160262806		0.378581208909515	0.17	0.17	registry
K11_MANDIBULAR_HYPOPL	Mandibular hypoplasia	XI Diseases of the digestive system (K11_)	sex_shared	0.00109765022352217	0.0259970646171931	-0.0428	0.2745	240	-0.0248994143936709	-0.3173	0.0479821506399619	0.04	0.04	registry
K11_MAXIL_CANINE_FAILED_ERUPT_OBSTRUCTION_TOOTH	Impacted maxillary canine	XI Diseases of the digestive system (K11_)	sex_shared	0.000146417987643502	-0.00318623529558453	0.4687	0.1792	326	0.00333265328322803	0.2895	0.0651757546192816	0.16	0.16	registry
K11_MAXIL_CANINE_PALAT	Palatinal maxillary canine	XI Diseases of the digestive system (K11_)	sex_shared	-0.0122029413691629	0.0109947977931882			273	-0.0231977391623511		0.0545796963529567	0.12	0.12	registry
K11_MAXIL_HYPOPL	Maxillary  hypoplasia	XI Diseases of the digestive system (K11_)	sex_shared	0.00352838797961207	0.00436383086780553	0.3849	-0.0142	121	-0.00083544288819346	0.3991	0.0241910009476475	0.05	0.05	registry
K11_MAXIL_MOLAR_FAILED_ERUPT_OBSTRUCTION_TOOTH	Impacted maxillary molar	XI Diseases of the digestive system (K11_)	sex_shared	0.00943370272858484	0.0167713586969186	0.3795	0.2005	2652	-0.00733765596833376	0.179	0.530202764571579	0.36	0.36	registry
K11_MAXIL_PROGN	Maxillary prognathism	XI Diseases of the digestive system (K11_)	sex_shared	-0.00915556012689128	-0.0179135229576442	-0.1687	-0.0054	192	0.00875796283075292	-0.1633	0.0383857205119696	0.09	0.09	registry
K11_MESIAL_BITE	Mesial bite	XI Diseases of the digestive system (K11_)	sex_shared	-0.00656585189064663	-0.00418836288711333	-0.3468	-0.2143	364	-0.0023774890035333	-0.1325	0.0727729284706089	0.12	0.12	registry
K11_MIH	Molar incisor enamel hypoplasia	XI Diseases of the digestive system (K11_)	sex_shared	-0.00708729171962174	0.0153161023181398			1323	-0.0224033940377615		0.26450160540279	0.38	0.38	registry
K11_MIH_CARIES	Molar incisor enamel hypoplasia, with caries	XI Diseases of the digestive system (K11_)	sex_shared	-0.000274736219763955	0.00327918115620322	0.0794	0.1414	269	-0.00355391737596718	-0.062	0.0552042866436409	0.03	0.03	registry
K11_MISS_TEETH_ACCID_EXTR_PAROD	Missing teeth due to accident, extraction or parodontitis	XI Diseases of the digestive system (K11_)	sex_shared	0.0460216408703656	0.0219787122212123	0.3272	0.3109	29043	0.0240429286491533	0.0163	5.80644000431839	0.36	0.36	registry
K11_MN_PROGN	Mandibular prognathia	XI Diseases of the digestive system (K11_)	sex_shared	0.0156501890701918	-0.0152708009028269	0.6285	0.1355	572	0.0309209899730187	0.493	0.114357459025243	0.15	0.15	registry
K11_MN_PROGN_AND_SURGRT	Mandibular prognathia AND surgery (LeFortI or BSSO)	XI Diseases of the digestive system (K11_)	sex_shared	0.0117987222132164	0.00253453559159261	0.0665	0.2355	177	0.00926418662162379	-0.169	0.0354012036409238	0.02	0.02	registry
K11_MN_RETRGN	Mandibular retrognathia	XI Diseases of the digestive system (K11_)	sex_shared	-0.0169740078976875	0.00414152181258744	-0.1281	-0.022	2708	-0.0211155297102749	-0.1061	0.541398599720904	0.77	0.77	registry
K11_MN_RETRGN_AND_SURG	Mandibular retrognathia AND surgery (BSSO)	XI Diseases of the digestive system (K11_)	sex_shared	0.00402901233755228	-0.00271379369132949	-0.1968	0.0039	990	0.00674280602888177	-0.2007	0.197926371389843	0.1	0.1	registry
K11_OESITIS	Oesophagitis	XI Diseases of the digestive system (K11_)	sex_shared	0.00678473812223566	0.00760572692711832	0.4327	0.1102	2173	-0.00082098880488266	0.3225	0.514578947493056	0.26	0.26	registry
K11_OESITIS_ADVERSE	Oesophagitis, drug-induced	XI Diseases of the digestive system (K11_)	sex_shared	0.0126540472339588	-0.00555176869094155	0.3269	0.1914	79	0.0182058159249004	0.1355	0.0157941245856541		0.0105583437938406	case-count proxy
K11_OESOBST	Oesophageal obstruction	XI Diseases of the digestive system (K11_)	sex_shared	0.0285389499695459	0.0305621216355197			1350	-0.0020231716659738		0.320312055122146	0.15	0.15	registry
K11_OESSTODUO	Diseases of oesophagus, stomach and duodenum	XI Diseases of the digestive system (K11_)	sex_shared	0.0307408219010115	0.0173382504584808	0.2447	0.1929	80072	0.0134025714425307	0.0518	16.0084448585126	8.74	8.74	registry
K11_OESULC	Ulcer of oesophagus	XI Diseases of the digestive system (K11_)	sex_shared	-0.00450808197591234	0.0185089303489763	0.022	0.07	2750	-0.0230170123248886	-0.048	0.65032729198986	0.32	0.32	registry
K11_OESULC_ADVERSE	Ulcer of oesophagus, drug-induced	XI Diseases of the digestive system (K11_)	sex_shared	0.00176272691035547	0.00925937376918996	0.0487	-0.1046	169	-0.00749664685883449	0.1533	0.0337874310756399		0.021544059146472	case-count proxy
K11_OPEN_BITE	Open bite	XI Diseases of the digestive system (K11_)	sex_shared	-0.00487526651495458	-0.00746364259718044	-0.1602	-0.1326	2192	0.00258837608222586	-0.0276	0.438236975844986	0.49	0.49	registry
K11_OPEN_BITE_SURGERY	Open bite that required surgery (Lefort1 or BSSO)	XI Diseases of the digestive system (K11_)	sex_shared	-0.00437080152493285	-0.0168647384023966	-0.2572	-0.1678	369	0.0124939368774637	-0.0894	0.0737725566089415	0.03	0.03	registry
K11_ORAL	Diseases of oral cavity, salivary glands and jaws	XI Diseases of the digestive system (K11_)	sex_shared	0.0281800307237934	0.0282299190128632	0.3501	0.289	296147	-4.98882890698008e-05	0.0611000000000001	59.2073748565534	22.81	22.81	registry
K11_ORALCYST	Cysts of oral region, not elsewhere classified	XI Diseases of the digestive system (K11_)	sex_shared	-0.00507962646185812	0.000169464259999907	0.1566	0.1854	2307	-0.00524909072185803	-0.0288	0.461228423026634	0.2	0.2	registry
K11_ORAL_LEUCOPLACIA_INCLAVO	Oral leukoplakia, including avohilmo	XI Diseases of the digestive system (K11_)	sex_shared	0.00552676104317318	-0.00754938799993942	0.2044	0.0797	1009	0.0130761490431126	0.1247	0.201724958315507	0.08	0.08	registry
K11_ORAL_LEUCOPLAC_RELAT_INCLAVO	Oral leukoplakia and other epithelial disorders of tongue and oral cavity , including avohilmo	XI Diseases of the digestive system (K11_)	sex_shared	0.014458874432312	0.00790589918303896	0.236	-0.0038	3521	0.00655297524927304	0.2398	0.703938135013775	0.26	0.26	registry
K11_ORAL_LICHEN_PLANUS	Oral lichen planus	XI Diseases of the digestive system (K11_)	sex_shared	0.00232138097121958	-0.00422773872808864	0.179	0.0262	920	0.00654911969930822	0.1528	0.183931577453187	0.06	0.06	registry
K11_ORAL_LICHEN_PLANUS_INCLAVO	Oral lichen planus, including  avohilmo , including avohilmo	XI Diseases of the digestive system (K11_)	sex_shared	0.00286668011242354	0.00792084626896943	0.0239	0.0083	2491	-0.00505416615654589	0.0156	0.498014738517272		0.268648948466673	case-count proxy
K11_OTHABDHER	Other and unspecified abdominal hernia	XI Diseases of the digestive system (K11_)	sex_shared	-0.00916776853709372	-0.0207780522165824	0.0257	0.0443	1555	0.0116102836794887	-0.0186	0.365958989058885	0.16	0.16	registry
K11_OTHANRECT	Other diseases of anus and rectum	XI Diseases of the digestive system (K11_)	sex_shared	0.0236265069498068	0.0206551763991282	0.1614	0.1082	15109	0.0029713305506786	0.0532	3.76265091445193	1.49	1.49	registry
K11_OTHAPPEND	Other diseases of appendix	XI Diseases of the digestive system (K11_)	sex_shared	0.0133968465432595	-0.0128905834037604			428	0.0262874299470199		0.0934801933380074	0.05	0.05	registry
K11_OTHDIG	Diseases of the digestive system	XI Diseases of the digestive system (K11_)	sex_shared	0.00039164908775523	0.0150893991696479	0.1021	0.0888	23632	-0.0146977500818927	0.0133	4.72464243301492	2.98	2.98	registry
K11_OTHDISDIG	Other diseases of the digestive system	XI Diseases of the digestive system (K11_)	sex_shared	0.00673115574963572	0.00468746537650347	0.2713	0.1049	15569	0.00204369037313225	0.1664	3.16363998431287	2.02	2.02	registry
K11_OTHDISOES	Other diseases of oesophagus	XI Diseases of the digestive system (K11_)	sex_shared	0.0244754250000269	0.00958400591550505	0.2919	0.2479	4091	0.0148914190845219	0.044	0.964392216027628	0.52	0.52	registry
K11_OTHDISSTOMDUOD	Other diseases of stomach and duodenum	XI Diseases of the digestive system (K11_)	sex_shared	-0.00362245099204457	-0.00287390633190291	-0.202	0.174	2609	-0.00074854466014166	-0.376	0.617189033953677	0.29	0.29	registry
K11_OTHENTERCOL	Other noninfective gastroenteritis and colitis	XI Diseases of the digestive system (K11_)	sex_shared	0.0168611033723533	0.0135865747552074	0.0741	0.0077	11893	0.0032745286171459	0.0664	2.4405359205928	1.7	1.7	registry
K11_OTHFUNC	Other functional intestinal disorders	XI Diseases of the digestive system (K11_)	sex_shared	0.0189434839094199	0.0265623526280373	0.2234	0.2263	24886	-0.0076188687186174	-0.00290000000000001	6.0501447746208	3.41	3.41	registry
K11_OTHGASTR	Other gastritis (incl. Duodenitis)	XI Diseases of the digestive system (K11_)	sex_shared	0.0188859067991683	0.018317108856759	0.4523	0.3343	10467	0.000568797942409299	0.118	2.43090150285312	1.18	1.18	registry
K11_OTHILEUS	Other or unspecified ileus, impaction or obstruction	XI Diseases of the digestive system (K11_)	sex_shared	-0.00172351742391937	0.000252380868473875	0.0676	0.2206	8753	-0.00197589829239325	-0.153	2.21485035273636	1.08	1.08	registry
K11_OTHINFLIV	Other inflammatory liver diseases	XI Diseases of the digestive system (K11_)	sex_shared	-0.0138981228286023	-0.00334484468928803	0.0229	0.2407	2594	-0.0105532781393143	-0.2178	0.533300438934633	0.27	0.27	registry
K11_OTHINT	Other diseases of intestine	XI Diseases of the digestive system (K11_)	sex_shared	0.0132974868693399	0.0140452377298567	0.0824	0.0039	6254	-0.0007477508605168	0.0785	1.5925764648062	0.5	0.5	registry
K11_OTHPERITON	Other diseases of peritoneum	XI Diseases of the digestive system (K11_)	sex_shared	0.0174426030518204	0.0123417977239817	0.4547	0.0139	1688	0.0051008053278387	0.4408	0.33917240326152	0.23	0.23	registry
K11_OVERJET	Overjet	XI Diseases of the digestive system (K11_)	sex_shared	-0.0237512273220008	0.000939422982975995	-0.0036	0.1334	930	-0.0246906503049768	-0.137	0.185930833729853	0.57	0.57	registry
K11_PANCOTH	Other diseases of pancreas	XI Diseases of the digestive system (K11_)	sex_shared	-0.00403876460235385	0.0125649724236506	0.0495	0.2905	3243	-0.0166037370260044	-0.241	0.741772568824966	0.28	0.28	registry
K11_PARALIL	Paralytic ileus	XI Diseases of the digestive system (K11_)	sex_shared	-0.0146540340296989	-0.0110089302988347			1515	-0.0036451037308642		0.390506188814253	0.21	0.21	registry
K11_PARODON_PERIAPIC_CHRONIC	Chronic apical periodontitis	XI Diseases of the digestive system (K11_)	sex_shared	0.0337517990013259	0.028542107957943	0.3753	0.2538	83192	0.0052096910433829	0.1215	16.6322128168321		7.21413365253247	case-count proxy
K11_PERFOES	Perforation of oesophagus	XI Diseases of the digestive system (K11_)	sex_shared	0.00646283143623875	-0.00506344144808596			180	0.0115262728843247		0.0428271638424531	0.02	0.02	registry
K11_PERIAPICAL_ABSCESS	Periapical abscess	XI Diseases of the digestive system (K11_)	sex_shared	0.0352385073837342	0.0413962936738824	0.4388	0.2619	22640	-0.0061577862901482	0.1769	4.52631621036974		2.12868001393871	case-count proxy
K11_PERIODONTOSIS	Aggressive periodontitis	XI Diseases of the digestive system (K11_)	sex_shared	0.00111928146259434	0.00845920356239423	0.3175	0.173	730	-0.00733992209979989	0.1445	0.145945708196551		0.0849702727120755	case-count proxy
K11_PERIODON_CHRON_COMPL	Chronic periodontitis, complicated	XI Diseases of the digestive system (K11_)	sex_shared	0.0444954104566921	0.0264924295594461	0.3507	0.2003	26311	0.018002980897246	0.1504	5.26024318953349		2.45083968609063	case-count proxy
K11_PERIODON_CHRON_INCLAVO	Chronic periodontitis, including avohilmo	XI Diseases of the digestive system (K11_)	sex_shared	0.0598959959323036	0.0345419963868383	0.3647	0.2393	54916	0.0253539995454653	0.1254	10.979115768934		4.88667576381736	case-count proxy
K11_PERITON	Diseases of peritoneum	XI Diseases of the digestive system (K11_)	sex_shared	0.00830028818342409	0.00586423395787301			4192	0.00243605422555108		0.838088231178002	0.56	0.56	registry
K11_PERITONITIS	Acute peritonitis	XI Diseases of the digestive system (K11_)	sex_shared	-0.000850692723387113	0.00196334583882065			2523	-0.00281403856220776		0.506101095850292	0.35	0.35	registry
K11_POSTOPDIS	Postprocedural disorders of digestive system, not elsewhere classified	XI Diseases of the digestive system (K11_)	sex_shared	-0.00907628094128355	0.0232735661863244			1213	-0.032349847127608		0.253889448203832	0.1	0.1	registry
K11_PSC_COLITIS_STRICT	Colitis, primary sclerosing, strict definition	XI Diseases of the digestive system (K11_)	sex_shared	-0.00264711669921972	-0.00982184626419233	-0.1777	0.0421	400	0.00717472956497261	-0.2198	0.0803108028068626	0.02	0.02	registry
K11_PULC	Peptic ulcer	XI Diseases of the digestive system (K11_)	sex_shared	0.00920521050746664	-0.0125248148283457	0.1794	0.0063	371	0.0217300253358123	0.1731	0.0882314470195132	0.06	0.06	registry
K11_PULPITIS	Dental pulpitis, including avohilmo	XI Diseases of the digestive system (K11_)	sex_shared	0.0660694478354704	0.0411178169321216	0.3891	0.2742	54958	0.0249516309033488	0.1149	10.987512645296		4.89018073001026	case-count proxy
K11_PULP_NECROSIS	Necrosis of pulp, including avohilmo	XI Diseases of the digestive system (K11_)	sex_shared	0.0270349782431437	0.0596529622706278	0.3905	0.2356	30883	-0.0326179840274841	0.1549	6.17430315922477		2.8482101442454	case-count proxy
K11_PULP_PERIAPICAL_INCLAVO	Diseases of pulp and periapical tissues, including avohilmo	XI Diseases of the digestive system (K11_)	sex_shared	0.0523771628117818	0.0474355416645437	0.4137	0.2817	139547	0.0049416211472381	0.132	27.8990215639782		11.7181832775842	case-count proxy
K11_REFLUX	Gastro-oesophageal reflux disease	Interstitial lung disease endpoints	sex_shared	0.0221184057113096	0.0293428397475372	0.1966	0.1546	37811	-0.0072244340362276	0.042	8.25702898946334	3.45	3.45	registry
K11_REIMB_202	Reimbursement for rheumatic diseases	Gastrointestinal endpoints	sex_shared	0.00953220807674056	-0.0106937381086009	0.0976	0.0667	30202	0.0202259461853415	0.0309	6.03815380678388	2.83	2.83	registry
K11_RESORPTION	Pathological resorption of teeth	XI Diseases of the digestive system (K11_)	sex_shared	-0.0116957142308283	0.0153982041932369	-0.0323	-0.0753	1304	-0.0270939184240652	0.043	0.260703018477127	0.11	0.11	registry
K11_RETROG_MAXILLAE	Maxillary retrognathism	XI Diseases of the digestive system (K11_)	sex_shared	0.00375038785673121	-0.0110142647637854	0.1081	-0.0941	689	0.0147646526205166	0.2022	0.137748757462224	0.17	0.17	registry
K11_SALIVARY	Diseases of salivary glands	XI Diseases of the digestive system (K11_)	sex_shared	-0.0029545688900061	-0.00946427879586546	-0.0425	0.0855	15307	0.00650970990585936	-0.128	3.06026158269124	0.95	0.95	registry
K11_SCISS_BITE	Scissor bite	XI Diseases of the digestive system (K11_)	sex_shared	-0.00569348448062473	-0.0207935874859397	-0.1272	-0.1541	1048	0.015100103005315	0.0269	0.2095220577945	0.47	0.47	registry
K11_STOMATITIS	Stomatitis and related lesions	XI Diseases of the digestive system (K11_)	sex_shared	0.0103346765360776	0.0177595637949921	0.0515	0.108	8714	-0.0074248872589145	-0.0565	1.74215191948595	0.44	0.44	registry
K11_SUPNUM_ONLY	Supernumerary teeth EXCLUDE clefts and syndromes	XI Diseases of the digestive system (K11_)	sex_shared	0.00668788546896111	0.00363226486689801	-0.0362	0.0769	157	0.0030556206020631	-0.1131	0.0313883235436418	0.05	0.05	registry
K11_SUPNUM_ONLY_INCLAVO	Supernumerary teeth EXCLUDE clefts and syndromes, including avohilmo	XI Diseases of the digestive system (K11_)	sex_shared	0.00225465191375327	0.0191900301187338	-0.239	0.1547	366	-0.0169353782049805	-0.3937	0.0732402821551854	0.15	0.15	registry
K11_TOXLIV	Toxic liver disease	XI Diseases of the digestive system (K11_)	sex_shared	-0.00458994576820623	-0.0125770952437116	-0.1295	0.0411	566	0.00798714947550537	-0.1706	0.116851130421139	0.05	0.05	registry
K11_UC_STRICT2	Ulcerative colitis (strict definition, require KELA, min 2 HDR)	XI Diseases of the digestive system (K11_)	sex_shared	-0.0208768464999309	-0.00322545850228719	-0.1245	0.0186	7447	-0.0176513879976437	-0.1431	1.49158666605243	0.59	0.59	registry
K11_UC_STRICT_PSC	Ulcerative colitis (strict) with PSC	Gastrointestinal endpoints	sex_shared	-0.00413563558258724	-0.0180216840315518	-0.12	-0.0348	297	0.0138860484489646	-0.0852	0.0615314494074749	0.01	0.01	registry
K11_UMBHER	Umbilical hernia	XI Diseases of the digestive system (K11_)	sex_shared	0.0197614700824234	0.0335803451875915	0.1316	0.1362	12782	-0.0138188751051681	-0.00459999999999999	2.93072376174514	1.36	1.36	registry
K11_VASCINT	Vascular disorders of the intestines	XI Diseases of the digestive system (K11_)	sex_shared	0.0375212276720492	0.00397076212544972	0.1004	0.172	2835	0.0335504655465995	-0.0716	0.728271312532432	0.33	0.33	registry
K11_VENTHER	Ventral hernia	XI Diseases of the digestive system (K11_)	sex_shared	0.0251451217300344	0.0176597506369535	0.1807	0.1101	11113	0.0074853710930809	0.0706	2.55783496636124	1.12	1.12	registry
K11_VOLVU	Volvulus	XI Diseases of the digestive system (K11_)	sex_shared	-0.00619580600224853	-0.0143960919085314			1062	0.00820028590628287		0.274060979858324	0.14	0.14	registry
KELA_DIAB_INSUL_EXMORE	Diabetes, insulin treatment (Kela reimbursement) (more control exclusions)	Diabetes endpoints	sex_shared	0.0158376387251845	0.0146856160070038	0.0827	0.0807	80321	0.0011520227181807	0.002	16.8525982513968	8.46	8.46	registry
KRA_PSY_ALCOH_EXMORE	Alcohol abuse, main dg (more control exclusions)	Psychiatric endpoints from Katri Räikkönen	sex_shared	0.0444275858639555	0.0404356162074081	0.2537	0.2128	7018	0.0039919696565474	0.0409	1.93699387823821	1.39	1.39	registry
KRA_PSY_ANXIETY_EXMORE	Anxiety disorders (more control exclusions)	Psychiatric endpoints from Katri Räikkönen	sex_shared	0.053329804004595	0.0413266778045397	0.1247	0.1929	59087	0.0120031262000553	-0.0682	14.2590308965377	7.84	7.84	registry
KRA_PSY_ANYMENTAL	Any mental disorder	Psychiatric endpoints from Katri Räikkönen	sex_shared	0.0399011678628866	0.0639983840727545	0.1497	0.2351	144890	-0.0240972162098679	-0.0854	28.9672241926004	24.51	24.51	registry
KRA_PSY_ANYMENTAL_SUICID_PREG_NERV_EXMORE	Any mental disorder, or suicide (or attempt), or psychic disorders complicating pregnancy, partum or puerperium or nerve system disorders (more control exclusions)	Psychiatric endpoints from Katri Räikkönen	fertility_bound	0.0108223101777441	0.0577723575530432	0.2113	0.3068	14755	-0.0469500473752991	-0.0955	3.99805990451262	2.19	2.19	registry
KRA_PSY_AUTISM_EXMORE	Autism spe (more control exclusions)	Psychiatric endpoints from Katri Räikkönen	sex_shared	0.00946144764845205	0.0076756417499787	-0.2829	0.0524	1025	0.00178580589847335	-0.3353	0.287661967720118	0.33	0.33	registry
KRA_PSY_BEHAV_EXMORE	Behavioural disorders (more control exclusions)	Psychiatric endpoints from Katri Räikkönen	sex_shared	0.0276662431846779	0.0232772449842587	0.2259	0.2363	831	0.0043889982004192	-0.0104	0.233343722885375	0.35	0.35	registry
KRA_PSY_CHILDEMOT_EXMORE	Emotional disorders starting during childhood or adolescence (more control exclusions)	Psychiatric endpoints from Katri Räikkönen	sex_shared	0.00546862118252298	0.00901856885978267	0.1241	0.2031	2085	-0.00354994767725969	-0.079	0.583410981557497	0.66	0.66	registry
KRA_PSY_CHILDOTH_EXMORE	Other disorders starting during childhood or adolescence (more control exclusions)	Psychiatric endpoints from Katri Räikkönen	sex_shared	0.00739268643554845	0.0164497006499514	0.0726	0.4243	2144	-0.00905701421440295	-0.3517	0.599820948970457		0.319847962145936	case-count proxy
KRA_PSY_CHILDSOC_EXMORE	Social disorders starting during childhood or adolescence (more control exclusions)	Psychiatric endpoints from Katri Räikkönen	sex_shared	-0.0172721981842206	0.0101715865847574			291	-0.027443784768978		0.0818365125834184	0.14	0.14	registry
KRA_PSY_CODUCTEMOT_EXMORE	Mixed disorders of conduct and emotions (more control exclusions)	Psychiatric endpoints from Katri Räikkönen	sex_shared	0.0405916059703177	0.0307224541538582	0.2684	0.273	936	0.0098691518164595	-0.00459999999999999	0.262750117900694	0.43	0.43	registry
KRA_PSY_DEMENTIA_EXMORE	Any dementia (more control exclusions)	Psychiatric endpoints from Katri Räikkönen	sex_shared	-0.0101660862010672	0.0376530929421399	0.053	0.0877	24521	-0.0478191791432071	-0.0347	6.45600381236227	5.73	5.73	registry
KRA_PSY_DEVWIDE_EXMORE	Wide developmental disorders (more control exclusions)	Psychiatric endpoints from Katri Räikkönen	sex_shared	0.0124202376893483	0.00847662779198977	-0.353	0.0898	1350	0.00394360989735853	-0.4428	0.378526606214566	0.49	0.49	registry
KRA_PSY_EATING_EXMORE	Eating disorder (more control exclusions)	Psychiatric endpoints from Katri Räikkönen	sex_shared	-0.0108008014013348	-0.00104945991372183	0.1506	0.2074	4042	-0.00975134148761297	-0.0568	1.12484624503949	0.82	0.82	registry
KRA_PSY_HYPERKIN_EXMORE	Hyperkinetic disorders (more control exclusions)	Psychiatric endpoints from Katri Räikkönen	sex_shared	0.0195001273820691	0.0420042505517953	0.2138	0.2354	5849	-0.0225041231697262	-0.0216	1.61957108640574	1.34	1.34	registry
KRA_PSY_MENTALRET_EXMORE	Mental retardation (more control exclusions)	Psychiatric endpoints from Katri Räikkönen	sex_shared	0.0172828358719207	0.0120636746664701	0.0413	0.0847	1465	0.0052191612054506	-0.0434	0.410710430923552	0.61	0.61	registry
KRA_PSY_MOTOR_EXMORE	Motor disorders (more control exclusions)	Psychiatric endpoints from Katri Räikkönen	sex_shared	-0.0213731238293794	0.0197521880528362	-0.1671	-0.0551	572	-0.0411253118822156	-0.112	0.160733755212607	0.33	0.33	registry
KRA_PSY_PERSON_EXMORE	Personality disorders (more control exclusions)	Psychiatric endpoints from Katri Räikkönen	sex_shared	0.0289607024905588	0.0547604267107434	0.1086	0.2308	13431	-0.0257997242201846	-0.1222	3.64257179508737	1.66	1.66	registry
KRA_PSY_PUERPER_EXMORE	Mental and behavioural disorders of puerperium, not classified elsewhere (more control exclusions)	Psychiatric endpoints from Katri Räikkönen	fertility_bound	-0.00103241423682292	-0.0059075636514554	-0.108	0.0186	413	0.00487514941463248	-0.1266	0.208772488537733	0.07	0.07	registry
KRA_PSY_SCHIZODEL_EXMORE	Schizophrenia or delusion (more control exclusions)	Psychiatric endpoints from Katri Räikkönen	sex_shared	0.00547355832565144	0.021692167835214	0.025	0.0991	15813	-0.0162186095095626	-0.0741	4.26101226324341	2.42	2.42	registry
KRA_PSY_SLEEP_NONORG_EXMORE	Nonorganic sleeping disorders (more control exclusions)	Psychiatric endpoints from Katri Räikkönen	sex_shared	0.00884495962015692	0.0267500106828425	0.0689	0.1465	9491	-0.0179050510626856	-0.0776	2.60179227878186	0.94	0.94	registry
KRA_PSY_SPEELING_EXMORE	Speech and linguistic disorders (more control exclusions)	Psychiatric endpoints from Katri Räikkönen	sex_shared	-0.00520351352728379	0.0159165413398702	0.2012	0.1929	3950	-0.021120054867154	0.0083	1.09952511649399	1.53	1.53	registry
KRA_PSY_SUBSTANCE_EXMORE	Substance abuse (more control exclusions)	Psychiatric endpoints from Katri Räikkönen	sex_shared	0.051810287404895	0.0560150983106594	0.2587	0.272	32033	-0.0042048109057644	-0.0133	8.27023021772189	6.58	6.58	registry
KRA_PSY_TIC	Tic and related disorders	Psychiatric endpoints from Katri Räikkönen	sex_shared	0.0153856185976174	-0.00693806279843597	0.2864	0.0035	499	0.0223236813960534	0.2829	0.0997628882055875	0.2	0.2	registry
KRA_PSY_TIC_EXMORE	Tic and related disorders (more control exclusions)	Psychiatric endpoints from Katri Räikkönen	sex_shared	0.0203799425318655	-4.96945477849617e-05	0.2959	0.0181	499	0.0204296370796505	0.2778	0.140249300861451	0.2	0.2	registry
L12_ABSCESS_CUT	Cutaneous abscess, furuncle and carbuncle	XII Diseases of the skin and subcutaneous tissue (L12_)	sex_shared	0.0398746310476759	0.0239551943424767	0.3193	0.194	12480	0.0159194367051992	0.1253	2.5951449163856	1.43	1.43	registry
L12_ACANTHNIGRICANS	Acanthosis nigricans	XII Diseases of the skin and subcutaneous tissue (L12_)	sex_shared	-0.0198366047037492	-0.00151428247003571			117	-0.0183223222337135		0.0252728714086062	0.02	0.02	registry
L12_ACANTHOLYTIC	Other acantholytic disorders	XII Diseases of the skin and subcutaneous tissue (L12_)	sex_shared	-0.00658347451921341	0.00437814010137591	-0.2631	0.0159	92	-0.0109616146205893	-0.279	0.0184724860352021	0.01	0.01	registry
L12_ACNE	Acne	XII Diseases of the skin and subcutaneous tissue (L12_)	sex_shared	-0.00294805024068539	0.00419001264614211	0.0051	0.011	4812	-0.0071380628868275	-0.0059	1.00311022538711	0.74	0.74	registry
L12_ACNEKELOID	Acne keloid	XII Diseases of the skin and subcutaneous tissue (L12_)	sex_shared	0.0354648594788591	0.0119996790030441	0.0882	0.0832	57	0.023465180475815	0.005	0.0120011874859197	0.01	0.01	registry
L12_ACNE_CONGLOBLATA	Acne conglobata	XII Diseases of the skin and subcutaneous tissue (L12_)	sex_shared	0.0193036001447726	-0.00978519735855197	0.2755	-0.0819	200	0.0290887975033246	0.3574	0.0420967551821106	0.04	0.04	registry
L12_ACNE_NAS	Other  and unspecified acne	XII Diseases of the skin and subcutaneous tissue (L12_)	sex_shared	-0.00586436057720191	-0.000975048503912498			541	-0.00488931207328941		0.113790049996109	0.06	0.06	registry
L12_ACNE_VARIOLIFORMIS	Acne varioliformis	XII Diseases of the skin and subcutaneous tissue (L12_)	sex_shared	0.00944841880300642	0.00192634809568014			91	0.00752207070732628		0.019158419072522	0.01	0.01	registry
L12_ACQKERAT	Acquired keratosis [keratoderma] palmaris et plantaris	XII Diseases of the skin and subcutaneous tissue (L12_)	sex_shared	0.00451536338631293	-0.00231429293771986	-0.0551	-0.1535	154	0.00682965632403279	0.0984	0.0332624885525202	0.02	0.02	registry
L12_ACRODERMATITIS	Acrodermatitis chronica atrophicans	XII Diseases of the skin and subcutaneous tissue (L12_)	sex_shared	-0.00706553204353976	0.0174496241136463	-0.0488	0.0474	53	-0.0245151561571861	-0.0962	0.011449977640138	0.01	0.01	registry
L12_ACTINKERA	Actinic keratosis	XII Diseases of the skin and subcutaneous tissue (L12_)	sex_shared	-0.00377036903026224	-0.00851346479529049	2e-04	-0.0628	17065	0.00474309576502825	0.063	3.42421773730742	1.42	1.42	registry
L12_ALLERGICCONTACT	Allergic contact dermatitis	XII Diseases of the skin and subcutaneous tissue (L12_)	sex_shared	0.0199361079344887	-0.00609244970278334	0.0791	0.0792	6159	0.026028557637272	-0.000100000000000003	1.41920944572716	0.73	0.73	registry
L12_ALOPECANDRO	Androgenic alopecia	XII Diseases of the skin and subcutaneous tissue (L12_)	sex_shared	-0.00773277078971589	-0.00858696653306606	0.2454	0.0481	313	0.00085419574335017	0.1973	0.117489405308419	0.05	0.05	registry
L12_ALOPECAREATA	Alopecia areata	XII Diseases of the skin and subcutaneous tissue (L12_)	sex_shared	-0.0231597939835448	-0.0153681234788167	0.1565	0.015	994	-0.0077916705047281	0.1415	0.208871798104604	0.12	0.12	registry
L12_ALOPECIA_UNIVERSALIS	Alopecia universalis	XII Diseases of the skin and subcutaneous tissue (L12_)	sex_shared	-0.00301875039989129	-0.012522571230354			95	0.00950382083046271		0.0189929346283183		0.0125520242710739	case-count proxy
L12_APOCRINESWEAT	Apocrine sweat disorders, other sweat gland disorders	XII Diseases of the skin and subcutaneous tissue (L12_)	sex_shared	-0.0167966572053975	0.00779925734386771	0.0609	-0.051	147	-0.0245959145492652	0.1119	0.0309445671233973	0.02	0.02	registry
L12_ATOPIC	Atopic dermatitis	XII Diseases of the skin and subcutaneous tissue (L12_)	sex_shared	0.0147707366608688	-0.00938574293849508	0.0459	0.0094	34368	0.0241564795993639	0.0365	7.43601560420872		3.39082256633034	case-count proxy
L12_ATROPHICSKIN	Atrophic disorders of skin	XII Diseases of the skin and subcutaneous tissue (L12_)	sex_shared	-0.026277821328434	0.00509680257944132	0.0392	-0.0534	6303	-0.0313746239078753	0.0926	1.34354223642336	0.67	0.67	registry
L12_ATROPHICSKINNAS	Other and unspecified atrophic disorders of skin	XII Diseases of the skin and subcutaneous tissue (L12_)	sex_shared	-0.00668457562510163	-0.0133957991408953	0.3373	-0.02	163	0.00671122351579367	0.3573	0.0352057158531555	0.02	0.02	registry
L12_BULLOTH	Other bullous disorders	XII Diseases of the skin and subcutaneous tissue (L12_)	sex_shared	-0.00362611924287508	-0.0213095525522035	0.0284	0.1038	1017	0.0176834333093284	-0.0754	0.203822728338574	0.11	0.11	registry
L12_BULLOUS	Bullous disorders	XII Diseases of the skin and subcutaneous tissue (L12_)	sex_shared	-0.000989598494324501	-0.0181327255486652	-0.0772	0.0253	2240	0.0171431270543407	-0.1025	0.447833405972978	0.25	0.25	registry
L12_CALCINOSISCUTIS	Calcinosis cutis	XII Diseases of the skin and subcutaneous tissue (L12_)	sex_shared	-0.0149108192048846	-0.00333828317375091		-0.086	65	-0.0115725360311337		0.0140420613746098		0.00945594906705209	case-count proxy
L12_CELLULITIS	Cellulitis	XII Diseases of the skin and subcutaneous tissue (L12_)	sex_shared	0.0389108988022849	-0.0168044376499387	0.4047	-0.0022	10223	0.0557153364522236	0.4069	2.13583876015636	1.23	1.23	registry
L12_CHLOASMA	Chloasma	XII Diseases of the skin and subcutaneous tissue (L12_)	sex_shared	-0.00168544604841256	-0.00179735872746752	-0.1276	-0.061	148	0.00011191267905496	-0.0666	0.0319669617130836	0.02	0.02	registry
L12_CHRONICULCEROFSKIN	Chronic ulcer of skin, not elsewhere classified	XII Diseases of the skin and subcutaneous tissue (L12_)	sex_shared	0.0162169924848751	0.00485885196351884	0.0838	0.0415	2752	0.0113581405213563	0.0423	0.591088143441972	0.34	0.34	registry
L12_CORNSANDCALLOS	Corns and callosities	XII Diseases of the skin and subcutaneous tissue (L12_)	sex_shared	0.0134072814670915	0.015079182662716	0.2368	0.2637	2644	-0.0016719011956245	-0.0269	0.568023133408096	0.26	0.26	registry
L12_CUTLAXSEN	Cutis laxa senilis	XII Diseases of the skin and subcutaneous tissue (L12_)	sex_shared	-6.71571758731882e-05	0.0155959543233403	0.4774	0.1038	266	-0.0156631114992135	0.3736	0.0552368018307054	0.03	0.03	registry
L12_CUT_AUTOSENS	Cutaneous autosensitization	XII Diseases of the skin and subcutaneous tissue (L12_)	sex_shared	0.00893882323653455	0.000369340192457083	-0.0959	-0.1089	51	0.00856948304407747	0.013	0.0119196196940164		0.00810886855338583	case-count proxy
L12_DECUBITANSULCERANDPRESSURE	Decubitus ulcer and pressure area	XII Diseases of the skin and subcutaneous tissue (L12_)	sex_shared	0.00202673097766418	-0.0011692494846531	0.0915	0.1129	2463	0.00319598046231728	-0.0214	0.529343875794392	0.41	0.41	registry
L12_DERMATHERP	Dermatitis herpetiformis	XII Diseases of the skin and subcutaneous tissue (L12_)	sex_shared	-0.00361426050874321	-0.0174964156368471	0.0704	0.0842	661	0.0138821551281039	-0.0138	0.132569338176159	0.07	0.07	registry
L12_DERMATITISECZEMA	Dermatitis and eczema	XII Diseases of the skin and subcutaneous tissue (L12_)	sex_shared	0.0327312694150506	-0.0146124267261466	0.0953	0.0507	72371	0.0473436961411972	0.0446	14.4688175998529		6.33036475552279	case-count proxy
L12_DERMATITISNAS	Dermatitis	XII Diseases of the skin and subcutaneous tissue (L12_)	sex_shared	0.0423645270659783	-0.00707709004147647	0.1144	0.0892	33153	0.0494416171074548	0.0252	7.19203936064976	3.33	3.33	registry
L12_DERM_NUMMULAR	Nummular dermatitis	XII Diseases of the skin and subcutaneous tissue (L12_)	sex_shared	0.0279615414919721	-0.0233739729234863	0.2407	0.0513	3265	0.0513355144154584	0.1894	0.75740001855804	0.34	0.34	registry
L12_DIAPER	Diaper [napkin] dermatitis	XII Diseases of the skin and subcutaneous tissue (L12_)	sex_shared	-0.00225596093808589	0.0219582777201177	0.0126	-0.0224	54	-0.0242142386582036	0.035	0.012620685303212	0.03	0.03	registry
L12_DISORDSKINAPPENDIX	Disorders of skin appendages	XII Diseases of the skin and subcutaneous tissue (L12_)	sex_shared	0.0180348724236428	0.0015386937176075	0.1736	0.0694	25290	0.0164961787060353	0.1042	5.05611912368599	2.73	2.73	registry
L12_DYSHIDROSIS	Dyshidrosis [pompholyx]	XII Diseases of the skin and subcutaneous tissue (L12_)	sex_shared	0.00877885292485835	0.000674601104960866	-0.1599	0.1022	602	0.00810425181989748	-0.2621	0.140517299733671	0.05	0.05	registry
L12_ECCRINESWEAT	Eccrine sweat disorders	XII Diseases of the skin and subcutaneous tissue (L12_)	sex_shared	0.0164066154514475	-0.0016855118468741			89	0.0180921272983216		0.0187374338136994	0.01	0.01	registry
L12_EPIDERMALTHICKOTH	Other epidermal thickening	XII Diseases of the skin and subcutaneous tissue (L12_)	sex_shared	0.00390352470150699	-0.0025149739580551	0.2284	0.0705	1673	0.00641849865956209	0.1579	0.360169902024314	0.16	0.16	registry
L12_EPIDERMTHICKNAS	Other and unspecified epidermal thickening	XII Diseases of the skin and subcutaneous tissue (L12_)	sex_shared	-0.00493789693551405	0.00706637557436542	0.1172	0.1471	991	-0.0120042725098795	-0.0299	0.213660011081861	0.1	0.1	registry
L12_ERTYTH_TOXIC	Toxic erythema	XII Diseases of the skin and subcutaneous tissue (L12_)	sex_shared	-0.0168316663591286	-0.0101788014964564	0.1866	-0.0546	65	-0.0066528648626722	0.2412	0.0134844420656506	0.01	0.01	registry
L12_ERYTHEMAMULTIF	Erythema multiforme	XII Diseases of the skin and subcutaneous tissue (L12_)	sex_shared	0.0259825653025542	-0.00443203555371768	-0.1573	0.0792	863	0.0304146008562719	-0.2365	0.178736007124587	0.1	0.1	registry
L12_ERYTHEMANODOSUM	Erythema nodosum	XII Diseases of the skin and subcutaneous tissue (L12_)	sex_shared	-0.000606039489848398	-0.00769030185230296	0.0267	0.0231	1117	0.00708426236245456	0.0036	0.231220334141328	0.16	0.16	registry
L12_ERYTHEMATOUSOTH	Other erythematous conditions	XII Diseases of the skin and subcutaneous tissue (L12_)	sex_shared	0.00598857562726902	0.000243079579266356			1314	0.00574549604800266		0.271888695306713	0.15	0.15	registry
L12_ERYTHINOTH	Erythema in diseases classified elsewhere	XII Diseases of the skin and subcutaneous tissue (L12_)	sex_shared	0.00715253817599576	0.000884084304066504	-0.0259	-0.0845	76	0.00626845387192926	0.0586	0.0157660647902284	0.01	0.01	registry
L12_ERYTHRASMA	Erythrasma	XII Diseases of the skin and subcutaneous tissue (L12_)	sex_shared	0.0133086654858131	0.0125202663363571	0.0954	-0.0806	77	0.000788399149456	0.176	0.0164356076372213	0.01	0.01	registry
L12_ERYTHRO_KELA	Universal erythroderma, KELA reimbursement	XII Diseases of the skin and subcutaneous tissue (L12_)	sex_shared	0.0235214897699409	0.00123933090889965	0.2545	-0.0038	517	0.0222821588610412	0.2583	0.107152701926883	0.05	0.05	registry
L12_ERYTH_ANNULCENTRIFUG	Erythema annulare centrifugum	XII Diseases of the skin and subcutaneous tissue (L12_)	sex_shared	0.000334765678088903	-0.0216021410885859	0.3043	-0.4721	61	0.0219369067666748	0.7764	0.0126547352567148	0.01	0.01	registry
L12_ERYT_INTERTRIG	Erythema intertrigo	XII Diseases of the skin and subcutaneous tissue (L12_)	sex_shared	0.0209983694139811	0.00100285806068187	0.1862	0.123	861	0.0199955113532992	0.0632	0.200850992357865	0.08	0.08	registry
L12_EXFOLIATIVE	Exfoliative dermatitis	XII Diseases of the skin and subcutaneous tissue (L12_)	sex_shared	-0.00445927612277952	0.000236931893105042	0.0096	-0.1487	399	-0.00469620801588456	0.1583	0.0931777102103154	0.05	0.05	registry
L12_FACTITIALDERMAT	Factitial dermatitis	XII Diseases of the skin and subcutaneous tissue (L12_)	sex_shared	0.0145759118470474	0.0144902520147432	0.4577	0.1746	185	8.56598323041996e-05	0.2831	0.0399555090007883	0.03	0.03	registry
L12_FEBRILENEUTROPHIL	Febrile neutrophilic dermatosis [Sweet]	XII Diseases of the skin and subcutaneous tissue (L12_)	sex_shared	0.0251174360397703	0.00750754005775236	-0.0624	-0.0571	51	0.0176098959820179	-0.0053	0.0110179506179774		0.00753220371151207	case-count proxy
L12_FOLICULAROTH	Other follicular disorders	XII Diseases of the skin and subcutaneous tissue (L12_)	sex_shared	0.0183240679936049	0.00503141984191399	0.3087	0.0948	2994	0.0132926481516909	0.2139	0.626504007198309	0.23	0.23	registry
L12_FOLLICULARCYST	Follicular cysts of skin and subcutaneous tissue	XII Diseases of the skin and subcutaneous tissue (L12_)	sex_shared	0.0263287184148776	-0.00865574919514113	0.1576	0.144	8153	0.0349844676100187	0.0136	1.68782049026082	0.87	0.87	registry
L12_FOLLICULARNAS	Other and unspecified follicular disorders	XII Diseases of the skin and subcutaneous tissue (L12_)	sex_shared	0.0162280859154504	-0.0119607018213872			1525	0.0281887877368376		0.320095041990173	0.12	0.12	registry
L12_FOLLICULITDECALV	Folliculitis decalvans	XII Diseases of the skin and subcutaneous tissue (L12_)	sex_shared	-0.0108828870435975	0.0231827368403761	-0.1151	0.1634	68	-0.0340656238839736	-0.2785	0.0143168745420706	0.01	0.01	registry
L12_FOODDERMAT	Dermatitis due to ingested food	XII Diseases of the skin and subcutaneous tissue (L12_)	sex_shared	-0.0108958627118437	-0.00869649681336534	-0.018	0.0256	1526	-0.00219936589847836	-0.0436	0.355428435672344	0.79	0.79	registry
L12_FOREIGNBODYGRANULOMA	Foreign body granuloma of skin and subcutaneous tissue	XII Diseases of the skin and subcutaneous tissue (L12_)	sex_shared	0.0100044190298247	0.00830849330314142	0.1277	0.0828	124	0.00169592572668328	0.0449	0.0267845185482791	0.02	0.02	registry
L12_GRANUANNU	Granuloma annulare	XII Diseases of the skin and subcutaneous tissue (L12_)	sex_shared	0.00304707361437504	-0.00199575134679017	-0.1231	0.1434	540	0.00504282496116521	-0.2665	0.116537540194661	0.06	0.06	registry
L12_GRANULOMASKINNAS	Other and unspecified granulomatous disorders of skin and subcutaneous tissue	XII Diseases of the skin and subcutaneous tissue (L12_)	sex_shared	-0.00219553928062254	-0.015826199507151	-0.0719	-0.0437	128	0.0136306602265285	-0.0282	0.0276482963897373	0.01	0.01	registry
L12_GRANULOMATOUSSKIN	Granulomatous disorders of skin and subcutaneous tissue	XII Diseases of the skin and subcutaneous tissue (L12_)	sex_shared	0.00842338414336254	0.00233994399774468	-0.1169	-0.0137	985	0.00608344014561786	-0.1032	0.212369155805655	0.11	0.11	registry
L12_GROVER	Transient acantholytic dermatosis [Grover]	XII Diseases of the skin and subcutaneous tissue (L12_)	sex_shared	-0.00367670023913021	0.000812031902202912	-0.2249	-0.0343	66	-0.00448873214133312	-0.1906	0.0132526927061999	0.01	0.01	registry
L12_HAIRCOLOUR	Hair colour and hair shaft abnormalities	XII Diseases of the skin and subcutaneous tissue (L12_)	sex_shared	-0.0164313773836869	0.00933833899807299	0.1863	0.0327	137	-0.0257697163817599	0.1536	0.0288401016350443	0.02	0.02	registry
L12_HAIRLOSSNONSCAR	Other nonscarring hair loss	XII Diseases of the skin and subcutaneous tissue (L12_)	sex_shared	0.0222392140639283	-0.0163431681400818	0.3298	0.0642	347	0.0385823822040101	0.2656	0.0730152784996307	0.06	0.06	registry
L12_HAIRLOSSSCAR	Cicatricial alopecia [scarring hair loss]	XII Diseases of the skin and subcutaneous tissue (L12_)	sex_shared	0.00507736879857805	0.00976983517203731	-0.264	0.1083	288	-0.00469246637345926	-0.3723	0.0606081012828715	0.03	0.03	registry
L12_HAIRLOSS_NONSCARNAS	Other and unspecified nonscarring hair loss	XII Diseases of the skin and subcutaneous tissue (L12_)	sex_shared	0.00950205057610598	-0.00922102515401071	0.2955	-0.0554	256	0.0187230757301167	0.3509	0.0538774960433714	0.04	0.04	registry
L12_HAIRLOSS_SCARNAS	Other and unspecified cicatricial alopecia	XII Diseases of the skin and subcutaneous tissue (L12_)	sex_shared	0.000750824389207271	-0.0211598470615843	-0.1122	0.0241	94	0.0219106714507916	-0.1363	0.0197898903134803	0.01	0.01	registry
L12_HIDRADENITISSUP	Hidradenitis suppurativa	XII Diseases of the skin and subcutaneous tissue (L12_)	sex_shared	0.0222190333328681	0.0112460562467138	0.2363	0.1107	1453	0.0109729770861543	0.1256	0.305028456026989	0.12	0.12	registry
L12_HIRSUTISM	Hirsutism in women	XII Diseases of the skin and subcutaneous tissue (L12_)	gynaecological	-0.01545728184235	0.0174762494118793	-0.1163	0.015	694	-0.0329335312542293	-0.1313	0.260131640103753	0.12	0.12	registry
L12_HIRSUTISM_ADVERSE	Hirsutism, drug-induced	XII Diseases of the skin and subcutaneous tissue (L12_)	sex_shared	-0.0284916171135103	0.0192614943310218	-0.1951	0.1479	62	-0.0477531114445321	-0.343	0.0123953889153235		0.00841204317051391	case-count proxy
L12_HYPERTICHNAS	Other hypertrichosis	XII Diseases of the skin and subcutaneous tissue (L12_)	sex_shared	-0.0256072329024828	-0.00302793378479831			117	-0.0225792991176845		0.0246309048383939	0.02	0.02	registry
L12_HYPERTROPHICNAS	Other and unspecified hypertrophic disorders of skin	XII Diseases of the skin and subcutaneous tissue (L12_)	sex_shared	0.020607749143836	0.00332511324025123			232	0.0172826359035848		0.0501012823336832	0.02	0.02	registry
L12_HYPETROPHICSCAR	Hypertrophic scar	XII Diseases of the skin and subcutaneous tissue (L12_)	sex_shared	0.0332426035249727	0.0216958930137546	0.2096	0.053	2129	0.0115467105112181	0.1566	0.457889835447857	0.25	0.25	registry
L12_IMPETIGO	Impetigo	XII Diseases of the skin and subcutaneous tissue (L12_)	sex_shared	0.00855961639741488	-0.0150880383180674			1845	0.0236476547154823		0.392333651594959	0.4	0.4	registry
L12_INFECT_DERM	Infective dermatitis	XII Diseases of the skin and subcutaneous tissue (L12_)	sex_shared	0.0348341993939007	-0.0127288334361642	0.1018	0.0943	4858	0.0475630328300649	0.00750000000000001	1.12278787906803	0.54	0.54	registry
L12_INFECT_SKIN	Infections of the skin and subcutaneous tissue	XII Diseases of the skin and subcutaneous tissue (L12_)	sex_shared	0.0489629025171607	-0.00106912909382078	0.3578	0.1404	31768	0.0500320316109815	0.2174	6.35123733970963	4.17	4.17	registry
L12_INFECT_SKIN_OTHER	Other local infections of skin and subcutaneous tissue	XII Diseases of the skin and subcutaneous tissue (L12_)	sex_shared	0.0308276880648394	0.0159210799606441	0.4487	0.2194	4300	0.0149066081041953	0.2293	0.909633227420999	0.49	0.49	registry
L12_INTERNALSUBSTANCEDERM	Dermatitis due to substances taken internally	XII Diseases of the skin and subcutaneous tissue (L12_)	sex_shared	0.014739197567912	0.0109292485567461	0.0474	0.0027	2251	0.0038099490111659	0.0447	0.523408035045784		0.281475669252666	case-count proxy
L12_LICHENPLANO	Lichen planopilaris	XII Diseases of the skin and subcutaneous tissue (L12_)	sex_shared	0.000452538917279199	0.00225899443109795	-0.1527	-0.2129	116	-0.00180645551381875	0.0602	0.0244204356942561	0.01	0.01	registry
L12_LICHENSCLERATROPH	Lichen sclerosus et atrophicus	XII Diseases of the skin and subcutaneous tissue (L12_)	sex_shared	-0.00922781671558416	0.015938241528059	-0.0148	0.0124	4181	-0.0251660582436432	-0.0272	0.895267991546238	0.45	0.45	registry
L12_LICHENSIMPLEX	Lichen simplex chronicus	XII Diseases of the skin and subcutaneous tissue (L12_)	sex_shared	0.0124071511125852	0.00634277704029932	0.1861	0.0726	1284	0.00606437407228588	0.1135	0.299231645843966	0.12	0.12	registry
L12_LICHSIMPANDPRURIGO	Lichen simplex chronicus and prurigo	XII Diseases of the skin and subcutaneous tissue (L12_)	sex_shared	0.0197100573373298	0.00259475211770112	0.1971	0.0531	2489	0.0171153052196287	0.144	0.578428273964453	0.24	0.24	registry
L12_LIVEDOIDVASC	Livedoid vasculitis	XII Diseases of the skin and subcutaneous tissue (L12_)	sex_shared	0.0140052117280972	0.00116855657444659	0.3124	0.0453	129	0.0128366551536506	0.2671	0.0278642385178817	0.01	0.01	registry
L12_LOCALCONNECTISSUENAS	Other and unspecified localized connective tissue disorders	XII Diseases of the skin and subcutaneous tissue (L12_)	sex_shared	0.0230716884232717	-0.00207354943298345	-0.2117	-0.1379	111	0.0251452378562552	-0.0738	0.0239771374754018	0.01	0.01	registry
L12_LOCALDCONNECTISSUEOTH	Other localized connective tissue disorders	XII Diseases of the skin and subcutaneous tissue (L12_)	sex_shared	-0.0113239364908549	0.000216186115355151	-0.1595	-0.0699	706	-0.0115401226062101	-0.0896	0.152307479893687	0.08	0.08	registry
L12_LOCALSCLERODERMA	Localized scleroderma [morphea]	XII Diseases of the skin and subcutaneous tissue (L12_)	sex_shared	-0.0147657581409022	0.002447043701539	-0.1781	-0.034	526	-0.0172128018424412	-0.1441	0.11351962637799	0.06	0.06	registry
L12_LUPUS	Cutaneous lupus erythematosus	XII Diseases of the skin and subcutaneous tissue (L12_)	sex_shared	0.0242619759085804	0.00711946023403625	0.158	-0.0231	877	0.0171425156745442	0.1811	0.189128048530645	0.1	0.1	registry
L12_LYMPHADENITIS	Acute lymphadenitis	XII Diseases of the skin and subcutaneous tissue (L12_)	sex_shared	-0.00120457715291924	-0.0220728109127302	0.2881	0.1028	2448	0.020868233759811	0.1853	0.519893133078201	0.39	0.39	registry
L12_NAILDIS	Nail disorders	XII Diseases of the skin and subcutaneous tissue (L12_)	sex_shared	0.0167992751454931	0.00318307491776079	0.2919	-0.106	3412	0.0136162002277323	0.3979	0.713347884626642	0.37	0.37	registry
L12_NAILNAS	Other and unspecified nail disorders	XII Diseases of the skin and subcutaneous tissue (L12_)	sex_shared	0.000912844815634176	0.00679887641467019			806	-0.00588603159903602		0.169433805197371	0.07	0.07	registry
L12_NAIL_DYSTROPHY	Nail dystrophy	XII Diseases of the skin and subcutaneous tissue (L12_)	sex_shared	-8.76485332175658e-05	-0.000693447908984513			224	0.000605799375766947		0.0471459841724196	0.02	0.02	registry
L12_NAIL_GRYPHOSIS	Onychogryphosis	XII Diseases of the skin and subcutaneous tissue (L12_)	sex_shared	0.00817250915503497	0.00950161310830516			90	-0.00132910395327019		0.0189479268862661	0.02	0.02	registry
L12_NAIL_INGROW	Ingrowing nail	XII Diseases of the skin and subcutaneous tissue (L12_)	sex_shared	0.0263740861437504	0.00303582167376441	0.2143	-0.1244	2140	0.023338264469986	0.3387	0.448603459696962	0.26	0.26	registry
L12_NAIL_LYSIS	Onycholysis	XII Diseases of the skin and subcutaneous tissue (L12_)	sex_shared	0.00526878155258976	-0.0198098905339633	0.0918	-0.2212	237	0.0250786720865531	0.313	0.0498807702264419	0.02	0.02	registry
L12_NECROLIPOIDIC	Necrobiosis lipoidica, not elsewhere classified	XII Diseases of the skin and subcutaneous tissue (L12_)	sex_shared	-0.0141994310310185	-0.00930745148326919			211	-0.00489197954774931		0.0455683190041487	0.02	0.02	registry
L12_NONIONRADISKINNAS	Other and unspecified skin changes due to chronic exposure to nonionizing radiation	XII Diseases of the skin and subcutaneous tissue (L12_)	sex_shared	0.000962572605825498	-0.00908435231492098	-0.4395	-0.3627	469	0.0100469249207465	-0.0768	0.0973501658481503	0.05	0.05	registry
L12_OTHACUSKINSUN	Other acute skin changes due to ultraviolet radiation	XII Diseases of the skin and subcutaneous tissue (L12_)	sex_shared	-0.0113978877206847	-0.00107760350060911			1316	-0.0103202842200756		0.272682252653783	0.17	0.17	registry
L12_OTHACUSKINSUNNAS	Other and unspecified acute skin changes due to ultraviolet radiation	XII Diseases of the skin and subcutaneous tissue (L12_)	sex_shared	-0.00742165698385434	-0.0051284423195104	0.0153	0.0058	940	-0.00229321466434394	0.0095	0.194924902070973	0.14	0.14	registry
L12_OTHERBULL	Other and unspecified bullous disorders	XII Diseases of the skin and subcutaneous tissue (L12_)	sex_shared	0.000566189758134965	-0.00443419005680712			376	0.00500037981494209		0.0754532210097086	0.04	0.04	registry
L12_OTHERCONTACT	Other contact dermatitis	XII Diseases of the skin and subcutaneous tissue (L12_)	sex_shared	0.03266283413376	-0.0115169664226664	0.2134	0.086	3542	0.0441798005564264	0.1274	0.8211295979896	0.5	0.5	registry
L12_OTHERDISSKINANDSUBCUTIS	Other disorders of skin and subcutaneous tissue, not elsewhere classified	XII Diseases of the skin and subcutaneous tissue (L12_)	sex_shared	0.0306594280136506	0.00552975746387185	0.1219	0.0487	6242	0.0251296705497788	0.0732	1.33071255585496	0.66	0.66	registry
L12_OTHERINFILTRATIVESKIN	Other infiltrative disorders of skin and subcutaneous tissue	XII Diseases of the skin and subcutaneous tissue (L12_)	sex_shared	-0.00886664850549635	-0.014031319903637	-0.4279	-0.363	169	0.00516467139814065	-0.0649	0.0365011587498029	0.02	0.02	registry
L12_OTHERMELANIN	Other melanin hyperpigmentation	XII Diseases of the skin and subcutaneous tissue (L12_)	sex_shared	-0.012781110296362	0.00261920268592694	-0.1648	-0.0802	778	-0.0154003129822889	-0.0846	0.167814187848355	0.08	0.08	registry
L12_OTHERSKINSUBCUTIS	Other disorders of skin and subcutaneous tissue	XII Diseases of the skin and subcutaneous tissue (L12_)	sex_shared	0.0167218913046355	0.00393118768915707	0.1424	0.0342	37356	0.0127907036154784	0.1082	7.46842174711008	3.75	3.75	registry
L12_OTHPIGMENTATION	Other disorders of pigmentation	XII Diseases of the skin and subcutaneous tissue (L12_)	sex_shared	-0.0156228487360033	-0.00031783587514919	-0.553	-0.0682	1640	-0.0153050128608541	-0.4848	0.353090619415678	0.18	0.18	registry
L12_PAPULOSQUAMOUS	Papulosquamous disorders	XII Diseases of the skin and subcutaneous tissue (L12_)	sex_shared	0.0351071992998896	0.0247588021301979	0.1728	0.0982	18999	0.0103483971696917	0.0746	3.79838700003599	1.73	1.73	registry
L12_PAPULOSQUAOTH	Other papulosquamous disorders	XII Diseases of the skin and subcutaneous tissue (L12_)	sex_shared	0.0101544997827583	0.0102094147572505	0.1466	-0.0616	392	-5.49149744922001e-05	0.2082	0.0813988982077707	0.06	0.06	registry
L12_PAPULOSQUONAS	Other and unspecified papulosquamous disorders	XII Diseases of the skin and subcutaneous tissue (L12_)	sex_shared	0.00984536081788731	0.013423172870013	0.0462	0.0168	205	-0.00357781205212569	0.0294	0.0425848373051484	0.03	0.03	registry
L12_PARAPSORI	Parapsoriasis	XII Diseases of the skin and subcutaneous tissue (L12_)	sex_shared	-0.0129554413189083	-0.00614663219103801	-0.1183	0.008	701	-0.00680880912787029	-0.1263	0.145469486685703	0.08	0.08	registry
L12_PARAPSO_PITYLICHCHRON	Pityriasis lichenoides chronica	XII Diseases of the skin and subcutaneous tissue (L12_)	sex_shared	-0.0265541231261071	-0.00181955960822045	-0.0512	-0.0794	139	-0.0247345635178867	0.0282	0.0288785563214952	0.02	0.02	registry
L12_PARAPSO_PITYLICHETVARACUT	Pityriasis lichenoides et varioliformis acuta	XII Diseases of the skin and subcutaneous tissue (L12_)	sex_shared	0.00828115091661832	-0.0427828382814169	0.3198	0.0519	52	0.0510639891980352	0.2679	0.0108054417867214	0.01	0.01	registry
L12_PARAPSO_PLAQUE	Small plaque parapsoriasis	XII Diseases of the skin and subcutaneous tissue (L12_)	sex_shared	-0.0119404389000498	-0.0107402951481157	-0.1904	0.1229	95	-0.0012001437519341	-0.3133	0.019738947228444	0.01	0.01	registry
L12_PARAPSO_RETIFORM	Other and unspecified parapsoriasis	XII Diseases of the skin and subcutaneous tissue (L12_)	sex_shared	-0.025102035225869	-0.0208970115966496			156	-0.0042050236292194		0.0324093214194452	0.02	0.02	registry
L12_PEMPHIGOID_BULL	Bullous pemphigoid	XII Diseases of the skin and subcutaneous tissue (L12_)	sex_shared	-0.00382562445425406	0.0117130990497007	-0.0479	0.0119	760	-0.0155387235039548	-0.0598	0.152394396698656	0.09	0.09	registry
L12_PEMPHIGOID_CICA	Cicatricial pemphigoid	XII Diseases of the skin and subcutaneous tissue (L12_)	sex_shared	-0.00428579495081853	0.0064853838801521	-0.0275	0.0089	72	-0.0107711788309706	-0.0364	0.0144573087719721	0.01	0.01	registry
L12_PEMPHIGOID_NAS	Other and unspecified pemphigoid	XII Diseases of the skin and subcutaneous tissue (L12_)	sex_shared	0.00929387778270777	0.000128153887859625	0.021	-0.004	304	0.00916572389484815	0.025	0.0610135474159559	0.04	0.04	registry
L12_PEMPHIGUS	Pemphigus	XII Diseases of the skin and subcutaneous tissue (L12_)	sex_shared	0.00199311546193562	-0.002283124315697			238	0.00427623977763262		0.0477735134006712	0.03	0.03	registry
L12_PEMPHIGUS_NAS	Other and unspecified pemphigus	XII Diseases of the skin and subcutaneous tissue (L12_)	sex_shared	-0.00129541832792625	-0.000640882684959311	0.0349	-0.0273	114	-0.000654535642966939	0.0622	0.0228888085772798	0.01	0.01	registry
L12_PEMPHIGUS_VULG	Pemphigus vulgaris	XII Diseases of the skin and subcutaneous tissue (L12_)	sex_shared	0.018968094537058	0.000681787935210386			75	0.0182863066018476		0.0150596059202323	0.01	0.01	registry
L12_PEMPHIKELA	Severe bullous disorders, KELA reimbursement	XII Diseases of the skin and subcutaneous tissue (L12_)	sex_shared	0.0202833533144584	-0.00661733419540759	0.1399	0.0875	70	0.026900687509866	0.0524	0.0140557733084881	0.01	0.01	registry
L12_PERIORALDERM	Perioral dermatitis	XII Diseases of the skin and subcutaneous tissue (L12_)	sex_shared	0.0155332201841803	0.00292159197853722	0.0525	0.0744	821	0.0126116282056431	-0.0219	0.172581597882775	0.09	0.09	registry
L12_PHOTOCONTDERMAT	Photocontact dermatitis [berloque dermatitis]	XII Diseases of the skin and subcutaneous tissue (L12_)	sex_shared	0.00791642355427522	0.0126247624311773	0.2214	0.0658	51	-0.00470833887690208	0.1556	0.0105952450202348		0.00726086350536402	case-count proxy
L12_PIGMENTNAS	Other and unspecified disorders of pigmentation	XII Diseases of the skin and subcutaneous tissue (L12_)	sex_shared	0.00762679442675844	0.0183033810535581	-0.0188	0.2938	256	-0.0106765866267997	-0.3126	0.0552813084394691	0.03	0.03	registry
L12_PIGPURPDERM	Pigmented purpuric dermatosis	XII Diseases of the skin and subcutaneous tissue (L12_)	sex_shared	-0.0211596505391125	-0.0161283975295874	-0.2781	-0.2211	353	-0.0050312530095251	-0.057	0.0762117780661207	0.03	0.03	registry
L12_PILONIDALCYST	Pilonidal cyst	XII Diseases of the skin and subcutaneous tissue (L12_)	sex_shared	0.0257628692868698	0.00551423280420781	0.1864	0.0483	3872	0.020248636482662	0.1381	0.819835270702323	0.62	0.62	registry
L12_PITYRIASISRUBRA	Pityriasis rubra pilaris	XII Diseases of the skin and subcutaneous tissue (L12_)	sex_shared	0.0235231518930761	-0.00437296090600117	0.2427	0.0089	84	0.0278961127990773	0.2338	0.0174537838348872	0.01	0.01	registry
L12_PITYROCHEA	Pityriasis rosea	XII Diseases of the skin and subcutaneous tissue (L12_)	sex_shared	-0.0104994627095567	0.0166791182937079	0.0083	0.0985	282	-0.0271785810032646	-0.0902	0.0585707491032652	0.04	0.04	registry
L12_POIKOLOCIVAT	Poikiloderma of Civatte	XII Diseases of the skin and subcutaneous tissue (L12_)	sex_shared	-0.00378166249275955	0.00273142269895216	-0.0221	0.1697	64	-0.00651308519171171	-0.1918	0.0132956346691984		0.00898375296851323	case-count proxy
L12_POLYMORPHLIGHTERUPT	Polymorphous light eruption	XII Diseases of the skin and subcutaneous tissue (L12_)	sex_shared	-0.0144850967642212	0.00431127978035036	-0.6765	-0.0172	280	-0.0187963765445716	-0.6593	0.0581423116137191	0.03	0.03	registry
L12_POSTINFHYPERPIGM	Postinflammatory hyperpigmentation	XII Diseases of the skin and subcutaneous tissue (L12_)	sex_shared	-0.0194353598189292	-0.00592803018990467	-0.3061	0.1293	52	-0.0135073296290245	-0.4354	0.0112339645957285		0.00767061465952295	case-count proxy
L12_PRURIGONAS	Other  prurigo	XII Diseases of the skin and subcutaneous tissue (L12_)	sex_shared	0.0150745279096135	-0.00843195160776653	0.2784	0.053	408	0.02350647951738	0.2254	0.0952774605754478	0.04	0.04	registry
L12_PRURIGONOD	Prurigo nodularis	XII Diseases of the skin and subcutaneous tissue (L12_)	sex_shared	0.00562022526854179	0.000624844036705076	0.1462	-0.0348	894	0.00499538123183671	0.181	0.208533060887455	0.09	0.09	registry
L12_PRURITUS	Pruritus	XII Diseases of the skin and subcutaneous tissue (L12_)	sex_shared	0.0522344128958039	0.00656713699000057	0.1618	0.1251	4708	0.0456672759058033	0.0367	1.08849702790372	0.51	0.51	registry
L12_PSORIASIS	Psoriasis	XII Diseases of the skin and subcutaneous tissue (L12_)	sex_shared	0.0276375896632567	0.0145034198618277	0.14	0.0946	13309	0.013134169801429	0.0454	2.69142723095839	1.21	1.21	registry
L12_PSORI_ACRODERM	Acrodermatitis continua	XII Diseases of the skin and subcutaneous tissue (L12_)	sex_shared	0.000350108903590318	0.00288070339684009	0.1355	0.129	72	-0.00253059449324977	0.00650000000000001	0.0149607591754128	0.01	0.01	registry
L12_PSORI_GUTTATE	Guttate psoriasis	XII Diseases of the skin and subcutaneous tissue (L12_)	sex_shared	-0.00872376734479034	0.00275624349873016	0.0772	0.1089	520	-0.0114800108435205	-0.0317	0.107949438143934	0.05	0.05	registry
L12_PSORI_NAS	Other and unspecified psoriasis	XII Diseases of the skin and subcutaneous tissue (L12_)	sex_shared	0.0114571447964848	0.0269083828832116	0.2261	0.2724	2634	-0.0154512380867268	-0.0463	0.544416220048324	0.25	0.25	registry
L12_PSORI_PUSTGEN	Generalized pustular psoriasis	XII Diseases of the skin and subcutaneous tissue (L12_)	sex_shared	-0.00128276240838022	0.00477917467326023	0.1388	0.1432	126	-0.00606193708164045	-0.00439999999999999	0.0261783911924257	0.01	0.01	registry
L12_PSORI_PUSTUPALM	Pustulosis palmaris et plantaris	XII Diseases of the skin and subcutaneous tissue (L12_)	sex_shared	0.0292688163082542	-0.00854772908305214	0.1292	0.0737	1606	0.0378165453913063	0.0555	0.33264773930028	0.16	0.16	registry
L12_PSORI_VULG	Psoriasis vulgaris	XII Diseases of the skin and subcutaneous tissue (L12_)	sex_shared	0.0167448972187964	-0.00401295433395906	0.0919	0.0733	8240	0.0207578515527555	0.0186	1.68360143596491	0.77	0.77	registry
L12_PYODERMA	Pyoderma	XII Diseases of the skin and subcutaneous tissue (L12_)	sex_shared	0.00617586830812127	0.0117245975613892	0.0974	0.0556	717	-0.00554872925326793	0.0418	0.152834471953702	0.1	0.1	registry
L12_PYOGENGRANUL	Pyogenic granuloma	XII Diseases of the skin and subcutaneous tissue (L12_)	sex_shared	0.00897105942900346	0.00189218193176173	0.0517	-0.0495	662	0.00707887749724173	0.1012	0.142828786688875	0.07	0.07	registry
L12_RADIODERMATITIS	Radiodermatitis	XII Diseases of the skin and subcutaneous tissue (L12_)	sex_shared	-0.00687121462637477	-0.00820817606710032	0.1307	0.0029	83	0.00133696144072555	0.1278	0.0172420956416968	0.01	0.01	registry
L12_RHINOPHYMA	Rhinophyma	XII Diseases of the skin and subcutaneous tissue (L12_)	sex_shared	0.00688852431549032	0.013997910244837	0.0972	0.1043	212	-0.00710938592934668	-0.00710000000000001	0.0446214334425015	0.03	0.03	registry
L12_ROSACEANAS	Other and unspecified rosacea	XII Diseases of the skin and subcutaneous tissue (L12_)	sex_shared	0.0116460497474105	-0.0156216067465038	0.2247	0.0682	3506	0.0272676564939143	0.1565	0.732856467991355	0.28	0.28	registry
L12_SCARCONDITIONS	Scar conditions and fibrosis of skin	XII Diseases of the skin and subcutaneous tissue (L12_)	sex_shared	-0.0189520703533845	-0.00948838539752972	0.1175	-0.1551	1587	-0.00946368495585478	0.2726	0.34171875706531	0.17	0.17	registry
L12_SEBORRHOEIC	Seborrhoeic dermatitis	XII Diseases of the skin and subcutaneous tissue (L12_)	sex_shared	0.00801342141581011	0.00370440911679022	0.1257	0.0786	3981	0.00430901229901989	0.0471	0.921963149264931	0.39	0.39	registry
L12_SEBORRKERAT	Seborrhoeic keratosis	XII Diseases of the skin and subcutaneous tissue (L12_)	sex_shared	-0.0121290682825832	0.00950766383553595	-0.0196	-0.0482	9816	-0.0216367321181192	0.0286	2.076818591504	0.74	0.74	registry
L12_SKINRADIOTH	Other disorders of skin and subcutaneous tissue related to radiation	XII Diseases of the skin and subcutaneous tissue (L12_)	sex_shared	0.0102438880984718	0.00793257257398031	0.1032	-0.0471	59	0.00231131552449149	0.1503	0.0122570405271774	0.01	0.01	registry
L12_SKINSUBCUTISNAS	Other and unspecified disorders of skin and subcutaneous tissue	XII Diseases of the skin and subcutaneous tissue (L12_)	sex_shared	0.0157873089737072	0.00924936183842419			2513	0.00653794713528301		0.540031761517848	0.22	0.22	registry
L12_STRIAEATROPHICAE	Striae atrophicae	XII Diseases of the skin and subcutaneous tissue (L12_)	sex_shared	-0.00527740146604854	0.00545145288798405			399	-0.0107288543540326		0.0861345036688118	0.04	0.04	registry
L12_SUNBURN	Sunburn	XII Diseases of the skin and subcutaneous tissue (L12_)	sex_shared	0.00358595998635642	-0.0204926389770085	0.1385	-0.0413	72	0.0240785989633649	0.1798	0.0149573404186809	0.01	0.01	registry
L12_SWEET_SDR	Sweet's syndrome	XII Diseases of the skin and subcutaneous tissue (L12_)	sex_shared	0.024882103560179	0.00708862528658464	-0.0634	-0.0577	51	0.0177934782735944	-0.0057	0.0101962070109919		0.00700409798354785	case-count proxy
L12_TELOGEFFLU	Telogen effluvium	XII Diseases of the skin and subcutaneous tissue (L12_)	sex_shared	0.000546676786552681	-0.0114963737591471			69	0.0120430505456998		0.0145273862284589	0.01	0.01	registry
L12_TRANSEPIDERMELIMINATION	Transepidermal elimination disorders	XII Diseases of the skin and subcutaneous tissue (L12_)	sex_shared	-0.00351061180604928	-0.0163885049012294	-0.1126	-0.4008	51	0.0128778930951801	0.2882	0.0110179506179774		0.00753220371151207	case-count proxy
L12_ULCERLOWLIMB	Ulcer of lower limb, not elsewhere classified	XII Diseases of the skin and subcutaneous tissue (L12_)	sex_shared	0.0492003139786553	-0.00733604111936429	0.1069	0.0117	6027	0.0565363550980196	0.0952	1.28546657083077	0.59	0.59	registry
L12_URTICARIA	Urticaria	XII Diseases of the skin and subcutaneous tissue (L12_)	sex_shared	0.0258470683332693	0.0111263205876361	0.2079	0.1221	14649	0.0147207477456332	0.0858	2.94973430442933	1.83	1.83	registry
L12_URTICA_ALLERG	Allergic urticaria	XII Diseases of the skin and subcutaneous tissue (L12_)	sex_shared	0.0110190940173865	0.00470936173957334	0.1494	-0.0458	3468	0.00630973227781316	0.1952	0.714403427818062	0.49	0.49	registry
L12_URTICA_CHOLINERG	Cholinergic urticaria	XII Diseases of the skin and subcutaneous tissue (L12_)	sex_shared	0.00522300134918458	-0.0150696370045641	0.0281	-0.0036	180	0.0202926383537487	0.0317	0.0373326253961406	0.02	0.02	registry
L12_URTICA_COLDHEAT	Urticaria due to cold and heat	XII Diseases of the skin and subcutaneous tissue (L12_)	sex_shared	0.0303617870606283	0.00116224481287635			305	0.029199542247752		0.0632416640229578	0.04	0.04	registry
L12_URTICA_DERTMATOG	Dermatographic urticaria	XII Diseases of the skin and subcutaneous tissue (L12_)	sex_shared	0.0117193628723758	-0.00517208666734788	0.0507	0.063	2725	0.0168914495397237	-0.0123	0.562206904519731	0.27	0.27	registry
L12_URTICA_IDIOPAT	Idiopathic urticaria	XII Diseases of the skin and subcutaneous tissue (L12_)	sex_shared	0.0357680519630355	0.000269770591467081	0.355	0.325	810	0.0354982813715684	0.03	0.167777589056759	0.09	0.09	registry
L12_URTICA_NAS	Other and unspecified urticaria	XII Diseases of the skin and subcutaneous tissue (L12_)	sex_shared	0.0285243970542579	0.00930737254894631	0.2702	0.1213	9040	0.0192170245053116	0.1489	1.84109553330672	1.13	1.13	registry
L12_URTIGA_CONTACT	Contact urticaria	XII Diseases of the skin and subcutaneous tissue (L12_)	sex_shared	0.00494030795002835	-0.00148003095598249	-0.1208	-0.1016	118	0.00642033890601084	-0.0192	0.0244767574519281	0.01	0.01	registry
L12_VASCULITISNAS	Other and unspecified vasculitis limited to skin	XII Diseases of the skin and subcutaneous tissue (L12_)	sex_shared	0.00693766134729562	0.0079254033518916	0.2404	-0.0086	870	-0.000987742004595981	0.249	0.187621306879448	0.08	0.08	registry
L12_VITILIGO	Vitiligo	XII Diseases of the skin and subcutaneous tissue (L12_)	sex_shared	0.0103370065816503	0.0116769392714395	0.0272	0.0569	421	-0.0013399326897892	-0.0297	0.0908794584361394	0.05	0.05	registry
L12_XEROSCUT	Xerosis cutis	XII Diseases of the skin and subcutaneous tissue (L12_)	sex_shared	0.0136599579633495	-0.00759586673696835	0.2119	0.0299	552	0.0212558247003178	0.182	0.119124178323716	0.04	0.04	registry
LICHENOID_DRUG_REACTION	Lichenoid drug reaction	XII Diseases of the skin and subcutaneous tissue (L12_)	sex_shared	0.0192424636335588	-0.00477423091575449	0.1815	0.1649	94	0.0240166945493133	0.0166	0.0187930090006518	0.01	0.01	registry
LOCALIZED_SKIN_ERUPT_DRUGS_MEDICAM	Localized skin eruption due to drugs and medicaments	XII Diseases of the skin and subcutaneous tissue (L12_)	sex_shared	0.0153707058501719	-0.00227720533938141			412	0.0176479111895533		0.0823693585986013	0.04	0.04	registry
LUNG_TRANSPLANTATION	Lung transplantation	Interstitial lung disease endpoints	sex_shared	-0.0113831833464584	0.0113300729813005			263	-0.0227132563277589		0.0525804400762916	0.01	0.01	registry
M13_ABSCTENDON	Abscess of tendon sheath	XIII Diseases of the musculoskeletal system and connective tissue (M13_)	sex_shared	0.0186219405434064	-0.00503602566773941			234	0.0236579662111458		0.066702393304676	0.02	0.02	registry
M13_ACHILLESTEND	Achilles tendinitis	XIII Diseases of the musculoskeletal system and connective tissue (M13_)	sex_shared	0.0258488674912152	0.0110907549511436	0.3277	0.1238	4516	0.0147581125400716	0.2039	1.28192026887398	0.37	0.37	registry
M13_ADHCAPSULITIS	Adhesive capsulitis of shoulder	XIII Diseases of the musculoskeletal system and connective tissue (M13_)	sex_shared	0.0293849908607937	0.0308391502651782	0.2451	0.271	7586	-0.0014541594043845	-0.0259	2.11802414536358	0.68	0.68	registry
M13_ALGONEURO	Algoneurodystrophy	XIII Diseases of the musculoskeletal system and connective tissue (M13_)	sex_shared	0.00914711581196721	0.0165570563849251	0.0944	0.0727	1244	-0.00740994057295789	0.0217	0.26341645209378	0.13	0.13	registry
M13_ANKLEFOOT	Other acquired deformities of ankle and foot	XIII Diseases of the musculoskeletal system and connective tissue (M13_)	sex_shared	-0.00420360605196134	0.0227214743345077	0.1641	0.2386	306	-0.026925080386469	-0.0745	0.0989801166412747	0.03	0.03	registry
M13_ANKYLOSISJOINT	Ankylosis of joint	XIII Diseases of the musculoskeletal system and connective tissue (M13_)	sex_shared	-0.00685618938793938	0.0170169711254088	-0.0075	0.0372	201	-0.0238731605133482	-0.0447	0.0650384406305817	0.03	0.03	registry
M13_ANKYLOSPON	Ankylosing spondylitis	XIII Diseases of the musculoskeletal system and connective tissue (M13_)	sex_shared	0.00559159445056581	0.00505929902002233	0.1195	0.0329	3875	0.00053229543054348	0.0866	1.10196989560435	0.36	0.36	registry
M13_ANKYLOSPON_STRICT	Ankylosing spondylitis, strict definition	XIII Diseases of the musculoskeletal system and connective tissue (M13_)	sex_shared	0.0110214340028249	0.00476562712540814	0.0968	0.0423	1727	0.00625580687741676	0.0545	0.346592277434374	0.13	0.13	registry
M13_ARTHINOTH	Arthropathies in other diseases classified elsewhere	XIII Diseases of the musculoskeletal system and connective tissue (M13_)	sex_shared	-0.0130076014323844	0.00633330879912662	-0.0399	0.0897	1416	-0.019340910231511	-0.1296	0.456387000705853	0.11	0.11	registry
M13_ARTHROPATHIES	Arthropathies	XIII Diseases of the musculoskeletal system and connective tissue (M13_)	sex_shared	0.0520027903352661	0.0207449559545526	0.2621	0.1617	191339	0.0312578343807135	0.1004	38.253569672082		15.7551536102513	case-count proxy
M13_ARTHROSIS	Arthrosis	XIII Diseases of the musculoskeletal system and connective tissue (M13_)	sex_shared	0.0483937008022994	0.0152567156088522	0.2246	0.145	106674	0.0331369851934472	0.0796	25.6723486899579	11.07	11.07	registry
M13_ARTHROSIS_INCLAVO	Artrosis, including avohilmo	XIII Diseases of the musculoskeletal system and connective tissue (M13_)	sex_shared	0.0453954604116118	0.0115875639120745	0.2306	0.131	147976	0.0338078964995373	0.0996	29.5841946795792	14.39	14.39	registry
M13_ARTHROSIS_KNEE	Gonarthrosis	XIII Diseases of the musculoskeletal system and connective tissue (M13_)	sex_shared	0.0398790699801429	0.00687798884217809	0.1978	0.1084	64535	0.0330010811379648	0.0894	17.2839076334692	6.66	6.66	registry
M13_ARTHROSIS_KNEE_PRIM_KNEESURG	Gonarthrosis, primary, with knee surgery	XIII Diseases of the musculoskeletal system and connective tissue (M13_)	sex_shared	0.0251569880942109	0.0186080259082977	0.1405	0.0731	29353	0.0065489621859132	0.0674	6.2237215110966	2.61	2.61	registry
M13_ARTHROSIS_OTH	Other arthrosis	XIII Diseases of the musculoskeletal system and connective tissue (M13_)	sex_shared	0.0446182839216654	0.0228619576969492	0.2778	0.2184	31627	0.0217563262247162	0.0594	9.28910871314697	2.7	2.7	registry
M13_ARTHROSIS_POLY	Polyarthrosis	XIII Diseases of the musculoskeletal system and connective tissue (M13_)	sex_shared	0.0187039018809949	-0.00532236656787344	0.1987	0.1791	9499	0.0240262684488683	0.0196	2.98386032807072	1.41	1.41	registry
M13_ARTHTROSIS_COX	Coxarthrosis	XIII Diseases of the musculoskeletal system and connective tissue (M13_)	sex_shared	0.0573087142271487	0.0189290067908484	0.1675	0.0867	32962	0.0383797074363003	0.0808	9.64339733593908	3.44	3.44	registry
M13_ARTHTROSIS_COX_PRIM_HIPSURG	Coxarthrosis, primary, with hip surgery	XIII Diseases of the musculoskeletal system and connective tissue (M13_)	sex_shared	0.0412375620839833	0.00893881137233538	0.0808	0.0272	22307	0.0322987507116479	0.0536	4.52734531181185	2.05	2.05	registry
M13_ARTHTROSIS_COX_PRIM_ICD10	Coxarthrosis, primary	XIII Diseases of the musculoskeletal system and connective tissue (M13_)	sex_shared	0.0553943072837641	0.0124043887329929	0.1189	0.0568	29776	0.0429899185507712	0.0621	5.95298548939794	2.79	2.79	registry
M13_ATLOAXSUBLUX	Atlantoaxial subluxation	XIII Diseases of the musculoskeletal system and connective tissue (M13_)	sex_shared	0.00213921075461776	-0.0059174127531619			242	0.00805662350777966		0.0695382316600098	0.02	0.02	registry
M13_BAKERCYST	Synovial cyst of popliteal space [Baker]	XIII Diseases of the musculoskeletal system and connective tissue (M13_)	sex_shared	0.00667370335699607	0.0161308636911301	0.4552	0.1737	3080	-0.00945716033413403	0.2815	0.870897873086428	0.33	0.33	registry
M13_BEHCET	Behçet disease	XIII Diseases of the musculoskeletal system and connective tissue (M13_)	sex_shared	-0.00705930116314694	0.0050612346062869	-0.0547	-0.1044	106	-0.0121205357694338	0.0497	0.0219272841610538	0.01	0.01	registry
M13_BICIPITALTEND	Bicipital tendinitis	XIII Diseases of the musculoskeletal system and connective tissue (M13_)	sex_shared	0.0138768877844246	0.0126080965799637	0.2123	0.2982	1904	0.0012687912044609	-0.0859	0.540169427091312	0.16	0.16	registry
M13_BIOMECHLESIO	Biomechanical lesions, not elsewhere classified	XIII Diseases of the musculoskeletal system and connective tissue (M13_)	sex_shared	0.0188779356958401	0.000680797035306771	0.1065	0.0216	1859	0.0181971386605333	0.0849	0.374880770169251	0.16	0.16	registry
M13_BONECONTINUITY	Disorders of continuity of bone	XIII Diseases of the musculoskeletal system and connective tissue (M13_)	sex_shared	0.00156509341493301	-0.017601879010968	0.1283	0.0767	4135	0.019166972425901	0.0516	0.870256994151284	0.42	0.42	registry
M13_BONEDENSOTH	Other disorders of bone density and structure	XIII Diseases of the musculoskeletal system and connective tissue (M13_)	sex_shared	0.0276164542931032	0.00354133851906107			1000	0.0240751157740421		0.211859020533376	0.11	0.11	registry
M13_BONEDISNAS	Other specified/unspecified disorders of  bone/cartilage	XIII Diseases of the musculoskeletal system and connective tissue (M13_)	sex_shared	0.0407422094456712	0.00400688533126635			1050	0.0367353241144049		0.222428409827523	0.12	0.12	registry
M13_BONEHYPERTRPH	Hypertrophy of bone	XIII Diseases of the musculoskeletal system and connective tissue (M13_)	sex_shared	0.00770877763750489	0.0147123162444109	0.3438	0.2041	115	-0.00700353860690601	0.1397	0.0244095541117363	0.01	0.01	registry
M13_BURSCYSTOTH	Other bursal cyst	XIII Diseases of the musculoskeletal system and connective tissue (M13_)	sex_shared	0.01886873110872	-0.00638244322564826			587	0.0252511743343683		0.16715788874176	0.05	0.05	registry
M13_BURSELBOWOTH	Other bursitis of elbow	XIII Diseases of the musculoskeletal system and connective tissue (M13_)	sex_shared	0.0030325347992545	0.0043212660203286			302	-0.0012887312210741		0.0860693114455084	0.04	0.04	registry
M13_BURSITISHIPOTH	Other bursitis of hip	XIII Diseases of the musculoskeletal system and connective tissue (M13_)	sex_shared	0.0280284753119338	0.00697989061870134			780	0.0210485846932325		0.221995799156416	0.08	0.08	registry
M13_BURSITISKNEEOTH	Other bursitis of knee	XIII Diseases of the musculoskeletal system and connective tissue (M13_)	sex_shared	-0.0217601698361674	0.0018917636955455			536	-0.0236519335317129		0.152656971809726	0.06	0.06	registry
M13_BURSITISOTH	Other bursitis, not elsewhere classified	XIII Diseases of the musculoskeletal system and connective tissue (M13_)	sex_shared	0.00131439339095216	0.0075187216857526	0.3027	0.2201	366	-0.00620432829480044	0.0826	0.104290143156743	0.04	0.04	registry
M13_BURSOPATHY	Other bursopathies	XIII Diseases of the musculoskeletal system and connective tissue (M13_)	sex_shared	0.0249318378893504	0.00689622698683614	0.3966	0.1971	5872	0.0180356109025143	0.1995	1.64735587038855	0.58	0.58	registry
M13_CALCANSPUR	Calcaneal spur	XIII Diseases of the musculoskeletal system and connective tissue (M13_)	sex_shared	0.0251043947640703	0.0201670001278904	0.5265	0.1524	454	0.0049373946361799	0.3741	0.129332938307619	0.04	0.04	registry
M13_CALCBURS	Calcium deposit in bursa	XIII Diseases of the musculoskeletal system and connective tissue (M13_)	sex_shared	-0.00889789190732139	0.00821880595231839	0.153	0.139	76	-0.0171166978596398	0.014	0.0216737866957171	0.01	0.01	registry
M13_CALCIFICTEND	Calcific tendinitis of shoulder	XIII Diseases of the musculoskeletal system and connective tissue (M13_)	sex_shared	0.0361917135613363	0.0214010384681613	0.1981	0.0913	2379	0.014790675093175	0.1068	0.674019781446465	0.21	0.21	registry
M13_CALCIOSSIMUSCLE	Calcification and ossification of muscle	XIII Diseases of the musculoskeletal system and connective tissue (M13_)	sex_shared	0.0220161212971869	-0.00848534606037099	0.033	-0.0719	90	0.0305014673575579	0.1049	0.0256653016528454	0.01	0.01	registry
M13_CALCTENDINITIS	Calcific tendinitis	XIII Diseases of the musculoskeletal system and connective tissue (M13_)	sex_shared	0.0278883494080806	0.00406698924627077	0.1787	0.1216	344	0.0238213601618098	0.0571	0.0980274818905626	0.03	0.03	registry
M13_CARTILAGE	Other articular cartilage disorders	XIII Diseases of the musculoskeletal system and connective tissue (M13_)	sex_shared	0.0324100387911919	-0.0168457555902873			920	0.0492557943814792		0.296997420641966	0.1	0.1	registry
M13_CERVICALGIA	Cervicalgia	XIII Diseases of the musculoskeletal system and connective tissue (M13_)	sex_shared	0.0474402289462362	0.0281849716325709	0.3553	0.1905	9963	0.0192552573136653	0.1648	2.78505357377471	1.08	1.08	registry
M13_CERVICDISC	Cervical disc disorders	XIII Diseases of the musculoskeletal system and connective tissue (M13_)	sex_shared	0.0646762370590878	0.0412589319555378	0.279	0.1541	18437	0.02341730510355	0.1249	5.03461176117202	1.71	1.71	registry
M13_CERVICOBRACHSDR	Cervicobrachial syndrome	XIII Diseases of the musculoskeletal system and connective tissue (M13_)	sex_shared	0.0479145414267432	0.0175590237218638	0.2203	0.2663	10735	0.0303555177048794	-0.046	2.99439614173382	1.09	1.09	registry
M13_CERVICOCRANSDR	Cervicocranial syndrome	XIII Diseases of the musculoskeletal system and connective tissue (M13_)	sex_shared	0.0497400405526587	0.0192623602580068	0.3442	0.2323	4760	0.0304776802946519	0.1119	1.35024735623837	0.52	0.52	registry
M13_CHONDROMALACIA	Chondromalacia	XIII Diseases of the musculoskeletal system and connective tissue (M13_)	sex_shared	0.00127857050200724	-0.0121456007157096	0.7363	-0.0859	1046	0.0134241712177168	0.8222	0.212595576548635	0.09	0.09	registry
M13_CHRONDROPATHIES	Chondropathies	XIII Diseases of the musculoskeletal system and connective tissue (M13_)	sex_shared	0.0224441047192442	0.0142089882439086	0.2644	0.0972	6820	0.0082351164753356	0.1672	1.37006115052994	0.84	0.84	registry
M13_CHRONSYNOVITISHANDWRIST	Chronic crepitant synovitis/bursitis of hand and wrist/periarthritis of wrist	XIII Diseases of the musculoskeletal system and connective tissue (M13_)	sex_shared	0.0102813108503658	0.0128327684047462	0.3479	0.2251	524	-0.0025514575543804	0.1228	0.149244379126294	0.05	0.05	registry
M13_CHURGSTRAUSS	Polyarteritis with lung involvement [Churg-Strauss]/EGPA	XIII Diseases of the musculoskeletal system and connective tissue (M13_)	sex_shared	0.0181190073908567	-0.00566914604838857	0.0817	0.1363	140	0.0237881534392453	-0.0546	0.0289585272520426	0.01	0.01	registry
M13_CLAWCLUBHANDFOOT	Acquired clawhand, clubhand, clawfoot and clubfoot	XIII Diseases of the musculoskeletal system and connective tissue (M13_)	sex_shared	-0.000622199159438667	-0.0228046520959577	0.0267	-0.0252	195	0.022182452936519	0.0519	0.0630982196594638	0.02	0.02	registry
M13_CONNECTNAS	Other specified/unspecified systemic involvement of connective tissue	XIII Diseases of the musculoskeletal system and connective tissue (M13_)	sex_shared	0.018088290447726	-0.0128401645525369	0.0328	0.0161	2248	0.0309284550002629	0.0167	0.462972497621293	0.25	0.25	registry
M13_CONTRACTUREJOINT	Contracture of joint	XIII Diseases of the musculoskeletal system and connective tissue (M13_)	sex_shared	0.00953488520297014	0.0255353234581097	0.4642	-0.0643	483	-0.0160004382551396	0.5285	0.156143923964698	0.06	0.06	registry
M13_CRYSTALARTH	Other crystal arthropathies	XIII Diseases of the musculoskeletal system and connective tissue (M13_)	sex_shared	0.00152324559010711	-0.00849944200962563	0.2004	-0.0089	691	0.0100226875997327	0.2093	0.223235919337852	0.06	0.06	registry
M13_DEFORMACQ	Other acquired deformities of musculoskeletal system and connective tissue	XIII Diseases of the musculoskeletal system and connective tissue (M13_)	sex_shared	0.0410643756920383	0.0142042335402611	0.3582	0.1478	1724	0.0268601421517772	0.2104	0.347751716570248	0.21	0.21	registry
M13_DEFORMDORSO	Deforming dorsopathies	XIII Diseases of the musculoskeletal system and connective tissue (M13_)	sex_shared	0.0268271334781197	0.0208521712619264	0.1391	0.1532	14141	0.0059749622161933	-0.0141	3.9073358219884	1.61	1.61	registry
M13_DEFORMDORSONAS	Other specified/unspecified deforming dorsopathies	XIII Diseases of the musculoskeletal system and connective tissue (M13_)	sex_shared	-0.0101462280292698	0.00288629624765094	-0.1776	0.0802	707	-0.0130325242769207	-0.2578	0.202883994547672	0.11	0.11	registry
M13_DEQUERVAIN	Radial styloid tenosynovitis [de Quervain]	XIII Diseases of the musculoskeletal system and connective tissue (M13_)	sex_shared	0.0439333529004764	-0.00514757814997229	0.2182	0.1878	2381	0.0490809310504487	0.0304	0.674582600245354	0.23	0.23	registry
M13_DERMATOMYOTH	Other dermatomyositis	XIII Diseases of the musculoskeletal system and connective tissue (M13_)	sex_shared	-0.0156329457344346	-0.00920917025429463	-0.2293	-0.1517	172	-0.00642377548013997	-0.0776	0.0355752644359045	0.02	0.02	registry
M13_DERMATOPOLYNAS	Dermatopolymyositis, unspecified	XIII Diseases of the musculoskeletal system and connective tissue (M13_)	sex_shared	-0.0130451830609241	-0.00110816621449507			183	-0.011937016846429		0.037849565557309	0.01	0.01	registry
M13_DIASTASIS	Diastasis of muscle	XIII Diseases of the musculoskeletal system and connective tissue (M13_)	sex_shared	-0.0104382252162803	0.0193473699287338			321	-0.0297855951450141		0.0914793145606001	0.02	0.02	registry
M13_DIFFASCITIS	Diffuse (eosinophilic) fasciitis	XIII Diseases of the musculoskeletal system and connective tissue (M13_)	sex_shared	0.0118830772924724	-0.0194216010391647	0.0239	-0.152	52	0.0313046783316371	0.1759	0.0107579826299957		0.00736540511824093	case-count proxy
M13_DISCINFECTION	Infection of intervertebral disc (pyogenic)	XIII Diseases of the musculoskeletal system and connective tissue (M13_)	sex_shared	0.027769116562411	-0.0023638729619649	0.409	0.0475	469	0.0301329895243759	0.3615	0.13467839431192	0.04	0.04	registry
M13_DISCITIS	Discitis, unspecified	XIII Diseases of the musculoskeletal system and connective tissue (M13_)	sex_shared	0.0234871901623157	-0.00530420712838072	0.2315	0.0971	605	0.0287913972906964	0.1344	0.173664434384984	0.06	0.06	registry
M13_DISSYNOTENDNAS	Other specified/unspecified disorders of synovium and tendon +Other specified/unspecified bursopathies	XIII Diseases of the musculoskeletal system and connective tissue (M13_)	sex_shared	0.0332983792439866	0.0208970706499699	0.3528	0.3725	1952	0.0124013085940167	-0.0197	0.553711740844751	0.21	0.21	registry
M13_DORSALGIA	Dorsalgia	XIII Diseases of the musculoskeletal system and connective tissue (M13_)	sex_shared	0.0609583929018898	0.0432415361125374	0.3417	0.2444	88320	0.0177168567893524	0.0973	20.252793014254	9.5	9.5	registry
M13_DORSALGIANAS	Other/unspecified dorsalgia	XIII Diseases of the musculoskeletal system and connective tissue (M13_)	sex_shared	0.0596077705157629	0.0302703316817465	0.3224	0.2432	20135	0.0293374388340164	0.0792	5.47290997898903	2.41	2.41	registry
M13_DORSOPATHY	Dorsopathies	XIII Diseases of the musculoskeletal system and connective tissue (M13_)	sex_shared	0.077266308738739	0.0383824366195769	0.31	0.1928	152418	0.0388838721191621	0.1172	30.4722643176738	16.9	16.9	registry
M13_DORSOPATHYNAS	Other specified/unspecified dorsopathies	XIII Diseases of the musculoskeletal system and connective tissue (M13_)	sex_shared	0.024211082611503	0.0158574514290369	0.1301	0.3577	1382	0.0083536311824661	-0.2276	0.395818416153516	0.18	0.18	registry
M13_DORSOPATHYOTH	Other dorsopathies, not elsewhere classified	XIII Diseases of the musculoskeletal system and connective tissue (M13_)	sex_shared	0.07712072967385	0.0397357231472965	0.3179	0.2225	116195	0.0373850065265535	0.0954	25.0440229069991	12.01	12.01	registry
M13_DUPUTRYEN	Palmar fascial fibromatosis [Dupuytren]	XIII Diseases of the musculoskeletal system and connective tissue (M13_)	sex_shared	0.00604595995723055	0.00183572322060523	0.202	0.0946	6972	0.00421023673662532	0.1074	1.94993707173822	0.89	0.89	registry
M13_EARLY_LUMBAR_PROLAPSE	Early lumbar disc prolapse, operated	XIII Diseases of the musculoskeletal system and connective tissue (M13_)	sex_shared	0.0516417450144197	0.0212930806558833	0.218	0.1875	4707	0.0303486643585364	0.0305	1.33541385913895		0.677536181788103	case-count proxy
M13_ENTEROARTHR	Enteropathic arthropathies	XIII Diseases of the musculoskeletal system and connective tissue (M13_)	sex_shared	0.00132053727986838	-0.0121620855452102	0.0659	0.0292	898	0.0134826228250786	0.0367	0.28991589856172	0.05	0.05	registry
M13_ENTESOPATHYLOW	Enthesopathies of lower limb, excluding foot	XIII Diseases of the musculoskeletal system and connective tissue (M13_)	sex_shared	0.0245897957076614	0.0144152578385659	0.3593	0.1326	10862	0.0101745378690955	0.2267	3.02874829211165	0.9	0.9	registry
M13_ENTESOPATHYLOWNAS	Other/unspecified enthesopathies of lower limb, excluding foot	XIII Diseases of the musculoskeletal system and connective tissue (M13_)	sex_shared	-0.012478131745275	0.0191670798180337	0.243	0.145	3080	-0.0316452115633087	0.098	0.877873039036848	0.28	0.28	registry
M13_ENTESOPATHYNAS	Other/unspecified enthesopathies, not elsewhere classified	XIII Diseases of the musculoskeletal system and connective tissue (M13_)	sex_shared	0.0126112235459813	0.0178315704828904	0.498	0.3792	3708	-0.0052203469369091	0.1188	1.04661205918382	0.41	0.41	registry
M13_ENTESOPATHYOTH	Other enthesopathies	XIII Diseases of the musculoskeletal system and connective tissue (M13_)	sex_shared	0.0419773499557859	0.0285354673697535	0.3109	0.2565	15115	0.0134418825860324	0.0544	4.13324838047214	1.43	1.43	registry
M13_FATIGFRACT	Fatigue fracture of vertebra	XIII Diseases of the musculoskeletal system and connective tissue (M13_)	sex_shared	-0.0122759877361247	0.0183106309161759			176	-0.0305866186523006		0.050582852413032	0.02	0.02	registry
M13_FATPADHYPERTROPHY	Hypertrophy of (infrapatellar) fat pad	XIII Diseases of the musculoskeletal system and connective tissue (M13_)	sex_shared	0.00913937136264709	-0.00213742812797756	0.233	0.2143	380	0.0112767994906247	0.0187	0.108275064252703	0.04	0.04	registry
M13_FIBROBLASTIC	Fibroblastic disorders	XIII Diseases of the musculoskeletal system and connective tissue (M13_)	sex_shared	0.021035334749396	0.0064008930317774	0.2531	0.1108	11284	0.0146344417176186	0.1423	3.11831582205371	1.13	1.13	registry
M13_FIBROBLASTNAS	Other fibroblastic disorders	XIII Diseases of the musculoskeletal system and connective tissue (M13_)	sex_shared	0.00806255132927684	-0.00445690040284807	0.1172	0.267	139	0.0125194517321249	-0.1498	0.0396330944892891	0.01	0.01	registry
M13_FIBROMYALGIA	Fibromyalgia	XIII Diseases of the musculoskeletal system and connective tissue (M13_)	sex_shared	0.0377045261553394	0.0154223874017643	0.3162	0.2707	4005	0.0222821387535751	0.0455	1.12949577390907	0.38	0.38	registry
M13_FINGERDEFORM	Deformity of finger(s)	XIII Diseases of the musculoskeletal system and connective tissue (M13_)	sex_shared	0.017166031094404	0.00799198965973038	0.1725	0.1804	221	0.00917404143467362	-0.00790000000000002	0.0715052998045738	0.02	0.02	registry
M13_FLATFOOT	Flat foot [pes planus] (acquired)	XIII Diseases of the musculoskeletal system and connective tissue (M13_)	sex_shared	0.00851942204699564	0.0137177741695519	0.0696	0.1132	4150	-0.00519835212255626	-0.0436	1.32589130247255	0.41	0.41	registry
M13_FOREIGNBODY	Residual foreign body in soft tissue	XIII Diseases of the musculoskeletal system and connective tissue (M13_)	sex_shared	0.0246513827389343	0.0155383432949248	0.611	0.1917	2138	0.0091130394440095	0.4193	0.606153392531102	0.29	0.29	registry
M13_FORESTIER	Ankylosing hyperostosis [Forestier]	XIII Diseases of the musculoskeletal system and connective tissue (M13_)	sex_shared	0.0254564875735097	0.00691097947505278			477	0.0185455080984569		0.136972533704719	0.04	0.04	registry
M13_GANGLION	Ganglion	XIII Diseases of the musculoskeletal system and connective tissue (M13_)	sex_shared	0.0487441655323007	0.00254098887642627	0.3484	0.0892	10518	0.0462031766558744	0.2592	2.91279881250415	1.07	1.07	registry
M13_GIANTCELL	Giant cell arteritis	XIII Diseases of the musculoskeletal system and connective tissue (M13_)	sex_shared	-0.013886455665006	-0.0201616507900287	-0.023	0.0305	1514	0.0062751951250227	-0.0535	0.312278270052638	0.14	0.14	registry
M13_GLUTEALTEND	Gluteal tendinitis	XIII Diseases of the musculoskeletal system and connective tissue (M13_)	sex_shared	0.00288734050378663	0.00148911020230581	0.2785	0.2312	1533	0.00139823030148082	0.0473	0.438876499065276	0.1	0.1	registry
M13_GOUT	Gout	XIII Diseases of the musculoskeletal system and connective tissue (M13_)	sex_shared	0.0134068062666841	0.0132163303087991	0.1686	0.1066	13445	0.000190475957885001	0.062	4.17168282178894	1.65	1.65	registry
M13_HALLUDEFORMOTH	Other deformity of hallux (acquired)	XIII Diseases of the musculoskeletal system and connective tissue (M13_)	sex_shared	0.0100749023548736	-0.0168666631900469			287	0.0269415655449205		0.0928399981884878	0.03	0.03	registry
M13_HALLUXRIGIDUS	Hallux rigidus	XIII Diseases of the musculoskeletal system and connective tissue (M13_)	sex_shared	0.00962025688788066	0.00127153631353364	0.0891	0.0972	6111	0.00834872057434702	-0.0081	1.94025870116015	0.52	0.52	registry
M13_HALLUXVALGUS	Hallux valgus (acquired)	XIII Diseases of the musculoskeletal system and connective tissue (M13_)	sex_shared	0.00519248192255095	0.015771682140035	0.1117	0.0668	19925	-0.010579200217484	0.0449	6.0604309369411	3.25	3.25	registry
M13_HAMMERTOE	Other hammer toe(s) (acquired)	XIII Diseases of the musculoskeletal system and connective tissue (M13_)	sex_shared	0.00648077312509237	0.0225005612057646	0.0934	0.0855	7774	-0.0160197880806722	0.00789999999999999	2.45530144873524	0.98	0.98	registry
M13_HEBERDENS_NODES	Heberden's nodes [with arthropathy]	XIII Diseases of the musculoskeletal system and connective tissue (M13_)	sex_shared	-0.00869874071840168	-0.00724327282622241			304	-0.00145546789217927		0.0607773908106185		0.0373650221497502	case-count proxy
M13_HTROMBMICROANG	Thrombotic microangiopathy	XIII Diseases of the musculoskeletal system and connective tissue (M13_)	sex_shared	0.0139503063286256	-0.00147237050226152	0.0336	0.0216	216	0.0154226768308871	0.012	0.0446718480495361	0.02	0.02	registry
M13_HYPERANG	Hypersensitivity angiitis	XIII Diseases of the musculoskeletal system and connective tissue (M13_)	sex_shared	-0.00165584814855293	0.0264464755543408	-0.2076	0.1646	177	-0.0281023237028937	-0.3722	0.0366090505018749	0.02	0.02	registry
M13_HYPERMOBILITY	Hypermobility syndrome	XIII Diseases of the musculoskeletal system and connective tissue (M13_)	sex_shared	0.0163396388060269	0.00912465153752142	0.1929	0.165	2199	0.00721498726850548	0.0279	0.452926722264675	0.28	0.28	registry
M13_ILIOTIBBAND	Iliotibial band syndrome	XIII Diseases of the musculoskeletal system and connective tissue (M13_)	sex_shared	0.0269016605711496	-0.0060386874395263	0.3471	-0.1383	425	0.0329403480106759	0.4854	0.122058743283179	0.04	0.04	registry
M13_IMPINGEMENT	Impingement syndrome of shoulder	XIII Diseases of the musculoskeletal system and connective tissue (M13_)	sex_shared	0.0636467608863567	0.0265013305290388	0.3469	0.2326	11372	0.0371454303573179	0.1143	3.14187042409173	1	1	registry
M13_INFBURSA	Infective bursitis	XIII Diseases of the musculoskeletal system and connective tissue (M13_)	sex_shared	0.0232116987590944	-0.00450773599846523	0.3085	0.1531	1098	0.0277194347575596	0.1554	0.312219201765261	0.14	0.14	registry
M13_INFTENOSYNOVITIS	Other infective (teno)synovitis	XIII Diseases of the musculoskeletal system and connective tissue (M13_)	sex_shared	0.0123123722306605	-0.00940504594244193	0.0784	-0.0186	149	0.0217174181731024	0.097	0.0424831849273081	0.01	0.01	registry
M13_INTERHYDRARTHR	Intermittent hydrarthrosis	XIII Diseases of the musculoskeletal system and connective tissue (M13_)	sex_shared	0.0195481675462757	-0.0185713904750662	0.26	-0.2194	83	0.0381195580213419	0.4794	0.0268669277829929	0.01	0.01	registry
M13_INTERVERTEB	Other intervertebral disc disorders	XIII Diseases of the musculoskeletal system and connective tissue (M13_)	sex_shared	0.0768561904552103	0.0271899229596073	0.2748	0.179	53270	0.049666267495603	0.0958	13.2830305357597	5.07	5.07	registry
M13_JUVERHEU	Juvenile rheumatoid arthirtis	XIII Diseases of the musculoskeletal system and connective tissue (M13_)	sex_shared	-0.0225742941232573	-0.0140811530556713	-0.0659	-0.1743	913	-0.008493141067586	0.1084	0.294744318181818	0.11	0.11	registry
M13_JUVOSTEOCHONRHIP	Juvenile osteochondrosis	XIII Diseases of the musculoskeletal system and connective tissue (M13_)	sex_shared	0.0265204814176395	0.0124021037936853	0.1039	0.2919	1318	0.0141183776239542	-0.188	0.267730546877222	0.25	0.25	registry
M13_KAWASAKI	Mucocutaneous lymph node syndrome [Kawasaki]	XIII Diseases of the musculoskeletal system and connective tissue (M13_)	sex_shared	-0.00669547988619616	-0.0121705174355934	-0.1292	-0.1556	79	0.00547503754939724	0.0264	0.0163429453297448	0.03	0.03	registry
M13_KISSING	Kissing spine	XIII Diseases of the musculoskeletal system and connective tissue (M13_)	sex_shared	0.00667703950342779	0.00820133421265727	-0.0548	-0.0048	69	-0.00152429470922948	-0.05	0.0198368776179647	0.01	0.01	registry
M13_KNEEDERANGEMENTS	Internal derangement of knee	XIII Diseases of the musculoskeletal system and connective tissue (M13_)	sex_shared	0.0246276301923671	0.029383242118358	0.2418	0.1512	20460	-0.0047556119259909	0.0906	6.21304739953903		2.86496871386236	case-count proxy
M13_KNUCKLEPADS	Knuckle pads	XIII Diseases of the musculoskeletal system and connective tissue (M13_)	sex_shared	0.00709658465293352	-0.00124640032914701	0.1634	0.2467	55	0.00834298498208053	-0.0833	0.0156859166136673	0.01	0.01	registry
M13_KYPHOSIS	Kyphosis	XIII Diseases of the musculoskeletal system and connective tissue (M13_)	sex_shared	-0.00446751796918582	0.0139053096849623			493	-0.0183728276541481		0.141560496294446	0.06	0.06	registry
M13_LATERALEPICOND	Lateral epicondylitis	XIII Diseases of the musculoskeletal system and connective tissue (M13_)	sex_shared	0.041804601187765	0.00798362257862995	0.2758	0.2381	6051	0.0338209786091351	0.0377	1.69672124252374	0.55	0.55	registry
M13_LIMBDEFORM	Other specified acquired deformities of limbs	XIII Diseases of the musculoskeletal system and connective tissue (M13_)	sex_shared	0.0232011209260253	0.0128117033452927	0.1751	0.0209	175	0.0103894175807326	0.1542	0.0566302722783491	0.02	0.02	registry
M13_LIMBLENGTH	Unequal limb length (acquired)	XIII Diseases of the musculoskeletal system and connective tissue (M13_)	sex_shared	-0.0149610174107258	-0.00350972218976874	0.2158	-0.0674	352	-0.0114512952209571	0.2832	0.11384254153474	0.07	0.07	registry
M13_LIMBPAIN	Pain in limb	XIII Diseases of the musculoskeletal system and connective tissue (M13_)	sex_shared	0.0705030373117467	0.0281704107602561	0.3922	0.2843	50763	0.0423326265514906	0.1079	12.6483464186315	4.82	4.82	registry
M13_LOOSEJOINT	Loose body in joint	XIII Diseases of the musculoskeletal system and connective tissue (M13_)	sex_shared	0.0268264272147445	0.00311312852884287	0.286	-0.0671	946	0.0237132986859016	0.3531	0.305365195469233	0.12	0.12	registry
M13_LORDOSIS	Lordosis	XIII Diseases of the musculoskeletal system and connective tissue (M13_)	sex_shared	-0.00538881456358308	-0.000458661186846754			97	-0.00493015337673633		0.0278843804349388	0.01	0.01	registry
M13_LOWBACKPAIN	Low back pain	XIII Diseases of the musculoskeletal system and connective tissue (M13_)	sex_shared	0.0478239471632244	0.0379855317979904	0.3522	0.2525	45696	0.009838415365234	0.0997	11.6137689852185	4.61	4.61	registry
M13_LOWBACKPAINORANDSCIATICA	Lower back pain or/and sciatica	XIII Diseases of the musculoskeletal system and connective tissue (M13_)	sex_shared	0.0478754892840821	0.0370610317181187	0.3714	0.2675	63923	0.0108144575659634	0.1039	12.7798458973262	6.37	6.37	registry
M13_LUMBAR_PROLAPSE	Lumbar disc prolapse	XIII Diseases of the musculoskeletal system and connective tissue (M13_)	sex_shared	0.0715552193645143	0.0309258859019258	0.2893	0.1809	36573	0.0406293334625885	0.1084	9.51576854928306		4.27318236267837	case-count proxy
M13_LUPUS_NEPHRITIS	Lupus nephritis	XIII Diseases of the musculoskeletal system and connective tissue (M13_)	sex_shared	0.00422617359472672	0.0017862428872995	0.3405	0.4292	137	0.00243993070742722	-0.0887	0.0371379389799265		0.0235417008635718	case-count proxy
M13_MCTD	Mixed connective tissue disease	XIII Diseases of the musculoskeletal system and connective tissue (M13_)	sex_shared	0.00706620028006081	-0.0261019291216787	0.0492	-0.069	2462	0.0331681294017395	0.1182	0.492216895314943	0.27	0.27	registry
M13_MEDIALEPICOND	Medial epicondylitis	XIII Diseases of the musculoskeletal system and connective tissue (M13_)	sex_shared	0.0191919691552626	-0.00347124246730894	0.0902	0.2023	1521	0.0226632116225715	-0.1121	0.431980778133423	0.13	0.13	registry
M13_MENISCUSDERANGEMENTS	Meniscus derangement	XIII Diseases of the musculoskeletal system and connective tissue (M13_)	sex_shared	0.0543610923822936	0.00896631517698963	0.2477	0.106	32115	0.045394777205304	0.1417	9.41893818079434	3.25	3.25	registry
M13_METATARSALGIA	Metatarsalgia	XIII Diseases of the musculoskeletal system and connective tissue (M13_)	sex_shared	5.01524056780375e-05	0.00467290229467953	0.1821	0.1444	4137	-0.00462274988900149	0.0377	1.16628842873856	0.36	0.36	registry
M13_MICROPOLYANG	Microscopic polyangiitis	XIII Diseases of the musculoskeletal system and connective tissue (M13_)	sex_shared	0.00468534786691188	-0.0137021924992088			203	0.0183875403661207		0.0407942622769629	0.01	0.01	registry
M13_MONOARTHRITIS	Monoarthritis, not elsewhere classified	XIII Diseases of the musculoskeletal system and connective tissue (M13_)	sex_shared	-0.0122010254052245	-0.0169084370444001	0.2927	0.0604	1757	0.0047074116391756	0.2323	0.565672045434058	0.19	0.19	registry
M13_MULTIFIBRO	Multifocal fibrosclerosis	XIII Diseases of the musculoskeletal system and connective tissue (M13_)	sex_shared	0.00280587063738405	-0.0311197728870709	0.3638	-0.0386	223	0.033925643524455	0.4024	0.0461188791664685	0.03	0.03	registry
M13_MUSCLE	Disorders of muscles	XIII Diseases of the musculoskeletal system and connective tissue (M13_)	sex_shared	0.0154854665277982	0.0228740297045769	0.3155	0.2539	4508	-0.0073885631767787	0.0616	1.26955160158384	0.49	0.49	registry
M13_MUSCLEATROPH	Muscle wasting and atrophy, not elsewhere classified	XIII Diseases of the musculoskeletal system and connective tissue (M13_)	sex_shared	-0.000679138054532823	0.000423122067728826	-0.0281	0.0637	217	-0.00110226012226165	-0.0918	0.0618594905856697	0.02	0.02	registry
M13_MUSCLEDISNAS	Other specified disorders of muscle	XIII Diseases of the musculoskeletal system and connective tissue (M13_)	sex_shared	0.00213795972006881	-0.00299812575005486			1144	0.00513608547012367		0.325256879012402	0.13	0.13	registry
M13_MUSCLESTRAIN	Muscle strain	XIII Diseases of the musculoskeletal system and connective tissue (M13_)	sex_shared	3.75087810738295e-05	0.0238180482475685	0.3557	0.0261	1298	-0.0237805394664947	0.3296	0.368879946344735	0.16	0.16	registry
M13_MUSCONTRAC	Contracture of muscle	XIII Diseases of the musculoskeletal system and connective tissue (M13_)	sex_shared	0.027721052027659	-0.0056403919342874	0.7445	0.4516	151	0.0333614439619464	0.2929	0.0430531835120563	0.02	0.02	registry
M13_MUSCULOSKELEOTH	Other disorders of the musculoskeletal system and connective tissue	XIII Diseases of the musculoskeletal system and connective tissue (M13_)	sex_shared	0.0329382007026907	-0.00234080477607677	0.1675	0.0798	6154	0.0352790054787675	0.0877	1.23034231265969	0.59	0.59	registry
M13_MYALGIA	Myalgia	XIII Diseases of the musculoskeletal system and connective tissue (M13_)	sex_shared	0.0527437185041664	0.0120925297714912	0.389	0.2529	11686	0.0406511887326752	0.1361	3.22582426076011	1.02	1.02	registry
M13_MYOSITIS	Myositis	XIII Diseases of the musculoskeletal system and connective tissue (M13_)	sex_shared	0.0134830640533128	0.0163540274926097	0.1616	0.6266	977	-0.0028709634392969	-0.465	0.277908150929442	0.1	0.1	registry
M13_MYOSITISOSSIF	Myositis ossificans	XIII Diseases of the musculoskeletal system and connective tissue (M13_)	sex_shared	0.0100545290711033	0.0109865063002131	0.364	0.5771	108	-0.000931977229109799	-0.2131	0.0307967811660574	0.01	0.01	registry
M13_NECROFASC	Necrotizing fasciitis	XIII Diseases of the musculoskeletal system and connective tissue (M13_)	sex_shared	0.0222724631792481	-0.00119385724296594	0.1539	-0.0053	178	0.023466320422214	0.1592	0.050747528196239	0.01	0.01	registry
M13_NECROVASCNAS	Other specified/unspecified necrotizing vasculopathies	XIII Diseases of the musculoskeletal system and connective tissue (M13_)	sex_shared	-0.000190553204323217	-0.0154048648032685			494	0.0152143115989453		0.10210746500649	0.05	0.05	registry
M13_NEURALGIA	Neuralgia and neuritis, unspecified	XIII Diseases of the musculoskeletal system and connective tissue (M13_)	sex_shared	0.0321096398283268	0.0222275286614839	0.27	0.3349	2085	0.0098821111668429	-0.0649	0.591215976725656	0.19	0.19	registry
M13_OLECRANONBURSITIS	Olecranon bursitis	XIII Diseases of the musculoskeletal system and connective tissue (M13_)	sex_shared	0.0155185142793256	-0.00898144653045379	0.2575	0.1484	2493	0.0244999608097794	0.1091	0.706090276459976	0.36	0.36	registry
M13_OSTEOCHONDRO	Osteopathies and chondropathies	XIII Diseases of the musculoskeletal system and connective tissue (M13_)	sex_shared	0.0167745671653769	0.00642067352288349	0.1107	0.1438	29174	0.0103538936424934	-0.0331	5.83263026154271	3.56	3.56	registry
M13_OSTEOCHONDROPATHY	Other osteochondropathies	XIII Diseases of the musculoskeletal system and connective tissue (M13_)	sex_shared	0.00952373248185831	-0.00348884498683077	0.1309	-0.0627	2885	0.0130125774686891	0.1936	0.584181932680373	0.38	0.38	registry
M13_OSTEOCHONDROSIS_OF_ANKLE_JUVENILE	Osteochondrosis of ankle, juvenile	XIII Diseases of the musculoskeletal system and connective tissue (M13_)	sex_shared	0.0180133825312073	0.0222261552123538			236	-0.0042127726811465		0.0471824481292959		0.0294671764072347	case-count proxy
M13_OSTEOMALACIA	Osteomalacia	XIII Diseases of the musculoskeletal system and connective tissue (M13_)	sex_shared	-0.00124112721291434	0.00596612328957481			311	-0.00720725050248915		0.0659844734927003	0.03	0.03	registry
M13_OSTEOMYELITIS	Osteomyelitis	XIII Diseases of the musculoskeletal system and connective tissue (M13_)	sex_shared	0.00110686507324021	0.000502666427506423	0.2902	0.1843	2519	0.000604198645733787	0.1059	0.531960948702408	0.31	0.31	registry
M13_OSTEOMYELVERTEB	Osteomyelitis of vertebra	XIII Diseases of the musculoskeletal system and connective tissue (M13_)	sex_shared	-0.00730075287890942	-0.00169431909041658	0.136	0.2223	113	-0.00560643378849284	-0.0863	0.0324823718455449	0.01	0.01	registry
M13_OSTEONECROSIS	Osteonecrosis	XIII Diseases of the musculoskeletal system and connective tissue (M13_)	sex_shared	-0.00649490365329062	7.77230982835038e-05	-0.0693	-0.0036	2330	-0.00657262675157412	-0.0657	0.492244508199146	0.16	0.16	registry
M13_OSTEOPATHYINOTH	Osteopathy in diseases classified elsewhere	XIII Diseases of the musculoskeletal system and connective tissue (M13_)	sex_shared	-0.00102936830300648	0.0120365845846998	0.0493	-0.0305	253	-0.0130659528877063	0.0798	0.053685293836801	0.02	0.02	registry
M13_OSTEOPOROSIS	Osteoporosis	XIII Diseases of the musculoskeletal system and connective tissue (M13_)	sex_shared	-0.00838230132648617	-0.00428393314139995	-0.05	0.097	11704	-0.00409836818508622	-0.147	2.42461405878405	2	2	registry
M13_OTERSPECARTHR	Other specific arthropathies	XIII Diseases of the musculoskeletal system and connective tissue (M13_)	sex_shared	-0.0153985303193141	0.000330304209118152	-0.087	-0.0098	70	-0.0157288345284323	-0.0772	0.0226598082980218	0.01	0.01	registry
M13_OTHERBONE	Other disorders of bone	XIII Diseases of the musculoskeletal system and connective tissue (M13_)	sex_shared	0.0341278419207727	0.0184156670674283	0.2647	0.1173	9218	0.0157121748533444	0.1474	1.91949690773171	1.1	1.1	registry
M13_OTHERJOINT	Other joint disorders	XIII Diseases of the musculoskeletal system and connective tissue (M13_)	sex_shared	0.0591465707714529	0.0335759952600815	0.2609	0.1687	113823	0.0255705755113714	0.0922	26.9295194832848		11.3358651033097	case-count proxy
M13_OVERLAP	Other overlap syndromes	XIII Diseases of the musculoskeletal system and connective tissue (M13_)	sex_shared	-0.00582304960642241	-0.0269534342649198	-0.016	-0.1984	659	0.0211303846584974	0.1824	0.136165746153163	0.06	0.06	registry
M13_OVERUSENAS	Other/unspecified soft tissue disorders related to use, overuse and pressure	XIII Diseases of the musculoskeletal system and connective tissue (M13_)	sex_shared	0.039806686082025	0.00246577610358048	0.3163	0.0321	1145	0.0373409099784445	0.2842	0.325540268904792	0.11	0.11	registry
M13_PAGET	Paget disease	XIII Diseases of the musculoskeletal system and connective tissue (M13_)	sex_shared	0.000321603018568961	0.0145363729249612	-0.0544	0.1979	171	-0.0142147699063922	-0.2523	0.0362916319137151	0.02	0.02	registry
M13_PALINDROMIC	Palindromic rheumatism	XIII Diseases of the musculoskeletal system and connective tissue (M13_)	sex_shared	-0.0140008158689571	-0.000311417093124329	0.1239	0.1353	396	-0.0136893987758328	-0.0114	0.128054636644969	0.03	0.03	registry
M13_PANNICULITIS	Panniculitis affecting regions of neck and back	XIII Diseases of the musculoskeletal system and connective tissue (M13_)	sex_shared	0.0174016540315814	0.0155795756626151	0.1925	0.2374	1500	0.0018220783689663	-0.0449	0.429469633633771	0.17	0.17	registry
M13_PANNICULITISNAS	Panniculitis, unspecified	XIII Diseases of the musculoskeletal system and connective tissue (M13_)	sex_shared	0.0303598505568252	-0.00774373563183425	0.5869	0.0709	381	0.0381035861886595	0.516	0.108559689308438	0.04	0.04	registry
M13_PATELLADISLOCATIO	Recurrent dislocation of patella	XIII Diseases of the musculoskeletal system and connective tissue (M13_)	sex_shared	0.0213396974145549	0.0152596486955992	0.1585	0.104	2324	0.0060800487189557	0.0545	0.746856230175691	0.31	0.31	registry
M13_PATELLAOTH	Other disorders of patella	XIII Diseases of the musculoskeletal system and connective tissue (M13_)	sex_shared	0.0400860092385056	0.000363258903957805	0.2178	0.0883	8457	0.0397227503345478	0.1295	2.66526737765676	0.83	0.83	registry
M13_PATELLARTEND	Patellar tendinitis	XIII Diseases of the musculoskeletal system and connective tissue (M13_)	sex_shared	0.00800905496708819	0.00437550323401215	0.0273	0.037	680	0.00363355173307604	-0.0097	0.195151069887042	0.09	0.09	registry
M13_PERONEALTEND	Peroneal tendinitis	XIII Diseases of the musculoskeletal system and connective tissue (M13_)	sex_shared	0.00975790342742294	0.018779009925347			621	-0.00902110649792406		0.178249026232172	0.05	0.05	registry
M13_PLANTARFASC	Plantar fascial fibromatosis	XIII Diseases of the musculoskeletal system and connective tissue (M13_)	sex_shared	0.00938277541072396	0.0124938210914205	0.1978	0.0768	4210	-0.00311104568069654	0.121	1.18662412482948	0.39	0.39	registry
M13_POLNODOSA	Polyarteritis nodosa	XIII Diseases of the musculoskeletal system and connective tissue (M13_)	sex_shared	0.00261839631697418	-0.000874380271472912			251	0.00349277658844709		0.0519065846914867	0.04	0.04	registry
M13_POLYARTERETAL	Polyarteritis nodosa and related conditions	XIII Diseases of the musculoskeletal system and connective tissue (M13_)	sex_shared	0.0178767398343515	-0.00708034752896756	0.1443	0.0209	512	0.0249570873633191	0.1234	0.105824042726457	0.07	0.07	registry
M13_POLYARTHRITIS	Polyarthritis, unspecified	XIII Diseases of the musculoskeletal system and connective tissue (M13_)	sex_shared	-0.0107474114731926	0.00335055490134963	-0.0124	0.0363	1437	-0.0140979663745422	-0.0487	0.463124105658042	0.14	0.14	registry
M13_POLYARTHROPATHIES	Polyarthropathies	XIII Diseases of the musculoskeletal system and connective tissue (M13_)	sex_shared	0.0116087280602897	0.00107537240283174	0.2156	0.1494	45765	0.010533355657458	0.0662	12.905654630977	4.68	4.68	registry
M13_POLYMYALGIA	Polymyalgia rheumatica	XIII Diseases of the musculoskeletal system and connective tissue (M13_)	sex_shared	-0.000940771162938321	-0.0155757285186907	0.0828	-0.0444	5445	0.0146349573557524	0.1272	1.11405509918057	0.67	0.67	registry
M13_POLYMYO	Polymyositis	XIII Diseases of the musculoskeletal system and connective tissue (M13_)	sex_shared	0.0111192892459444	-0.00150738898670461	0.1319	-0.0178	293	0.012626678232649	0.1497	0.0605868863509945	0.03	0.03	registry
M13_POSTOPMUSCULOSKE	Postprocedural musculoskeletal disorders, not elsewhere classified	XIII Diseases of the musculoskeletal system and connective tissue (M13_)	sex_shared	0.00909500813820518	-0.00356189519967987	0.0999	0.1008	2715	0.0126569033378851	-0.000899999999999998	0.5465558926375	0.24	0.24	registry
M13_POYARTOTH	Other conditions related to polyarteritis nodosa	XIII Diseases of the musculoskeletal system and connective tissue (M13_)	sex_shared	0.0138387550632239	0.000947030067597624	0.2157	0.019	86	0.0128917249956263	0.1967	0.017790796779452	0.01	0.01	registry
M13_PREPATELLARBURSITIS	Prepatellar bursitis	XIII Diseases of the musculoskeletal system and connective tissue (M13_)	sex_shared	-0.0110962900178482	0.030374379909406	0.0967	0.2748	1806	-0.0414706699272542	-0.1781	0.512509081002543	0.27	0.27	registry
M13_PROGRESSIVE_OSSEOUS_MUSCLE_INFLAMMATION	Progressive osseous muscle inflammation	XIII Diseases of the musculoskeletal system and connective tissue (M13_)	sex_shared	0.00950843813881429	0.00163708139470426	0.2356	0.1938	50	0.00787135674411003	0.0418	0.0099962813833254		0.00687522001050765	case-count proxy
M13_PROGRESSIVE_SYSTEMIC_SCLEROSIS	Progressive systemic sclerosis	XIII Diseases of the musculoskeletal system and connective tissue (M13_)	sex_shared	-0.00391369499341795	0.0230814507172852			161	-0.0269951457107032		0.0321880260543078		0.0205861805668738	case-count proxy
M13_PSOASTEND	Psoas tendinitis	XIII Diseases of the musculoskeletal system and connective tissue (M13_)	sex_shared	0.00470281682613636	0.00204820936911859			171	0.00265460745701777		0.0491465458025689	0.01	0.01	registry
M13_PSORIARTH	Psoriatic arthropathies	XIII Diseases of the musculoskeletal system and connective tissue (M13_)	sex_shared	0.0156325459722835	0.0134404941944319	0.1884	0.1834	4445	0.0021920517778516	0.005	1.41880418267942	0.32	0.32	registry
M13_PYOGARTH	Pyogenic arthritis	XIII Diseases of the musculoskeletal system and connective tissue (M13_)	sex_shared	0.0335944721863795	0.0216578308163582	0.5487	0.1624	2830	0.0119366413700213	0.3863	0.907991285850416	0.37	0.37	registry
M13_RADICULOPATHY	Radiculopathy	XIII Diseases of the musculoskeletal system and connective tissue (M13_)	sex_shared	0.0455251968511063	0.0103118257423536	0.4093	0.1953	7531	0.0352133711087527	0.214	2.11962319060847	0.83	0.83	registry
M13_REACTARTH	Reactive arthropathies	XIII Diseases of the musculoskeletal system and connective tissue (M13_)	sex_shared	0.0245678363834757	-0.00422011213433996	0.3537	0.028	3861	0.0287879485178157	0.3257	1.23469818488814	0.4	0.4	registry
M13_RECUDISLOCATIO	Recurrent dislocation and subluxation of joint	XIII Diseases of the musculoskeletal system and connective tissue (M13_)	sex_shared	0.0445174766891562	0.0251357672029017	0.2707	0.1445	3095	0.0193817094862545	0.1262	0.992171621647614	0.38	0.38	registry
M13_RELAPSPOLYCHONDR	Relapsing polychondritis	XIII Diseases of the musculoskeletal system and connective tissue (M13_)	sex_shared	0.00134360034151423	0.00570408107832669	0.0887	0.0424	80	-0.00436048073681246	0.0463	0.0162916863524543	0.01	0.01	registry
M13_RHEUMA	Rheumatoid arthritis	XIII Diseases of the musculoskeletal system and connective tissue (M13_)	sex_shared	0.00989053702030909	0.00130363469153697	0.1714	0.1177	16775	0.00858690232877212	0.0537	5.15167894061212	1.95	1.95	registry
M13_RHEUMATISM	Rheumatism, unspecified	XIII Diseases of the musculoskeletal system and connective tissue (M13_)	sex_shared	0.0547993737252704	0.0162220262543119	0.3026	0.1974	6053	0.0385773474709585	0.1052	1.69727253099142	0.87	0.87	registry
M13_ROTATORCUFF	Rotator cuff syndrome	XIII Diseases of the musculoskeletal system and connective tissue (M13_)	sex_shared	0.0771449653945056	0.0416005871384322	0.3384	0.2135	34158	0.0355443782560734	0.1249	8.87829576644764	2.97	2.97	registry
M13_RUPTUREMUSC	Other rupture of muscle	XIII Diseases of the musculoskeletal system and connective tissue (M13_)	sex_shared	0.00382575153513027	0.00420594341953906			234	-0.00038019188440879		0.066702393304676	0.02	0.02	registry
M13_SACROCOGG	Sacrococcygeal disorders, not elsewhere classified	XIII Diseases of the musculoskeletal system and connective tissue (M13_)	sex_shared	0.0357279620716163	0.0321732220964963	0.221	0.2308	1225	0.00355473997512	-0.0098	0.351009905642807	0.13	0.13	registry
M13_SACROILIITIS	Sacroiliitis, not elsewhere classified	XIII Diseases of the musculoskeletal system and connective tissue (M13_)	sex_shared	0.0417718985275492	0.0194268268152231	0.3747	0.1076	2046	0.0223450717123261	0.2671	0.584882251710909	0.17	0.17	registry
M13_SCIATICA	Sciatica+with lumbago	XIII Diseases of the musculoskeletal system and connective tissue (M13_)	sex_shared	0.0637511531891142	0.0414755946122903	0.344	0.2428	28094	0.0222755585768239	0.1012	7.474551830193	2.53	2.53	registry
M13_SCOLIOSIS	Scoliosis	XIII Diseases of the musculoskeletal system and connective tissue (M13_)	sex_shared	0.00163478208703994	0.00308064467468294	-0.0664	0.03	3799	-0.001445862587643	-0.0964	1.0805906128846	0.64	0.64	registry
M13_SERONEGATIVE_JUVENILE_RHEUMATOID_ARTHRITIS	Seronegative juvenile rheumatoid arthritis	XIII Diseases of the musculoskeletal system and connective tissue (M13_)	sex_shared	-0.00917485614053884	0.0113375706441756	-0.0113	-0.0118	723	-0.0205124267847144	5e-04	0.144546228802885		0.0842059051041326	case-count proxy
M13_SHORTACHILLES	Short Achilles tendon (acquired)	XIII Diseases of the musculoskeletal system and connective tissue (M13_)	sex_shared	-0.00847698643229921	-0.018664867425795	0.0519	0.106	1086	0.0101878809934958	-0.0541	0.308817507620911	0.12	0.12	registry
M13_SHOULDER	Shoulder lesions	XIII Diseases of the musculoskeletal system and connective tissue (M13_)	sex_shared	0.0874275040574458	0.0432156042180383	0.3503	0.2466	48748	0.0442118998394075	0.1037	12.2075697550372	4.36	4.36	registry
M13_SHOULDERBURSITIS	Bursitis of shoulder	XIII Diseases of the musculoskeletal system and connective tissue (M13_)	sex_shared	0.0218896596653817	0.00986670573747362	0.4296	0.2175	956	0.0120229539279081	0.2121	0.27195093504469	0.09	0.09	registry
M13_SHOULDERNAS	Other shoulder lesions	XIII Diseases of the musculoskeletal system and connective tissue (M13_)	sex_shared	0.0540358587470807	0.0177279834983967	0.5601	0.353	4180	0.036307875248684	0.2071	1.17826800241291	0.37	0.37	registry
M13_SJOGREN	Sicca syndrome [Sjögren]	XIII Diseases of the musculoskeletal system and connective tissue (M13_)	sex_shared	0.00805966307577931	0.0014409254368799	-0.0221	0.0544	3403	0.00661873763889941	-0.0765	0.699180009574431	0.41	0.41	registry
M13_SOFTOVERUSE	Soft tissue disorders related to use, overuse and pressure	XIII Diseases of the musculoskeletal system and connective tissue (M13_)	sex_shared	0.0358175960986894	0.0278638767355631	0.3848	0.2848	13239	0.0079537193631263	0.1	3.63891736779755	1.14	1.14	registry
M13_SOFTTISSUE	Soft tissue disorders	XIII Diseases of the musculoskeletal system and connective tissue (M13_)	sex_shared	0.0908686891650067	0.0362514543932099	0.4003	0.2576	149608	0.0546172347717968	0.1427	29.9104733039309	15.24	15.24	registry
M13_SOFTTISSUENAS	Other specified/unspecified soft tissue disorders	XIII Diseases of the musculoskeletal system and connective tissue (M13_)	sex_shared	0.0366816426393504	0.0333638380471906	0.2907	0.1682	2032	0.0033178045921598	0.1225	0.576274070502822	0.3	0.3	registry
M13_SOFTTISSUEOTH	Other soft tissue disorders, not elsewhere classified	XIII Diseases of the musculoskeletal system and connective tissue (M13_)	sex_shared	0.0770155543514531	0.0307871013093178	0.3855	0.2792	69131	0.0462284530421353	0.1063	16.4711740753713	6.86	6.86	registry
M13_SPINALOSTEOCHON	Spinal osteochondrosis	XIII Diseases of the musculoskeletal system and connective tissue (M13_)	sex_shared	0.0345385827096785	0.00964321878138509	-0.0212	0.2327	422	0.0248953639282934	-0.2539	0.12119819638703	0.06	0.06	registry
M13_SPINEFUSION	Other fusion of spine	XIII Diseases of the musculoskeletal system and connective tissue (M13_)	sex_shared	-0.0166960052500357	-0.00108278548517102	-0.1546	0.2029	62	-0.0156132197648647	-0.3575	0.017824799471006	0.01	0.01	registry
M13_SPINENTHES	Spinal enthesopathy	XIII Diseases of the musculoskeletal system and connective tissue (M13_)	sex_shared	0.0227529955914665	0.0242282584098614	0.2884	0.0978	1459	-0.0014752628183949	0.1906	0.417779839474038	0.47	0.47	registry
M13_SPININSTAB	Spinal instabilities	XIII Diseases of the musculoskeletal system and connective tissue (M13_)	sex_shared	0.0172189093663388	0.0234787883918079	0.1403	0.247	1099	-0.0062598790254691	-0.1067	0.315019763978823	0.08	0.08	registry
M13_SPINSTENOSIS	Spinal stenosis	XIII Diseases of the musculoskeletal system and connective tissue (M13_)	sex_shared	0.0499542823745217	0.0177462049680644	0.2537	0.1398	27585	0.0322080774064573	0.1139	7.34908206408368	2.32	2.32	registry
M13_SPONDYLINFLAMNAS	Other specified/unspecified inflammatory spondylopathies	XIII Diseases of the musculoskeletal system and connective tissue (M13_)	sex_shared	0.000733586011745553	-0.00688789392697578	0.2056	0.1313	2030	0.00762147993872133	0.0743	0.580334936163157	0.16	0.16	registry
M13_SPONDYLOINFECTION	Other infective spondylopathies	XIII Diseases of the musculoskeletal system and connective tissue (M13_)	sex_shared	0.0224539935743525	-0.00394610287501625	0.1633	0.0586	76	0.0264000964493688	0.1047	0.0218488747829487	0.01	0.01	registry
M13_SPONDYLOLISTHESIS	Spondylolisthesis/Spondylolysis	XIII Diseases of the musculoskeletal system and connective tissue (M13_)	sex_shared	0.0309817091953291	0.0251842102687668	0.2202	0.1787	8470	0.0057974989265623	0.0415	2.37762394803474	0.71	0.71	registry
M13_SPONDYLOPATHINOTH	Spondylopathies in diseases classified elsewhere	XIII Diseases of the musculoskeletal system and connective tissue (M13_)	sex_shared	0.0305181906762489	-0.0132966647245229			424	0.0438148554007718		0.121771895965444	0.04	0.04	registry
M13_SPONDYLOPATHY	Spondylopathies	XIII Diseases of the musculoskeletal system and connective tissue (M13_)	sex_shared	0.0679003273836569	0.0223992981831494	0.2607	0.1554	55148	0.0455010292005075	0.1053	13.6872201649972	5.18	5.18	registry
M13_SPONDYLOPATHYNAS	Other specified/unspecified spondylopathies	XIII Diseases of the musculoskeletal system and connective tissue (M13_)	sex_shared	0.0281901078679491	-0.0113902391602071	0.3273	-0.0764	947	0.0395803470281562	0.4037	0.271568472821645	0.1	0.1	registry
M13_SPONDYLOSIS	Spondylosis	XIII Diseases of the musculoskeletal system and connective tissue (M13_)	sex_shared	0.066051317044647	0.0368940393394182	0.2619	0.1829	29186	0.0291572777052288	0.079	7.74258928145079	2.49	2.49	registry
M13_SPONDYLOTRAUM	Traumatic spondylopathy	XIII Diseases of the musculoskeletal system and connective tissue (M13_)	sex_shared	-0.00266489618610614	-0.00962460228973484	0.003	-0.0837	86	0.0069597061036287	0.0867	0.0247230159779678	0.01	0.01	registry
M13_SPONTRUPTSYNOTEND	Spontaneous rupture of synovium and tendon	XIII Diseases of the musculoskeletal system and connective tissue (M13_)	sex_shared	0.00451710996649029	-0.000733739759418662	0.1208	0.1171	3417	0.00525084972590895	0.00370000000000001	0.965267871015127	0.29	0.29	registry
M13_SYNOHYPERTROPH	Synovial hypertrophy, not elsewhere classified	XIII Diseases of the musculoskeletal system and connective tissue (M13_)	sex_shared	0.00358848510681257	-0.0140511466399283	0.0386	-0.1175	371	0.0176396317467409	0.1561	0.105713365759697	0.04	0.04	registry
M13_SYNOTEND	Disorders of synovium and tendon	XIII Diseases of the musculoskeletal system and connective tissue (M13_)	sex_shared	0.0559958845966993	0.00357479160626022	0.3652	0.1967	30121	0.0524210929904391	0.1685	7.91202498561856	2.92	2.92	registry
M13_SYNOTENDINOTH	Disorders of synovium and tendon in diseases classified elsewhere	XIII Diseases of the musculoskeletal system and connective tissue (M13_)	sex_shared	0.0121316866093903	0.013694597938487	-0.1068	0.0877	798	-0.0015629113290967	-0.1945	0.227107144483402	0.08	0.08	registry
M13_SYSTCONINOTH	Systemic disorders of connective tissue in diseases classified elsewhere	XIII Diseases of the musculoskeletal system and connective tissue (M13_)	sex_shared	0.0102618603704206	0.0158785318425032	-0.0187	0.1435	142	-0.0056166714720826	-0.1622	0.0293720989881105	0.02	0.02	registry
M13_SYSTCONNECT	Systemic connective tissue disorders	XIII Diseases of the musculoskeletal system and connective tissue (M13_)	sex_shared	0.0115533026643285	-0.00262295394093132	0.0456	0.0441	16876	0.0141762566052598	0.0015	3.37394489249999	1.92	1.92	registry
M13_SYSTSLCE	Systemic sclerosis	XIII Diseases of the musculoskeletal system and connective tissue (M13_)	sex_shared	-0.00184882001476831	0.00460022755934475	-0.5154	0.3897	883	-0.00644904757411306	-0.9051	0.182365296483014	0.09	0.09	registry
M13_TAKAYASU	Aortic arch syndrome [Takayasu]	XIII Diseases of the musculoskeletal system and connective tissue (M13_)	sex_shared	0.00789641538585727	-0.0210436745866137	-0.3714	-0.2677	69	0.028940089972471	-0.1037	0.014274513373564	0.01	0.01	registry
M13_TEMPARTERIT	Temporal arteritis	XIII Diseases of the musculoskeletal system and connective tissue (M13_)	sex_shared	-0.015565114782349	-0.0191236820844571	-0.0793	0.0483	1321	0.0035585673021081	-0.1276	0.272578518501705	0.12	0.12	registry
M13_TENDONCONTRACT	Oher contracture of tendon (sheath)	XIII Diseases of the musculoskeletal system and connective tissue (M13_)	sex_shared	0.0308463083626775	0.00118637089628507			125	0.0296599374663924		0.0356426948158413	0.01	0.01	registry
M13_TENDOSYNOVITISNAS	Other/unspecified synovitis and tenosynovitis	XIII Diseases of the musculoskeletal system and connective tissue (M13_)	sex_shared	0.0256916761817651	-0.006842897193734	0.5633	0.3361	5198	0.0325345733754991	0.2272	1.46103166037057	0.54	0.54	registry
M13_THORACISPINEPAIN	Pain in thoracic spine	XIII Diseases of the musculoskeletal system and connective tissue (M13_)	sex_shared	0.0388581250295047	0.00646939673302214	0.3427	0.2698	7198	0.0323887282964826	0.0729	2.02779984561902	0.72	0.72	registry
M13_TIBIALCOLLATERAL	Tibial collateral bursitis [Pellegrini-Stieda]	XIII Diseases of the musculoskeletal system and connective tissue (M13_)	sex_shared	-0.00830900301326203	0.00850520933877791			404	-0.0168142123520399		0.116034603586733	0.04	0.04	registry
M13_TIETZE	Chondrocostal junction syndrome [Tietze]	XIII Diseases of the musculoskeletal system and connective tissue (M13_)	sex_shared	0.01251782586311	0.0260435521201999	0.7621	0.6052	1402	-0.0135257262570899	0.1569	0.284745211934115	0.16	0.16	registry
M13_TOEDEFORMOTH	Other deformities of toe(s)	XIII Diseases of the musculoskeletal system and connective tissue (M13_)	sex_shared	0.0132511966460704	0.00681805995273908	0.0418	0.1557	1371	0.00643313669333132	-0.1139	0.441947275786705	0.14	0.14	registry
M13_TORTICOLLIS	Torticollis	XIII Diseases of the musculoskeletal system and connective tissue (M13_)	sex_shared	0.00989856642657054	0.0127266327206855	0.099	-0.0212	661	-0.00282806629411496	0.1202	0.189708663744981	0.13	0.13	registry
M13_TRANSSYNOVITIS	Transient synovitis	XIII Diseases of the musculoskeletal system and connective tissue (M13_)	sex_shared	0.0111374264252089	0.0113607568669132	0.1257	0.021	320	-0.000223330441704301	0.1047	0.0911945921606849	0.07	0.07	registry
M13_TRIGGERFINGER	Trigger finger	XIII Diseases of the musculoskeletal system and connective tissue (M13_)	sex_shared	0.0236033825440782	0.0163001974027885	0.2726	0.1611	6528	0.0073031851412897	0.1115	1.82802865255694	0.52	0.52	registry
M13_TROCHANTERICBURSITIS	Trochanteric bursitis	XIII Diseases of the musculoskeletal system and connective tissue (M13_)	sex_shared	0.0346355137318328	0.0112447457598406	0.4562	0.2694	6286	0.0233907679719922	0.1868	1.76145534433286	0.61	0.61	registry
M13_VALGUS	Valgus deformity, not elsewhere classified	XIII Diseases of the musculoskeletal system and connective tissue (M13_)	sex_shared	0.0104425444874724	-0.00117879706676155	0.1604	-0.0522	283	0.011621341554234	0.2126	0.0915472454954226	0.04	0.04	registry
M13_VARUS	Varus deformity, not elsewhere classified	XIII Diseases of the musculoskeletal system and connective tissue (M13_)	sex_shared	-0.0203770882212218	0.00910252132953554	0.0933	0.0229	408	-0.0294796095507573	0.0704	0.131929960712034	0.06	0.06	registry
M13_VERTEBCOLLAPSE	Collapsed vertebra, not elsewhere classified	XIII Diseases of the musculoskeletal system and connective tissue (M13_)	sex_shared	0.000495616495970536	-0.00366804510236395			286	0.00416366159833449		0.082171157349147	0.05	0.05	registry
M13_VILLONODULAR	Villonodular synovitis (pigmented)	XIII Diseases of the musculoskeletal system and connective tissue (M13_)	sex_shared	0.0238395214952786	-0.00217783755578135	0.6558	-0.1142	297	0.0260173590510599	0.77	0.0960717335610589	0.03	0.03	registry
M13_WEGENER	Wegener granulomatosis	XIII Diseases of the musculoskeletal system and connective tissue (M13_)	sex_shared	0.00332469803431952	0.0178834719721864	0.0847	0.4194	549	-0.0145587739378669	-0.3347	0.113462806313409	0.04	0.04	registry
MACULAR_CYST	Macular cyst	VII Diseases of the eye and adnexa (H7_)	sex_shared	-0.0278424556953375	0.00958076602612994	-0.0956	0.1303	996	-0.0374232217214674	-0.2259	0.219999160645773	0.06	0.06	registry
MACULAR_HOLE	Macular hole	VII Diseases of the eye and adnexa (H7_)	sex_shared	-0.017508506576068	-0.015092146737223	0.0418	0.0654	2082	-0.002416359838845	-0.0236	0.458777255048864	0.17	0.17	registry
MACULAR_PUCKER	Macular pucker	VII Diseases of the eye and adnexa (H7_)	sex_shared	-0.0185520299826624	0.0114795387623498	-0.0013	0.1196	6055	-0.0300315687450122	-0.1209	1.32266463952747	0.38	0.38	registry
MACULA_NAS	Degenerative macular diseases	VII Diseases of the eye and adnexa (H7_)	sex_shared	0.0289153264117331	0.00699865909181681	-0.0585	0.0653	4957	0.0219166673199163	-0.1238	1.08541899319013	0.49	0.49	registry
MACULA_NAS_ADVERSE	Degenerative macular diseases, drug-induced	VII Diseases of the eye and adnexa (H7_)	sex_shared	-0.00817973309768654	0.00863109852230353	0.125	-0.0518	125	-0.0168108316199901	0.1768	0.0249907034583135		0.0162364818998095	case-count proxy
MATERNCAREFETUSALCO	Maternal care for (suspected) damage to fetus from alcohol	Alcohol related diseases	fertility_bound	-0.00124045340094085	0.0117956086741298	0.1968	0.0902	115	-0.0130360620750707	0.1066	0.0229914471816484	0.03	0.03	registry
MEMLOSS	Memory loss	Neurological endpoints	sex_shared	-0.00423658130290401	0.000262391922469281	0.037	0.1962	3544	-0.00449897322537329	-0.1592	0.751688329317542	0.39	0.39	registry
MENINGITIS	Meningitis	Comorbidities of Neurological endpoints	sex_shared	-0.000540894832416929	0.0238300780414483			1944	-0.0243709728738652		0.390718427478922	0.25	0.25	registry
MIGRAINE_TRIPTAN	Migraine, single triptan purchase ok & required. ICD-code if available is included	Neurological endpoints	sex_shared	0.0457053556180824	0.00769484545706046	0.1466	0.1202	56974	0.0380105101610219	0.0264	11.3905627106716	7.04	7.04	registry
MIGRAINE_UNSPE	Migraine, unspecified, drug-induced	VI Diseases of the nervous system (G6_)	sex_shared	0.0215323611497865	0.029438393477829	0.3953	0.2279	250	-0.0079060323280425	0.1674	0.049981406916627		0.0311036150346401	case-count proxy
MUCOPROCT	Mucosal proctocolitis	Gastrointestinal endpoints	sex_shared	-0.0191151601920774	-0.000423999183266657	-0.1296	0.0087	5750	-0.0186911610088107	-0.1383	1.19500881189107	0.44	0.44	registry
MYCOBLUNGATYPICA	Atypical mycobacterium lung infection	Interstitial lung disease endpoints	sex_shared	0.00527780578861708	-0.0018439843929449	0.6783	-0.2021	420	0.00712179018156198	0.8804	0.0871378333800143	0.04	0.04	registry
MYELOPROF_NONCML	Myeloproliferative diseases (CML excluded)	Other, not yet classified endpoints (same as #MISC)	sex_shared	-0.0145428761439074	-0.00125295355196274	0.0616	-0.0167	2932	-0.0132899225919447	0.0783	0.586557197328884		0.313210236535824	case-count proxy
N14_ABNORMALBLEED	Other abnormal uterine and vaginal bleeding	XIV Diseases of the genitourinary system (N14_)	gynaecological	0.0264440513766861	0.0239389824224179	0.3279	0.2891	13831	0.0025050689542682	0.0388	10.1360908151525	4.03	4.03	registry
N14_ACUTENEPHRITIC	Acute nephritic syndrome	XIV Diseases of the genitourinary system (N14_)	sex_shared	1.13560129779324e-05	0.00191764980470783			766	-0.0019062937917299		0.155326418671614	0.1	0.1	registry
N14_ACUTERENFAIL	Acute renal failure	XIV Diseases of the genitourinary system (N14_)	sex_shared	0.0181474151033996	0.00103914713637841	0.2012	0.1098	9689	0.0171082679670212	0.0914	1.98830289349477	1	1	registry
N14_AMENORRHEAPRIM	Amenorrhoea	XIV Diseases of the genitourinary system (N14_)	gynaecological	0.0125278103321622	0.0120315732255304	0.1727	0.1108	3161	0.000496237106631801	0.0619	2.51305820341382	0.66	0.66	registry
N14_ATROPHOV	Acquired atrophy of ovary and fallopian tube	XIV Diseases of the genitourinary system (N14_)	gynaecological	-0.00571605128705054	0.0208115780960964	0.1246	0.2974	102	-0.0265276293831469	-0.1728	0.0831133274665102	0.02	0.02	registry
N14_BARTHOABSCESS	Abscess of Bartholin gland	XIV Diseases of the genitourinary system (N14_)	sex_shared	0.0163919408038217	0.00343243405448534	0.1653	-0.077	1041	0.0129595067493364	0.2423	0.415421267493785	0.21	0.21	registry
N14_BARTHOCYS	Cyst of Bartholin Gland	XIV Diseases of the genitourinary system (N14_)	sex_shared	0.017452374704879	0.0170002996993671	0.0116	0.0224	1475	0.0004520750055119	-0.0108	0.587595558972684	0.27	0.27	registry
N14_BARTHOOTHNAS	Other and unspecified disease of Bartholin gland	XIV Diseases of the genitourinary system (N14_)	sex_shared	0.0184528301301166	0.0105066236280422	0.1332	-0.0281	1031	0.0079462065020744	0.1613	0.411447088542935	0.24	0.24	registry
N14_BENIGNMAMDYSP	Benign mammary dysplasia	XIV Diseases of the genitourinary system (N14_)	gynaecological	-0.0107295020729894	-0.00687522767616957	0.0293	-0.0634	5828	-0.00385427439681983	0.0927	2.21528730695109	1.31	1.31	registry
N14_BREAST	Disorders of breast	XIV Diseases of the genitourinary system (N14_)	gynaecological	0.0267207501345744	0.016998680062195	0.15	0.0871	24656	0.0097220700723794	0.0629	8.74608472946944	4.49	4.49	registry
N14_BREASTDISOTH	Other disorders of breast	XIV Diseases of the genitourinary system (N14_)	gynaecological	0.0059882730478822	-0.00237200983213143	0.0808	0.0963	5371	0.00836028288001363	-0.0155	2.04512915803582	0.87	0.87	registry
N14_CALCUKIDUR	Calculus of kidney and ureter	XIV Diseases of the genitourinary system (N14_)	sex_shared	0.0132855005908501	0.0205110278778621	0.1274	0.0553	13637	-0.007225527287012	0.0721	2.73312863762446	1.66	1.66	registry
N14_CALCULOWER	Calculus of lower urinary tract	XIV Diseases of the genitourinary system (N14_)	sex_shared	0.00350063234403663	-0.00230646601122923	0.1914	0.0396	1994	0.00580709835526586	0.1518	0.40918595798559	0.28	0.28	registry
N14_CERVICAL_DYSPLASIA_ALL	All dysplastic lesions of the cervix uteri	XIV Diseases of the genitourinary system (N14_)	gynaecological	0.028325555829392	0.0169931591534774	0.2194	0.1621	12231	0.0113323966759146	0.0573	4.33863409823737	2.18	2.18	registry
N14_CERVICAL_DYSPLASIA_NOS	Dysplastic lesion of unknown severity of the cervix uteri	XIV Diseases of the genitourinary system (N14_)	gynaecological	0.00348601746421247	-0.0148597499929831	0.0136	-0.1683	376	0.0183457674571956	0.1819	0.133376373226821	0.07	0.07	registry
N14_CERVICAL_HSIL	HSIL lesion of the cervix uteri	XIV Diseases of the genitourinary system (N14_)	gynaecological	0.0323151043770466	0.00727649197282529	0.2368	0.1098	8291	0.0250386124042213	0.127	2.94101997453079	1.52	1.52	registry
N14_CERVICAL_LSIL	LSIL lesion of the cervix uteri	XIV Diseases of the genitourinary system (N14_)	gynaecological	0.012993855624334	0.0125765556954156	0.1413	0.2612	4954	0.0004172999289184	-0.1199	1.75730466214275	0.83	0.83	registry
N14_CHRONEPHROPATH	Chronic nephritic syndrome	XIV Diseases of the genitourinary system (N14_)	sex_shared	0.0112329416655303	-0.00220689821047094	0.2074	-0.0031	1459	0.0134398398760012	0.2105	0.295435032641623	0.17	0.17	registry
N14_CHRONKIDNEYDIS	Chronic kidney disease	XIV Diseases of the genitourinary system (N14_)	sex_shared	0.00192169907301427	-0.00313179242353987	-0.0214	0.0255	14402	0.00505349149655414	-0.0469	2.9271584287407	1.41	1.41	registry
N14_CHRONKIDNEYDIS_WIDE	All chronic kidney diseases	XIV Diseases of the genitourinary system (N14_)	sex_shared	-0.00130536132513955	0.00747480078190561	0.1017	0.0951	29445	-0.00878016210704516	0.00659999999999999	6.51439494335164		2.99509617434158	case-count proxy
N14_CHRONTUBULOINTNEPHRITIS	Chronic tubulo-interstitial nephritis	XIV Diseases of the genitourinary system (N14_)	sex_shared	0.0110685723016966	0.00354151842513691	-0.0319	0.1295	1517	0.00752705387655969	-0.1614	0.341789834174477	0.44	0.44	registry
N14_CYSTITIS	Cystitis	XIV Diseases of the genitourinary system (N14_)	sex_shared	0.0279757154309916	0.0427610865397176	0.1886	0.1771	71471	-0.014785371108726	0.0115	15.4118687195411	10.6	10.6	registry
N14_CYSTKID	Cyst of kidney	XIV Diseases of the genitourinary system (N14_)	sex_shared	0.00914991938904532	0.0195325423934805	0.3098	0.0712	2666	-0.0103826230044352	0.2386	0.535801853802063	0.24	0.24	registry
N14_DIALYSIS	Dialysis	XIV Diseases of the genitourinary system (N14_)	sex_shared	0.00403510897656932	-0.00793676760716815	-0.089	0.0429	1485	0.0119718765837375	-0.1319	0.309958755656486	0.11	0.11	registry
N14_DISIMPAIRRENTUB	Disorders resulting from impaired renal tubular function	XIV Diseases of the genitourinary system (N14_)	sex_shared	-0.00464361018797236	-0.00942976393549211	-0.1535	0.1069	1292	0.00478615374751975	-0.2604	0.260379928979964	0.08	0.08	registry
N14_DRUGSANDHEAVYMETAL	Drug- and heavy-metal-induced tubulo-interstitial and tubular conditions	XIV Diseases of the genitourinary system (N14_)	sex_shared	-0.000484791870858976	0.0141700373931645	-0.3289	-0.1001	102	-0.0146548292640235	-0.2288	0.0230547550432277	0.01	0.01	registry
N14_ENDOMETRIOSIS	Endometriosis	XIV Diseases of the genitourinary system (N14_)	gynaecological	0.0306692577944924	-0.0122234752267859	0.0918	0.0071	20534	0.0428927330212783	0.0847	14.3437927854927	3.84	3.84	registry
N14_ENDOMETRIOSIS_ASRM_STAGE3_4	Endometriosis ASRM stages 3,4	XIV Diseases of the genitourinary system (N14_)	gynaecological	0.00336806201961515	-0.017672248946606	-0.0189	-0.1319	10284	0.0210403109662212	0.113	3.64798569751232	1.98	1.98	registry
N14_ENDOMETRIOSIS_DEEP	Deep endometriosis	XIV Diseases of the genitourinary system (N14_)	gynaecological	0.00554470656361426	0.000557598958757719	0.0475	-0.1018	3890	0.00498710760485654	0.1493	1.41190134838394	0.7	0.7	registry
N14_ENDOMETRIOSIS_FALLOPIAN_TUBE	Endometriosis of fallopian tube	XIV Diseases of the genitourinary system (N14_)	gynaecological	0.0310315380129876	-0.00855612166276916			284	0.0395876596757568		0.231070899711975	0.05	0.05	registry
N14_ENDOMETRIOSIS_INTESTINE	Endometriosis of intestine	XIV Diseases of the genitourinary system (N14_)	gynaecological	0.000229318906502399	-0.00469736965377924	-0.0617	-0.0545	650	0.00492668856028164	-0.0072	0.527289246544227	0.08	0.08	registry
N14_ENDOMETRIOSIS_NOS	Unspecified/other endometriosis	XIV Diseases of the genitourinary system (N14_)	gynaecological	0.000526778494916064	-0.00256724487757408	0.065	6e-04	4301	0.00309402337249014	0.0644	3.38866872040529	0.67	0.67	registry
N14_ENDOMETRIOSIS_OVARY	Endometriosis of ovary	XIV Diseases of the genitourinary system (N14_)	gynaecological	0.00459595787834143	-0.0246623878637949	0.0071	-0.0911	8002	0.0292583457421363	0.0982	6.12597991180794	1.55	1.55	registry
N14_ENDOMETRIOSIS_PELVICPERITONEUM	Endometriosis of pelvic peritoneum	XIV Diseases of the genitourinary system (N14_)	gynaecological	0.0245644790166505	0.0141527866909184	0.0613	0.002	7758	0.0104116923257321	0.0593	5.95029912563277	1.28	1.28	registry
N14_ENDOMETRIOSIS_RECTPVAGSEPT_VAGINA	Endometriosis of rectovaginal septum and vagina	XIV Diseases of the genitourinary system (N14_)	gynaecological	0.0163061560996077	0.0139043734193301	0.107	-0.0289	3263	0.0024017826802776	0.1359	2.59204829804981	0.62	0.62	registry
N14_ENDOMETRIOSIS_SKIN_SCAR	Endometriosis in cutaneous scar	XIV Diseases of the genitourinary system (N14_)	gynaecological	-0.01240592178329	0.0105417670406228	-0.0452	0.1114	125	-0.0229476888239128	-0.1566	0.101835482740922	0.02	0.02	registry
N14_ENDOMETRIOSIS_UTERUS	Adenomyosis (Endometriosis of uterus)	XIV Diseases of the genitourinary system (N14_)	gynaecological	0.0219246374953099	0.00112746116744741	0.2053	0.1744	5864	0.0207971763278625	0.0309	4.56392136108214	1.08	1.08	registry
N14_ENDOMET_INFERT	Endometriosis diagnosis and infertility diagnosis occurring together	XIV Diseases of the genitourinary system (N14_)	fertility_bound	0.0254656164699785	-0.000962889843458452	0.0803	-0.0753	4527	0.026428506313437	0.1556	1.66004165688805	0.73	0.73	registry
N14_EROSECTROPUT	Erosion and ectropion of cervix uteri	XIV Diseases of the genitourinary system (N14_)	gynaecological	-0.00449423478567992	0.0128317682931644			1080	-0.0173260030788443		0.873065916476694	0.28	0.28	registry
N14_FEMALEGENINF	Inflammatory diseases of female pelvic organs	XIV Diseases of the genitourinary system (N14_)	gynaecological	0.0578650770745507	0.0300776865111282	0.3526	0.2328	32361	0.0277873905634225	0.1198	11.4792362074286	6.33	6.33	registry
N14_FEMALEGENNONINF	Noninflammatory disorders of female genital tract	XIV Diseases of the genitourinary system (N14_)	gynaecological	0.0364032688444616	0.0106888059915253	0.2659	0.1475	159287	0.0257144628529363	0.1184	56.5029850057998		22.713953902641	case-count proxy
N14_FEMALEINFERT	Female infertility	XIV Diseases of the genitourinary system (N14_)	fertility_bound	0.0334152373330405	0.00358216561360238	0.296	0.0659	18718	0.0298330717194381	0.2301	13.2432432432432		5.8261179750454	case-count proxy
N14_FEMALE_GENITAL_DYSPLASIA_ALL	All dysplastic lesions of the cervix uteri, vagina or vulva	XIV Diseases of the genitourinary system (N14_)	gynaecological	0.0291682237769218	0.0163794291656425	0.2439	0.1779	13970	0.0127887946112793	0.066	4.95549982441142	2.47	2.47	registry
N14_FEMALE_GENITAL_DYSPLASIA_NOS	Dysplastic lesion of unknown severity in the cervix uteri, vagina or vulva	XIV Diseases of the genitourinary system (N14_)	gynaecological	0.00341632774113525	-0.0272388758663593			468	0.0306552036074946		0.166011017739767	0.08	0.08	registry
N14_FEMALE_GENITAL_HSIL	HSIL lesion of the cervix uteri, vagina or vulva	XIV Diseases of the genitourinary system (N14_)	gynaecological	0.029662918598959	0.0118350074700181	0.2611	0.1118	9092	0.0178279111289409	0.1493	3.22515421643154	1.64	1.64	registry
N14_FEMALE_GENITAL_LSIL	LSIL lesion of the cervix uteri, vagina or vulva	XIV Diseases of the genitourinary system (N14_)	gynaecological	0.0143533075045522	0.00985921982972588	0.1842	0.3091	6214	0.00449408767482632	-0.1249	2.20425740221135	1.05	1.05	registry
N14_FEMGENFISTUL	Fistulae involving female genital tract	XIV Diseases of the genitourinary system (N14_)	gynaecological	0.0146151413109495	-0.0133016481102856			599	0.0279167894212351		0.48611843760398	0.12	0.12	registry
N14_FEMGENPAIN	Pain and other conditions associated with female genital organs and menstrual cycle	XIV Diseases of the genitourinary system (N14_)	gynaecological	0.0369668862046379	-0.00744809582752612	0.3291	0.1104	10257	0.044414982032164	0.2187	7.71905267197977	1.75	1.75	registry
N14_FEMGENPROL	Female genital prolapse	XIV Diseases of the genitourinary system (N14_)	gynaecological	0.0329155065986129	0.0210344968596045	0.2158	0.2132	24060	0.0118810097390084	0.00259999999999999	16.4028306131632	5.15	5.15	registry
N14_FEMPELINFINOTH	Female pelvic inflammatory disorders in diseases classified elsewhere	XIV Diseases of the genitourinary system (N14_)	gynaecological	-0.0186409283192242	0.00614157836905114			138	-0.0247825066882753		0.0552694183894972	0.03	0.03	registry
N14_FIANOV	Female infertility, associated with anovulation	XIV Diseases of the genitourinary system (N14_)	fertility_bound	0.00219851342914593	0.015198141818845	0.1907	0.109	3712	-0.0129996283896991	0.0817	2.93824306995741	0.61	0.61	registry
N14_FIOTHNAS	Female infertility, cervical, vaginal, other or unspecified origin	XIV Diseases of the genitourinary system (N14_)	fertility_bound	0.0399844932753281	-0.00465476631843179	0.2859	-9e-04	15826	0.0446392595937599	0.2868	11.4310065873108		5.07506754944753	case-count proxy
N14_FITUB	Female infertility, tubal origin	XIV Diseases of the genitourinary system (N14_)	fertility_bound	0.0354077090826572	0.019898517388239	0.908	0.4005	2054	0.0155091916944182	0.5075	1.64747024286952	0.37	0.37	registry
N14_FIUTERINE	Female infertility, uterine origin	XIV Diseases of the genitourinary system (N14_)	fertility_bound	0.0183380724472902	0.0165867568398334	0.2954	0.1082	152	0.0017513156074568	0.1872	0.123804714353202	0.03	0.03	registry
N14_GALACTORRHEA	Galactorrhea	XIV Diseases of the genitourinary system (N14_)	sex_shared	0.0198460492845583	0.0113489961882748			375	0.0084970530962835		0.145558712562299	0.06	0.06	registry
N14_GENITOUROTH	Other disorders of the genitourinary system	XIV Diseases of the genitourinary system (N14_)	sex_shared	0.00775954001846562	-0.0021074590734999	0.1997	0.2033	5109	0.00986699909196552	-0.00360000000000002	1.02142003174819	0.52	0.52	registry
N14_GLOMEINOTH	Glomerular disorders in diseases classified elsewhere	XIV Diseases of the genitourinary system (N14_)	sex_shared	-0.0193260752802267	0.000127940677682315	-0.0253	0.1076	4728	-0.019454015957909	-0.1329	0.951083950056023	0.4	0.4	registry
N14_GLOMERULAR	Glomerular diseases	XIV Diseases of the genitourinary system (N14_)	sex_shared	-0.0158586072861021	-0.0123863609380394	0.0388	0.0156	7797	-0.0034722463480627	0.0232	1.55882011891576	0.8	0.8	registry
N14_GLOMER_NEPHRITIS	Glomerulonephritis	XIV Diseases of the genitourinary system (N14_)	sex_shared	0.0148729661637423	-0.015416058173501	0.1409	-0.1842	4023	0.0302890243372433	0.3251	0.804300800102362	0.48	0.48	registry
N14_HABITABORT	Habitual aborter	XIV Diseases of the genitourinary system (N14_)	gynaecological	0.00585776595694275	0.0156360440230475			843	-0.00977827806610475		0.682784594824444	0.14	0.14	registry
N14_HENOCHSCHONLEIN_NEPHRITIS	Henoch-Schönlein purpura nephritis (HSPN)	XIV Diseases of the genitourinary system (N14_)	sex_shared	0.0139496520753451	0.0186848843996312	0.0812	-0.1319	133	-0.0047352323242861	0.2131	0.0265901084796456	0.02	0.02	registry
N14_HYDROCELE	Hydrocele	XIV Diseases of the genitourinary system (N14_)	male_limited	-0.0159861760215324	0.00206522083284814	0.0052	0.0064	5286	-0.0180513968543805	-0.0012	3.38909156189292		1.62277951185854	case-count proxy
N14_HYDRONEPHR	Hydronephrosis	XIV Diseases of the genitourinary system (N14_)	sex_shared	0.00619254982118445	-0.0164981742013363	0.2276	0.0237	4935	0.0226907240225207	0.2039	1.10338998967039	0.51	0.51	registry
N14_HYPERTROPHYBREAST	Hypertrophy of breast	XIV Diseases of the genitourinary system (N14_)	gynaecological	0.0329621563058677	0.0184094143595323	0.1236	0.1023	7699	0.0145527419463354	0.0213	2.90580935414717	1.04	1.04	registry
N14_HYPERTROPHYBREAST_BOTH	Hypertrophy of breast in women and men	XIV Diseases of the genitourinary system (N14_)	gynaecological	0.0263849273298003	0.0288696818475092	0.143	0.0899	8927	-0.0024847545177089	0.0531	1.84736429311983	0.86	0.86	registry
N14_IGA_NEPHROPATHY	IgA nephropathy (IgA glomerulonephritis)	XIV Diseases of the genitourinary system (N14_)	sex_shared	-0.0218242122194162	0.0136438944998255	-0.0964	-0.0046	849	-0.0354681067192417	-0.0918	0.169736857888865	0.06	0.06	registry
N14_IMPOTENCE	Impotence	XIV Diseases of the genitourinary system (N14_)	male_limited	0.025536216791559	0.0222194227188151	0.2755	0.0951	2048	0.0033167940727439	0.1804	1.34090209712374	0.28	0.28	registry
N14_INFCERVIX	Inflammatory disease of cervix uteri	XIV Diseases of the genitourinary system (N14_)	gynaecological	0.0398288194321931	0.00719166315153581			2434	0.0326371562806573		0.965942011730997	0.64	0.64	registry
N14_INFLAMALEGEN	Inflammatory disorders of male genital organs, not elsewhere classified	XIV Diseases of the genitourinary system (N14_)	male_limited	-0.012771283752698	0.0122617768194376	0.1873	0.0341	507	-0.0250330605721356	0.1532	0.335335202920789	0.12	0.12	registry
N14_INFLAMMBREAST	Inflammatory disorders of breast	XIV Diseases of the genitourinary system (N14_)	gynaecological	0.0257604699237058	0.00425866902094866	0.2458	0.0602	2665	0.0215018009027571	0.1856	1.02532337121708	0.48	0.48	registry
N14_INFLUTH	Inflammatory disease of uterus	XIV Diseases of the genitourinary system (N14_)	gynaecological	0.0487266963585874	0.0180474087420298	0.5309	0.3424	6240	0.0306792876165576	0.1885	2.43952022768855	1.18	1.18	registry
N14_ISOLPROTEINURIA	Isolated proteinuria with specified morphological lesion	XIV Diseases of the genitourinary system (N14_)	sex_shared	0.0116197194155661	0.00207371835114284			394	0.00954600106442326		0.0799540568566692	0.03	0.03	registry
N14_KIDNEY_DISEASES	All kidney diseases	XIV Diseases of the genitourinary system (N14_)	sex_shared	0.0248589140268543	0.0261924278461424	0.2401	0.1754	74534	-0.0013335138192881	0.0647	14.9012567324955		6.50764140594888	case-count proxy
N14_KIDUROTH	Other disorders of kidney and ureter	XIV Diseases of the genitourinary system (N14_)	sex_shared	0.0111320439201485	0.0155911569925709	0.2949	0.2717	5280	-0.0044591130724224	0.0232	1.05560731407916	0.47	0.47	registry
N14_LUMPNASBREAST	Unspecified lump in breast	XIV Diseases of the genitourinary system (N14_)	gynaecological	-0.00136672737166356	0.0144102168731183	0.0917	0.0821	6566	-0.0157769442447819	0.0096	2.48882756738522	1.36	1.36	registry
N14_MAEMABROAD	Haematosalpinx/Haematoma of broad ligament	XIV Diseases of the genitourinary system (N14_)	sex_shared	-0.026503307293449	0.00586681225505585	-0.0444	0.0381	65	-0.0323701195485049	-0.0825	0.0529803483661676	0.01	0.01	registry
N14_MALEGEN	Diseases of male genital organs	XIV Diseases of the genitourinary system (N14_)	male_limited	-0.0154741481234017	0.017284619588463	0.1054	0.0401	67592	-0.0327587677118647	0.0653	30.9661576803786		12.9223956650751	case-count proxy
N14_MALEGENINOTH	Disorders of male genital organs in diseases classified elsewhere	XIV Diseases of the genitourinary system (N14_)	male_limited	0.00844703370094322	-0.00499804481951705			226	0.0134450785204603		0.149757141626522	0.06	0.06	registry
N14_MALEINFERT	Male infertility	XIV Diseases of the genitourinary system (N14_)	fertility_bound	0.0210539107035919	-0.00158591053141423	0.0722	0.0703	1911	0.0226398212350061	0.0019	1.25232640436184	0.53	0.53	registry
N14_MEMBRANOUS_NEPHROPATHY	Membranous nephropathy	XIV Diseases of the genitourinary system (N14_)	sex_shared	-0.0107453150509316	-0.00225386226789605			141	-0.00849145278303555		0.0286276978052098		0.0184430239814706	case-count proxy
N14_MENOPAUSOT	Other menopausal disorders	XIV Diseases of the genitourinary system (N14_)	gynaecological	0.0333925258830202	0.0152557941706786	0.2569	0.1168	31556	0.0181367317123416	0.1401	20.4672521371402	3.05	3.05	registry
N14_MENORRHAGIA	Menorrhagia	XIV Diseases of the genitourinary system (N14_)	gynaecological	0.0369455883435841	0.0131264819670322	0.3007	0.2184	29167	0.0238191063765519	0.0823	19.2154899235122	5.92	5.92	registry
N14_MENSIRREG	Irregular menses	XIV Diseases of the genitourinary system (N14_)	sex_shared	0.0384375776701437	0.0232290770859599	0.3292	0.2402	25178	0.0152085005841838	0.089	9.55416671409978	4.49	4.49	registry
N14_MESNRUIRREG	Excessive, frequent and irregular menstruation	XIV Diseases of the genitourinary system (N14_)	gynaecological	0.0493800635404541	0.0186059334118518	0.3164	0.2055	51327	0.0307741301286023	0.1109	29.5069244433713	10.01	10.01	registry
N14_NEPHRITICNAS	Unspecified nephritic syndrome	XIV Diseases of the genitourinary system (N14_)	sex_shared	0.000250353598258102	-0.00740533531424414	0.1681	0.1039	823	0.00765568891250224	0.0642	0.166865364184164	0.12	0.12	registry
N14_NEPHROPATHYHER	Hereditary nephropathy, not elsewhere classified	XIV Diseases of the genitourinary system (N14_)	sex_shared	0.00281640442794254	-0.00484967684474903	-0.0377	-0.1771	97	0.00766608127269157	0.1394	0.01969599135813	0.01	0.01	registry
N14_NEPHROTICSYND	Nephrotic syndrome	XIV Diseases of the genitourinary system (N14_)	sex_shared	0.00181490348520297	-0.00292112467350634	-0.344	-0.2285	1139	0.00473602815870931	-0.1155	0.230787310952975	0.11	0.11	registry
N14_NEUROMUSCDYSBLADD	Neuromuscular dysfunction of bladder	XIV Diseases of the genitourinary system (N14_)	sex_shared	0.000244626646609254	-0.0026766801257161	0.2379	0.1326	3769	0.00292130677232535	0.1053	0.951676354289235	0.32	0.32	registry
N14_OBSTRUREFLUROPATH	Other obstructive and reflux uropathy	XIV Diseases of the genitourinary system (N14_)	sex_shared	0.000415796492643672	-0.00413389373819606	-0.0552	0.196	1804	0.00454969023083973	-0.2512	0.406190121294134		0.221908521993241	case-count proxy
N14_OLIGOMEN	Oligomenorrhoea	XIV Diseases of the genitourinary system (N14_)	gynaecological	0.0173129083648435	-0.00294035411220612	0.2217	0.1486	1469	0.0202532624770496	0.0731	1.18380865655043	0.29	0.29	registry
N14_ORHCEPINDIDYMITIS	Orchitis and epididymitis	XIV Diseases of the genitourinary system (N14_)	male_limited	0.011634432570545	0.00102375388516753	0.1584	0.2183	3962	0.0106106786853775	-0.0599	2.56196369797022	1.03	1.03	registry
N14_OTHBLADD	Other disorders of  bladder	XIV Diseases of the genitourinary system (N14_)	sex_shared	0.00635534367737596	0.0231910571290034	0.0625	0.2417	4997	-0.0168357134516274	-0.1792	1.25784738688939	0.45	0.45	registry
N14_OTHDISMALEGEN	Other disorders of male genital organs	XIV Diseases of the genitourinary system (N14_)	male_limited	-0.0206980765488471	0.00425110456301271	0.3131	0.4325	1511	-0.0249491811118598	-0.1194	0.992798759494336	0.41	0.41	registry
N14_OTHETNASKIDUR	Other specified disorders of kidney and ureter	XIV Diseases of the genitourinary system (N14_)	sex_shared	0.0139387323702013	0.0136830697595899	0.3492	0.3178	1218	0.0002556626106114	0.0314	0.245503140343946	0.12	0.12	registry
N14_OTHFEMPELINF	Other female pelvic inflammatory diseases	XIV Diseases of the genitourinary system (N14_)	gynaecological	0.0440857511774522	0.0152010871741667	0.4536	0.1819	6864	0.0288846640032855	0.2717	2.67694179679578	1.34	1.34	registry
N14_OTHINFVAGVULV	Other inflammation of vagina/vulva	XIV Diseases of the genitourinary system (N14_)	gynaecological	0.00938761960541718	0.0190345879050401	0.2562	0.0853	1419	-0.00964696829962292	0.1709	0.565412982583368	0.29	0.29	registry
N14_OTHNONINFCERVIX	Other noninflammatory disorders of cervix uteri	XIV Diseases of the genitourinary system (N14_)	gynaecological	0.0213457707280437	0.0150231732381859			1904	0.0063225974898578		1.52899796026533	0.43	0.43	registry
N14_OTHNONINFOVA	Other and unspecified noninflammatory disorders of ovary, fallopian tube and broad ligament	XIV Diseases of the genitourinary system (N14_)	gynaecological	0.00556528765184615	0.00360332219000573			1129	0.00196196546184042		0.912315860073858	0.19	0.19	registry
N14_OTHNONINFUTER	Other noninflammatory disorders of uterus, except cervix	XIV Diseases of the genitourinary system (N14_)	gynaecological	0.0240829669848125	0.0028528215704163	0.2077	0.0619	11615	0.0212301454143962	0.1458	8.65260695635332	2.74	2.74	registry
N14_OTHNONINFVAG	Other noninflammatory disorders of vagina	XIV Diseases of the genitourinary system (N14_)	gynaecological	-0.00793959631866118	-0.0137763192644746	0.2037	0.1515	3419	0.00583672294581342	0.0522	2.71260938900834	0.71	0.71	registry
N14_OTHNONINFVULV	Other noninflammatory disorders of vulva and perineum	XIV Diseases of the genitourinary system (N14_)	gynaecological	0.0199031069443224	-0.00304241747607935	0.2052	-0.0532	4151	0.0229455244204018	0.2584	3.27435652702074	0.69	0.69	registry
N14_OTHPENIS	Other disorders of penis	XIV Diseases of the genitourinary system (N14_)	male_limited	0.0069744914184877	0.0220506995446973	0.007	0.0766	3967	-0.0150762081262096	-0.0696	2.56511393321781	1.22	1.22	registry
N14_OVARTORS	Torsion of ovary, ovarian pedicle and fallopian tube	XIV Diseases of the genitourinary system (N14_)	gynaecological	0.00816736906390118	0.01912621577349	0.5623	0.7395	922	-0.0109588467095888	-0.1772	0.746292818752833	0.17	0.17	registry
N14_OVARYCYST	Ovarian cyst	XIV Diseases of the genitourinary system (N14_)	gynaecological	0.053005141664283	0.0237513274353829	0.3029	0.1185	29138	0.0292538142289001	0.1844	19.2000527148129	5.11	5.11	registry
N14_OVAR_HYPERSTIM	Ovarian hyperstimulation (induction)	XIV Diseases of the genitourinary system (N14_)	gynaecological	0.00485087150369854	-0.00532358802289028	0.2337	0.1147	649	0.0101744595265888	0.119	0.24598241358399	0.11	0.11	registry
N14_PHIMOSIS	Redundant prepuce, phimosis and paraphimosis	XIV Diseases of the genitourinary system (N14_)	male_limited	-0.008957509926726	0.0188056502127933	-0.0339	0.0167	10204	-0.0277631601395193	-0.0506	6.34226081335579	3.42	3.42	registry
N14_POLYPFEMGEN	Polyp of the female genital tract	XIV Diseases of the genitourinary system (N14_)	gynaecological	0.00807572497079881	-0.0151336193075875	0.2029	-0.0151	20490	0.0232093442783863	0.218	14.3174576555425	3.63	3.63	registry
N14_POSTMENATRVAG	Postmenopausal atrophic vaginitis	XIV Diseases of the genitourinary system (N14_)	gynaecological	0.00365568409477274	-0.00425261695658559	0.201	-0.0314	16178	0.00790830105135833	0.2324	11.6556195965418	1.42	1.42	registry
N14_POSTMENBLEED	Postmenopausal bleeding	XIV Diseases of the genitourinary system (N14_)	gynaecological	0.0197075364779938	0.00534140200254567	0.2611	0.0973	17073	0.0143661344754481	0.1638	12.221625684527	3.25	3.25	registry
N14_PREMENSTSYNDROM	Premenstrual syndrome	XIV Diseases of the genitourinary system (N14_)	gynaecological	0.0303630171994914	-0.0201109896014915	0.1297	0.0588	454	0.0504740068009829	0.0709	0.368877766583249	0.07	0.07	registry
N14_PRIMARY_AMENORRHEA	Primary amenorrhea	XIV Diseases of the genitourinary system (N14_)	gynaecological	-0.000358432529605633	0.00357319261705258			282	-0.00393162514665821		0.0563790270019553		0.0348231939462922	case-count proxy
N14_PROHERNOV	Prolapse and hernia of ovary and fallopian tube	XIV Diseases of the genitourinary system (N14_)	gynaecological	-0.00640080859710769	0.0233576214836717	0.0914	0.456	1511	-0.0297584300807794	-0.3646	1.21724279603329	0.92	0.92	registry
N14_PROSTAOTH	Other disorders of prostate	XIV Diseases of the genitourinary system (N14_)	male_limited	0.0136153488977264	0.00192472125222895	0.2433	0.1048	1369	0.0116906276454975	0.1385	0.90033803780236	0.29	0.29	registry
N14_PROSTATITIS	Inflammatory diseases of prostate (prostatitis)	XIV Diseases of the genitourinary system (N14_)	male_limited	0.00531246779162365	0.0124281954944003	0.2117	0.1376	5417	-0.00711572770277665	0.0741	3.47016694212758	1.09	1.09	registry
N14_PROSTHYPERPLA	Hyperplasia of prostate	XIV Diseases of the genitourinary system (N14_)	male_limited	-0.0125152860597553	0.0102532326431225	0.1113	0.0092	43472	-0.0227685187028778	0.1021	22.3901275771669	8.58	8.58	registry
N14_PYELONEPHR	Acute tubulo-interstitial nephritis	XIV Diseases of the genitourinary system (N14_)	sex_shared	0.022526627732158	0.0321752819661755	0.2456	0.228	35700	-0.0096486542340175	0.0176	7.46825989544436	5.69	5.69	registry
N14_RAPIDPROGNEPHRITIC	Rapidly progressive nephritic syndrome	XIV Diseases of the genitourinary system (N14_)	sex_shared	0.0154541689953521	-0.0279148699844468			85	0.0433690389797989		0.0172597944256956	0.01	0.01	registry
N14_RECURANDPERHEAMATUR	Recurrent and persistent haematuria	XIV Diseases of the genitourinary system (N14_)	sex_shared	-0.00969812863344836	-0.019672020450686	-0.0185	0.0148	311	0.00997389181723764	-0.0333	0.0631215749949259	0.04	0.04	registry
N14_RENALCOLNAS	Unspecified renal colic	XIV Diseases of the genitourinary system (N14_)	sex_shared	0.0145649870455364	-0.0109639332892023	0.2975	0.162	210	0.0255289203347387	0.1355	0.0432521497348231	0.02	0.02	registry
N14_RENALTUB	Renal tubulo-interstitial diseases	XIV Diseases of the genitourinary system (N14_)	sex_shared	0.0197763648406509	0.0199846064420375	0.211	0.208	57863	-0.000208241601386598	0.003	11.5682965936672		5.13221081590698	case-count proxy
N14_RENALTUBULOINOTH	Renal tubulo-interstitial disorders in diseases classified elsewhere	XIV Diseases of the genitourinary system (N14_)	sex_shared	-0.00108166691244473	-0.0101856804199685	-0.0408	0.1871	338	0.00910401350752377	-0.2279	0.0763563991406517	0.03	0.03	registry
N14_RENALTUBULOOTH	Other renal tubulo-interstitial diseases	XIV Diseases of the genitourinary system (N14_)	sex_shared	-0.00185679356456717	-0.0194226258446519	-0.2169	-0.0258	912	0.0175658322800847	-0.1911	0.205759924193712	0.17	0.17	registry
N14_RENFAIL	Renal failure	XIV Diseases of the genitourinary system (N14_)	sex_shared	0.00191299655401817	-0.00257793851368526	0.0261	0.0813	22575	0.00449093506770343	-0.0552	4.51332104457142	2.36	2.36	registry
N14_RENFAILNAS	Unspecified kidney failure	XIV Diseases of the genitourinary system (N14_)	sex_shared	-0.00914774569575482	-0.00341237069522847	-0.0174	0.0296	4252	-0.00573537500052635	-0.047	0.882408485399377	0.48	0.48	registry
N14_SALPHOOPH	Salpingitis and oophoritis	XIV Diseases of the genitourinary system (N14_)	gynaecological	0.0411705008473994	0.0257717150364423	0.2822	0.3056	7600	0.0153987858109571	-0.0234	2.95549644562664	1.49	1.49	registry
N14_SMALLKIDNEY	Small kidney of unknown cause	XIV Diseases of the genitourinary system (N14_)	sex_shared	0.0135969405186895	0.00425214417975504			81	0.00934479633893446		0.0163640661269892	0.01	0.01	registry
N14_SPERMATOCELE	Spermatocele	XIV Diseases of the genitourinary system (N14_)	male_limited	0.00587023087884203	0.0217347189764124	0.0483	0.0726	3148	-0.0158644880975704	-0.0243	2.04637496505951	0.63	0.63	registry
N14_TORSIOTEST	Torsion of testis	XIV Diseases of the genitourinary system (N14_)	male_limited	-0.00995143768583814	-0.00825063899121341	-0.4105	0.1643	789	-0.00170079869462473	-0.5748	0.520881471407634	0.48	0.48	registry
N14_TUBULOINTNEPHRNAS	Tubulo-interstitial nephritis, not specified as acute or chronic	XIV Diseases of the genitourinary system (N14_)	sex_shared	-0.0140952539987075	-0.00737797206037442	0.3209	0.0459	2955	-0.00671728193833308	0.275	0.663630361257462	0.52	0.52	registry
N14_ULCERVAGVUL	Ulcer of vagina/vulva	XIV Diseases of the genitourinary system (N14_)	gynaecological	0.0258864327453093	0.021362015933141	0.2573	0.2469	960	0.0045244168121683	0.0104	0.383221294329922	0.16	0.16	registry
N14_UNSPECKIDCONTR	Unspecified contracted kidney	XIV Diseases of the genitourinary system (N14_)	sex_shared	-0.0144834273714299	0.00247934260477749	7e-04	-0.0567	202	-0.0169627699762074	0.0574	0.0407991791689894	0.03	0.03	registry
N14_URETHRALSTRICT	Urethral stricture	XIV Diseases of the genitourinary system (N14_)	sex_shared	-0.00103623624110312	0.00795098637624064	0.0137	-0.0603	2254	-0.00898722261734376	0.074	0.57132283795875	0.38	0.38	registry
N14_URETHRAOTH	Other disorders of urethra and urinary system	XIV Diseases of the genitourinary system (N14_)	sex_shared	0.0407552214078039	0.0541151454075136	0.2436	0.2678	49588	-0.0133599239997097	-0.0242	11.222635377509	7.64	7.64	registry
N14_URETHRITISANDURSYNDR	Urethritis and urethral syndrome	XIV Diseases of the genitourinary system (N14_)	sex_shared	0.00346187476841023	0.00609493434485733			838	-0.0026330595764471		0.213173512555106	0.12	0.12	registry
N14_URINOTH	Other diseases of urinary system	XIV Diseases of the genitourinary system (N14_)	sex_shared	0.0375856595933546	0.0494350667455952	0.2255	0.2126	107917	-0.0118494071522406	0.0129	21.5753739608866	15.44	15.44	registry
N14_UTER_POLYP	Uterine polyps	XIV Diseases of the genitourinary system (N14_)	gynaecological	-0.0167518074015697	-0.000907966563092139	-0.0398	0.0712	4111	-0.0158438408384776	-0.111	3.24382757450703	0.74	0.74	registry
N14_VAGINAL_DYSPLASIA_ALL	All dysplastic lesions of the vagina	XIV Diseases of the genitourinary system (N14_)	gynaecological	0.0109687773646505	-0.0144960434656516			996	0.0254648208303021		0.353305499292325	0.14	0.14	registry
N14_VAGINAL_HSIL	HSIL lesion of the vagina	XIV Diseases of the genitourinary system (N14_)	gynaecological	-0.0159578988226075	-0.014729637196707			505	-0.0012282616259005		0.179135820424321	0.08	0.08	registry
N14_VAGINAL_LSIL	LSIL lesion of the vagina	XIV Diseases of the genitourinary system (N14_)	gynaecological	0.0184207687534172	0.00813921663168993			551	0.0102815521217273		0.195453142680794	0.07	0.07	registry
N14_VAGINITIS	Vaginitis/vulvovaginitis/vulvitis/abscess of vulva	XIV Diseases of the genitourinary system (N14_)	gynaecological	0.0315992708525367	0.009216696827234	0.1912	0.1285	7618	0.0223825740253027	0.0627	2.9622889495501	1.33	1.33	registry
N14_VULVAL_DYSPLASIA_ALL	All dysplastic lesions of the vulva	XIV Diseases of the genitourinary system (N14_)	gynaecological	0.0334012516952179	0.00640162764292954	0.2712	0.1313	1602	0.0269996240522884	0.1399	0.56826848380151	0.27	0.27	registry
N14_VULVAL_DYSPLASIA_NOS	Dysplastic lesion of the vulva of unknown severity	XIV Diseases of the genitourinary system (N14_)	gynaecological	0.00625728060241037	-0.0260803084681684			55	0.0323375890705788		0.0195098418283914	0.01	0.01	registry
N14_VULVAL_HSIL	HSIL lesion of the vulva	XIV Diseases of the genitourinary system (N14_)	gynaecological	0.0158786436952485	-0.00243428895041781	0.2477	0.0473	594	0.0183129326456663	0.2004	0.210706291746627	0.08	0.08	registry
N14_VULVAL_LSIL	LSIL lesion of the vulva	XIV Diseases of the genitourinary system (N14_)	gynaecological	0.0155181988999812	0.00503351183510538	0.2308	0.2145	1067	0.0104846870648758	0.0163	0.378490931470794	0.2	0.2	registry
N14_VULVOVAGINFINOTH	Vulvovaginal ulceration/inflammation in other diseases	XIV Diseases of the genitourinary system (N14_)	gynaecological	-0.00253118649443727	0.0150103634061417	0.0271	-5e-04	2493	-0.017541549900579	0.0276	0.989124785253193	0.4	0.4	registry
NAFLD	Nonalcoholic fatty liver disease	Gastrointestinal endpoints	sex_shared	0.0155758494153724	0.0160538585129617	0.2094	0.1661	3943	-0.000478009097589301	0.0433	0.788306749889041	0.27	0.27	registry
NASH	Nonalcoholic steatohepatitis	Gastrointestinal endpoints	sex_shared	0.00171176770031608	0.00017912197620703	-0.0275	-0.0629	294	0.00153264572410905	0.0354	0.0587781345339534	0.01	0.01	registry
NECROVASC_FG	Other necrotizing vasculopathies (FG)	Rheuma endpoints	sex_shared	0.000524426682863367	-0.00963056157710307	-0.015	0.1225	2389	0.0101549882599664	-0.1375	0.644280894603844	0.21	0.21	registry
NEPHROP_INDUCED_OTHER_DRUGS_MEDICAM_BIOLO_SUBST	Nephropathy induced by other drugs, medicaments and biological substances	XIV Diseases of the genitourinary system (N14_)	sex_shared	-0.0100563749273764	0.0064682981211528	-0.2963	-0.0071	59	-0.0165246730485292	-0.2892	0.011795612032324		0.00802972463790679	case-count proxy
NEURODEGOTH	Other degenerative diseases of the nervous system	Comorbidities of Gastrointestinal endpoints	sex_shared	-0.00382764472632158	0.042701938098827	0.2326	0.1712	22040	-0.0465295828251486	0.0614	7.80453257790368	4.09	4.09	registry
NIV	Non-invasive ventilation	Interstitial lung disease endpoints	sex_shared	0.00196847225487897	0.0152522647594402	0.4169	0.3811	12876	-0.0132837925045612	0.0358	6.12044092272444	0.83	0.83	registry
NONALLERG_ASTHMA_EXMORE	Non-allergic asthma (mode) (more control exclusions)	Asthma and related endpoints	sex_shared	0.0282485148464143	-0.00322476587440509	0.2645	0.2152	9890	0.0314732807208194	0.0493	3.79912646980866	1.38	1.38	registry
O15_ABORT_FAILED	Failed attempted abortion	XV Pregnancy, childbirth and the puerperium (O15_)	fertility_bound	0.00782284330401553	0.0138525549830689	0.0053	0.6192	455	-0.00602971167905337	-0.6139	0.228975748700374	0.13	0.13	registry
O15_ABORT_MEDICAL	Medical abortion	XV Pregnancy, childbirth and the puerperium (O15_)	fertility_bound	0.0641529314199849	0.0818680120335714	0.3503	0.4032	48833	-0.0177150806135865	-0.0529	19.7633241463602	11.84	11.84	registry
O15_ABORT_OTHER	Other abortion	XV Pregnancy, childbirth and the puerperium (O15_)	fertility_bound	0.0149503040947274	0.0230135824179159	0.4656	0.301	312	-0.0080632783231885	0.1646	0.157125015108175	0.07	0.07	registry
O15_ABORT_SPONTAN	Spontaneous abortion	XV Pregnancy, childbirth and the puerperium (O15_)	fertility_bound	0.0464691931483258	0.0600243156056032	0.7616	0.65	23609	-0.0135551224572774	0.1116	10.6411556577198	4.95	4.95	registry
O15_ABORT_UNS	Unspecified abortion	XV Pregnancy, childbirth and the puerperium (O15_)	fertility_bound	0.00863147539097122	0.0197830623486116	0.6077	0.4094	1988	-0.0111515869576404	0.1983	0.992788797666847	0.4	0.4	registry
O15_AMNIOT_OTHER	Other disorders of amniotic fluid and membranes	XV Pregnancy, childbirth and the puerperium (O15_)	fertility_bound	0.0186447806660891	0.0428776393868254	0.3814	0.4997	6317	-0.0242328587207363	-0.1183	2.80090806707636	1.28	1.28	registry
O15_ANTENAT_ABNORM	Abnormal findings on antenatal screening of mother	XV Pregnancy, childbirth and the puerperium (O15_)	fertility_bound	-0.00437745215356118	0.0329906448137771	0.1896	0.4204	3784	-0.0373680969673383	-0.2308	1.57530796354811	0.76	0.76	registry
O15_ANTEPART_HAEM_NAS	Antepartum haemorrhage, not elsewhere classified	XV Pregnancy, childbirth and the puerperium (O15_)	fertility_bound	0.0182340070257961	0.0196012962277323	0.3919	0.4485	3733	-0.0013672892019362	-0.0566	1.67436644987665	0.78	0.78	registry
O15_BIRTH_BREAT_INFECT	Infections of breast associated with childbirth	XV Pregnancy, childbirth and the puerperium (O15_)	fertility_bound	0.00661464852849245	0.00626889323527172			1464	0.00034575529322073		0.539805094963663	0.3	0.3	registry
O15_BREAST_LACT_OTHER_DIS	Other disorders of breast and lactation associated with childbirth	XV Pregnancy, childbirth and the puerperium (O15_)	fertility_bound	-0.0122741121349559	0.00129021975318076	-0.0403	-0.0213	673	-0.0135643318881367	-0.019	0.248873965490463	0.1	0.1	registry
O15_COMPLIC_ABORT_ECTOP_MOLAR	Complications following abortion and ectopic and molar pregnancy	XV Pregnancy, childbirth and the puerperium (O15_)	fertility_bound	0.0147548219713349	0.0190843885138446			1279	-0.0043295665425097		0.640990302453204	0.25	0.25	registry
O15_COMPLIC_LAB_DELIV	Complications of labour and delivery	XV Pregnancy, childbirth and the puerperium (O15_)	fertility_bound	0.0191328632972996	0.0722220804799433	0.3943	0.4908	68828	-0.0530892171826437	-0.0965	24.4149707884459	14.33	14.33	registry
O15_COMPLIC_PUERP	Complications predominantly related to the puerperium	XV Pregnancy, childbirth and the puerperium (O15_)	fertility_bound	0.0166782521556095	0.0301617494566079	0.5662	0.3383	12164	-0.0134834973009984	0.2279	4.31486756364643	2.45	2.45	registry
O15_CONCEPT_ABNORM	Other abnormal products of conception	XV Pregnancy, childbirth and the puerperium (O15_)	fertility_bound	0.0288335879489376	0.0574931928811425	0.5676	0.6941	17028	-0.0286596049322049	-0.1265	7.90955203359284	3.54	3.54	registry
O15_DELIV_CAESAR	Single delivery by caesarean section	XV Pregnancy, childbirth and the puerperium (O15_)	fertility_bound	0.0329781422089335	0.081624026160319	0.58	0.6146	19405	-0.0486458839513855	-0.0346000000000001	14.1568967907143	3.95	3.95	registry
O15_DELIV_FORCEP_VAC	Single delivery by forceps and vacuum extractor	XV Pregnancy, childbirth and the puerperium (O15_)	fertility_bound	0.0386054361619759	0.0465006814580019	0.3965	0.5438	11810	-0.00789524529602601	-0.1473	9.12138156878495	2.62	2.62	registry
O15_DELIV_MULTIP	Multiple delivery	XV Pregnancy, childbirth and the puerperium (O15_)	fertility_bound	0.00553649526063738	0.0425877359958969	0.6788	1.052	3313	-0.0370512407352595	-0.3732	2.73849180436274	0.69	0.69	registry
O15_DELIV_OTHER_ASSIST	Other assisted single delivery	XV Pregnancy, childbirth and the puerperium (O15_)	fertility_bound	-0.011173486088465	0.0259161572646046			652	-0.0370896433530696		0.55105732010345	0.14	0.14	registry
O15_DELIV_PERIN_LACER	Perineal laceration during delivery	XV Pregnancy, childbirth and the puerperium (O15_)	fertility_bound	0.00218257952444648	0.0284969375538825	0.1053	0.3935	8080	-0.026314358029436	-0.2882	3.65344703632196	1.65	1.65	registry
O15_DELIV_SPONT	Single spontaneous delivery	XV Pregnancy, childbirth and the puerperium (O15_)	fertility_bound	0.0709396926099796	0.12315014865917	0.6122	0.7207	146565	-0.0522104560491904	-0.1085	55.4685105078511	31.59	31.59	registry
O15_ECLAMPSIA	Eclampsia	XV Pregnancy, childbirth and the puerperium (O15_)	fertility_bound	-0.0161897225077634	0.0166407701552802	-0.0375	-0.0011	91	-0.0328304926630436	-0.0364	0.0351533225684331	0.02	0.02	registry
O15_EXCESS_VOMIT_PREG	Excessive vomiting in pregnancy	XV Pregnancy, childbirth and the puerperium (O15_)	fertility_bound	0.0205639240782462	0.0148766029755325	0.2641	0.1496	3404	0.0056873211027137	0.1145	1.41935645277638	0.69	0.69	registry
O15_EXIST_HYPERT_COMPLIC	Pre-existing hypertension complicating pregnancy, childbirth and the puerperium	XV Pregnancy, childbirth and the puerperium (O15_)	fertility_bound	0.00585272388394456	0.00584059062027997	0.0914	8e-04	3251	1.21332636645894e-05	0.0906	1.24071657011136	0.6	0.6	registry
O15_FAILED_INDUCT	Failed induction of labour	XV Pregnancy, childbirth and the puerperium (O15_)	fertility_bound	-0.00249767589298471	0.0308210227939663	0.2414	0.164	2489	-0.033318698686951	0.0774	1.15461335065176	0.42	0.42	registry
O15_FALSE_LAB	False labour	XV Pregnancy, childbirth and the puerperium (O15_)	fertility_bound	0.0759580549753165	0.0836104175032116	0.5816	0.6333	21623	-0.0076523625278951	-0.0517	8.9781597741239	4.49	4.49	registry
O15_GESTAT_HYPERT	Gestational [pregnancy-induced] hypertension	XV Pregnancy, childbirth and the puerperium (O15_)	fertility_bound	0.00147924974258041	-0.00148365571814441	0.0966	0.0843	12314	0.00296290546072482	0.0123	4.54241964815983	2.52	2.52	registry
O15_GESTAT_OEDEM_PREINUR	Gestational [pregnancy-induced] oedema and proteinuria without hypertension	XV Pregnancy, childbirth and the puerperium (O15_)	fertility_bound	0.021066691128372	0.0106714223719529	0.4084	0.2856	3518	0.0103952687564191	0.1228	1.34124814615716	0.77	0.77	registry
O15_HAEMORRH_EARLY_PREG	Haemorrhage in early pregnancy	XV Pregnancy, childbirth and the puerperium (O15_)	fertility_bound	0.0346117041067718	0.0471438219369786	0.5886	0.472	13212	-0.0125321178302068	0.1166	5.29252708955074	2.77	2.77	registry
O15_HYPTENSPREG	Pregnancy hypertension	XV Pregnancy, childbirth and the puerperium (O15_)	fertility_bound	0.00425579688887263	0.00849307524526133	0.1116	0.0855	20779	-0.0042372783563887	0.0261	7.37081824276628	4.19	4.19	registry
O15_ICP_EXMORE	Intrahepatic Cholestasis of Pregnancy (ICP)  (more control exclusions)	XV Pregnancy, childbirth and the puerperium (O15_)	fertility_bound	-0.013198165317444	0.00976906014571544	0.0288	0.0188	2935	-0.0229672254631594	0.01	1.61087602017574	0.56	0.56	registry
O15_ICP_WIDE	Intrahepatic Cholestasis of Pregnancy (ICP) , incl. ICD-8	XV Pregnancy, childbirth and the puerperium (O15_)	fertility_bound	-0.0142017455147868	0.0104920475024374	0.1215	0.094	3563	-0.0246937930172242	0.0275	1.26388302608288	0.67	0.67	registry
O15_ICP_WIDE_EXMORE	Intrahepatic Cholestasis of Pregnancy (ICP) , incl. ICD-8 (more control exclusions)	XV Pregnancy, childbirth and the puerperium (O15_)	fertility_bound	-0.0211677216944536	0.000732147373555176	0.0424	0.0113	3563	-0.0218998690680088	0.0311	1.9555540919544	0.67	0.67	registry
O15_LABOUR_ABNORM_FORCES	Abnormalities of forces of labour	XV Pregnancy, childbirth and the puerperium (O15_)	fertility_bound	0.020551686644062	-0.00574481194499098	0.3298	0.161	4424	0.026296498589053	0.1688	2.03397623043148	0.96	0.96	registry
O15_LABOUR_ANEST_COMPLIC	Complications of anaesthesia during labour and delivery	XV Pregnancy, childbirth and the puerperium (O15_)	fertility_bound	0.0230655555417099	0.0161067726166956	0.1639	0.11	143	0.0069587829250143	0.0539	0.0670656211308295	0.03	0.03	registry
O15_LABOUR_FETAL_STRESS	Labour and delivery complicated by fetal stress [distress]	XV Pregnancy, childbirth and the puerperium (O15_)	fertility_bound	0.0279478426340715	0.0427989263041159	0.2873	0.3139	12701	-0.0148510836700444	-0.0266	5.62533771514115	2.72	2.72	registry
O15_LABOUR_INTRAPART_HAEMORRH	Labour and delivery complicated by intrapartum haemorrhage, not elsewhere classified	XV Pregnancy, childbirth and the puerperium (O15_)	fertility_bound	-0.000361387706350721	0.0207492564325759	0.2312	0.4596	1899	-0.0211106441389266	-0.2284	0.883337984928831	0.44	0.44	registry
O15_LABOUR_LONG	Long labour	XV Pregnancy, childbirth and the puerperium (O15_)	fertility_bound	0.0180294718919747	0.0303869923119539	0.2066	0.2298	11587	-0.0123575204199792	-0.0232	5.15738778998344	2.43	2.43	registry
O15_LABOUR_MALPOS	Obstructed labour due to malposition and malpresentation of fetus	XV Pregnancy, childbirth and the puerperium (O15_)	fertility_bound	0.0323358185939849	0.0491088067951214	0.4298	0.4046	10733	-0.0167729882011365	0.0252	4.79549983468416	2.28	2.28	registry
O15_LABOUR_OBSTR_OTHER	Other obstructed labour	XV Pregnancy, childbirth and the puerperium (O15_)	fertility_bound	0.018864266475952	0.0508300601972467	0.4535	0.4314	3108	-0.0319657937212947	0.0221	1.43763096179732	0.63	0.63	registry
O15_LABOUR_OTHER	Other complications of labour and delivery, not elsewhere classified	XV Pregnancy, childbirth and the puerperium (O15_)	fertility_bound	-0.00364119996461745	0.0155687305013839	-0.0888	0.3028	5370	-0.0192099304660014	-0.3916	2.45821717456089	1.05	1.05	registry
O15_LABOUR_PELVIC_ABNORM	Obstructed labour due to maternal pelvic abnormality	XV Pregnancy, childbirth and the puerperium (O15_)	fertility_bound	-0.00345942679917912	0.02242982344886	0.1724	0.1774	6327	-0.0258892502480391	-0.005	2.88366878144826	1.35	1.35	registry
O15_LABOUR_UMBILICAL	Labour and delivery complicated by umbilical cord complications	XV Pregnancy, childbirth and the puerperium (O15_)	fertility_bound	0.0220963247992834	-0.00234665924304983	0.1531	0.5473	2006	0.0244429840423332	-0.3942	0.932645859582401	0.44	0.44	registry
O15_MATERN_CARE	Maternal care related to the fetus and amniotic cavity and possible delivery problems	XV Pregnancy, childbirth and the puerperium (O15_)	fertility_bound	0.0647374002607724	0.0700704001900206	0.6404	0.6813	62692	-0.0053329999292482	-0.0409000000000001	22.2383818891912	13.18	13.18	registry
O15_MATERN_CARE_CERVICAL_INCOMPETENCE	Maternal care for cervical incompetence	XV Pregnancy, childbirth and the puerperium (O15_)	fertility_bound	-0.00795388291586132	0.00840442800361745	0.2066	0.1738	1462	-0.0163583109194788	0.0328	0.54229291235775	0.31	0.31	registry
O15_MATERN_CARE_DISPROP	Maternal care for known or suspected disproportion	XV Pregnancy, childbirth and the puerperium (O15_)	fertility_bound	-0.0089253991364625	0.0130843620224427	0.0914	0.2182	1741	-0.0220097611589052	-0.1268	0.787932548267091	0.39	0.39	registry
O15_MATERN_CARE_FETAL_ABNORM	Maternal care for known or suspected fetal abnormality and damage	XV Pregnancy, childbirth and the puerperium (O15_)	fertility_bound	-0.00773002654697215	0.0341767846153635	0.288	0.5035	7373	-0.0419068111623356	-0.2155	3.25389469967783	1.46	1.46	registry
O15_MATERN_CARE_OTHER	Maternal care for other known or suspected fetal problems	XV Pregnancy, childbirth and the puerperium (O15_)	fertility_bound	0.0237080445506688	0.0446064931005468	0.4927	0.54	15279	-0.020898448549878	-0.0473	6.51567617358079	3.01	3.01	registry
O15_MATERN_CARE_PELVIC_ABNORM	Maternal care for known or suspected abnormality of pelvic organs	XV Pregnancy, childbirth and the puerperium (O15_)	fertility_bound	0.0255769918377789	0.0645600008943631	0.5035	0.5883	13775	-0.0389830090565842	-0.0848000000000001	5.91222016206565	2.87	2.87	registry
O15_MATERN_HYPERT_UNS	Unspecified maternal hypertension	XV Pregnancy, childbirth and the puerperium (O15_)	fertility_bound	-0.00118690910091771	-0.00883804514896424	0.0614	-0.1154	451	0.00765113604804653	0.1768	0.173979461936688	0.08	0.08	registry
O15_MATERN_INFECT_ELSEWHERE	Maternal infectious and parasitic diseases classifiable elsewhere but complicating pregnancy, childbirth and  the puerperium	XV Pregnancy, childbirth and the puerperium (O15_)	fertility_bound	-0.00401101136399157	0.012327678331333			751	-0.0163386896953246		0.286064724524622	0.2	0.2	registry
O15_MAT_CARE_MALPRESENT	Maternal care for known or suspected malpresentation of fetus	XV Pregnancy, childbirth and the puerperium (O15_)	fertility_bound	0.0376122577501953	0.0181745838522063	0.3372	0.2925	9115	0.019437673897989	0.0447	3.99199411383424	1.94	1.94	registry
O15_MEMBR_PREMAT_RUPT	Premature rupture of membranes	XV Pregnancy, childbirth and the puerperium (O15_)	fertility_bound	0.0423852825642555	0.0463732361133441	0.3882	0.3968	10860	-0.0039879535490886	-0.0086	4.72015890332367	2.14	2.14	registry
O15_MULTIP_GEST	Multiple gestation	XV Pregnancy, childbirth and the puerperium (O15_)	fertility_bound	0.0167199946312219	0.0460148030670785	0.4762	1.0118	4004	-0.0292948084358566	-0.5356	1.79373804435963	0.82	0.82	registry
O15_MULTIP_GEST_COMPLIC	Complications specific to multiple gestation	XV Pregnancy, childbirth and the puerperium (O15_)	fertility_bound	-0.0130616159751264	-8.97081097421404e-05			148	-0.0129719078653843		0.0674674629042919	0.03	0.03	registry
O15_OBSTET_TRAUMA_OTHER	Other obstetric trauma	XV Pregnancy, childbirth and the puerperium (O15_)	fertility_bound	0.0370569137848203	-0.00172123838665469	0.151	0.0266	2201	0.038778152171475	0.1244	1.02237994816102	0.45	0.45	registry
O15_OTHER_MATERN_DIS_ELSEWHERE	Other maternal diseases classifiable elsewhere but complicating pregnancy, childbirth and the puerperium	XV Pregnancy, childbirth and the puerperium (O15_)	fertility_bound	0.0117163251434626	0.0407825702822782	0.3581	0.4492	19598	-0.0290662451388156	-0.0911	6.96508218569525	3.6	3.6	registry
O15_PLAC_DISORD	Placental disorders	XV Pregnancy, childbirth and the puerperium (O15_)	fertility_bound	0.0259816026838688	0.013739603148409			359	0.0122419995354598		0.163496921339308	0.07	0.07	registry
O15_PLAC_PRAEVIA	Placenta praevia	XV Pregnancy, childbirth and the puerperium (O15_)	fertility_bound	0.045481790091173	0.0106030516818849	0.3908	0.2213	1889	0.0348787384092881	0.1695	0.854341356634374	0.38	0.38	registry
O15_PLAC_PREMAT_SEPAR	Premature separation of placenta [abruptio placentae]	XV Pregnancy, childbirth and the puerperium (O15_)	fertility_bound	0.0220930021527109	-0.00161328607923705	0.5713	0.2516	892	0.023706288231948	0.3197	0.405253760636775	0.19	0.19	registry
O15_POLYHYDR	Polyhydramnios	XV Pregnancy, childbirth and the puerperium (O15_)	fertility_bound	0.0203851573543055	0.0292497133480537	0.579	0.5391	1915	-0.0088645559937482	0.0398999999999999	0.865998589078017	0.36	0.36	registry
O15_POOR_FETGRO	Poor fetal growth	XV Pregnancy, childbirth and the puerperium (O15_)	fertility_bound	0.021670736553502	0.024200934193149	0.1984	0.2369	5521	-0.002530197639647	-0.0385	1.95843339517362	1.22	1.22	registry
O15_POSTPART_HAEMORRH_ANATOMY	Postpartum haemorrhage due to anatomy	XV Pregnancy, childbirth and the puerperium (O15_)	fertility_bound	-0.00787066808801974	0.00403954950972998	-0.086	0.1255	4654	-0.0119102175977497	-0.2115	2.22426136743804	0.85	0.85	registry
O15_POSTPART_HAEMORRH_PLACENTA	Postpartum haemorrhage due to retained placenta	XV Pregnancy, childbirth and the puerperium (O15_)	fertility_bound	0.00243160503684644	0.0135113554539816	0.0686	0.1229	5594	-0.0110797504171352	-0.0543	2.67351054779725	1.06	1.06	registry
O15_POSTPART_HEAMORRH_ALLW	Postpartum haemorrhage	XV Pregnancy, childbirth and the puerperium (O15_)	fertility_bound	0.0133529960381552	0.0468331529897778	0.2799	0.4376	12264	-0.0334801569516226	-0.1577	4.35034000333441		2.05096919688587	case-count proxy
O15_PREECLAMPS	Pre-eclampsia	XV Pregnancy, childbirth and the puerperium (O15_)	fertility_bound	0.014273811528255	0.0024961238940945	0.117	0.102	9151	0.0117776876341605	0.015	3.41549532333555	1.84	1.84	registry
O15_PREECLAMPS_CHRONIC_HYPERT	Pre-eclampsia superimposed on chronic hypertension	XV Pregnancy, childbirth and the puerperium (O15_)	fertility_bound	0.000758634480298305	-0.00771530371383112			208	0.00847393819412942		0.0803141518941398	0.04	0.04	registry
O15_PREEC_OR_FETGRO	Pre-eclampsia or poor fetal growth	XV Pregnancy, childbirth and the puerperium (O15_)	fertility_bound	0.0152484577704356	0.0100665604698631	0.1401	0.1507	14616	0.0051818973005725	-0.0106	5.1846517847958	3.05	3.05	registry
O15_PREG_ABORT	Pregnancy with abortive outcome	XV Pregnancy, childbirth and the puerperium (O15_)	fertility_bound	0.0701484493727314	0.0987369475066468	0.4827	0.5396	83653	-0.0285884981339154	-0.0569	29.6737599721896	19.06	19.06	registry
O15_PREG_ANESTH_COMPL	Complications of anaesthesia during pregnancy	XV Pregnancy, childbirth and the puerperium (O15_)	fertility_bound	-0.0279920986905197	0.0132359957506743	-0.0168	0.0806	80	-0.041228094441194	-0.0974	0.0338262093926927	0.02	0.02	registry
O15_PREG_ECTOP	Ectopic pregnancy	XV Pregnancy, childbirth and the puerperium (O15_)	fertility_bound	0.0285108908391172	0.0573009977319569	0.4703	0.5117	7690	-0.0287901068928397	-0.0414000000000001	3.73398852126286	1.54	1.54	registry
O15_PREG_GU_INFECT	Infections of genitourinary tract in pregnancy	XV Pregnancy, childbirth and the puerperium (O15_)	fertility_bound	0.0455990658298547	0.0405962291786071	0.652	0.5871	4105	0.0050028366512476	0.0649000000000001	1.70666201024413	0.93	0.93	registry
O15_PREG_HYDAT	Hydatidiform mole	XV Pregnancy, childbirth and the puerperium (O15_)	fertility_bound	0.00230272854807982	0.0154163348649426			530	-0.0131136063168628		0.266618373527311	0.12	0.12	registry
O15_PREG_MATERN_CARE	Maternal care for other conditions predominantly related to pregnancy	XV Pregnancy, childbirth and the puerperium (O15_)	fertility_bound	0.0230833713093639	0.0406491872989739	0.523	0.4397	9973	-0.01756581598961	0.0833	4.04754947320573	1.93	1.93	registry
O15_PREG_OTHER_MAT_DISORD	Other maternal disorders predominantly related to pregnancy	XV Pregnancy, childbirth and the puerperium (O15_)	fertility_bound	0.0309235159427394	0.0670762623801233	0.4629	0.4322	45486	-0.0361527464373839	0.0307	16.1349939164766	9.06	9.06	registry
O15_PREG_PROLONGED	Prolonged pregnancy	XV Pregnancy, childbirth and the puerperium (O15_)	fertility_bound	0.0365797277272839	0.043917422504832	0.3682	0.3008	7471	-0.0073376947775481	0.0674	3.29571922642575	1.56	1.56	registry
O15_PREG_VENOUS_HAEMORRH	Venous complications and haemorrhoids in pregnancy	XV Pregnancy, childbirth and the puerperium (O15_)	fertility_bound	-0.00288779910613764	0.00316998171165515			706	-0.00605778081779279		0.297728240746598	0.13	0.13	registry
O15_PRETERM	Preterm labour and delivery	XV Pregnancy, childbirth and the puerperium (O15_)	fertility_bound	0.00873505801280377	0.0486002687570789	0.2508	0.3655	11543	-0.0398652107442751	-0.1147	5.13880974428378	2.26	2.26	registry
O15_PRE_OR_ECLAMPSIA	Pre-eclampsia or eclampsia	XV Pregnancy, childbirth and the puerperium (O15_)	fertility_bound	0.0111243912492807	0.00894732035769861	0.0961	0.0971	9847	0.00217707089158209	-0.001	3.66754813959552	1.97	1.97	registry
O15_PUERP_ANEST_COMPL	Complications of anaesthesia during the puerperium	XV Pregnancy, childbirth and the puerperium (O15_)	fertility_bound	-0.0169171161787377	0.0283083612749923	-0.1411	0.4702	127	-0.04522547745373	-0.6113	0.0470593466532282	0.03	0.03	registry
O15_PUERP_COMPL_NAS	Complications of the puerperium, not elsewhere classified	XV Pregnancy, childbirth and the puerperium (O15_)	fertility_bound	0.00202069401793115	-0.0208836755019786			1652	0.0229043695199097		0.608702380645328	0.31	0.31	registry
O15_PUERP_INFECT_OTHER	Other puerperal infections	XV Pregnancy, childbirth and the puerperium (O15_)	fertility_bound	0.0155392835885384	0.0115778568672208	0.2371	0.1259	3338	0.0039614267213176	0.1112	1.22233899583643	0.67	0.67	registry
O15_PUERP_SEPSIS	Puerperal sepsis	XV Pregnancy, childbirth and the puerperium (O15_)	fertility_bound	0.000611623066207335	0.031556441723547	0.5215	0.3615	5281	-0.0309448186573397	0.16	1.92018209187495	1.08	1.08	registry
O15_RETAINED_PLAC_MEMB_NO_HEAMORRH	Retained placenta and membranes, without haemorrhage	XV Pregnancy, childbirth and the puerperium (O15_)	fertility_bound	0.00588073137348887	0.0413070924571413	0.5184	0.4933	5085	-0.0354263610836524	0.0251	2.33079398256374	1.04	1.04	registry
O15_TWIN_GEST	Twin gestation	XV Pregnancy, childbirth and the puerperium (O15_)	fertility_bound	0.0191422187706026	0.048511133188984			3874	-0.0293689144183814		1.73651110981617	0.79	0.79	registry
O15_VENOUS_COMPLIC	Venous complications and haemorrhoids in the puerperium	XV Pregnancy, childbirth and the puerperium (O15_)	fertility_bound	0.0110027352397573	0.00746647468834538	0.2574	0.2251	404	0.00353626055141192	0.0323	0.149547101784571	0.08	0.08	registry
OFFICIAL_TILASTOKESKUS_DEATH	Alcohol related diseases, tilastokeskus definition, death only	Alcohol related diseases	sex_shared	0.0172312510452082	-0.005120060217958	0.0204	0.1364	3503	0.0223513112631662	-0.116	0.700339473715778	2.13	2.13	registry
OSTEON_DRUGS	Osteonecrosis due to drugs	XIII Diseases of the musculoskeletal system and connective tissue (M13_)	sex_shared	-0.00276002839048805	0.00890254966562135			469	-0.0116625780561094		0.0937651193755923	0.03	0.03	registry
OSTEOPOROSIS_FRACTURE_FG	Osteoporosis with pathological fracture (FG)	Rheuma endpoints	sex_shared	0.0143665925865251	-0.00936755120334571	0.0187	0.112	2808	0.0237341437898708	-0.0933	0.756424761596897	0.57	0.57	registry
OSTPOPATFRACTURE	Drug-induced osteoporosis with pathological fracture	Rheuma endpoints	sex_shared	0.000872573163665164	-0.0124566040495736	-0.0271	0.1624	562	0.0133291772132388	-0.1895	0.112865003815721	0.04	0.04	registry
OSTPOPATFRCTURE_POSTEMENO	Postmenopausal osteoporosis with pathological fracture	Rheuma endpoints	gynaecological	0.011982196133564	-0.00938983338806541	0.0023	0.0556	2326	0.0213720295216294	-0.0533	0.826014851221444	0.55	0.55	registry
OTHER_DRUGADVERS_SECONDA_PARKINSONI	Other drug-induced secondary parkinsonism	VI Diseases of the nervous system (G6_)	sex_shared	0.00436790142090338	-0.00314550714896503	-0.2313	0.056	333	0.00751340856986841	-0.2873	0.0665752340129472	0.04	0.04	registry
OTHER_SYSTCON_FG	Other systemic involvement of connective tissue (FG)	Rheuma endpoints	sex_shared	0.00508713968945851	-0.0199717851387581	0.1	0.043	12636	0.0250589248282166	0.057	3.31611765446873	1.5	1.5	registry
P16_BACTERIAL_SEPSIS_NEWBO	Bacterial sepsis of newborn	XVI Certain conditions originating in the perinatal period (P16_)	sex_shared	-0.00611127825449203	0.00194391769999584			205	-0.00805519595448787		0.0410021321108698	0.39	0.39	registry
P16_BIRTHINJY_PERIP_NERVOUS_SYSTEM	Birth injury to peripheral nervous system	XVI Certain conditions originating in the perinatal period (P16_)	sex_shared	-0.00821030213716878	0.0123132487824485			121	-0.0205235509196173		0.0241963221590318	0.05	0.05	registry
P16_BIRTH_ASPHYXIA	Birth asphyxia	XVI Certain conditions originating in the perinatal period (P16_)	sex_shared	0.018878659511152	0.00114838371496831	0.5659	-0.043	188	0.0177302757961837	0.6089	0.0376376376376376	0.19	0.19	registry
P16_BIRTH_TRAUMA	Birth trauma	XVI Certain conditions originating in the perinatal period (P16_)	sex_shared	-0.00152914789536554	0.0150400923716753			231	-0.0165692402670408		0.0461828199909634	0.14	0.14	registry
P16_CARDIOV_DISORD_ORIGINA_PERINA_PERIOD	Cardiovascular disorders originating in the perinatal period	XVI Certain conditions originating in the perinatal period (P16_)	sex_shared	0.0226187158348615	0.0150978202997662	0.2655	-0.0086	120	0.0075208955350953	0.2741	0.0240272950071281	0.11	0.11	registry
P16_CHRONIC_RESPI_DISEA_ORIGINA_PERINA_PERIOD	Chronic respiratory disease originating in the perinatal period	XVI Certain conditions originating in the perinatal period (P16_)	sex_shared	0.0125932835527844	0.00984049921141852	-0.2227	-0.2181	71	0.00275278434136588	-0.00460000000000002	0.0142175444498511	0.04	0.04	registry
P16_DISORD_MUSCLE_TONE_NEWBO	Disorders of muscle tone of newborn	XVI Certain conditions originating in the perinatal period (P16_)	sex_shared	-0.00300688904979443	0.0171120675991095			56	-0.0201189566489039		0.0112024869521034	0.04	0.04	registry
P16_DISORD_RELATED_GESTATION_LOW_BIRTHWGHTT_NECIFIED	Disorders related to short gestation and low birth weight, not elsewhere classified	XVI Certain conditions originating in the perinatal period (P16_)	sex_shared	0.033588321203448	0.00726192379248758	0.0616	0.5954	779	0.0263263974109604	-0.5338	0.155787225447513	0.74	0.74	registry
P16_DISORD_RELATED_LONG_GESTATION_HIGH_BIRTHWGHTT	Disorders related to long gestation and high birth weight	XVI Certain conditions originating in the perinatal period (P16_)	sex_shared	0.0104056510894336	0.0118264495430676			91	-0.001420798453634		0.0182235813142206	0.1	0.1	registry
P16_FEEDI_PROBL_NEWBO	Feeding problems of newborn	XVI Certain conditions originating in the perinatal period (P16_)	sex_shared	-0.0144044456607881	0.0109453100796194	-0.4357	0.1768	156	-0.0253497557404075	-0.6125	0.0312006864151011	0.16	0.16	registry
P16_FETAL_DEATH_UNSP_CAUSE	Fetal death of unspecified cause	XVI Certain conditions originating in the perinatal period (P16_)	sex_shared	0.0192637859966199	0.0126292677287482	0.1246	0.1342	60	0.0066345182678717	-0.00960000000000001	0.0120025685496696	0.01	0.01	registry
P16_FET_NEWB_COMPLICATIO_PLACEN_CORD_MEMBRANES	Fetus and newborn affected by complications of placenta, cord and membranes	XVI Certain conditions originating in the perinatal period (P16_)	sex_shared	0.00375953578858551	-0.0126875713881184	-0.0225	-0.0738	56	0.0164471071767039	0.0513	0.0112049974288533	0.05	0.05	registry
P16_FET_NEWB_MATERN_COMPLICATIO_PREGNAC	Fetus and newborn affected by maternal complications of pregnancy	XVI Certain conditions originating in the perinatal period (P16_)	sex_shared	0.00483427942902357	0.000162189910709311	-0.2786	-0.1839	206	0.00467208951831426	-0.0947	0.0412060160783474	0.28	0.28	registry
P16_FET_NEWB_MATERN_COND_UNREL_PRESENT_PREGNAC	Fetus and newborn affected by maternal conditions that may be unrelated to present pregnancy	XVI Certain conditions originating in the perinatal period (P16_)	sex_shared	-0.0284598843121122	-0.00833514933572688			135	-0.0201247349763853		0.0270077782401332	0.15	0.15	registry
P16_FET_NEWB_MATERN_FACTO_COMPLICATIO_PREGNAC_LABOUR_DELIV	Fetus and newborn affected by maternal factors and by complications of pregnancy, labour and delivery	XVI Certain conditions originating in the perinatal period (P16_)	sex_shared	-0.00348583286103288	0.000359374279651924	-0.5124	-0.2065	465	-0.0038452071406848	-0.3059	0.0929654168649263	0.61	0.61	registry
P16_FET_NEWB_OTH_COMPLICATIO_LABOUR_DELIV	Fetus and newborn affected by other complications of labour and delivery	XVI Certain conditions originating in the perinatal period (P16_)	sex_shared	-0.010207985196551	-0.00414044031232856	0.1407	0.0885	80	-0.00606754488422244	0.0522	0.0160063705354731	0.17	0.17	registry
P16_INFECTIONS_SPECIFIC_PERINA_PERIOD	Infections specific to the perinatal period	XVI Certain conditions originating in the perinatal period (P16_)	sex_shared	0.0112165434543592	0.00561835371836343	0.0255	0.0522	417	0.00559818973599577	-0.0267	0.0833689867369339	0.61	0.61	registry
P16_INTERSTITIAL_EMPHY_RELATED_COND_ORIGINA_PERINA_PERIOD	Interstitial emphysema and related conditions originating in the perinatal period	XVI Certain conditions originating in the perinatal period (P16_)	sex_shared	-0.0149996219182464	-0.00302224502536041	-0.2365	-0.153	52	-0.011977376892886	-0.0835	0.0104132456484648	0.06	0.06	registry
P16_NEONTAL_JAUND_OTH_UNSP_CAUSES	Neonatal jaundice from other and unspecified causes	XVI Certain conditions originating in the perinatal period (P16_)	sex_shared	0.0235799042624516	-0.00147751702250796	0.0248	0.1564	499	0.0250574212849596	-0.1316	0.0997952098299282	0.79	0.79	registry
P16_OTH_DISORD_ORIGINA_PERINA_PERIOD	Other disorders originating in the perinatal period	XVI Certain conditions originating in the perinatal period (P16_)	sex_shared	-0.0160171732324813	0.0138564908791544	-0.2771	0.1249	353	-0.0298736641116357	-0.402	0.0705737465662774	0.27	0.27	registry
P16_OTH_INFECTIONS_SPECIFIC_PERINA_PERIOD	Other infections specific to the perinatal period	XVI Certain conditions originating in the perinatal period (P16_)	sex_shared	0.0141065446132464	0.00729900050995481	-0.0473	0.0807	201	0.00680754410329159	-0.128	0.0402024121447287	0.22	0.22	registry
P16_OTH_PERINA_HAEMATOL_DISORD	Other perinatal haematological disorders	XVI Certain conditions originating in the perinatal period (P16_)	sex_shared	0.00991397107958407	0.00660475025319426			55	0.00330922082638981		0.0110092477681252	0.06	0.06	registry
P16_RESPI_CARDIOV_DISORD_SPECIFIC_PERINA_PERIOD	Respiratory and cardiovascular disorders specific to the perinatal period	XVI Certain conditions originating in the perinatal period (P16_)	sex_shared	0.0303179961751075	0.032632992990695			874	-0.0023149968155875		0.174734998580528	1.05	1.05	registry
P16_RESPI_DISTR_NEWBO	Respiratory distress of newborn	XVI Certain conditions originating in the perinatal period (P16_)	sex_shared	0.0195762991603735	0.0274685408075805			495	-0.007892241647207		0.0990382287562999	0.7	0.7	registry
P16_SLOW_FETAL_GROWTH_FETAL_MALNUTRITION	Slow fetal growth and fetal malnutrition	XVI Certain conditions originating in the perinatal period (P16_)	sex_shared	0.00370795851023638	0.0199178748824772	0.054	0.2922	203	-0.0162099163722408	-0.2382	0.04064348853273	0.18	0.18	registry
P16_TRANSITO_DISORD_CARBOH_METABOLISM_SPECIFIC_FETUS_NEWBO	Transitory disorders of carbohydrate metabolism specific to fetus and newborn	XVI Certain conditions originating in the perinatal period (P16_)	sex_shared	-0.00634386690846777	0.0193417727813384			471	-0.0256856396898062		0.0941674180733466	0.62	0.62	registry
PAIN	Pain (limb, back, neck, head abdominally)	Miscellaneous, not yet classified endpoints	sex_shared	0.0669231970334105	0.0476037459852867	0.3785	0.2902	246393	0.0193194510481238	0.0883	49.3576709889243	30.9	30.9	registry
PD2ND_EXMORE	Secondary parkinsonism (more control exclusions)	Neurological endpoints	sex_shared	0.00580810783644918	0.0151665274697117	-0.244	0.2095	1007	-0.00935841963326252	-0.4535	0.521653543307087	0.16	0.16	registry
PD_DEMENTIA_EXMORE	Dementia due to Parkinson's disease (more control exclusions)	Neurological endpoints	sex_shared	-0.0241976032990931	0.0173573796789168	0.3041	0.0871	862	-0.0415549829780099	0.217	0.446875243007854	0.14	0.14	registry
PHANTOMLIMB	Phantom limb syndrome with pain	VI Diseases of the nervous system (G6_)	sex_shared	0.00920194454274419	0.00351116106223514			96	0.00569078348050905		0.0378117996447266	0.01	0.01	registry
PHLEBI_THROMBOP_LOWER_EXTREMITI_UNSPE	Phlebitis and thrombophlebitis of lower extremities, unspecified, drug-induced	IX Diseases of the circulatory system (I9_)	sex_shared	-0.000366962774731627	-0.0211916043656377			306	0.0208246415909061		0.0611772420659515		0.0375955180956814	case-count proxy
PHLEBI_THROMBOP_OTHER_DEEP_VESSE_LOWER_EXTREMITI	Phlebitis and thrombophlebitis of other deep vessels of lower extremities, drug-induced	IX Diseases of the circulatory system (I9_)	sex_shared	0.0221223600717002	0.0080046821419888	0.2733	-0.0965	112	0.0141176779297114	0.3698	0.0223916702986489		0.0146475275573077	case-count proxy
PHLEBI_THROMBOP_SUPERF_VESSE_LOWER_EXTREMITI	Phlebitis and thrombophlebitis of superficial vessels of lower extremities, drug-induced	IX Diseases of the circulatory system (I9_)	sex_shared	-0.0108151874682374	-0.00989211754663836	0.041	0.0869	102	-0.00092306992159904	-0.0459	0.0203924140219838		0.0134174859239506	case-count proxy
PNEUMO_SEPTHICHE	Pneumococcal septicemia	Asthma and related endpoints	sex_shared	-0.0139167848814783	0.00327817534982154			1252	-0.0171949602312998		0.250339918419579	0.21	0.21	registry
POLLENALLERG	Pollen allergy	Comorbidities of Asthma	sex_shared	0.00403679604990666	-0.015737595585458	0.0382	-0.0221	9083	0.0197743916353647	0.0603	1.83132015137677	1.53	1.53	registry
POLYCYTVERA	Polycythaemia vera	Other, not yet classified endpoints (same as #MISC)	sex_shared	-0.0147595640685869	0.00589401977283227	0.0414	-0.0563	1264	-0.0206535838414192	0.0977	0.339153136764039	0.12	0.12	registry
PRIM_COXARTHROSIS	Primary coxarthrosis, bilateral	Rheuma endpoints	sex_shared	0.0422981373521561	0.000379919658579367	0.0973	0.0632	12738	0.0419182176935767	0.0341	2.65396010517499	1.2	1.2	registry
PRIM_KNEEARTHROSIS	Primary gonarthrosis, bilateral	Rheuma endpoints	sex_shared	0.0162824994217401	0.0102105249472802	0.113	0.0687	25353	0.0060719744744599	0.0443	5.49951844235625	2.46	2.46	registry
PSORI_STRICT	Psoriasis (vulgaris), strict definition	XII Diseases of the skin and subcutaneous tissue (L12_)	sex_shared	0.0190491334895875	0.00445052616671506	0.1637	0.1139	1266	0.0145986073228724	0.0498	0.262408980771184	0.07	0.07	registry
PULM_INFECTIONS	COPD/asthma/ILD related infections	Interstitial lung disease endpoints	sex_shared	0.0396822867767601	0.0341971772374882	0.3101	0.2607	168980	0.0054851095392719	0.0494	33.7834325630865	29.1	29.1	registry
Q17_ABSENCE_OF_ONE_KIDNEY	Absence of one kidney	XVII Congenital malformations, deformations and chromosomal abnormalities (Q17)	sex_shared	-0.00825015447763344	-0.00220778883299898			86	-0.00604236564463446		0.0171936039793197		0.0114333988358641	case-count proxy
Q17_ABSENCE_OF_ONE_KIDNEY_WIDE	Absence of one kidney	XVII Congenital malformations, deformations and chromosomal abnormalities (Q17)	sex_shared	-0.0131373832630826	-0.00403175205329231			104	-0.00910563120979029		0.0207922652773168		0.0136640718561334	case-count proxy
Q17_ACCESSORY_BREAST	Accessory breast	XVII Congenital malformations, deformations and chromosomal abnormalities (Q17)	sex_shared	0.000283069968786063	0.0208408612572386	-0.1457	0.1053	239	-0.0205577912884525	-0.251	0.0477822250122954		0.0298183381286783	case-count proxy
Q17_ALPORT	Alport	XVII Congenital malformations, deformations and chromosomal abnormalities (Q17)	sex_shared	-0.00707007400858658	0.0250121522453938			50	-0.0320822262539804		0.0100676546391753		0.00692124754733216	case-count proxy
Q17_ANKYLOGLOSSIA	Ankyloglossia	XVII Congenital malformations, deformations and chromosomal abnormalities (Q17)	sex_shared	-0.00260452922977786	0.000659925960361282	0.2601	0.1442	633	-0.00326445519013914	0.1159	0.1265529223129	0.45	0.45	registry
Q17_AORTIC_STENOSIS	Aortic stenosis	XVII Congenital malformations, deformations and chromosomal abnormalities (Q17)	sex_shared	-0.0226293279304129	0.0147304671771165	-0.2858	-0.1531	50	-0.0373597951075294	-0.1327	0.0099962813833254		0.00687522001050765	case-count proxy
Q17_AORTIC_STENOSIS_WIDE	Aortic stenosis	XVII Congenital malformations, deformations and chromosomal abnormalities (Q17)	sex_shared	-0.0302017047586535	0.00933731552874312	-0.4948	0.0259	73	-0.0395390202873966	-0.5207	0.0145945708196551		0.00980446293553544	case-count proxy
Q17_APVR	Abnormal pulmonary venous return	XVII Congenital malformations, deformations and chromosomal abnormalities (Q17)	sex_shared	-0.0154170649616597	-0.0126346689588249	-0.0317	-0.0168	90	-0.0027823960028348	-0.0149	0.0179933064899857	0.01	0.01	registry
Q17_ARNOLD_CHIARI_SYNDROME	Arnold-Chiari syndrome	XVII Congenital malformations, deformations and chromosomal abnormalities (Q17)	sex_shared	0.00377270948184321	0.0219439737077713	-0.1136	-0.0019	337	-0.0181712642259281	-0.1117	0.0673749365236132		0.0411566153554935	case-count proxy
Q17_ARTERIOVENOUS_MALFORMATION_OF_CEREBRAL_VESSELS	Arteriovenous malformation of cerebral vessels	XVII Congenital malformations, deformations and chromosomal abnormalities (Q17)	sex_shared	-0.00854366701601788	-0.0110710666862373			380	0.00252739967021942		0.0759717385132731		0.0460629386613745	case-count proxy
Q17_ARTERIOVENOUS_MALFORMATION_OF_PERIPHERAL_VESSELS	Arteriovenous malformation of peripheral vessels	XVII Congenital malformations, deformations and chromosomal abnormalities (Q17)	sex_shared	-0.00927537610785898	0.000323107805787949	-0.1345	0.0272	187	-0.00959848391364693	-0.1617	0.037386092373637		0.0236891969539652	case-count proxy
Q17_ASD	Atrial septal defect	XVII Congenital malformations, deformations and chromosomal abnormalities (Q17)	sex_shared	-0.00215503161651854	-0.0162007156772549	-0.0426	-0.0668	1443	0.0140456840607364	0.0242	0.29127213052544	0.19	0.19	registry
Q17_ATRIAL_SEPTAL_DEFECT_SECUNDUM_TYPE	Atrial septal defect, secundum type	XVII Congenital malformations, deformations and chromosomal abnormalities (Q17)	sex_shared	0.0090270883632925	-0.0217283653321745	0.1163	-0.0835	1058	0.030755453695467	0.1998	0.211521314071166		0.12034067850337	case-count proxy
Q17_AVSD	Atrioventricular septal defect	XVII Congenital malformations, deformations and chromosomal abnormalities (Q17)	sex_shared	0.0107791779100237	-0.00932715409563221	-0.0329	0.0145	143	0.0201063320056559	-0.0474	0.0285893647563107	0.03	0.03	registry
Q17_BALANC_REARR_STRUCTURAL_MARKERS_NOT_ELSEW_CLASSIFIED	Balanced rearrangements and structural markers, not elsewhere classified	XVII Congenital malformations, deformations and chromosomal abnormalities (Q17)	sex_shared	-0.00791146540122081	-0.0194017090387034	0.0414	0.0057	134	0.0114902436374826	0.0357	0.0268194172580949		0.0173482785415335	case-count proxy
Q17_BICORNUATE_UTERUS	Bicornuate uterus	XVII Congenital malformations, deformations and chromosomal abnormalities (Q17)	gynaecological	0.0140700524205117	0.00722562043429955	0.0551	0.0892	257	0.00684443198621215	-0.0341	0.0513808863102926		0.0319196800229928	case-count proxy
Q17_BICUSP_AORTIC_VALVE	Bicuspidal aortic valve syndrome	XVII Congenital malformations, deformations and chromosomal abnormalities (Q17)	sex_shared	-0.026125459514967	-0.00573236642281059	-0.2072	0.0714	1356	-0.0203930930921564	-0.2786	0.27375910006743		0.153272565367756	case-count proxy
Q17_BILATERAL_CRYPTORCHIDISM	Bilateral cryptorchidism (undescended testicles)	XVII Congenital malformations, deformations and chromosomal abnormalities (Q17)	male_limited	0.0048005031141434	0.0198253775225216	-0.153	-0.0892	69	-0.0150248744083782	-0.0638	0.0137948683089891		0.00929974950714824	case-count proxy
Q17_CHROMOSOMAL_ABNORMALITI_NOT_ELSEW_CLASSIFIED	Chromosomal abnormalities, not elsewhere classified	XVII Congenital malformations, deformations and chromosomal abnormalities (Q17)	sex_shared	0.00533802895432998	-0.0117956718153375	0.0079	-0.0218	682	0.0171337007696675	0.0297	0.136349278068558		0.0797194959903999	case-count proxy
Q17_CLEFT_AND_CARIES	Caries in Clefts patients	XVII Congenital malformations, deformations and chromosomal abnormalities (Q17)	sex_shared	0.00872302810329488	-0.00588483396392659			384	0.0146078620672215		0.0767714410239391	0.06	0.06	registry
Q17_CLEFT_HARD_PALATE_NOS	Cleft hard palate NOS	XVII Congenital malformations, deformations and chromosomal abnormalities (Q17)	sex_shared	0.000908074551449303	-0.00490815581065705	0.0038	-0.0807	176	0.00581623036210635	0.0845	0.035238974305582	0.04	0.04	registry
Q17_CLEFT_LIP	Cleft lip	XVII Congenital malformations, deformations and chromosomal abnormalities (Q17)	sex_shared	0.0231078003717412	0.0188760067452123	0.1396	-0.096	109	0.0042317936265289	0.2356	0.0218133061167312	0.02	0.02	registry
Q17_CLEFT_LIP_CLEFT_PALATE	Cleft lip, lip and palate or palate	XVII Congenital malformations, deformations and chromosomal abnormalities (Q17)	sex_shared	0.016287290715141	0.00747695454011824	-0.0278	-0.1241	598	0.00881033617502276	0.0963	0.119555525344572	0.12	0.12	registry
Q17_CLEFT_LIP_OR_LIP_AND_PALATE	Cleft lip and cleft lip and palate	XVII Congenital malformations, deformations and chromosomal abnormalities (Q17)	sex_shared	0.0110954210321835	0.00808324336874148	-0.1115	0.0749	270	0.00301217766344202	-0.1864	0.0540597901278814	0.06	0.06	registry
Q17_CLEFT_PALATE	Cleft palate	XVII Congenital malformations, deformations and chromosomal abnormalities (Q17)	sex_shared	0.0069283381079672	-0.000998488092712323	-0.0101	-0.1064	386	0.00792682620067952	0.0963	0.0772040146087597	0.08	0.08	registry
Q17_CLUBFOOT	Clubfoot	XVII Congenital malformations, deformations and chromosomal abnormalities (Q17)	sex_shared	0.000744675430589696	0.00781132865902129			368	-0.00706665322843159		0.073572630981275		0.0446973799309861	case-count proxy
Q17_COARCTATION_OF_THE_AORTA	Coarctation of the aorta	XVII Congenital malformations, deformations and chromosomal abnormalities (Q17)	sex_shared	0.0192449809216948	0.00972269328147177	0.2526	0.0486	381	0.00952228764022303	0.204	0.0761716641409396		0.0461766130932581	case-count proxy
Q17_COMPLEX_CARD_DEFEC	Complex cardiac defects	XVII Congenital malformations, deformations and chromosomal abnormalities (Q17)	sex_shared	0.00499319169825011	-0.0120957314061486			205	0.0170889231043987		0.0409847536716342	0.03	0.03	registry
Q17_CONGENITAL_ABSENCE_OCCLUSION_OR_NARROWING_OF_THE_EAR_CANAL	Congenital absence, occlusion, or narrowing of the ear canal	XVII Congenital malformations, deformations and chromosomal abnormalities (Q17)	sex_shared	0.0290018443300391	0.00459897708665849	0.0869	0.1899	68	0.0244028672433806	-0.103	0.0135949426813225		0.00917329073131901	case-count proxy
Q17_CONGENITAL_AORTIC_VALVE_STENOSIS	Congenital aortic valve stenosis	XVII Congenital malformations, deformations and chromosomal abnormalities (Q17)	sex_shared	-0.00697050565652956	0.0119981930294021			167	-0.0189686986859317		0.0333875798203068		0.0213048590047287	case-count proxy
Q17_CONGENITAL_CATARACT	Congenital cataract	XVII Congenital malformations, deformations and chromosomal abnormalities (Q17)	sex_shared	0.00117717738352971	-0.00377636836574538			158	0.00495354574927509		0.0315882491713083		0.0202262203594028	case-count proxy
Q17_CONGENITAL_DISLOCATION_OF_HIP_UNILATERAL	Congenital dislocation of hip, unilateral	XVII Congenital malformations, deformations and chromosomal abnormalities (Q17)	sex_shared	0.000637316970583878	0.003273234366189	0.013	0.0789	244	-0.00263591739560512	-0.0659	0.048781853150628		0.0304030008246012	case-count proxy
Q17_CONGENITAL_MITRAL_VALVE_REGURGITATION	Congenital mitral valve regurgitation	XVII Congenital malformations, deformations and chromosomal abnormalities (Q17)	sex_shared	0.00709473094074269	-0.00511273579293596	-0.4317	-0.1883	63	0.0122074667336787	-0.2434	0.01259531454299		0.00853922454702045	case-count proxy
Q17_CONGENITAL_NASOLACRIMAL_DUCT_OBSTRUCTION_OR_STENOSIS	Congenital nasolacrimal duct obstruction or stenosis	XVII Congenital malformations, deformations and chromosomal abnormalities (Q17)	sex_shared	-0.0113992142741961	0.00765002868788962	0.3104	0.079	172	-0.0190492429620857	0.2314	0.0343872079586394		0.0219025302477869	case-count proxy
Q17_CONGENITAL_NASOLACRIMAL_DUCT_OBSTRUCTION_OR_STENOSIS_WIDE	Congenital nasolacrimal duct obstruction or stenosis	XVII Congenital malformations, deformations and chromosomal abnormalities (Q17)	sex_shared	-0.00686373628472002	0.0102542992417589	0.2654	0.0451	188	-0.0171180355264789	0.2203	0.0375860180013035		0.0238079834085931	case-count proxy
Q17_CONGENITAL_OBSTRUCTION_OF_THE_PELVIURETERIC_JUNCTION	Congenital obstruction of the pelviureteric junction	XVII Congenital malformations, deformations and chromosomal abnormalities (Q17)	sex_shared	0.0266049492865548	-0.00971406104557136	0.3338	-0.0352	280	0.0363190103321262	0.369	0.0559791757466223		0.034591520809183	case-count proxy
Q17_CONGENITAL_OVARIAN_CYSTS	Congenital ovarian cysts	XVII Congenital malformations, deformations and chromosomal abnormalities (Q17)	gynaecological	-0.0231461181440196	-0.0142481403414676	0.0141	0.0648	1747	-0.008897977802552	-0.0507	0.34927007153339		0.19261118043354	case-count proxy
Q17_CONGENITAL_PTOSIS	Congenital ptosis	XVII Congenital malformations, deformations and chromosomal abnormalities (Q17)	sex_shared	-0.00278243425046596	-0.0101913766791863	-0.0487	0.1258	121	0.00740894242872034	-0.1745	0.0241910009476475		0.015748718945935	case-count proxy
Q17_CONGENITAL_PTOSIS_WIDE	Congenital ptosis	XVII Congenital malformations, deformations and chromosomal abnormalities (Q17)	sex_shared	0.00378651353771472	-0.00783493244786982	-0.0188	0.0565	140	0.0116214459855845	-0.0753	0.0279895878733111		0.0180572129921129	case-count proxy
Q17_CONGENITAL_RETINOSCHISIS	Congenital retinoschisis	XVII Congenital malformations, deformations and chromosomal abnormalities (Q17)	sex_shared	0.00514642442072602	0.00881935832817471	0.1354	-0.0561	72	-0.00367293390744869	0.1915	0.0143946451919886		0.00967844947434635	case-count proxy
Q17_CONGENITAL_STENOSIS_OF_PULMONARY_VALVE	Congenital stenosis of pulmonary valve	XVII Congenital malformations, deformations and chromosomal abnormalities (Q17)	sex_shared	-0.0126318476942247	-0.00943122658850717	0.0479	0.0203	245	-0.00320062110571753	0.0276	0.0489817787782945		0.0305198435343894	case-count proxy
Q17_CONGENITAL_VARICOSE_VEINS	Congenital varicose veins	XVII Congenital malformations, deformations and chromosomal abnormalities (Q17)	sex_shared	0.0213330669066314	0.0266320941947305	-0.0084	0.1435	164	-0.0052990272880991	-0.1519	0.0327878029373073		0.0209457240844934	case-count proxy
Q17_CONGENITAL_VESICOURETERAL_REFLUX	Congenital vesicoureteral reflux	XVII Congenital malformations, deformations and chromosomal abnormalities (Q17)	sex_shared	-0.0214200983963927	-0.0185357753910282	-0.0703	0.0578	237	-0.0028843230053645	-0.1281	0.0473823737569624		0.0295842609719606	case-count proxy
Q17_CONGEN_ABSENCE_ATRES_STENO_LARGE_INTESTINE	Congenital absence, atresia and stenosis of large intestine	XVII Congenital malformations, deformations and chromosomal abnormalities (Q17)	sex_shared	0.0319558810910079	0.0005042900235679	0.2388	0.1371	51	0.03145159106744	0.1017	0.010230343197925	0.02	0.02	registry
Q17_CONGEN_DEFORMITI_FEET	Congenital deformities of feet	XVII Congenital malformations, deformations and chromosomal abnormalities (Q17)	sex_shared	-0.00485566649587082	-0.00545565117184657			979	0.00059998467597575		0.196823482106956	0.18	0.18	registry
Q17_CONGEN_DEFORMITI_FEET_WIDE	Congenital deformities of feet	XVII Congenital malformations, deformations and chromosomal abnormalities (Q17)	sex_shared	-0.0110351914245359	0.00706336329141638			1518	-0.0180985547159523		0.305180223195707		0.169714599771355	case-count proxy
Q17_CONGEN_DEFORMITI_HIP	Congenital deformities of hip	XVII Congenital malformations, deformations and chromosomal abnormalities (Q17)	sex_shared	0.00618015798374078	0.0158432796013987	-0.1053	-0.0262	690	-0.00966312161765792	-0.0791	0.138801997944121	0.29	0.29	registry
Q17_CONGEN_DEFORMITI_HIP_WIDE	Congenital deformities of hip	XVII Congenital malformations, deformations and chromosomal abnormalities (Q17)	sex_shared	0.00165272356119417	0.00797172023903602	-0.0961	-0.1677	775	-0.00631899667784185	0.0716	0.155900167567535		0.0903943210313141	case-count proxy
Q17_CONGEN_HYDROCEPHALUS	Congenital hydrocephalus	Neurological endpoints	sex_shared	0.0113343155410706	-0.0123765768203474	0.1815	-0.0246	144	0.023710892361418	0.2061	0.0288300409026205	0.03	0.03	registry
Q17_CONGEN_ICHTHYOSIS	Congenital ichthyosis	XVII Congenital malformations, deformations and chromosomal abnormalities (Q17)	sex_shared	0.00398940085709822	0.0044411768318394	-0.0343	-0.1122	111	-0.00045177597474118	0.0779	0.0223474484649719	0.02	0.02	registry
Q17_CONGEN_LENS_MALFO	Congenital lens malformations	XVII Congenital malformations, deformations and chromosomal abnormalities (Q17)	sex_shared	0.00871392169825171	-0.00484384689412177			175	0.0135577685923735		0.0351629450875356	0.03	0.03	registry
Q17_CONGEN_MALFO_ANTER_SEGMENT_EYE	Congenital malformations of anterior segment of eye	XVII Congenital malformations, deformations and chromosomal abnormalities (Q17)	sex_shared	0.00286848678319206	0.000524748063347705			287	0.00234373871984436		0.0576542552657218	0.06	0.06	registry
Q17_CONGEN_MALFO_BILI	Congenital malformation of biliary tract	XVII Congenital malformations, deformations and chromosomal abnormalities (Q17)	sex_shared	0.0106110327234172	-0.0282086588358379	-0.0731	-0.1002	93	0.0388196915592551	0.0271	0.0185930833729853	0.01	0.01	registry
Q17_CONGEN_MALFO_BREAST	Congenital malformations of breast	XVII Congenital malformations, deformations and chromosomal abnormalities (Q17)	sex_shared	-0.00302836645933925	0.00423403699326818	-0.0663	-0.0788	649	-0.00726240345260743	0.0125	0.130520735501439	0.11	0.11	registry
Q17_CONGEN_MALFO_BREAST_WIDE	Congenital malformations of breast	XVII Congenital malformations, deformations and chromosomal abnormalities (Q17)	sex_shared	-0.00211838090120682	0.00572317378105703	-0.112	-0.0962	701	-0.00784155468226385	-0.0158	0.140978483184143		0.0822551809520834	case-count proxy
Q17_CONGEN_MALFO_CARDIAC_CHAMB_CONNECTIO	Congenital malformations of cardiac chambers and connections	XVII Congenital malformations, deformations and chromosomal abnormalities (Q17)	sex_shared	0.0177798067087702	0.008729835791291			213	0.0090499709174792		0.0431014421783024	0.02	0.02	registry
Q17_CONGEN_MALFO_CIRCULATO_SYSTEM	Congenital malformations of the circulatory system	XVII Congenital malformations, deformations and chromosomal abnormalities (Q17)	sex_shared	0.0019818038832946	0.00264640435302612	-0.0168	0.0212	6216	-0.00066460046973152	-0.038	1.24273770157501	0.96	0.96	registry
Q17_CONGEN_MALFO_DEFORMAT_CHROMOSOMAL_ABNORMALITI_WIDE	Congenital malformations, deformations and chromosomal abnormalities	XVII Congenital malformations, deformations and chromosomal abnormalities (Q17)	sex_shared	-0.0056623626771761	-0.00368144144690083	0.0671	0.0988	37117	-0.00198092123027527	-0.0317	7.42063952209778		3.38424646304135	case-count proxy
Q17_CONGEN_MALFO_DEFORMAT_MUSCULOS_SYSTEM	Congenital malformations and deformations of the musculoskeletal system	XVII Congenital malformations, deformations and chromosomal abnormalities (Q17)	sex_shared	-0.00775165852989236	0.0148049302405555			3765	-0.0225565887704479		0.752719988164403	0.84	0.84	registry
Q17_CONGEN_MALFO_DEFORMAT_MUSCULOS_SYSTEM_WIDE	Congenital malformations and deformations of the musculoskeletal system	XVII Congenital malformations, deformations and chromosomal abnormalities (Q17)	sex_shared	-0.00197607924858794	0.0123874389136421			4811	-0.01436351816223		0.96184219470357		0.49805640687532	case-count proxy
Q17_CONGEN_MALFO_EAR_CAUSI_IMPAIRM_HEARING	Congenital malformations of ear causing impairment of hearing	XVII Congenital malformations, deformations and chromosomal abnormalities (Q17)	sex_shared	0.0170128463021919	0.00454218661621101	-0.0858	0.1411	128	0.0124706596859809	-0.2269	0.0257216117804982	0.02	0.02	registry
Q17_CONGEN_MALFO_EYELID_LACRIMAL_APPARA_ORBIT	Congenital malformations of eyelid, lacrimal apparatus and orbit	XVII Congenital malformations, deformations and chromosomal abnormalities (Q17)	sex_shared	-0.00045174319240475	-0.00155754669839837	0.1979	0.1436	323	0.00110580350599362	0.0543	0.0648814557550655	0.17	0.17	registry
Q17_CONGEN_MALFO_EYELID_LACRIMAL_APPARA_ORBIT_WIDE	Congenital malformations of eyelid, lacrimal apparatus and orbit	XVII Congenital malformations, deformations and chromosomal abnormalities (Q17)	sex_shared	0.00472912268048157	0.00473325908452445	0.1965	0.089	362	-4.13640404287995e-06	0.1075	0.0727154395768845		0.0442088044129432	case-count proxy
Q17_CONGEN_MALFO_EYE_EAR_FACE_NECK	Congenital malformations of eye, ear, face and neck	XVII Congenital malformations, deformations and chromosomal abnormalities (Q17)	sex_shared	0.00902460045453759	0.00750751434800009	0.1141	-6e-04	2678	0.0015170861065375	0.1147	0.535400830890909	0.6	0.6	registry
Q17_CONGEN_MALFO_GALLB_BILE_DUCTS_LIVER	Congenital malformations of gallbladder, bile ducts and liver	XVII Congenital malformations, deformations and chromosomal abnormalities (Q17)	sex_shared	0.0141225291540469	-0.00219797400295566			336	0.0163205031570026		0.0673613979093909	0.03	0.03	registry
Q17_CONGEN_MALFO_GENITAL_ORGANS	Congenital malformations of genital organs	XVII Congenital malformations, deformations and chromosomal abnormalities (Q17)	sex_shared	-0.00350651943798355	-0.000405351050102437	0.0064	0.0376	4036	-0.00310116838788111	-0.0312	0.806899833262026		0.422411675154773	case-count proxy
Q17_CONGEN_MALFO_GREAT_ARTERIES	Congenital malformations of great arteries	XVII Congenital malformations, deformations and chromosomal abnormalities (Q17)	sex_shared	0.00960274210577846	0.0216134403523643	0.1344	0.0244	760	-0.0120106982465858	0.11	0.153619145796697	0.17	0.17	registry
Q17_CONGEN_MALFO_GREAT_VEINS	Congenital malformations of great veins	XVII Congenital malformations, deformations and chromosomal abnormalities (Q17)	sex_shared	-0.0109194837032608	-0.00890911010614834	-0.0406	0.121	107	-0.00201037359711246	-0.1616	0.0216565434132736	0.02	0.02	registry
Q17_CONGEN_MALFO_LARYNX	Congenital malformations of larynx	XVII Congenital malformations, deformations and chromosomal abnormalities (Q17)	sex_shared	-0.00970618154247277	0.000460926518860743			102	-0.0101671080613335		0.0204135954545727	0.04	0.04	registry
Q17_CONGEN_MALFO_LUNG	Congenital malformations of lung	XVII Congenital malformations, deformations and chromosomal abnormalities (Q17)	sex_shared	-0.00756885236707785	-0.00435713213533746	-0.2297	-0.1291	86	-0.00321172023174039	-0.1006	0.0172120139857621	0.01	0.01	registry
Q17_CONGEN_MALFO_LUNG_WIDE	Congenital malformations of lung	XVII Congenital malformations, deformations and chromosomal abnormalities (Q17)	sex_shared	-0.000682376295244098	-0.00225435600970534	-0.0173	0.0618	98	0.00157197971446124	-0.0791	0.0196136511011664		0.0129363583513469	case-count proxy
Q17_CONGEN_MALFO_MUSCULOS_SYSTEM_NOT_ELSEW_CLASSIFIED	Congenital malformations of the musculoskeletal system, not elsewhere classified	XVII Congenital malformations, deformations and chromosomal abnormalities (Q17)	sex_shared	0.0270448344392128	0.0344758029572723	0.0473	0.154	557	-0.00743096851805951	-0.1067	0.112077395780095	0.06	0.06	registry
Q17_CONGEN_MALFO_MUSCULOS_SYSTEM_NOT_ELSEW_CLASSIFIED_WIDE	Congenital malformations of the musculoskeletal system, not elsewhere classified	XVII Congenital malformations, deformations and chromosomal abnormalities (Q17)	sex_shared	0.023984124310451	0.0351235684454183	0.1484	0.191	671	-0.0111394441349673	-0.0426	0.135015221909892		0.0789877698903099	case-count proxy
Q17_CONGEN_MALFO_NERVOUS_SYSTEM	Congenital malformations of the nervous system	XVII Congenital malformations, deformations and chromosomal abnormalities (Q17)	sex_shared	0.00294766774901623	0.00788740969679164	-0.0404	-0.0856	851	-0.00493974194777541	0.0452	0.170136709144198	0.15	0.15	registry
Q17_CONGEN_MALFO_NOSE	Congenital malformations of nose	XVII Congenital malformations, deformations and chromosomal abnormalities (Q17)	sex_shared	0.0104608800482058	0.00612726798708884	0.072	-0.1504	56	0.00433361206111696	0.2224	0.0112084960399983	0.01	0.01	registry
Q17_CONGEN_MALFO_NOSE_WIDE	Congenital malformations of nose	XVII Congenital malformations, deformations and chromosomal abnormalities (Q17)	sex_shared	0.00386177530969173	0.00434671571309597			80	-0.00048494040340424		0.0160121371999976		0.0106949676866075	case-count proxy
Q17_CONGEN_MALFO_OESOPHAGUS	Congenital malformations of oesophagus	XVII Congenital malformations, deformations and chromosomal abnormalities (Q17)	sex_shared	0.0127915267317291	0.00640344692600248	0.1461	0.1748	172	0.00638807980572662	-0.0287	0.0344939615512656	0.02	0.02	registry
Q17_CONGEN_MALFO_OESOPHAGUS_WIDE	Congenital malformations of oesophagus	XVII Congenital malformations, deformations and chromosomal abnormalities (Q17)	sex_shared	0.00830116428606867	0.00637897045122041	0.0923	0.3046	200	0.00192219383484826	-0.2123	0.0401091771802847		0.0253038230057914	case-count proxy
Q17_CONGEN_MALFO_OVARIES_FALLOP_TUBES_BROAD_LIGAM	Congenital malformations of ovaries, fallopian tubes and broad ligaments	XVII Congenital malformations, deformations and chromosomal abnormalities (Q17)	gynaecological	-0.0130349081462875	0.000447013949191348	0.0274	0.0579	2259	-0.0134819220954789	-0.0305	0.804427019346844	0.42	0.42	registry
Q17_CONGEN_MALFO_POSTERI_SEGMENT_EYE	Congenital malformations of posterior segment of eye	XVII Congenital malformations, deformations and chromosomal abnormalities (Q17)	sex_shared	-0.0025354547296761	0.0231310842738542	0.1207	-0.0765	178	-0.0256665390035303	0.1972	0.0357655228397021	0.03	0.03	registry
Q17_CONGEN_MALFO_PULMONARY_TRICU_VALVES	Congenital malformations of pulmonary and tricuspid valves	XVII Congenital malformations, deformations and chromosomal abnormalities (Q17)	sex_shared	-0.0136889843098657	-0.00386607149295658	-0.1435	-0.0746	258	-0.00982291281690912	-0.0689	0.0522026271275606	0.05	0.05	registry
Q17_CONGEN_MALFO_RESPI_SYSTEM	Congenital malformations of the respiratory system	XVII Congenital malformations, deformations and chromosomal abnormalities (Q17)	sex_shared	-0.0185397988718456	0.00555352627464855			621	-0.0240933251464941		0.124153814780902	0.1	0.1	registry
Q17_CONGEN_MALFO_RESPI_SYSTEM_WIDE	Congenital malformations of the respiratory system	XVII Congenital malformations, deformations and chromosomal abnormalities (Q17)	sex_shared	-0.0218329341853675	0.00763229282756039			685	-0.0294652270129279		0.136949054951558		0.0800483267048608	case-count proxy
Q17_CONGEN_MALFO_RETI	Congenital retinoschisis	XVII Congenital malformations, deformations and chromosomal abnormalities (Q17)	sex_shared	0.00333855035045479	0.016736094762582	0.0832	-0.0135	89	-0.0133975444121272	0.0967	0.0178859599233918	0.02	0.02	registry
Q17_CONGEN_MALFO_SPINE_BONY_THORAX	Congenital malformations of spine and bony thorax	XVII Congenital malformations, deformations and chromosomal abnormalities (Q17)	sex_shared	0.0022502163480586	0.0057338524252855			209	-0.0034836360772269		0.0420836437589352	0.03	0.03	registry
Q17_CONGEN_MALFO_SPINE_BONY_THORAX_WIDE	Congenital malformations of spine and bony thorax	XVII Congenital malformations, deformations and chromosomal abnormalities (Q17)	sex_shared	0.00112501759895447	0.00432815189148475	0.1146	-0.1265	244	-0.00320313429253028	0.2411	0.0491309460526104		0.0306070021810322	case-count proxy
Q17_CONGEN_MALFO_TRACHEA_BRONCHUS	Congenital malformations of trachea and bronchus	XVII Congenital malformations, deformations and chromosomal abnormalities (Q17)	sex_shared	-0.0104580981579683	0.0147575934810698	-0.1945	0.1183	339	-0.0252156916390381	-0.3128	0.0678130200998592	0.04	0.04	registry
Q17_CONGEN_MALFO_URINARY_SYSTEM	Congenital malformations of the urinary system	XVII Congenital malformations, deformations and chromosomal abnormalities (Q17)	sex_shared	-0.0170461259989563	-0.00811786881511343	0.0972	0.0171	2245	-0.00892825718384287	0.0801	0.448833034111311	0.3	0.3	registry
Q17_CONGEN_MALFO_URINARY_SYSTEM_WIDE	Congenital malformations of the urinary system	XVII Congenital malformations, deformations and chromosomal abnormalities (Q17)	sex_shared	-0.0218925431812496	-0.00376601394610527	0.1459	0.0506	2395	-0.0181265292351443	0.0953	0.478821878261287		0.258927298681597	case-count proxy
Q17_CONGEN_MALFO_UTERUS_CERVIX	Congenital malformations of uterus and cervix	XVII Congenital malformations, deformations and chromosomal abnormalities (Q17)	gynaecological	0.00953073028624083	0.00610927300231262	-0.0234	0.0723	802	0.00342145728392821	-0.0957	0.287080654629802		0.160257056500366	case-count proxy
Q17_CONGEN_MUSCULOS_DEFORMITI_HEAD_FACE_SPINE_CHEST	Congenital musculoskeletal deformities of head, face, spine and chest	XVII Congenital malformations, deformations and chromosomal abnormalities (Q17)	sex_shared	-0.00318148075825419	0.0127308496742892			447	-0.0159123304325434		0.0899635315617025	0.13	0.13	registry
Q17_CONGEN_MUSCULOS_DEFORMITI_HEAD_FACE_SPINE_CHEST_WIDE	Congenital musculoskeletal deformities of head, face, spine and chest	XVII Congenital malformations, deformations and chromosomal abnormalities (Q17)	sex_shared	0.000608455670482848	0.00777951678362106			497	-0.00717106111313821		0.100026365098245		0.0596195456216089	case-count proxy
Q17_CONGEN_OBSTRUCTIVE_DEFECTS_RENAL_PELVIS_CONGEN_MALFO_URETER	Congenital obstructive defects of renal pelvis and congenital malformations of ureter	XVII Congenital malformations, deformations and chromosomal abnormalities (Q17)	sex_shared	-0.00998964576763971	-0.0127503952221809	0.2941	0.0757	737	0.00276074945454119	0.2184	0.147790758766178	0.15	0.15	registry
Q17_CONOTR_DEFEC	Conotruncal defects	XVII Congenital malformations, deformations and chromosomal abnormalities (Q17)	sex_shared	-0.0188796185645375	0.0104160378478201	-0.0706	0.0047	465	-0.0292956564123576	-0.0753	0.0929654168649263	0.08	0.08	registry
Q17_CRANIOSYNOSTOSIS	Craniosynostosis EXCLUDE syndromes	XVII Congenital malformations, deformations and chromosomal abnormalities (Q17)	sex_shared	-0.00532608182433849	-0.0136727812723717	-0.1356	-0.1262	69	0.00834669944803321	-0.00939999999999999	0.0137948683089891	0.03	0.03	registry
Q17_CYSTIC_DISEASE_OF_LIVER	Cystic disease of liver	XVII Congenital malformations, deformations and chromosomal abnormalities (Q17)	sex_shared	0.00628473923221131	0.00663035683595677			231	-0.00034561760374546		0.0461828199909634		0.0288812881549717	case-count proxy
Q17_CYSTIC_KIDNEY_DISEA	Cystic kidney disease	XVII Congenital malformations, deformations and chromosomal abnormalities (Q17)	sex_shared	-0.0183240779708144	0.0131898496989105	-0.2277	0.0141	1176	-0.0315139276697249	-0.2418	0.235616098029119	0.1	0.1	registry
Q17_CYSTIC_KIDNEY_DISEA_WIDE	Cystic kidney disease	XVII Congenital malformations, deformations and chromosomal abnormalities (Q17)	sex_shared	-0.0104663866506934	0.0128952337415159	-0.1238	0.0738	1271	-0.0233616203922093	-0.1976	0.254649711390315		0.143216267469717	case-count proxy
Q17_DOWNS_SYNDR	Down's syndrome	XVII Congenital malformations, deformations and chromosomal abnormalities (Q17)	sex_shared	0.00451363149054333	0.00663470685434562	0.0355	-0.0814	125	-0.00212107536380229	0.1169	0.0250185637743205	0.07	0.07	registry
Q17_EBSTEINS_ANOMALY	Ebstein's anomaly	XVII Congenital malformations, deformations and chromosomal abnormalities (Q17)	sex_shared	0.00566626932513977	0.00449164771449178	0.0229	-0.2129	53	0.00117462161064799	0.2358	0.0105960582663249		0.00726138617642085	case-count proxy
Q17_ECTOPIC_TESTIS	Ectopic testis	XVII Congenital malformations, deformations and chromosomal abnormalities (Q17)	male_limited	-0.0177185612453533	-0.0132027923871903	-0.1297	-0.1067	171	-0.004515768858163	-0.023	0.0341872823309729		0.0217830833970287	case-count proxy
Q17_EHLER_SYNDR	Ehlers-Danlos syndrome	XVII Congenital malformations, deformations and chromosomal abnormalities (Q17)	sex_shared	0.0410699573529491	0.0141679095371018	0.1556	0.1654	371	0.0269020478158473	-0.0098	0.0741724078642745	0.03	0.03	registry
Q17_EHLER_SYNDR_WIDE	Ehlers-Danlos syndrome	XVII Congenital malformations, deformations and chromosomal abnormalities (Q17)	sex_shared	0.0299391857814929	0.0144329016202464	0.2306	0.1582	465	0.0155062841612465	0.0724	0.0929654168649263		0.0556636590070356	case-count proxy
Q17_EPIDERMOL_BULLOSA	Epidermolysis bullosa	XVII Congenital malformations, deformations and chromosomal abnormalities (Q17)	sex_shared	0.000725015930978768	-0.00811738471380363	0.1481	-0.0882	54	0.0088424006447824	0.2363	0.0108729794379878	0.01	0.01	registry
Q17_ESOPHAGEAL_DIVERTICULUM	Esophageal diverticulum (pouch)	XVII Congenital malformations, deformations and chromosomal abnormalities (Q17)	sex_shared	0.0034047310276878	-0.00341757363094899	0.1061	0.043	85	0.00682230465863679	0.0631	0.0169936783516532		0.0113086706221189	case-count proxy
Q17_ESOPHAGEAL_DIVERTICULUM_WIDE	Esophageal diverticulum (pouch)	XVII Congenital malformations, deformations and chromosomal abnormalities (Q17)	sex_shared	0.00116151833871208	-0.000519094637478622	0.0227	0.1748	113	0.0016806129761907	-0.1521	0.0225915959263154		0.0147701461672322	case-count proxy
Q17_FAMILIAL_BENIGN_PEMPHIGUS	Familial benign pemphigus (Hailey-Hailey disease)	XVII Congenital malformations, deformations and chromosomal abnormalities (Q17)	sex_shared	0.0170645643936119	-0.0126037138118715			78	0.0296682782054834		0.0155941989579876		0.0104329515914989	case-count proxy
Q17_HEREDITARY_LYMPHEDEMA	Hereditary lymphedema	XVII Congenital malformations, deformations and chromosomal abnormalities (Q17)	sex_shared	0.0218877749448829	0.019133943205632	-0.0287	-0.1214	55	0.0027538317392509	0.0927	0.0109959095216579		0.00751807144944575	case-count proxy
Q17_HEREDITARY_LYMPHEDEMA_WIDE	Hereditary lymphedema	XVII Congenital malformations, deformations and chromosomal abnormalities (Q17)	sex_shared	0.0162277383916588	0.0195768682982716	-0.0647	-0.4193	70	-0.0033491299066128	0.3546	0.0139947939366556		0.00942609441317111	case-count proxy
Q17_HYPOSPADIAS	Hypospadias	XVII Congenital malformations, deformations and chromosomal abnormalities (Q17)	male_limited	0.00915977760130981	-0.0203357663852266	0.0608	0.0255	132	0.0294955439865364	0.0353	0.0606283299650928		0.0372790713072228	case-count proxy
Q17_HYPOSPADIAS_WITH_AN_INCOMPLETE_GLANS_PENIS	Hypospadias with an incomplete glans penis	XVII Congenital malformations, deformations and chromosomal abnormalities (Q17)	male_limited	0.00654953802351971	-0.00662705311376931	0.113	-0.0062	71	0.013176591137289	0.1192	0.0141947195643221		0.00955232717656174	case-count proxy
Q17_IMPERFORATE_HYMEN	Imperforate hymen	XVII Congenital malformations, deformations and chromosomal abnormalities (Q17)	sex_shared	0.011603377609374	-0.0089993710867274	-0.1664	-0.2578	55	0.0206027486961014	0.0914	0.0109959095216579		0.00751807144944575	case-count proxy
Q17_LVOTO_BROAD	Left ventricular outflow tract obstruction (LVOTO), broad definition	XVII Congenital malformations, deformations and chromosomal abnormalities (Q17)	sex_shared	0.00720703118750671	-0.00411570152358459	-0.0274	0.0421	4050	0.0113227327110913	-0.0695	0.809698792049358	0.4	0.4	registry
Q17_LVOTO_NARROW	Left ventricular outflow tract obstruction, narrow definition	XVII Congenital malformations, deformations and chromosomal abnormalities (Q17)	sex_shared	-0.0119448298845302	-0.00754602897116326	-0.1512	0.0321	1857	-0.00439880091336694	-0.1833	0.371261890576705	0.22	0.22	registry
Q17_MARFAN	Marfan's syndrome	XVII Congenital malformations, deformations and chromosomal abnormalities (Q17)	sex_shared	-0.0162397160446011	0.000469548123092689	0.2376	0.1067	190	-0.0167092641676938	0.1309	0.0382463062120053		0.0242000179734989	case-count proxy
Q17_MASTOCYTOSIS	Mastocytosis	XVII Congenital malformations, deformations and chromosomal abnormalities (Q17)	sex_shared	0.00225937926824164	0.0034814269061401			188	-0.00122204763789846		0.0378438658716771		0.0239611266019146	case-count proxy
Q17_MECKELS_DIVERTICULUM	Meckel's diverticulum	XVII Congenital malformations, deformations and chromosomal abnormalities (Q17)	sex_shared	0.0155729458822607	0.00724339595657142			220	0.00832954992568928		0.0439836380866318		0.0275895311026211	case-count proxy
Q17_MEDULLARY_CYSTIC_KIDNEY_DISEASE_NEPHRONOPHTHISIS	Medullary cystic kidney disease, nephronophthisis	XVII Congenital malformations, deformations and chromosomal abnormalities (Q17)	sex_shared	0.00135080081608804	0.00933643667413981	0.1429	0.1143	57	-0.00798563585805177	0.0286	0.011395760776991		0.00777417707387432	case-count proxy
Q17_MICROTIA	Microtia (small ears)	XVII Congenital malformations, deformations and chromosomal abnormalities (Q17)	sex_shared	-0.00974315019809763	-0.0169294184756223	-0.0125	0.0941	66	0.00718626827752467	-0.1066	0.0131950914259895		0.00892002439711098	case-count proxy
Q17_MONOSOMI_DELET_AUTOSOMES_NOT_ELSEW_CLASSIFIED	Monosomies and deletions from the autosomes, not elsewhere classified	XVII Congenital malformations, deformations and chromosomal abnormalities (Q17)	sex_shared	-0.00244680793551756	0.00392334779028404	0.2164	0.1246	95	-0.0063701557258016	0.0918	0.019015250230685	0.02	0.02	registry
Q17_MULTIPLE_CONGENITAL_EXOSTOSES	Multiple congenital exostoses	XVII Congenital malformations, deformations and chromosomal abnormalities (Q17)	sex_shared	-0.0218761247197116	0.00159385344276526	0.0485	0.0784	77	-0.0234699781624769	-0.0299	0.0153942733303211		0.010307459423718	case-count proxy
Q17_MULTIPLE_CONGENITAL_EXOSTOSES_WIDE	Multiple congenital exostoses	XVII Congenital malformations, deformations and chromosomal abnormalities (Q17)	sex_shared	-0.0145796564549495	0.00502436627872592	0.0288	0.0984	97	-0.0196040227336754	-0.0696	0.0193927858836513		0.0127996913309405	case-count proxy
Q17_NEUROFIBROMATOSIS_1	Neurofibromatosis, type 1	XVII Congenital malformations, deformations and chromosomal abnormalities (Q17)	sex_shared	-0.0147280407247441	0.00763276545499375	-0.4447	0.5717	237	-0.0223608061797379	-1.0164	0.0477027214704515		0.0297718056434396	case-count proxy
Q17_NEUROFIBROMATOSIS_2	Neurofibromatosis, type 2	XVII Congenital malformations, deformations and chromosomal abnormalities (Q17)	sex_shared	0.0118320781802516	0.000416916034883815	0.1612	0.2079	64	0.0114151621453678	-0.0467	0.0128862346824953		0.00872406801035564	case-count proxy
Q17_OSTEOCHONDROD_W_DEFECTS_GROWTH_TUBULAR_BONES_SPINE	Osteochondrodysplasia with defects of growth of tubular bones and spine	XVII Congenital malformations, deformations and chromosomal abnormalities (Q17)	sex_shared	0.0138859783800101	-0.00409252513548895	0.0639	-0.0791	68	0.0179785035154991	0.143	0.0136961745376031	0.01	0.01	registry
Q17_OSTEOGEN_IMPERFECTA	Osteogenesis imperfecta	XVII Congenital malformations, deformations and chromosomal abnormalities (Q17)	sex_shared	-0.0222627154685399	-0.01039261548275	0.3116	0.1625	83	-0.0118700999857899	0.1491	0.0167168844561172		0.0111358355126034	case-count proxy
Q17_OTHER_CHROMOSOME_ABNORMALITI_NOT_ELSEW_CLASSIFIED	Other chromosome abnormalities, not elsewhere classified	XVII Congenital malformations, deformations and chromosomal abnormalities (Q17)	sex_shared	-0.00922671832318688	-0.0097077793757825			151	0.00048106105259562		0.0302208523881478	0.04	0.04	registry
Q17_OTHER_CONGEN_MALFO	Other congenital malformations	XVII Congenital malformations, deformations and chromosomal abnormalities (Q17)	sex_shared	-0.00204105253392752	0.0137765701741616	0.0626	0.2122	3596	-0.0158176227080891	-0.1496	0.718932557088763	0.53	0.53	registry
Q17_OTHER_CONGEN_MALFO_BRAIN	Other congenital malformations of brain	XVII Congenital malformations, deformations and chromosomal abnormalities (Q17)	sex_shared	-0.00950505287436138	-0.0143400497795494	-0.1549	-0.3367	177	0.00483499690518802	0.1818	0.0354345841541344	0.04	0.04	registry
Q17_OTHER_CONGEN_MALFO_CIRCULATO_SYSTEM	Other congenital malformations of circulatory system	XVII Congenital malformations, deformations and chromosomal abnormalities (Q17)	sex_shared	0.0124211505497785	-0.014631267057588	-0.0649	-0.1238	946	0.0270524176073665	0.0589	0.191143547591915	0.08	0.08	registry
Q17_OTHER_CONGEN_MALFO_DIGES_SYSTEM1	Other congenital malformations of the digestive system	XVII Congenital malformations, deformations and chromosomal abnormalities (Q17)	sex_shared	0.00981839196965308	-0.0145327264513615			1720	0.0243511184210146		0.343872079586394	0.52	0.52	registry
Q17_OTHER_CONGEN_MALFO_DIGES_SYSTEM1_WIDE	Other congenital malformations of the digestive system	XVII Congenital malformations, deformations and chromosomal abnormalities (Q17)	sex_shared	0.0102423547122698	-0.014041195100112			2013	0.0242835498123818		0.402450288492681		0.219991832754517	case-count proxy
Q17_OTHER_CONGEN_MALFO_DIGES_SYSTEM2	Other congenital malformations of digestive system	XVII Congenital malformations, deformations and chromosomal abnormalities (Q17)	sex_shared	0.00715167562879752	-0.0174791941123301			85	0.0246308697411276		0.0170494091878263	0.01	0.01	registry
Q17_OTHER_CONGEN_MALFO_EAR	Other congenital malformations of ear	XVII Congenital malformations, deformations and chromosomal abnormalities (Q17)	sex_shared	-0.00741119706952983	-0.0186948649556596	-0.1342	-0.1775	497	0.0112836678861298	0.0433	0.099798194797241	0.14	0.14	registry
Q17_OTHER_CONGEN_MALFO_FACE_NECK	Other congenital malformations of face and neck	XVII Congenital malformations, deformations and chromosomal abnormalities (Q17)	sex_shared	0.02820489573565	0.00860713988162135	0.1339	-0.0033	1133	0.0195977558540287	0.1372	0.227217577375306	0.17	0.17	registry
Q17_OTHER_CONGEN_MALFO_FEMALE_GENITALIA	Other congenital malformations of female genitalia	XVII Congenital malformations, deformations and chromosomal abnormalities (Q17)	gynaecological	0.0214831697816476	-0.00299392371307022			335	0.0244770934947178		0.120116028497976		0.070783904371489	case-count proxy
Q17_OTHER_CONGEN_MALFO_HEART	Other congenital malformations of heart	XVII Congenital malformations, deformations and chromosomal abnormalities (Q17)	sex_shared	-0.00462259395077076	-0.00793545645987394			236	0.00331286250910318		0.0477533660052691	0.03	0.03	registry
Q17_OTHER_CONGEN_MALFO_INTEG_WIDE	Other congenital malformations of integument	XVII Congenital malformations, deformations and chromosomal abnormalities (Q17)	sex_shared	-0.00236152904489351	0.00377703740389619	0.0125	0.2311	107	-0.0061385664487897	-0.2186	0.0215455184314863		0.0141278031909384	case-count proxy
Q17_OTHER_CONGEN_MALFO_INTESTINE	Other congenital malformations of intestine	XVII Congenital malformations, deformations and chromosomal abnormalities (Q17)	sex_shared	0.0165534305613284	-0.0115976659682326	0.1825	0.2716	309	0.028151096529561	-0.0891	0.0619517818655706	0.05	0.05	registry
Q17_OTHER_CONGEN_MALFO_INTESTINE_WIDE	Other congenital malformations of intestine	XVII Congenital malformations, deformations and chromosomal abnormalities (Q17)	sex_shared	0.0209458254218445	-0.0167275282385537			400	0.0376733536603982		0.0801961598068876		0.0484609998646648	case-count proxy
Q17_OTHER_CONGEN_MALFO_KIDNEY	Other congenital malformations of kidney	XVII Congenital malformations, deformations and chromosomal abnormalities (Q17)	sex_shared	-0.00497875859110477	-0.016207234119912			140	0.0112284755288072		0.0281078780359018	0.02	0.02	registry
Q17_OTHER_CONGEN_MALFO_LIMBS	Other congenital malformations of limb(s)	XVII Congenital malformations, deformations and chromosomal abnormalities (Q17)	sex_shared	0.00624156800727509	0.0121303559899093			294	-0.00588878798263421		0.0591888708816927	0.06	0.06	registry
Q17_OTHER_CONGEN_MALFO_MALE_GENITAL_ORGANS	Other congenital malformations of male genital organs	XVII Congenital malformations, deformations and chromosomal abnormalities (Q17)	male_limited	-0.00645747608458968	-0.00852111602192725	0.0604	-0.0394	237	0.00206363993733757	0.0998	0.108802938138414		0.0645125859097477	case-count proxy
Q17_OTHER_CONGEN_MALFO_MALE_GENITAL_ORGANS_WIDE	Other congenital malformations of male genital organs	XVII Congenital malformations, deformations and chromosomal abnormalities (Q17)	male_limited	-0.000723196041132022	-0.0114273404588972	0.0261	-0.1201	267	0.0107041444177652	0.1462	0.122574336514757		0.0721416729124474	case-count proxy
Q17_OTHER_CONGEN_MALFO_NERVOUS_SYSTEM	Other congenital malformations of nervous system	XVII Congenital malformations, deformations and chromosomal abnormalities (Q17)	sex_shared	0.00319243016906379	0.0240053087268201	-0.151	0.0277	373	-0.0208128785577563	-0.1787	0.0746435918576449	0.05	0.05	registry
Q17_OTHER_CONGEN_MALFO_NOT_ELSEW_CLASSIFIED	Other congenital malformations, not elsewhere classified	XVII Congenital malformations, deformations and chromosomal abnormalities (Q17)	sex_shared	0.00434153607771122	0.00695856332261835	-0.3279	0.1735	307	-0.00261702724490713	-0.5014	0.0617834279538818	0.04	0.04	registry
Q17_OTHER_CONGEN_MALFO_PERIP_VASCULAR_SYSTEM	Other congenital malformations of peripheral vascular system	XVII Congenital malformations, deformations and chromosomal abnormalities (Q17)	sex_shared	0.004535638836208	0.0163579823872471			507	-0.0118223435510391		0.102532574821478	0.05	0.05	registry
Q17_OTHER_CONGEN_MALFO_RESPI_SYSTEM	Other congenital malformations of respiratory system	XVII Congenital malformations, deformations and chromosomal abnormalities (Q17)	sex_shared	-0.0179320767967151	-0.0112360090940683	0.252	0.0099	64	-0.0066960677026468	0.2421	0.0128095046524521	0.01	0.01	registry
Q17_OTHER_CONGEN_MALFO_SKIN	Other congenital malformations of skin	XVII Congenital malformations, deformations and chromosomal abnormalities (Q17)	sex_shared	-0.00385966200906253	0.014346678170018	0.0931	0.1393	1549	-0.0182063401790805	-0.0462	0.310957383380944	0.25	0.25	registry
Q17_OTHER_CONGEN_MALFO_SKIN_WIDE	Other congenital malformations of skin	XVII Congenital malformations, deformations and chromosomal abnormalities (Q17)	sex_shared	-0.0127812359045622	0.00786481890971907			3289	-0.0206460548142813		0.660241573338205		0.349972607482588	case-count proxy
Q17_OTHER_CONGEN_MALFO_SKULL_FACE_BONES	Other congenital malformations of skull and face bones	XVII Congenital malformations, deformations and chromosomal abnormalities (Q17)	sex_shared	-0.00988881503769501	-0.00490078637139496	-0.0105	-0.0163	117	-0.00498802866630005	0.0058	0.0235631512593195	0.06	0.06	registry
Q17_OTHER_CONGEN_MALFO_TONGUE_MOUTH_PHARYNX	Other congenital malformations of tongue, mouth and pharynx	XVII Congenital malformations, deformations and chromosomal abnormalities (Q17)	sex_shared	-0.00426334514390333	-0.00414193745926862	0.1573	0.1391	538	-0.000121407684634711	0.0182	0.107814767015896	0.37	0.37	registry
Q17_OTHER_CONGEN_MALFO_TONGUE_MOUTH_PHARYNX_WIDE	Other congenital malformations of tongue, mouth and pharynx	XVII Congenital malformations, deformations and chromosomal abnormalities (Q17)	sex_shared	0.000569034895512625	-0.00139724004430444	0.0232	0.1223	682	0.00196627493981707	-0.0991	0.136671703346252		0.0798962784320921	case-count proxy
Q17_OTHER_CONGEN_MALFO_UPPER_ALIME_TRACT	Other congenital malformations of upper alimentary tract	XVII Congenital malformations, deformations and chromosomal abnormalities (Q17)	sex_shared	-0.00974053571833373	-0.00646278209241482	-0.3092	-0.1788	249	-0.00327775362591891	-0.1304	0.0499283157715328	0.04	0.04	registry
Q17_OTHER_CONGEN_MALFO_URINARY_SYSTEM	Other congenital malformations of urinary system	XVII Congenital malformations, deformations and chromosomal abnormalities (Q17)	sex_shared	-0.00319070436756528	-0.0201350436449472	-0.1954	-0.2138	188	0.0169443392773819	0.0184	0.0377412276739559	0.03	0.03	registry
Q17_OTHER_CONGEN_MALFO_WIDE	Other congenital malformations	XVII Congenital malformations, deformations and chromosomal abnormalities (Q17)	sex_shared	-0.0112271247651117	0.00682149815676257	-0.0558	0.2318	5554	-0.0180486229218743	-0.2876	1.11038693605979		0.569865411645053	case-count proxy
Q17_OTHER_CONGEN_MUSCULOS_DEFORMITI	Other congenital musculoskeletal deformities	XVII Congenital malformations, deformations and chromosomal abnormalities (Q17)	sex_shared	0.00107065675182882	0.0167816520582087	0.0993	0.2242	116	-0.0157109953063799	-0.1249	0.0233618038534893	0.03	0.03	registry
Q17_OTHER_CONGEN_MUSCULOS_DEFORMITI_WIDE	Other congenital musculoskeletal deformities	XVII Congenital malformations, deformations and chromosomal abnormalities (Q17)	sex_shared	-0.00341159619869877	0.0113615341861304	0.0298	0.2506	131	-0.0147731303848292	-0.2208	0.0263824079686956		0.0170830323807659	case-count proxy
Q17_OTHER_OSTEOCHONDROD	Other osteochondrodysplasias	XVII Congenital malformations, deformations and chromosomal abnormalities (Q17)	sex_shared	-0.0193732356263558	-0.00101472786383734			317	-0.0183585077625185		0.0638163377877271	0.04	0.04	registry
Q17_OTHER_OSTEOCHONDROD_WIDE	Other osteochondrodysplasias	XVII Congenital malformations, deformations and chromosomal abnormalities (Q17)	sex_shared	-0.0105861418087053	-0.00939074815501192			412	-0.00119539365369338		0.0829404399064303		0.0500146057600302	case-count proxy
Q17_OTHER_SEX_CHROMOSOME_ABNORMALITI_MALE_PHENOT_NOT_ELSEW_CLASSIFIED	Other sex chromosome abnormalities, male phenotype, not elsewhere classified	XVII Congenital malformations, deformations and chromosomal abnormalities (Q17)	sex_shared	0.00524386448676899	-0.0303201467817434	-0.0227	-0.0253	65	0.0355640112685124	0.0026	0.0298078995519643		0.0191551934794679	case-count proxy
Q17_OTHER_SPECIFE_CONGEN_MALFO_SYNDR_AFFECTING_MULTIPLE_SYSTEMS	Other specified congenital malformation syndromes affecting multiple systems	XVII Congenital malformations, deformations and chromosomal abnormalities (Q17)	sex_shared	-0.0154978624544318	0.0144767609028523			599	-0.0299746233572841		0.120477323512789	0.08	0.08	registry
Q17_PATENT_FORAMEN_OVALE	Patent foramen ovale	XVII Congenital malformations, deformations and chromosomal abnormalities (Q17)	sex_shared	0.0257187721251483	0.019738589276764	-0.0188	0.0603	798	0.0059801828483843	-0.0791	0.159540650877873		0.0923725252756238	case-count proxy
Q17_PDA	Isolated patent ductus arteriosus	XVII Congenital malformations, deformations and chromosomal abnormalities (Q17)	sex_shared	-0.0212468825934527	0.0176227888692922	-0.1573	0.0546	95	-0.0388696714627449	-0.2119	0.0189929346283183	0.02	0.02	registry
Q17_PECTUS_CARINATUM_WIDE	Pectus carinatum	XVII Congenital malformations, deformations and chromosomal abnormalities (Q17)	sex_shared	-0.000874824352925998	0.00604810435401809	0.078	0.0037	56	-0.00692292870694409	0.0743	0.0111958351493245		0.00764619533119613	case-count proxy
Q17_PECTUS_EXCAVATUM	Pectus excavatum	XVII Congenital malformations, deformations and chromosomal abnormalities (Q17)	sex_shared	0.00575485299533885	0.00543815322583976			177	0.00031669976949909		0.0353868360969719		0.0224991223869218	case-count proxy
Q17_PECTUS_EXCAVATUM_WIDE	Pectus excavatum	XVII Congenital malformations, deformations and chromosomal abnormalities (Q17)	sex_shared	0.00671442489945781	0.0081138568308633			206	-0.00139943193140549		0.0411846792993007		0.02593962987683	case-count proxy
Q17_PHAKOMATOSES_NOT_ELSEW_CLASSIFIED	Phakomatoses, not elsewhere classified	XVII Congenital malformations, deformations and chromosomal abnormalities (Q17)	sex_shared	-0.00600779823848629	0.00845457327957874			406	-0.014462371518065		0.0816907983162842	0.05	0.05	registry
Q17_POLYCYSTIC_KIDNEY_DISEASE	Polycystic kidney disease	XVII Congenital malformations, deformations and chromosomal abnormalities (Q17)	sex_shared	-0.00825503497018764	0.00944155630346555			957	-0.0176965912736532		0.191328825676848		0.109533541400996	case-count proxy
Q17_PROMINENT_EARS	Prominent ears	XVII Congenital malformations, deformations and chromosomal abnormalities (Q17)	sex_shared	-0.00277713951305469	-0.0187053190550839	-0.1784	-0.1589	371	0.0159281795420292	-0.0195	0.0741724078642745		0.0450390256701402	case-count proxy
Q17_REDUCT_DEFECTS_LOWER_LIMB	Reduction defects of lower limb	XVII Congenital malformations, deformations and chromosomal abnormalities (Q17)	sex_shared	-0.0107419360015749	0.000603818108123425	0.0517	0.3225	90	-0.0113457541096983	-0.2708	0.0181264866236599	0.02	0.02	registry
Q17_REDUCT_DEFECTS_LOWER_LIMB_WIDE	Reduction defects of lower limb	XVII Congenital malformations, deformations and chromosomal abnormalities (Q17)	sex_shared	-0.013589611470208	0.00948075581490719	0.1197	0.4636	125	-0.0230703672851152	-0.3439	0.0251755744562579		0.0163491012131084	case-count proxy
Q17_REDUCT_DEFECTS_UPPER_LIMB	Reduction defects of upper limb	XVII Congenital malformations, deformations and chromosomal abnormalities (Q17)	sex_shared	0.0229225300360274	-0.0201367637229393	-0.0343	-0.2733	86	0.0430592937589667	0.239	0.0173210045377004	0.02	0.02	registry
Q17_REDUCT_DEFECTS_UPPER_LIMB_WIDE	Reduction defects of upper limb	XVII Congenital malformations, deformations and chromosomal abnormalities (Q17)	sex_shared	0.0272866350275107	-0.0166674532361432	0.0134	-0.1432	99	0.0439540882636539	0.1566	0.0199392959213062		0.0131376868048038	case-count proxy
Q17_RENAL_AGENE_OTHER_REDUCT_DEFECTS_KIDNEY	Renal agenesis and other reduction defects of kidney	XVII Congenital malformations, deformations and chromosomal abnormalities (Q17)	sex_shared	-0.0175663399305352	-0.00229840879143811			165	-0.0152679311390971		0.0331254793156477	0.02	0.02	registry
Q17_RENAL_AGENE_OTHER_REDUCT_DEFECTS_KIDNEY_WIDE	Renal agenesis and other reduction defects of kidney	XVII Congenital malformations, deformations and chromosomal abnormalities (Q17)	sex_shared	-0.0186698545271023	-0.00516242005638776			188	-0.0135074344707145		0.0377426672823272		0.0239010296342974	case-count proxy
Q17_RVOTO	Right ventricular outflow tract obstruction	XVII Congenital malformations, deformations and chromosomal abnormalities (Q17)	sex_shared	-0.0204853302988504	0.00278668046592666			277	-0.0232720107647771		0.0553793988636227	0.06	0.06	registry
Q17_SEPTA_DEFEC	Septal defects	XVII Congenital malformations, deformations and chromosomal abnormalities (Q17)	sex_shared	0.0105896223914427	0.00375291772168839	0.0856	0.0447	2512	0.00683670466975431	0.0409	0.502213176698268	0.54	0.54	registry
Q17_SINGLE_VENTRICLE_HEART	Single ventricle heart	XVII Congenital malformations, deformations and chromosomal abnormalities (Q17)	sex_shared	-0.00589929837736497	0.00293179825118837	-0.242	-0.1937	50	-0.00883109662855334	-0.0483	0.0099962813833254		0.00687522001050765	case-count proxy
Q17_SPINA_BIFIDA	Spina bifida	XVII Congenital malformations, deformations and chromosomal abnormalities (Q17)	sex_shared	0.012162088975323	-0.00366601101246915	-0.0712	-0.0925	79	0.0158280999877921	0.0213	0.0158185393280925	0.02	0.02	registry
Q17_SUPERNUMERARY_URETER	Supernumerary ureter	XVII Congenital malformations, deformations and chromosomal abnormalities (Q17)	sex_shared	-0.00514743817234099	-0.0218359606161487	0.2284	-0.0331	65	0.0166885224438077	0.2615	0.012995165798323		0.00879321311261229	case-count proxy
Q17_SYNDACTYLY	Syndactyly	XVII Congenital malformations, deformations and chromosomal abnormalities (Q17)	sex_shared	-0.01215056556907	-0.00512439419658248	0.0111	-0.0478	78	-0.00702617137248752	0.0589	0.015710001430013	0.02	0.02	registry
Q17_SYNDACTYLY_WIDE	Syndactyly	XVII Congenital malformations, deformations and chromosomal abnormalities (Q17)	sex_shared	-0.00811160666332348	-0.00794733899167929	0.1011	0.1136	130	-0.000164267671644189	-0.0125	0.0261832829808661		0.0169620816036955	case-count proxy
Q17_TETRALOGY_OF_FALLOT	Tetralogy of Fallot, a congenital heart defect.	XVII Congenital malformations, deformations and chromosomal abnormalities (Q17)	sex_shared	-0.0180787845199634	0.00536661656572085	0.0227	-0.0409	135	-0.0234454010856843	0.0636	0.0269899597349786		0.0174517175163366	case-count proxy
Q17_TRISOMY_21_DUE_TO_MEIOTIC_NONDISJUNCTION	Trisomy 21 (Down syndrome) due to meiotic nondisjunction	XVII Congenital malformations, deformations and chromosomal abnormalities (Q17)	sex_shared	0.0128646235247188	0.0161787020291118	-0.0574	0.0398	68	-0.003314078504393	-0.0972	0.0135949426813225		0.00917329073131901	case-count proxy
Q17_TUBEROUS_SCLEROSIS	Tuberous sclerosis 1	XVII Congenital malformations, deformations and chromosomal abnormalities (Q17)	sex_shared	0.00613786784528782	-0.0130618994081348	0.1955	0.1451	69	0.0191997672534226	0.0504	0.0138928319027743		0.00936167265364042	case-count proxy
Q17_UNDESCENDED_TESTIS_UNILATERAL	Undescended testis, unilateral	XVII Congenital malformations, deformations and chromosomal abnormalities (Q17)	male_limited	0.0161139622774429	0.00646951539439389	-0.0239	-0.0544	302	0.00964444688304901	0.0305	0.0603775395552854		0.0371344319279898	case-count proxy
Q17_UNDES_TESTICLE	Undescended testicle	XVII Congenital malformations, deformations and chromosomal abnormalities (Q17)	male_limited	0.0184935061417158	0.00462097040023942	-0.0199	-0.0835	371	0.0138725357414764	0.0636	0.170215499245271		0.0981572153998467	case-count proxy
Q17_UNICORNUATE_UTERUS	Unicornuate uterus	XVII Congenital malformations, deformations and chromosomal abnormalities (Q17)	gynaecological	-0.015327056880551	0.00345065141976894	-0.1838	-0.1314	99	-0.0187777083003199	-0.0524	0.0197926371389843		0.0130470411649455	case-count proxy
Q17_VACTREL	Vertebral, anorectal, cardiavascular, thracheoesophagial, renal and limb anomaly	XVII Congenital malformations, deformations and chromosomal abnormalities (Q17)	sex_shared	-0.00847061701047535	-0.00206708842683066	0.0699	0.0459	7223	-0.00640352858364469	0.024	1.44406280863519	1.16	1.16	registry
Q17_VACTREL_WIDE	Vertebral, anorectal, cardiavascular, thracheoesophagial, renal and limb anomaly	XVII Congenital malformations, deformations and chromosomal abnormalities (Q17)	sex_shared	-0.00871962702898891	-0.0010400947107916	0.085	0.0786	7710	-0.00767953231819731	0.0064	1.54142658930878		0.775115921915221	case-count proxy
Q17_VENTRICULAR_SEPTAL_DEFECT	Ventricular septal defect, a heart condition	XVII Congenital malformations, deformations and chromosomal abnormalities (Q17)	sex_shared	-0.000723112593536485	0.0123772657114821	0.0422	0.122	843	-0.0131003783050186	-0.0798	0.168537304122866		0.0972493335485945	case-count proxy
R18_ANOREXIA	Anorexia	XVIII Symptoms, signs and abnormal clinical and laboratory findings, not elsewhere classified (R18_)	sex_shared	-0.0168318864301764	0.00747570479609026			559	-0.0243075912262667		0.111758425865578	0.11	0.11	registry
R18_MALAI_FATIG	Malaise and fatigue	XVIII Symptoms, signs and abnormal clinical and laboratory findings, not elsewhere classified (R18_)	sex_shared	0.0233903499912718	0.00308362051132091	0.2014	0.1074	31709	0.0203067294799509	0.094	8.17126438262617		3.70432240089311	case-count proxy
R18_RETEN_URINE	Retention of urine	XVIII Symptoms, signs and abnormal clinical and laboratory findings, not elsewhere classified (R18_)	sex_shared	0.00631625807913589	0.00912386531920324	0.152	0.1223	17121	-0.00280760724006735	0.0297	3.66314708430951	2.3	2.3	registry
REITER	Reiter disease	Rheuma endpoints	sex_shared	0.0101657608550257	0.00154423148943589	0.785	0.1173	214	0.00862152936558981	0.6677	0.0430246748520776	0.03	0.03	registry
RESP_ILL_DIS_CLASS_ELSEWHERE	Respiratory disorders in diseases classified elsewhere	Interstitial lung disease endpoints	sex_shared	0.00256373007437261	0.00164082571496941			491	0.0009229043594032		0.0981634831842555	0.03	0.03	registry
RHEUMAT_LUNG	Rheumatoid lung disease	Rheuma endpoints	sex_shared	0.0239206077255028	-0.00333388969763805			151	0.0272544974231409		0.0335349129535819	0.01	0.01	registry
RHEUMA_ARHTROPAT_REACTIVE	Reactive arthropathies, FINNGEN	Rheuma endpoints	sex_shared	0.0254137424645623	0.00128685123362697	0.7031	0.163	3011	0.0241268912309353	0.5401	0.810666006143938	0.3	0.3	registry
RHEUMA_NOS	Other/unspecified rheumatoid arthritis	Rheuma endpoints	sex_shared	0.0167672221214302	-0.00939101732986103	0.2038	0.0787	5186	0.0261582394512912	0.1251	1.03705481232627	0.86	0.86	registry
RHEUMA_OTHER_WIDE	Other (seronegative) rheumatoid arthritis, wide	Rheuma endpoints	sex_shared	0.00537580360949975	-0.0206764870205643	0.1965	0.1149	8316	0.0260522906300641	0.0816	1.66258151967468	0.99	0.99	registry
RHEUMA_SERONEG	Seronegative rheumatoid arthritis	Rheuma endpoints	sex_shared	-0.000220874923628662	-0.0157854054383984	0.1757	0.1388	5137	0.0155645305147697	0.0369	1.37518772637592	0.54	0.54	registry
RHEUMA_SEROPOS_STRICT	Seropositive rheumatoid arthritis, strict definition	Rheuma endpoints	sex_shared	-0.00242990388444664	-0.0125430152392707	0.0408	0.0377	6358	0.0101131113548241	0.00310000000000001	1.28516101907326	0.5	0.5	registry
RHEUMA_SEROPOS_WIDE	Seropositive rheumatoid arthritis, wide	Rheuma endpoints	sex_shared	0.00340294856092872	-0.00698909705000329	0.0991	0.0632	12223	0.010392045610932	0.0359	2.44371048938187	1.39	1.39	registry
RHEU_ARTHRITIS_OTH	Other arthritis (FG)	Rheuma endpoints	sex_shared	-0.00487267766167118	-0.0023016116754755	0.2518	0.1498	15740	-0.00257106598619568	0.102	4.09733647098024	1.44	1.44	registry
RHINITIS_VASOMOTOR	Vasomotor rhinitis (mode)	Comorbidities of Asthma	sex_shared	-0.00765970215904635	-0.0124458593232763	-0.0115	-0.0967	2872	0.00478615716422995	0.0852	0.580922598940909	0.27	0.27	registry
RX_ANTIHYP	Antihypertensive medication - note that there are other indications	Drug purchase endpoints	sex_shared	0.014932118233229	-0.00125016621337479	0.0695	0.033	286708	0.0161822844466038	0.0365	57.3202768570092	32.79	32.79	registry
RX_ASTMA_BIOL	Biological medicines for asthma	Drug purchase endpoints	sex_shared	0.0201373623148202	0.00079513430341411	0.0099	-0.1721	706	0.0193422280114061	0.182	0.141147493132555	0.02	0.02	registry
RX_CODEINE_TRAMADOL	Codeine or tramadol medication	Drug purchase endpoints	sex_shared	0.0683931413428864	0.039196259323511	0.3236	0.2333	90765	0.0291968820193754	0.0903	18.1462495951506	7.62	7.62	registry
RX_CROHN_1STLINE	First line medication for Crohn's disease	Drug purchase endpoints	sex_shared	0.0367372676718165	-0.00647160854354621	0.1391	0.0826	110978	0.0432088762153627	0.0565	22.1873463071737	10	10	registry
RX_CROHN_2NDLINE	Second line medication for Crohn's disease	Drug purchase endpoints	sex_shared	-0.0155361081747262	-0.00795238944230896	0.0201	0.0185	30338	-0.00758371873241724	0.0016	6.06534369214652	2.1	2.1	registry
RX_GLUCOSAMINE	Glucosamine medication	Drug purchase endpoints	sex_shared	-0.0160265708763441	0.00477238323085083	-0.0432	0.044	23204	-0.0207989541071949	-0.0872	4.63907426437365	2.95	2.95	registry
RX_INFERTILITY	Medical treatment for female infertility	Drug purchase endpoints	fertility_bound	0.0162889590857718	-0.0087286599317662	0.0544	-0.0818	9739	0.025017619017538	0.1362	3.4546609012128	1.61	1.61	registry
RX_N05C	Use of hypnotics and sedatives	V Mental and behavioural disorders (F5_)	sex_shared	0.0105498821215097	0.0144384878042098	0.0816	0.1258	88090	-0.0038886056827001	-0.0442	17.6114485411427	11.52	11.52	registry
RX_PARACETAMOL_NSAID	Paracetamol or NSAID medication	Drug purchase endpoints	sex_shared	0.0763889663235286	0.0345669091019925	0.3377	0.2149	434037	0.0418220572215361	0.1228	86.7751196554882	57.15	57.15	registry
RX_RHEUMA_BIOLOGICAL	Biological medication for rheuma	Drug purchase endpoints	sex_shared	0.0305225926484759	-0.0104811005119076	0.0867	0.0189	7824	0.0410036931603835	0.0678	1.56421811086276	0.39	0.39	registry
RX_STATIN	Statin medication	IX Diseases of the circulatory system (I9_)	sex_shared	0.0182013196382743	0.0258836813786488	0.1076	0.1124	203299	-0.0076823617403745	-0.0048	40.6446801789734	18.45	18.45	registry
SCND_OTH_COXARTHROSIS	Other secondary coxarthrosis	Rheuma endpoints	sex_shared	0.00860707870195012	-0.00139054115677203	0.0601	-0.058	1267	0.00999761985872215	0.1181	0.270442761974083	0.13	0.13	registry
SCND_OTH_KNEEARTHROSIS	Other secondary gonarthrosis	Rheuma endpoints	sex_shared	0.00425518834229207	0.00402959299589344	0.0639	0.0921	2019	0.00022559534639863	-0.0282	0.461306463774076	0.18	0.18	registry
SFN	Small fibre neuropathy	Neurological endpoints	sex_shared	0.0126189614012507	-0.0011116925622798	0.1577	0.1894	1022	0.0137306539635305	-0.0317	0.207815235581547	0.06	0.06	registry
SLEEP	Sleep disorders (combined)	Neurological endpoints	sex_shared	0.0407890262378676	0.0136095113343181	0.2297	0.1665	107907	0.0271795149035495	0.0632	21.7623320284848	5.56	5.56	registry
SLE_FG	SLE (Finngen)	Rheuma endpoints	sex_shared	0.00616626949499859	0.00959588294669557	0.0299	0.0967	1340	-0.00342961345169698	-0.0668	0.3620662635302	0.16	0.16	registry
SLE_OTH	Other forms of systemic lupus erythematosus	Rheuma endpoints	sex_shared	0.00804234139151596	0.0127282356709718	0.1516	0.0392	299	-0.00468589427945584	0.1124	0.0599024331607048	0.03	0.03	registry
SMOKING_DEPEND	Smoking dependency	V Mental and behavioural disorders (F5_)	sex_shared	0.0421952782915677	0.0101748531643069	0.4106	0.1986	3508	0.0320204251272608	0.212	0.703956847525515	0.29	0.29	registry
SPONDYLOARTHRITIS	Spondyloarthritis	Comorbidities of Interstitial lung disease endpoints	sex_shared	0.0301468394665374	0.00955227148368114	0.2293	0.058	8689	0.0205945679828563	0.1713	1.89379161535695	1.09	1.09	registry
SPONDYLOPATHY_FG	Spondylopathies (FG)	Rheuma endpoints	sex_shared	0.0200963725746288	-0.00524241367937209	0.1607	0.0442	6425	0.0253387862540009	0.1165	1.71407838607181	0.56	0.56	registry
ST19_FRACT_FEMUR	Fracture of femur	XIX Injury, poisoning and certain other consequences of external causes (ST19_)	sex_shared	-0.00176567172334693	-0.0014640465103978	0.0183	-0.0018	13567	-0.00030162521294913	0.0201	2.77978117444577	3.03	3.03	registry
ST19_FRACT_FOOT_ANKLE	Fracture of foot, except ankle	XIX Injury, poisoning and certain other consequences of external causes (ST19_)	sex_shared	-0.00543759218727008	-0.00635981307853338	0.1134	0.1407	11791	0.0009222208912633	-0.0273	2.49827318069522	1.57	1.57	registry
ST19_FRACT_FOREA	Fracture of forearm	XIX Injury, poisoning and certain other consequences of external causes (ST19_)	sex_shared	-0.0368921288018025	-0.00703481375069006	-0.0688	0.0738	29793	-0.0298573150511124	-0.1426	6.07967055952233	4.6	4.6	registry
ST19_FRACT_INVOLVI_MULTIPLE_BODY_REGIONS	Fractures involving multiple body regions	XIX Injury, poisoning and certain other consequences of external causes (ST19_)	sex_shared	0.00234471060848162	-0.00267123972191997	0.071	-0.0516	79	0.00501595033040159	0.1226	0.0158386462969646	0.01	0.01	registry
ST19_FRACT_LOWER_LEG_INCLU_ANKLE	Fracture of lower leg, including ankle	XIX Injury, poisoning and certain other consequences of external causes (ST19_)	sex_shared	0.0249462198608427	0.0115357989835087	0.2016	0.147	29741	0.013410420877334	0.0546	6.61527066312856	4.07	4.07	registry
ST19_FRACT_LUMBAR_SPINE_PELVIS	Fracture of lumbar spine and pelvis	XIX Injury, poisoning and certain other consequences of external causes (ST19_)	sex_shared	0.0119408178233583	0.0127792650344427	0.1838	0.1776	10032	-0.000838447211084401	0.00619999999999998	2.04743050736765	1.35	1.35	registry
ST19_FRACT_NECK	Fracture of neck	XIX Injury, poisoning and certain other consequences of external causes (ST19_)	sex_shared	-0.0101434327881817	-0.00331020706596725	0.2096	-0.1383	2334	-0.00683322572221445	0.3479	0.474676786596787	0.3	0.3	registry
ST19_FRACT_RIBS_STERNUM_THORACIC_SPINE	Fracture of rib(s), sternum and thoracic spine	XIX Injury, poisoning and certain other consequences of external causes (ST19_)	sex_shared	0.0177057193335595	0.017014363346498	0.1561	0.1459	14253	0.0006913559870615	0.0102	2.900671389526	1.68	1.68	registry
ST19_FRACT_SHOUL_UPPER_ARM	Fracture of shoulder and upper arm	XIX Injury, poisoning and certain other consequences of external causes (ST19_)	sex_shared	0.000243505410108483	-7.88808060431405e-05	-0.0061	0.145	18050	0.000322386216151623	-0.1511	3.84261664097826	2.94	2.94	registry
ST19_FRACT_SKULL_FACIAL_BONES	Fracture of skull and facial bones	XIX Injury, poisoning and certain other consequences of external causes (ST19_)	sex_shared	0.026051907205905	0.00875248109332591	0.2035	0.1717	10336	0.0172994261125791	0.0318	2.37254132321514	1.73	1.73	registry
ST19_FRACT_SPINE_LEVEL_UNSPE	Fracture of spine, level unspecified	XIX Injury, poisoning and certain other consequences of external causes (ST19_)	sex_shared	0.00408954090492923	-0.00452877714818438			73	0.00861831805311361		0.0147180683442576	0.01	0.01	registry
ST19_FRACT_WRIST_HAND_LEVEL	Fracture at wrist and hand level	XIX Injury, poisoning and certain other consequences of external causes (ST19_)	sex_shared	0.000769062334496059	0.00113369879717539	0.2695	0.1705	17674	-0.000364636462679331	0.099	3.88527512821584	2.95	2.95	registry
ST19_TOXIC_EFFECT_ALCOHOL	Toxic effect of alcohol	Alcohol related diseases	sex_shared	-0.0238868296053326	0.0297549401351476	0.117	0.1644	806	-0.0536417697404802	-0.0474	0.162478052359863	0.18	0.18	registry
ST19_TOXIC_EFFECT_ETHAN	Toxic effect of ethanol	Alcohol related diseases	sex_shared	0.023626630666821	0.0346182035027645	0.5	0.4455	1614	-0.0109915728359435	0.0545	0.322679963053744	0.35	0.35	registry
STILL_ADULT	Adult-onset Still disease	Rheuma endpoints	sex_shared	0.00462748791268687	-0.0144237508365918	0.1365	0.0218	147	0.0190512387492787	0.1147	0.0326468609043847	0.01	0.01	registry
SYSTINOTH_FG	Systemic disorders of connective tissue in diseases classified elsewhere (FG)	Rheuma endpoints	sex_shared	-0.000712028110879702	0.0113353782383357	-0.0061	0.0076	75	-0.0120474063492154	-0.0137	0.0203534995807179	0.02	0.02	registry
SYSTSCLE_STRICT	Systemic sclerosis,strict definition	Rheuma endpoints	sex_shared	0.00151953620385218	0.00889064669287465	-0.0456	0.3377	320	-0.00737111048902247	-0.3833	0.0640464977573719	0.02	0.02	registry
T1D_EARLY	Type1 diabetes, definitions combined, early onset	Diabetes endpoints	sex_shared	-0.0103547778723576	-0.0340863290726433	-0.1835	-0.1174	2960	0.0237315512002857	-0.0661	0.591779857892864		0.315824972245016	case-count proxy
T1D_STRICT2	Type 1 diabetes, strict definition, subgroup 2	Diabetes endpoints	sex_shared	0.00429537992578565	0.00214445056811296			84	0.00215092935767269		0.0214795305188329	0.02	0.02	registry
T1D_WIDE	Type 1 diabetes, wide definition	Diabetes endpoints	sex_shared	-0.0145017885422521	-0.0122904845424063	-0.0644	-0.019	11197	-0.0022113039998458	-0.0454	2.74701550026251		1.33262330210058	case-count proxy
T2D	Type 2 diabetes, definitions combined	Diabetes endpoints	sex_shared	0.0239871431991182	0.0174811149436976	0.1136	0.1	89727	0.0065060282554206	0.0136	18.4616239282826		7.95585964550838	case-count proxy
T2D_WIDE	Type 2 diabetes, wide definition	Diabetes endpoints	sex_shared	0.0272065651349636	0.014636117197361	0.1208	0.1046	59226	0.0125704479376026	0.0162	12.9573841074816	6.54	6.54	registry
TBC_RESP	Respiratory tuberculosis	I Certain infectious and parasitic diseases (AB1_)	sex_shared	-0.0126603054928376	0.0165359173937292	0.0886	0.1344	2236	-0.0291962228865668	-0.0458	0.447701425596668	0.51	0.51	registry
TEMPOROMANDIB_INCLAVO	Temporomandibular joint disorders, including avohilmo	XI Diseases of the digestive system (K11_)	sex_shared	0.0247827341239944	-0.00991569413337468	0.1284	0.1168	23035	0.0346984282573691	0.0116	4.60528683329801	2.23	2.23	registry
THROMBOCYTAEMIA	Essential (haemorrhagic) thrombocythaemia	Other, not yet classified endpoints (same as #MISC)	sex_shared	-0.0245937073341991	-0.0224362886877487	0.0276	-0.058	1403	-0.0021574186464504	0.0856	0.376480564157333	0.11	0.11	registry
THYROIDITIS	Thyroiditis	Comorbidities of Gastrointestinal endpoints	sex_shared	-0.0392079949425911	-0.0122107408353411	-0.2156	0.0162	2851	-0.02699725410725	-0.2318	0.583491946542232	0.37	0.37	registry
THYROTOXICOSIS	Thyrotoxicosis	Comorbidities of Gastrointestinal endpoints	sex_shared	0.00791033568112885	-0.00938974036091438	0.0114	0.0603	11699	0.0173000760420432	-0.0489	2.35175632917754	1.5	1.5	registry
TONGUEABNORMALITY	Tongue abnormality	XI Diseases of the digestive system (K11_)	sex_shared	-0.00578872107620506	-0.0114187618790313	-0.0984	-0.0368	2275	0.00563004080282624	-0.0616	0.454830802941306	0.22	0.22	registry
TRACHEOBRONCHOMAL	Tracheo-bronchomalasia	COPD and related endpoints	sex_shared	0.00954618833865696	-0.00985459294632994	0.0987	-0.1116	184	0.0194007812849869	0.2103	0.109999820652466	0.01	0.01	registry
TRAUMBRAIN_NONCONCUS	severe traumatic brain injury, does not include concussion	Neurological endpoints	sex_shared	-0.00789942237430026	-0.00360904297574055	0.0329	0.0438	10219	-0.00429037939855971	-0.0109	2.04303998912405	1.61	1.61	registry
U22_COVID19_CONFIRMED	Covid-19 confirmed case	XXII Codes for special purposes (U22_)	sex_shared	0.0246197728121883	0.00558387304980681	0.2976	0.0721	17546	0.0190358997623815	0.2255	3.57712240013374	0.55	0.55	registry
U22_COVID19_SUSPECTED	Covid-19 suspected case	XXII Codes for special purposes (U22_)	sex_shared	0.00171930630991167	0.00202307110627079	0.1655	0.1401	10551	-0.00030376479635912	0.0254	2.1821633840802	0.75	0.75	registry
ULCERENTER	Ulcerative enterocolitis	Gastrointestinal endpoints	sex_shared	-0.00942911250986293	-0.0048737297691645	-0.0652	0.0548	1224	-0.00455538274069843	-0.12	0.256796505553434	0.11	0.11	registry
ULCERILEO	Ulcerative ileocolitis	Gastrointestinal endpoints	sex_shared	0.000669354222088941	-0.0115449154919627	-0.0708	-0.0667	1613	0.0122142697140516	-0.00410000000000001	0.338133161157241	0.11	0.11	registry
ULCERNAS	Ulcerative colitis, NAS	Gastrointestinal endpoints	sex_shared	-0.00888448950839076	0.00446091102873548	-0.0914	0.0194	6289	-0.0133454005371262	-0.1108	1.30556541632154	0.51	0.51	registry
ULCEROTH	Other ulcerative colitis	Gastrointestinal endpoints	sex_shared	-0.00451466282439358	-0.00530354210788747	-0.1161	0.0457	2371	0.00078887928349389	-0.1618	0.496244157986057	0.18	0.18	registry
ULCERPROCT	Ulcerative proctitis	Gastrointestinal endpoints	sex_shared	0.000323466573640544	-0.0038297654772537	-0.1452	-0.028	2550	0.00415323205089424	-0.1172	0.533508519398788	0.2	0.2	registry
ULCERRECT	Ulcerative rectosigmoiditis	Gastrointestinal endpoints	sex_shared	-0.00876528416194325	0.00493234842388765	-0.0551	0.0134	3511	-0.0136976325858309	-0.0685	0.733094049431127	0.27	0.27	registry
ULCER_ARTHR	Arthropathy in ulcerative colitis	Rheuma endpoints	sex_shared	-0.0180560609837502	-0.0216162448250742	0.028	-0.0365	474	0.003560183841324	0.0645	0.0956698300952258	0.03	0.03	registry
VAGINAL_LICHEN_PLANUS	Vaginal lichen planus	XIV Diseases of the genitourinary system (N14_)	gynaecological	0.000730640332482022	-0.00341166840459794	0.0488	-0.117	169	0.00414230873707996	0.1658	0.0337874310756399		0.021544059146472	case-count proxy
VD_MI	Vascular dementia (multiple infarctions)	Neurological endpoints	sex_shared	0.00664624190414234	0.004387361860483	0.184	0.0945	649	0.00225888004365934	0.0895	0.137851638501602	0.25	0.25	registry
VD_MX	Vascular dementia (mixed)	Neurological endpoints	sex_shared	0.00248541971814483	-0.00423453444289239	0.0429	-0.0503	694	0.00671995416103722	0.0932	0.147395830014803	0.09	0.09	registry
VD_O	Vascular dementia (other)	Neurological endpoints	sex_shared	-0.0247519844152699	0.00904910699975942			250	-0.0338010914150293		0.0531465974485382	0.04	0.04	registry
VD_SC	Vascular dementia (subcortical)	Neurological endpoints	sex_shared	0.0115407163071892	0.0219356036946027	0.3073	0.1593	1253	-0.0103948873874135	0.148	0.265803988120492	0.19	0.19	registry
VD_SO	Vascular dementia (sudden onset)	Neurological endpoints	sex_shared	0.0115171011354785	-0.00731696437421677	-0.0068	0.014	187	0.0188340655096953	-0.0208	0.0397589797888309	0.05	0.05	registry
VD_U	Vascular dementia (undefined)	Neurological endpoints	sex_shared	-0.000259945061374542	0.0269568145475317	0.1319	0.0727	1908	-0.0272167596089062	0.0592	0.404190189702471	0.47	0.47	registry
VIRALPNEUMOKNOWN	Viral pneumonia (known virus, not influenza)	Interstitial lung disease endpoints	sex_shared	-0.00720085885570161	0.0114419264306376	0.2564	0.2713	948	-0.0186427852863392	-0.0149	0.196636438308429	0.1	0.1	registry
VIRALPNEUMONAS	Viral pneumonia (unknown virus, not influenza)	Interstitial lung disease endpoints	sex_shared	-0.0209676912317751	0.0297420279104635	0.1538	0.2437	2757	-0.0507097191422386	-0.0899	0.571313710700165	0.32	0.32	registry
VIT_DEF	Vitamin deficiency, wide	IV Endocrine, nutritional and metabolic diseases (E4_)	sex_shared	0.00371624918772691	0.0026444143056854	0.0888	0.0838	1880	0.00107183488204151	0.005	0.403354709702612	0.22	0.22	registry
VOCALCORDDYS	Vocal cord dysfunction	COPD and related endpoints	sex_shared	0.035314883375384	0.0353712086061174	0.2909	0.3647	7322	-5.63252307334006e-05	-0.0738	4.19812970512181	0.61	0.61	registry
VWXY20_SUICI_OTHER_INTENTI_SELF_H	Suicide or other Intentional self-harm	Psychiatric endpoints from Katri Räikkönen	sex_shared	0.0190235211746854	0.054805796991877	0.1978	0.2935	11838	-0.0357822758171916	-0.0957	2.36671958031612	1.97	1.97	registry
WEIGHT_IRN	Weight, inverse-rank normalized	Quantitative endpoints	sex_shared	0.0381657844611367	-0.000141304419385161	0.1748	0.0321	369975	0.0383070888805219	0.1427	100		38.7981394854328	case-count proxy
WET_AMD	Wet age-related macular degeneration	VII Diseases of the eye and adnexa (H7_)	sex_shared	0.0281348454853535	-0.0131255896645043	-0.0512	0.0167	7529	0.0412604351498578	-0.0679	2.1941673442386	0.85	0.85	registry
YERSINIAENTERITIS	Enteritis due to Yersinia enterocolitica	I Certain infectious and parasitic diseases (AB1_)	sex_shared	-0.0226574976881937	-0.00115771900955835	-0.1921	0.0019	187	-0.0214997786786354	-0.194	0.0379973950448959	0.02	0.02	registry
Z21_ASYMP_HUMAN_IMMUNODEFICIENCY_VIRUS_HIV_INFECTION_STATUS	Asymptomatic human immunodeficiency virus [HIV] infection status	XXI Factors influencing health status and contact with health services (Z21_)	sex_shared	0.0147835956723896	0.0234024367761341	0.2869	-0.0963	190	-0.0086188411037445	0.3832	0.0395300501199425	0.02	0.02	registry
Z21_KIDNEY_TRANSPLANT_STATUS	Kidney transplant status	XXI Factors influencing health status and contact with health services (Z21_)	sex_shared	-0.00435183780764377	-0.0151399919802926	-0.2152	-0.0229	1956	0.0107881541726488	-0.1923	0.395336804320409	0.1	0.1	registry
Z21_LUNG_TRANSPLANT_STATUS	Lung transplant status	XXI Factors influencing health status and contact with health services (Z21_)	sex_shared	-0.00999480197827692	0.0120284356714561			261	-0.022023237649733		0.0521807974665323	0.01	0.01	registry
Z21_PREVIOUS_SUICIDE_ATTEMPT	Previous suicide attempt	XXI Factors influencing health status and contact with health services (Z21_)	sex_shared	-0.00125421675784565	0.028729048577099	0.239	0.3728	389	-0.0299832653349447	-0.1338	0.0777710691622716	0.05	0.05	registry
Z21_PROBL_RELATED_MEDICAL_FACILITI_OTH_HEALTH_CARE	Problems related to medical facilities and other health care	XXI Factors influencing health status and contact with health services (Z21_)	sex_shared	0.00100438923729773	0.00605496323292686			2689	-0.00505057399562913		0.684859984463942	0.56	0.56	registry
Z21_PROCREATIVE_MANAG	Procreative management	XXI Factors influencing health status and contact with health services (Z21_)	sex_shared	0.0153635667395355	0.0352579930888383	0.3639	0.3841	19250	-0.0198944263493028	-0.0202	4.74793988738133	1.52	1.52	registry
Z21_TOBAC_USE	Tobacco use	XXI Factors influencing health status and contact with health services (Z21_)	sex_shared	0.0301183764051918	0.0184456383851507	0.2947	0.1844	2053	0.0116727380200411	0.1103	0.410447313599341	0.21	0.21	registry
